WKT,Name,OBJECTID,UKATEGORIE,UTYP1,UART,UMONAT,USTUNDE,UWOCHENTAG,STRZUSTAND,ULICHTVERH,ISTRAD,ISTPKW,ISTFUSS,ISTKRAD,ISTGKFZ,ISTSONSTIG
"POINT (13.802961326000000 50.986490981000003)",Unfall 43702 (2016) Kat:3, Licht: 2,43702,3,1,4,01,04,5,,2,0,1,0,0,0,0
"POINT (13.727570597000000 51.031627342000000)",Unfall 43705 (2016) Kat:3, Licht: 0,43705,3,3,5,01,10,6,,0,0,1,0,0,0,0
"POINT (13.691493940000001 51.078816560000000)",Unfall 43716 (2016) Kat:3, Licht: 2,43716,3,1,9,01,05,1,,2,0,1,0,0,0,0
"POINT (13.865703985000000 51.147216872999998)",Unfall 43721 (2016) Kat:3, Licht: 0,43721,3,3,5,01,07,6,,0,0,1,0,0,0,0
"POINT (13.761224884000001 51.063925750999999)",Unfall 43741 (2016) Kat:3, Licht: 0,43741,3,7,6,01,10,4,,0,0,1,1,0,0,0
"POINT (13.801805607000000 50.994427115000001)",Unfall 43752 (2016) Kat:3, Licht: 0,43752,3,6,2,01,13,6,,0,0,1,0,0,0,0
"POINT (13.841672113000000 51.094470717999997)",Unfall 43754 (2016) Kat:3, Licht: 0,43754,3,1,8,01,08,3,,0,0,1,0,0,0,0
"POINT (13.722450840000000 51.103222569000003)",Unfall 43764 (2016) Kat:3, Licht: 2,43764,3,6,2,01,17,2,,2,0,1,0,0,0,0
"POINT (13.747014661000000 51.051756183999998)",Unfall 43781 (2016) Kat:3, Licht: 0,43781,3,6,2,01,09,2,,0,0,1,0,0,0,0
"POINT (13.709513018000001 51.058190641000003)",Unfall 43782 (2016) Kat:3, Licht: 0,43782,3,6,0,01,10,1,,0,0,1,0,0,0,0
"POINT (13.747220406000000 51.051224810000001)",Unfall 43783 (2016) Kat:3, Licht: 0,43783,3,6,2,01,14,5,,0,0,1,0,0,0,0
"POINT (13.739034392000001 51.065795938999997)",Unfall 43793 (2016) Kat:3, Licht: 2,43793,3,1,8,01,00,5,,2,0,1,0,0,0,0
"POINT (13.703535269000000 51.050700562999999)",Unfall 43803 (2016) Kat:2, Licht: 2,43803,2,3,5,01,20,6,,2,0,1,0,0,0,1
"POINT (13.731011066000001 51.120865707999997)",Unfall 43815 (2016) Kat:3, Licht: 0,43815,3,1,4,01,08,6,,0,0,1,0,0,0,0
"POINT (13.729306129999999 51.070437884000000)",Unfall 43821 (2016) Kat:3, Licht: 2,43821,3,1,9,01,00,6,,2,0,1,0,0,0,0
"POINT (13.725438190000000 51.072733257000003)",Unfall 43829 (2016) Kat:3, Licht: 0,43829,3,5,1,01,09,6,,0,0,1,0,0,0,1
"POINT (13.690489790999999 51.077999667000000)",Unfall 43836 (2016) Kat:3, Licht: 0,43836,3,1,8,01,07,6,,0,0,1,0,0,0,0
"POINT (13.736241429000000 51.042358422000000)",Unfall 43858 (2016) Kat:3, Licht: 2,43858,3,4,6,01,17,7,,2,0,0,1,0,0,1
"POINT (13.746109645000001 51.124272218000002)",Unfall 43871 (2016) Kat:3, Licht: 0,43871,3,6,2,01,08,3,,0,0,1,0,0,1,0
"POINT (13.720874378000000 51.092569038000001)",Unfall 43886 (2016) Kat:3, Licht: 2,43886,3,2,6,01,18,2,,2,0,1,1,0,0,0
"POINT (13.826763959999999 51.040258655000002)",Unfall 43892 (2016) Kat:2, Licht: 2,43892,2,3,5,01,18,6,,2,1,1,0,0,0,0
"POINT (13.747357020000001 51.063617690999997)",Unfall 43903 (2016) Kat:3, Licht: 2,43903,3,4,6,01,02,1,,2,0,1,1,0,0,0
"POINT (13.727335125000000 51.057967388999998)",Unfall 43907 (2016) Kat:3, Licht: 1,43907,3,2,2,01,16,5,,1,0,1,0,0,0,0
"POINT (13.827727025000000 51.085268179000003)",Unfall 43928 (2016) Kat:3, Licht: 2,43928,3,1,9,01,05,6,,2,0,1,0,0,0,0
"POINT (13.919509354000001 51.040026851999997)",Unfall 43939 (2016) Kat:2, Licht: 2,43939,2,6,6,01,18,6,,2,0,1,1,0,0,0
"POINT (13.733433916999999 51.061330497000000)",Unfall 43943 (2016) Kat:2, Licht: 0,43943,2,7,0,01,13,4,,0,0,1,0,0,1,0
"POINT (13.693211272999999 51.042970875000002)",Unfall 43958 (2016) Kat:3, Licht: 2,43958,3,5,3,01,17,3,,2,0,1,0,0,0,1
"POINT (13.762692382999999 51.064267317000002)",Unfall 43960 (2016) Kat:3, Licht: 0,43960,3,6,2,01,08,5,,0,0,1,0,0,0,0
"POINT (13.748913554000000 51.170976103000001)",Unfall 43966 (2016) Kat:2, Licht: 0,43966,2,1,8,01,13,2,,0,0,1,0,0,0,0
"POINT (13.740343594000000 51.064711052000000)",Unfall 43973 (2016) Kat:3, Licht: 0,43973,3,2,5,01,15,2,,0,1,1,0,0,0,0
"POINT (13.741277595000000 51.046351639999997)",Unfall 44014 (2016) Kat:3, Licht: 0,44014,3,6,2,02,15,4,,0,0,1,0,0,0,0
"POINT (13.703808739999999 51.034910212000000)",Unfall 44024 (2016) Kat:3, Licht: 0,44024,3,6,2,02,08,2,,0,0,1,0,0,0,0
"POINT (13.798212518000000 51.139752870999999)",Unfall 44025 (2016) Kat:3, Licht: 0,44025,3,6,2,02,10,5,,0,0,1,0,0,0,0
"POINT (13.747807757000000 51.126028947999998)",Unfall 44035 (2016) Kat:3, Licht: 0,44035,3,7,0,01,14,6,,0,0,1,0,0,1,0
"POINT (13.690206583000000 51.074747440000003)",Unfall 44041 (2016) Kat:2, Licht: 2,44041,2,6,4,02,17,1,,2,1,0,0,0,0,0
"POINT (13.790558681000000 51.119145252999999)",Unfall 44060 (2016) Kat:3, Licht: 0,44060,3,3,5,02,15,4,,0,1,1,0,0,0,0
"POINT (13.739420831000000 51.044908264999997)",Unfall 44073 (2016) Kat:3, Licht: 0,44073,3,6,2,02,08,3,,0,0,1,0,0,0,0
"POINT (13.751786960000000 51.062982689000002)",Unfall 44074 (2016) Kat:1, Licht: 0,44074,1,6,3,02,16,2,,0,1,0,0,0,1,0
"POINT (13.617998613999999 51.065612950000002)",Unfall 44098 (2016) Kat:2, Licht: 2,44098,2,6,3,02,19,7,,2,0,1,0,0,0,0
"POINT (13.705982433999999 51.019026320999998)",Unfall 44099 (2016) Kat:3, Licht: 0,44099,3,6,2,01,15,5,,0,0,1,0,0,0,1
"POINT (13.745484877000001 51.049134359000000)",Unfall 44103 (2016) Kat:3, Licht: 2,44103,3,6,2,02,18,6,,2,0,1,0,0,0,0
"POINT (13.747537391000000 51.051683965999999)",Unfall 44109 (2016) Kat:3, Licht: 2,44109,3,3,5,02,18,5,,2,1,1,0,0,0,0
"POINT (13.734805540000000 51.073910261000002)",Unfall 44112 (2016) Kat:3, Licht: 1,44112,3,6,2,01,16,4,,1,0,1,0,0,0,0
"POINT (13.714649696000000 51.100120326999999)",Unfall 44127 (2016) Kat:3, Licht: 1,44127,3,6,2,01,06,3,,1,0,1,0,0,0,0
"POINT (13.652032557000000 51.071487437999998)",Unfall 44129 (2016) Kat:3, Licht: 0,44129,3,1,8,02,15,4,,0,0,0,0,0,0,1
"POINT (13.793161247000000 51.166335263999997)",Unfall 44131 (2016) Kat:3, Licht: 0,44131,3,6,2,02,14,4,,0,0,1,0,0,0,0
"POINT (13.737553631000001 51.087275724999998)",Unfall 44133 (2016) Kat:3, Licht: 2,44133,3,2,5,02,19,3,,2,0,1,0,0,0,0
"POINT (13.759009217999999 51.080070380999999)",Unfall 44148 (2016) Kat:2, Licht: 0,44148,2,3,5,02,13,4,,0,1,0,0,0,0,1
"POINT (13.691934303000000 51.084376130999999)",Unfall 44159 (2016) Kat:3, Licht: 2,44159,3,3,5,02,05,6,,2,0,1,0,0,0,0
"POINT (13.703441422999999 51.088558167999999)",Unfall 44167 (2016) Kat:2, Licht: 0,44167,2,3,5,02,12,3,,0,0,1,0,0,0,0
"POINT (13.890558929000001 51.067739598000003)",Unfall 44172 (2016) Kat:3, Licht: 0,44172,3,1,4,01,08,3,,0,0,1,0,0,0,0
"POINT (13.689396436999999 51.061656143000000)",Unfall 44173 (2016) Kat:3, Licht: 1,44173,3,6,1,01,07,3,,1,0,1,0,0,0,1
"POINT (13.748808686000000 51.129578995000003)",Unfall 44178 (2016) Kat:3, Licht: 2,44178,3,6,3,01,17,3,,2,0,1,0,0,1,0
"POINT (13.753006012000000 51.073923884999999)",Unfall 44195 (2016) Kat:3, Licht: 2,44195,3,6,6,02,00,3,,2,1,0,1,0,0,0
"POINT (13.611591075000000 51.038610017000003)",Unfall 44197 (2016) Kat:2, Licht: 0,44197,2,6,2,02,14,5,,0,0,1,0,0,1,0
"POINT (13.730807943000000 51.029912903000003)",Unfall 44203 (2016) Kat:3, Licht: 0,44203,3,6,2,02,09,5,,0,0,1,0,0,0,1
"POINT (13.746976804999999 51.051711470999997)",Unfall 44220 (2016) Kat:3, Licht: 2,44220,3,2,5,01,19,7,,2,1,1,0,0,0,0
"POINT (13.902298722999999 50.998747403000003)",Unfall 44222 (2016) Kat:3, Licht: 0,44222,3,3,5,01,12,5,,0,0,1,0,0,0,0
"POINT (13.731000638999999 51.118132140000000)",Unfall 44225 (2016) Kat:3, Licht: 0,44225,3,3,0,02,14,2,,0,0,1,0,0,0,1
"POINT (13.723507160000000 51.055128130999996)",Unfall 44229 (2016) Kat:3, Licht: 0,44229,3,4,6,02,10,5,,0,0,1,1,0,0,0
"POINT (13.732642667000000 51.029572438000002)",Unfall 44239 (2016) Kat:3, Licht: 0,44239,3,3,5,02,12,4,,0,1,1,0,0,0,0
"POINT (13.760312289000000 51.081968592999999)",Unfall 44256 (2016) Kat:2, Licht: 1,44256,2,1,0,02,06,7,,1,1,0,0,0,0,0
"POINT (13.748864570000000 51.127878852000002)",Unfall 44277 (2016) Kat:2, Licht: 2,44277,2,1,0,02,21,4,,2,0,1,0,0,0,0
"POINT (13.784013707000000 51.009539232999998)",Unfall 44278 (2016) Kat:3, Licht: 0,44278,3,6,2,01,12,5,,0,0,1,0,0,0,0
"POINT (13.934691363000001 51.044962783000003)",Unfall 44287 (2016) Kat:3, Licht: 0,44287,3,6,3,02,15,5,,0,0,1,0,0,0,1
"POINT (13.722187781000001 51.054073776999999)",Unfall 44297 (2016) Kat:3, Licht: 2,44297,3,6,2,01,17,6,,2,0,1,0,0,0,0
"POINT (13.700908351000001 51.043785282999998)",Unfall 44304 (2016) Kat:2, Licht: 2,44304,2,3,5,01,21,7,,2,0,1,0,0,0,0
"POINT (13.724865805000000 51.056162227999998)",Unfall 44323 (2016) Kat:3, Licht: 2,44323,3,3,5,02,17,4,,2,1,1,0,0,0,0
"POINT (13.736942568000000 51.093759253999998)",Unfall 44342 (2016) Kat:3, Licht: 0,44342,3,6,2,02,16,2,,0,0,1,0,0,0,0
"POINT (13.727710827999999 51.084733587000002)",Unfall 44389 (2016) Kat:2, Licht: 1,44389,2,2,6,02,16,4,,1,0,1,1,0,0,0
"POINT (13.734873192000000 51.104814844000003)",Unfall 44398 (2016) Kat:3, Licht: 0,44398,3,6,3,01,07,5,,0,0,1,0,0,0,0
"POINT (13.705136611000000 51.038339004000001)",Unfall 44405 (2016) Kat:3, Licht: 2,44405,3,2,2,02,18,5,,2,1,1,0,0,0,0
"POINT (13.691639752000000 51.008982989000003)",Unfall 44409 (2016) Kat:3, Licht: 0,44409,3,6,2,02,15,2,,0,0,1,0,0,0,0
"POINT (13.674542052000000 51.067124849000002)",Unfall 44430 (2016) Kat:3, Licht: 0,44430,3,6,2,02,12,7,,0,0,1,0,0,0,0
"POINT (13.647940366000000 51.041399067000000)",Unfall 44431 (2016) Kat:3, Licht: 2,44431,3,1,8,01,04,5,,2,0,1,0,0,0,0
"POINT (13.727828103000000 51.084619289999999)",Unfall 44444 (2016) Kat:3, Licht: 2,44444,3,3,5,02,18,2,,2,1,1,0,0,0,0
"POINT (13.701827981999999 51.090918107999997)",Unfall 44451 (2016) Kat:2, Licht: 0,44451,2,1,0,03,09,6,,0,1,0,0,0,0,0
"POINT (13.746942383000000 51.065715705999999)",Unfall 44458 (2016) Kat:3, Licht: 0,44458,3,6,2,02,08,2,,0,0,1,0,0,0,0
"POINT (13.754807416000000 51.026549740000000)",Unfall 44467 (2016) Kat:2, Licht: 0,44467,2,3,5,03,18,5,,0,1,1,0,0,0,0
"POINT (13.861960777000000 51.149829865000001)",Unfall 44476 (2016) Kat:3, Licht: 2,44476,3,6,6,03,19,3,,2,0,1,1,0,0,0
"POINT (13.771778193999999 51.106093026000003)",Unfall 44478 (2016) Kat:2, Licht: 2,44478,2,1,8,02,04,3,,2,0,0,0,1,0,0
"POINT (13.678735530000001 51.063210941000001)",Unfall 44493 (2016) Kat:3, Licht: 0,44493,3,3,5,03,07,3,,0,0,1,0,0,0,0
"POINT (13.755586619000001 51.076687147999998)",Unfall 44526 (2016) Kat:3, Licht: 0,44526,3,6,3,03,14,6,,0,0,1,0,0,1,0
"POINT (13.705087076000000 51.044417226000000)",Unfall 44530 (2016) Kat:3, Licht: 0,44530,3,6,4,03,10,4,,0,1,0,0,0,0,0
"POINT (13.617218864000000 51.065622351999998)",Unfall 44547 (2016) Kat:3, Licht: 0,44547,3,7,1,03,18,4,,0,0,1,0,0,0,0
"POINT (13.723211923999999 51.089836237000000)",Unfall 44559 (2016) Kat:2, Licht: 2,44559,2,2,6,03,18,3,,2,0,1,1,0,0,0
"POINT (13.731835544000001 51.029775850000000)",Unfall 44563 (2016) Kat:3, Licht: 2,44563,3,1,9,02,02,5,,2,0,1,0,0,0,0
"POINT (13.723404963000000 51.055046894000000)",Unfall 44573 (2016) Kat:3, Licht: 0,44573,3,6,2,02,15,3,,0,0,1,0,0,0,0
"POINT (13.697825483000001 51.061075336000002)",Unfall 44577 (2016) Kat:3, Licht: 0,44577,3,6,2,03,14,6,,0,0,1,0,0,0,0
"POINT (13.742486855999999 51.064623941000001)",Unfall 44582 (2016) Kat:3, Licht: 0,44582,3,7,0,02,09,3,,0,0,1,0,0,0,1
"POINT (13.739275706000001 51.071747279000000)",Unfall 44592 (2016) Kat:2, Licht: 0,44592,2,4,6,03,15,2,,0,0,1,1,0,0,0
"POINT (13.707999827000000 51.084369586999998)",Unfall 44600 (2016) Kat:2, Licht: 0,44600,2,1,0,03,08,4,,0,1,0,0,0,0,0
"POINT (13.796482795999999 51.066000185000000)",Unfall 44617 (2016) Kat:3, Licht: 2,44617,3,6,2,02,18,6,,2,0,1,0,0,0,0
"POINT (13.759181741000001 51.024016046000000)",Unfall 44636 (2016) Kat:3, Licht: 0,44636,3,2,5,03,16,7,,0,0,1,0,1,0,0
"POINT (13.728738430000000 51.010615764999997)",Unfall 44649 (2016) Kat:3, Licht: 0,44649,3,1,9,02,11,1,,0,0,1,0,0,0,0
"POINT (13.722224884999999 51.054107098000003)",Unfall 44650 (2016) Kat:3, Licht: 2,44650,3,2,5,03,21,6,,2,0,1,0,0,0,0
"POINT (13.854863434000000 51.061882453000003)",Unfall 44671 (2016) Kat:3, Licht: 0,44671,3,6,2,02,08,4,,0,0,1,0,0,0,0
"POINT (13.722555289000001 51.090758723000000)",Unfall 44683 (2016) Kat:3, Licht: 0,44683,3,3,5,03,11,2,,0,1,1,0,0,0,0
"POINT (13.788877198000000 51.158849871000001)",Unfall 44688 (2016) Kat:3, Licht: 0,44688,3,6,2,03,14,3,,0,0,1,0,0,0,0
"POINT (13.698478196000000 51.022643834999997)",Unfall 44693 (2016) Kat:2, Licht: 0,44693,2,1,8,03,06,5,,0,0,1,0,0,0,0
"POINT (13.803826788000000 50.995369156999999)",Unfall 44737 (2016) Kat:3, Licht: 0,44737,3,6,2,03,10,3,,0,0,1,0,0,0,0
"POINT (13.721493725000000 51.047346499000000)",Unfall 44740 (2016) Kat:3, Licht: 1,44740,3,6,2,03,05,1,,1,0,1,0,0,0,0
"POINT (13.762650679000000 51.064257406000003)",Unfall 44741 (2016) Kat:3, Licht: 0,44741,3,3,5,03,15,5,,0,1,1,0,0,0,0
"POINT (13.738258984000000 51.063907147000002)",Unfall 44748 (2016) Kat:3, Licht: 0,44748,3,6,2,02,09,7,,0,1,1,0,0,0,0
"POINT (13.739376396999999 51.079901790999998)",Unfall 44756 (2016) Kat:3, Licht: 0,44756,3,1,8,03,13,4,,0,0,1,0,0,0,0
"POINT (13.755512062999999 51.076619075000004)",Unfall 44768 (2016) Kat:3, Licht: 0,44768,3,6,2,03,13,1,,0,0,1,0,0,0,0
"POINT (13.887456103000000 51.004478300000002)",Unfall 44769 (2016) Kat:3, Licht: 2,44769,3,6,6,03,19,2,,2,0,1,1,0,0,0
"POINT (13.749860651000001 51.070473303000000)",Unfall 44775 (2016) Kat:2, Licht: 2,44775,2,7,0,02,17,7,,2,1,1,0,0,0,0
"POINT (13.715847026000000 51.062866935999999)",Unfall 44795 (2016) Kat:2, Licht: 0,44795,2,2,4,04,11,7,,0,0,1,0,0,0,0
"POINT (13.749401965000001 51.069976161000000)",Unfall 44804 (2016) Kat:3, Licht: 2,44804,3,5,0,02,19,1,,2,0,1,0,0,0,1
"POINT (13.728732814000001 51.010617764999999)",Unfall 44809 (2016) Kat:3, Licht: 0,44809,3,1,8,03,18,4,,0,0,1,0,0,0,0
"POINT (13.795335145999999 51.000880752000000)",Unfall 44824 (2016) Kat:3, Licht: 0,44824,3,6,2,02,08,5,,0,0,1,0,0,0,0
"POINT (13.755662000999999 51.076753246000003)",Unfall 44828 (2016) Kat:2, Licht: 0,44828,2,1,0,03,13,1,,0,1,0,0,0,0,0
"POINT (13.741365810000000 51.045934449999997)",Unfall 44838 (2016) Kat:3, Licht: 1,44838,3,3,5,03,17,6,,1,0,1,0,0,0,0
"POINT (13.791796767999999 51.125543503000003)",Unfall 44861 (2016) Kat:3, Licht: 0,44861,3,3,5,03,07,3,,0,0,0,0,0,0,1
"POINT (13.689895593999999 51.084016980000001)",Unfall 44866 (2016) Kat:3, Licht: 0,44866,3,6,3,03,07,2,,0,0,1,0,0,0,0
"POINT (13.740235343000000 51.064807336999998)",Unfall 44878 (2016) Kat:3, Licht: 0,44878,3,6,2,03,10,3,,0,0,1,0,0,1,1
"POINT (13.740077078000001 51.063743697000000)",Unfall 44912 (2016) Kat:3, Licht: 0,44912,3,6,2,03,12,6,,0,0,1,0,0,0,0
"POINT (13.746932896000001 51.063716311999997)",Unfall 44914 (2016) Kat:3, Licht: 0,44914,3,6,2,03,09,6,,0,0,1,0,0,0,0
"POINT (13.776568452999999 51.067472115000001)",Unfall 44922 (2016) Kat:3, Licht: 0,44922,3,6,2,02,07,2,,0,0,1,0,0,0,1
"POINT (13.640017647000001 51.086827489999997)",Unfall 44930 (2016) Kat:3, Licht: 0,44930,3,6,2,02,14,4,,0,0,1,0,0,0,0
"POINT (13.679273417999999 51.034927072999999)",Unfall 44939 (2016) Kat:3, Licht: 0,44939,3,1,0,03,07,5,,0,1,0,0,0,0,0
"POINT (13.782601773000000 51.067027498999998)",Unfall 44952 (2016) Kat:3, Licht: 0,44952,3,3,5,03,14,6,,0,1,1,0,0,0,0
"POINT (13.704503590000000 51.040065413000001)",Unfall 44963 (2016) Kat:3, Licht: 1,44963,3,1,8,03,06,5,,1,1,0,0,0,0,0
"POINT (13.743110686000000 51.124877044999998)",Unfall 44969 (2016) Kat:2, Licht: 0,44969,2,3,5,03,17,4,,0,0,1,0,0,0,0
"POINT (13.793621442999999 51.001771482999999)",Unfall 44981 (2016) Kat:3, Licht: 0,44981,3,6,2,02,10,6,,0,0,1,0,0,0,0
"POINT (13.707413911000000 51.099537005999998)",Unfall 44984 (2016) Kat:3, Licht: 2,44984,3,1,2,03,22,5,,2,0,1,0,0,0,0
"POINT (13.653507459000000 51.071722735999998)",Unfall 45022 (2016) Kat:3, Licht: 2,45022,3,6,2,03,20,7,,2,0,1,0,0,0,1
"POINT (13.768571937000001 51.065910129999999)",Unfall 45036 (2016) Kat:3, Licht: 2,45036,3,6,2,03,22,6,,2,1,1,0,0,0,0
"POINT (13.709941396000000 51.100146645000002)",Unfall 45062 (2016) Kat:3, Licht: 0,45062,3,1,3,02,16,1,,0,0,1,0,0,0,0
"POINT (13.727632396000001 51.060139745999997)",Unfall 45067 (2016) Kat:3, Licht: 0,45067,3,1,8,03,18,4,,0,0,0,0,1,0,0
"POINT (13.797962865000001 50.997080928999999)",Unfall 45068 (2016) Kat:3, Licht: 0,45068,3,3,5,02,11,2,,0,1,1,0,0,0,0
"POINT (13.739063399000001 51.071696781000000)",Unfall 45069 (2016) Kat:3, Licht: 2,45069,3,3,5,03,21,2,,2,0,1,0,0,0,0
"POINT (13.828937916999999 51.058552202000001)",Unfall 45074 (2016) Kat:2, Licht: 0,45074,2,4,6,03,13,3,,0,0,1,1,0,0,0
"POINT (13.790684781000000 51.067055818999997)",Unfall 45087 (2016) Kat:3, Licht: 0,45087,3,1,8,05,09,4,,0,0,1,0,0,0,0
"POINT (13.637753674000001 51.087179118999998)",Unfall 45089 (2016) Kat:3, Licht: 0,45089,3,4,6,05,16,3,,0,0,1,0,0,0,1
"POINT (13.705615730000000 51.045448804000003)",Unfall 45094 (2016) Kat:2, Licht: 2,45094,2,1,9,04,23,6,,2,0,1,0,0,0,0
"POINT (13.710153781000001 51.083819497999997)",Unfall 45099 (2016) Kat:3, Licht: 0,45099,3,3,5,05,20,1,,0,1,1,0,0,0,0
"POINT (13.693111197000000 51.081950511000002)",Unfall 45104 (2016) Kat:3, Licht: 0,45104,3,4,6,05,17,6,,0,0,1,1,0,0,0
"POINT (13.747447740000000 51.052834793999999)",Unfall 45120 (2016) Kat:3, Licht: 0,45120,3,6,3,04,06,6,,0,0,1,0,1,0,0
"POINT (13.761318309000000 51.083403713000003)",Unfall 45135 (2016) Kat:3, Licht: 0,45135,3,2,5,04,17,5,,0,1,1,0,0,0,0
"POINT (13.734613663999999 51.040479484000002)",Unfall 45138 (2016) Kat:2, Licht: 0,45138,2,3,5,05,05,1,,0,1,1,0,0,0,0
"POINT (13.844237266000000 51.127694345999998)",Unfall 45142 (2016) Kat:2, Licht: 0,45142,2,3,5,05,12,5,,0,1,0,0,0,0,0
"POINT (13.670172830000000 51.033342527999999)",Unfall 45143 (2016) Kat:3, Licht: 0,45143,3,1,0,04,14,4,,0,1,0,0,0,0,0
"POINT (13.702471699000000 51.033223008999997)",Unfall 45150 (2016) Kat:3, Licht: 0,45150,3,7,0,04,08,5,,0,0,1,0,0,0,0
"POINT (13.722346641000000 51.046143458000003)",Unfall 45155 (2016) Kat:3, Licht: 0,45155,3,1,0,05,17,2,,0,1,0,0,0,0,0
"POINT (13.766959910000001 51.145702915000001)",Unfall 45182 (2016) Kat:3, Licht: 0,45182,3,6,2,04,17,6,,0,0,1,0,0,0,0
"POINT (13.751883487000001 51.062973812999999)",Unfall 45202 (2016) Kat:3, Licht: 2,45202,3,1,0,04,20,2,,2,1,0,0,0,0,0
"POINT (13.706996608000001 51.041406539999997)",Unfall 45205 (2016) Kat:3, Licht: 0,45205,3,3,5,04,09,5,,0,1,1,0,0,0,0
"POINT (13.876483571000000 51.060223507000003)",Unfall 45210 (2016) Kat:3, Licht: 0,45210,3,3,5,05,16,4,,0,1,0,0,0,0,1
"POINT (13.738528737999999 51.060217852999997)",Unfall 45219 (2016) Kat:2, Licht: 0,45219,2,6,3,04,07,6,,0,0,1,0,1,0,0
"POINT (13.785624491000000 51.008243264999997)",Unfall 45223 (2016) Kat:3, Licht: 0,45223,3,6,2,04,13,6,,0,0,1,0,0,0,0
"POINT (13.727407623000000 51.058019766999998)",Unfall 45228 (2016) Kat:3, Licht: 0,45228,3,3,5,05,14,3,,0,1,1,0,0,0,0
"POINT (13.767133394000000 51.095280621000001)",Unfall 45244 (2016) Kat:3, Licht: 0,45244,3,1,1,04,11,3,,0,0,1,0,0,1,0
"POINT (13.783832366000000 51.009675588000000)",Unfall 45249 (2016) Kat:3, Licht: 0,45249,3,2,6,05,12,4,,0,0,1,1,0,0,0
"POINT (13.739391918000001 51.064349851000003)",Unfall 45253 (2016) Kat:3, Licht: 0,45253,3,1,1,05,17,2,,0,0,1,0,0,0,0
"POINT (13.733141997000001 51.076302437999999)",Unfall 45260 (2016) Kat:3, Licht: 2,45260,3,2,5,04,21,5,,2,0,1,0,0,0,0
"POINT (13.815096392999999 51.053958883999996)",Unfall 45262 (2016) Kat:3, Licht: 0,45262,3,6,2,04,14,3,,0,0,1,0,0,0,0
"POINT (13.935118654000000 51.045549596999997)",Unfall 45268 (2016) Kat:3, Licht: 0,45268,3,6,4,05,18,6,,0,0,1,0,1,0,0
"POINT (13.742128988999999 51.064664231999998)",Unfall 45306 (2016) Kat:2, Licht: 0,45306,2,6,6,04,08,4,,0,1,0,1,0,0,0
"POINT (13.735597498000001 51.064546608000001)",Unfall 45315 (2016) Kat:3, Licht: 0,45315,3,6,2,04,15,5,,0,0,1,0,0,0,0
"POINT (13.733374274000001 51.038950245999999)",Unfall 45321 (2016) Kat:3, Licht: 0,45321,3,7,0,05,08,2,,0,1,1,0,0,0,0
"POINT (13.731612395000001 51.105853946000003)",Unfall 45332 (2016) Kat:2, Licht: 0,45332,2,7,3,04,18,4,,0,0,1,0,0,1,0
"POINT (13.783118633000001 51.155116194999998)",Unfall 45335 (2016) Kat:3, Licht: 0,45335,3,6,2,04,18,6,,0,0,1,0,0,0,0
"POINT (13.766853595000001 51.020659010999999)",Unfall 45336 (2016) Kat:3, Licht: 1,45336,3,1,4,05,20,5,,1,0,1,0,0,0,0
"POINT (13.699148739000000 51.059537536000001)",Unfall 45353 (2016) Kat:3, Licht: 0,45353,3,3,5,05,08,3,,0,1,1,0,0,0,0
"POINT (13.866467546000001 51.103872033000002)",Unfall 45358 (2016) Kat:3, Licht: 0,45358,3,6,2,04,07,4,,0,0,1,0,0,0,0
"POINT (13.752970877999999 51.073884630000002)",Unfall 45364 (2016) Kat:3, Licht: 0,45364,3,2,5,04,07,2,,0,1,1,0,0,0,0
"POINT (13.762647018999999 51.064256534999998)",Unfall 45367 (2016) Kat:3, Licht: 0,45367,3,3,0,04,09,5,,0,0,1,0,1,0,0
"POINT (13.741341534000000 51.045924952999997)",Unfall 45386 (2016) Kat:3, Licht: 0,45386,3,6,2,04,09,1,,0,0,1,0,1,0,0
"POINT (13.717401997000000 51.077231912000002)",Unfall 45389 (2016) Kat:3, Licht: 0,45389,3,6,6,05,19,3,,0,1,0,1,0,0,0
"POINT (13.779780919000000 51.112385654999997)",Unfall 45397 (2016) Kat:3, Licht: 0,45397,3,3,5,04,13,4,,0,1,1,0,0,0,0
"POINT (13.886151119000001 51.004910090000003)",Unfall 45398 (2016) Kat:2, Licht: 0,45398,2,3,5,04,08,2,,0,1,1,0,0,0,0
"POINT (13.712443255000000 51.102431711000001)",Unfall 45413 (2016) Kat:2, Licht: 0,45413,2,3,5,05,09,4,,0,0,1,0,0,0,0
"POINT (13.708986862000000 51.084345487000000)",Unfall 45419 (2016) Kat:2, Licht: 0,45419,2,1,1,05,16,4,,0,1,1,0,0,0,0
"POINT (13.737361072000001 51.085309731999999)",Unfall 45425 (2016) Kat:2, Licht: 0,45425,2,1,9,05,14,4,,0,0,1,0,0,0,0
"POINT (13.747537286000000 51.051683752999999)",Unfall 45430 (2016) Kat:3, Licht: 0,45430,3,3,5,04,19,3,,0,1,1,0,0,0,0
"POINT (13.743146118000000 51.047239535000003)",Unfall 45433 (2016) Kat:3, Licht: 0,45433,3,2,3,04,16,6,,0,1,1,0,0,0,0
"POINT (13.736761498000000 51.093762654999999)",Unfall 45456 (2016) Kat:3, Licht: 2,45456,3,3,0,04,21,6,,2,1,1,0,0,0,0
"POINT (13.750710933000001 51.071392035000002)",Unfall 45464 (2016) Kat:3, Licht: 0,45464,3,6,2,04,17,7,,0,0,1,0,0,0,0
"POINT (13.736301038000001 51.063929530000003)",Unfall 45473 (2016) Kat:3, Licht: 0,45473,3,6,2,04,10,2,,0,1,1,0,0,0,0