WKT,Name,OBJECTID,UKATEGORIE,UTYP1,UART,UMONAT,USTUNDE,UWOCHENTAG,STRZUSTAND,ULICHTVERH,ISTRAD,ISTPKW,ISTFUSS,ISTKRAD,ISTGKFZ,ISTSONSTIG
"POINT (13.632733224000001 51.087612761999999)",Unfall 46944 (2016) Kat:2, Licht: 0,46944,2,6,2,06,11,5,,0,0,1,0,0,0,0
"POINT (13.747035941000000 51.066579382000000)",Unfall 46955 (2016) Kat:3, Licht: 1,46955,3,3,5,05,21,3,,1,1,0,0,0,1,0
"POINT (13.768466776000000 51.014452079000002)",Unfall 46976 (2016) Kat:3, Licht: 0,46976,3,3,5,05,14,7,,0,1,0,0,0,0,0
"POINT (13.755705432999999 51.026462463999998)",Unfall 46991 (2016) Kat:3, Licht: 0,46991,3,3,5,06,09,2,,0,1,0,0,0,0,1
"POINT (13.690058187000000 51.072392403000002)",Unfall 46992 (2016) Kat:3, Licht: 0,46992,3,7,0,07,13,2,,0,0,0,0,1,0,0
"POINT (13.714564860999999 51.079543737000002)",Unfall 47000 (2016) Kat:2, Licht: 0,47000,2,1,0,06,11,5,,0,1,0,0,0,0,0
"POINT (13.747425573999999 51.067601082000003)",Unfall 47008 (2016) Kat:3, Licht: 0,47008,3,4,6,06,16,6,,0,0,1,1,0,0,0
"POINT (13.742029255000000 51.064674433000000)",Unfall 47046 (2016) Kat:3, Licht: 0,47046,3,3,5,05,08,2,,0,1,1,0,0,0,0
"POINT (13.732848258000001 51.108392238000000)",Unfall 47053 (2016) Kat:3, Licht: 0,47053,3,6,2,05,17,2,,0,0,1,0,0,0,0
"POINT (13.736877671000000 51.093350989999998)",Unfall 47074 (2016) Kat:3, Licht: 0,47074,3,6,2,08,09,2,,0,0,1,0,0,0,0
"POINT (13.689504008000000 51.083388759000002)",Unfall 47103 (2016) Kat:2, Licht: 0,47103,2,6,2,08,10,3,,0,0,1,0,0,0,0
"POINT (13.747672394000000 51.067974006000000)",Unfall 47107 (2016) Kat:3, Licht: 0,47107,3,1,0,09,18,3,,0,1,0,0,0,0,0
"POINT (13.694206412000000 51.043098784000001)",Unfall 47111 (2016) Kat:3, Licht: 2,47111,3,3,5,08,22,3,,2,1,1,0,0,0,0
"POINT (13.605566040999999 51.061283502000002)",Unfall 47121 (2016) Kat:3, Licht: 0,47121,3,1,9,09,18,2,,0,0,1,0,0,0,0
"POINT (13.727222568000000 51.058011178000001)",Unfall 47134 (2016) Kat:2, Licht: 2,47134,2,3,5,08,20,5,,2,1,0,0,0,0,0
"POINT (13.612089675000000 51.038488321999999)",Unfall 47135 (2016) Kat:2, Licht: 0,47135,2,1,9,08,05,6,,0,0,0,0,1,0,0
"POINT (13.739017865999999 51.044609104999999)",Unfall 47140 (2016) Kat:2, Licht: 0,47140,2,7,0,07,18,2,,0,1,1,0,0,0,0
"POINT (13.782160927000000 51.113433037000000)",Unfall 47141 (2016) Kat:3, Licht: 0,47141,3,3,5,08,17,4,,0,1,1,0,0,0,0
"POINT (13.703587784000000 51.034626230000001)",Unfall 47144 (2016) Kat:3, Licht: 2,47144,3,3,5,09,20,7,,2,0,1,0,1,0,0
"POINT (13.794275098000000 51.066508132000003)",Unfall 47148 (2016) Kat:3, Licht: 0,47148,3,2,5,09,14,5,,0,1,0,0,0,0,1
"POINT (13.736269256000000 51.072115306999997)",Unfall 47155 (2016) Kat:3, Licht: 0,47155,3,1,0,08,07,6,,0,1,0,0,0,0,0
"POINT (13.685782439000000 51.062313408999998)",Unfall 47161 (2016) Kat:2, Licht: 0,47161,2,1,8,08,08,6,,0,0,1,0,0,0,0
"POINT (13.636561579000000 51.087279191000000)",Unfall 47167 (2016) Kat:3, Licht: 0,47167,3,6,4,08,16,3,,0,1,0,0,0,0,0
"POINT (13.671163041000000 51.033447442000003)",Unfall 47169 (2016) Kat:2, Licht: 0,47169,2,2,5,08,07,4,,0,0,1,0,0,0,0
"POINT (13.691742395000000 51.042779031000002)",Unfall 47181 (2016) Kat:2, Licht: 2,47181,2,1,0,09,22,6,,2,1,0,0,0,0,0
"POINT (13.768952796000001 51.018987559999999)",Unfall 47185 (2016) Kat:3, Licht: 0,47185,3,5,0,07,07,4,,0,1,1,0,0,0,0
"POINT (13.725956579000000 51.058762934000001)",Unfall 47198 (2016) Kat:3, Licht: 0,47198,3,6,0,09,16,5,,0,0,1,0,0,0,0
"POINT (13.760184478999999 51.023312449999999)",Unfall 47202 (2016) Kat:3, Licht: 0,47202,3,6,0,09,07,3,,0,0,0,0,1,0,1
"POINT (13.703443587000001 51.088553324000003)",Unfall 47204 (2016) Kat:3, Licht: 0,47204,3,3,5,08,17,5,,0,0,1,0,1,0,0
"POINT (13.702457237000001 51.090461347999998)",Unfall 47226 (2016) Kat:2, Licht: 0,47226,2,2,4,07,15,4,,0,0,1,0,0,0,0
"POINT (13.733547281000000 51.075595806999999)",Unfall 47237 (2016) Kat:3, Licht: 0,47237,3,6,3,08,08,5,,0,0,1,0,1,0,0
"POINT (13.747468736000000 51.051575520000000)",Unfall 47244 (2016) Kat:3, Licht: 0,47244,3,3,5,08,09,3,,0,0,1,0,0,0,0
"POINT (13.737322635000000 51.085377985999997)",Unfall 47245 (2016) Kat:2, Licht: 2,47245,2,3,5,09,05,4,,2,0,1,0,1,0,0
"POINT (13.729358584000000 51.083156852999998)",Unfall 47246 (2016) Kat:3, Licht: 0,47246,3,7,6,09,12,6,,0,1,0,1,0,0,0
"POINT (13.710142568000000 51.083825818999998)",Unfall 47272 (2016) Kat:3, Licht: 0,47272,3,3,5,09,14,4,,0,0,1,0,1,0,0
"POINT (13.800020844000001 50.998395805000001)",Unfall 47276 (2016) Kat:3, Licht: 2,47276,3,1,0,07,00,1,,2,0,0,0,1,0,0
"POINT (13.743476771999999 51.047616005000002)",Unfall 47278 (2016) Kat:3, Licht: 0,47278,3,2,3,09,10,6,,0,1,1,0,0,0,0
"POINT (13.703422056999999 51.088601525999998)",Unfall 47282 (2016) Kat:2, Licht: 2,47282,2,3,5,08,18,4,,2,1,1,0,0,0,0
"POINT (13.742016617000001 51.064675579000003)",Unfall 47311 (2016) Kat:3, Licht: 0,47311,3,3,0,07,15,1,,0,1,1,0,0,0,0
"POINT (13.723714935000000 51.045277423000002)",Unfall 47334 (2016) Kat:2, Licht: 0,47334,2,1,8,09,14,6,,0,1,0,0,0,0,0
"POINT (13.721435387000000 51.034374344000000)",Unfall 47336 (2016) Kat:3, Licht: 0,47336,3,7,0,07,17,3,,0,1,0,0,0,0,0
"POINT (13.719710874000000 51.094286384999997)",Unfall 47338 (2016) Kat:3, Licht: 0,47338,3,3,5,08,06,2,,0,1,1,0,0,0,0
"POINT (13.715376205000000 51.037042626999998)",Unfall 47342 (2016) Kat:3, Licht: 0,47342,3,6,6,07,14,6,,0,1,0,1,0,0,0
"POINT (13.699318564000000 51.049547531000002)",Unfall 47363 (2016) Kat:3, Licht: 0,47363,3,1,8,08,17,7,,0,0,0,0,1,0,0
"POINT (13.727232299000001 51.058007392000000)",Unfall 47366 (2016) Kat:3, Licht: 2,47366,3,3,5,08,02,1,,2,1,0,0,0,0,0
"POINT (13.662541665999999 51.049520923000003)",Unfall 47378 (2016) Kat:2, Licht: 2,47378,2,4,6,07,20,2,,2,0,1,1,0,0,0
"POINT (13.746725233999999 51.063769624999999)",Unfall 47383 (2016) Kat:3, Licht: 0,47383,3,6,2,09,12,2,,0,0,1,0,0,0,0
"POINT (13.654896472000001 51.071578535000000)",Unfall 47397 (2016) Kat:2, Licht: 0,47397,2,6,2,07,15,7,,0,0,1,0,0,0,0
"POINT (13.723293895999999 51.074347070999998)",Unfall 47400 (2016) Kat:3, Licht: 0,47400,3,6,2,08,12,3,,0,0,1,0,0,0,1
"POINT (13.732082715000001 51.079361984000002)",Unfall 47403 (2016) Kat:3, Licht: 0,47403,3,6,2,08,12,6,,0,0,1,0,0,0,1
"POINT (13.874842943000001 51.060527051999998)",Unfall 47408 (2016) Kat:3, Licht: 0,47408,3,1,0,07,15,5,,0,1,0,0,0,0,0
"POINT (13.722496404999999 51.127882997999997)",Unfall 47409 (2016) Kat:2, Licht: 0,47409,2,1,0,08,18,2,,0,0,1,0,1,0,0
"POINT (13.895536284000000 51.064695770999997)",Unfall 47418 (2016) Kat:3, Licht: 0,47418,3,3,5,08,15,2,,0,0,1,0,1,0,0
"POINT (13.894856946999999 51.066726426999999)",Unfall 47452 (2016) Kat:3, Licht: 0,47452,3,1,8,09,17,3,,0,0,1,0,0,0,0
"POINT (13.751919052000000 51.062970776999997)",Unfall 47453 (2016) Kat:3, Licht: 0,47453,3,2,3,07,16,4,,0,0,1,0,0,0,1
"POINT (13.904322428000000 51.086581664999997)",Unfall 47457 (2016) Kat:2, Licht: 2,47457,2,1,8,07,00,1,,2,0,1,0,0,0,0
"POINT (13.885887915000000 51.061532753000002)",Unfall 47464 (2016) Kat:3, Licht: 0,47464,3,6,2,07,17,7,,0,0,1,0,1,0,0
"POINT (13.784888284000001 51.008870635999997)",Unfall 47485 (2016) Kat:3, Licht: 0,47485,3,6,2,08,10,3,,0,0,1,0,0,1,0
"POINT (13.895763771000000 51.065564619000000)",Unfall 47487 (2016) Kat:2, Licht: 0,47487,2,2,5,07,18,7,,0,0,1,0,1,0,0
"POINT (13.854943512000000 51.061847815000000)",Unfall 47494 (2016) Kat:3, Licht: 0,47494,3,2,5,08,12,2,,0,0,1,0,0,0,0
"POINT (13.789462530000000 51.067188383999998)",Unfall 47504 (2016) Kat:3, Licht: 0,47504,3,4,6,08,09,5,,0,0,0,1,0,1,0
"POINT (13.731268912000001 51.024855723000002)",Unfall 47505 (2016) Kat:3, Licht: 0,47505,3,2,0,08,14,6,,0,1,1,0,0,0,0
"POINT (13.766851147000001 51.020659541999997)",Unfall 47507 (2016) Kat:3, Licht: 0,47507,3,1,9,09,09,2,,0,0,1,0,0,0,0
"POINT (13.824943104000001 50.985974044000002)",Unfall 47511 (2016) Kat:3, Licht: 0,47511,3,1,8,08,10,6,,0,0,1,0,0,0,0
"POINT (13.728962826000000 51.059324148000002)",Unfall 47517 (2016) Kat:3, Licht: 0,47517,3,3,5,08,12,3,,0,1,1,0,0,0,0
"POINT (13.715234434999999 51.078560772000003)",Unfall 47518 (2016) Kat:3, Licht: 1,47518,3,3,5,09,19,5,,1,1,1,0,0,0,0
"POINT (13.790955184000000 51.160086849000002)",Unfall 47531 (2016) Kat:2, Licht: 0,47531,2,1,2,09,17,6,,0,0,1,0,0,0,0
"POINT (13.747243473999999 51.051257390000004)",Unfall 47540 (2016) Kat:2, Licht: 0,47540,2,2,3,08,14,6,,0,1,1,0,0,0,0
"POINT (13.718555727000000 51.039464881000001)",Unfall 47544 (2016) Kat:3, Licht: 0,47544,3,3,5,09,09,6,,0,0,1,0,0,0,0
"POINT (13.699057301000000 51.043610473000001)",Unfall 47547 (2016) Kat:3, Licht: 2,47547,3,1,0,08,22,4,,2,1,0,0,0,0,0
"POINT (13.743450433000000 51.064515450999998)",Unfall 47551 (2016) Kat:3, Licht: 0,47551,3,2,2,09,11,5,,0,0,0,0,1,0,1
"POINT (13.735340789000000 51.041468414000001)",Unfall 47555 (2016) Kat:3, Licht: 0,47555,3,6,2,09,09,3,,0,0,1,0,0,0,0
"POINT (13.727405164000000 51.058017991000000)",Unfall 47557 (2016) Kat:3, Licht: 0,47557,3,4,6,08,06,5,,0,0,1,1,0,0,0
"POINT (13.643760303000001 51.085640198000000)",Unfall 47585 (2016) Kat:3, Licht: 0,47585,3,6,1,08,15,7,,0,0,1,0,0,0,0
"POINT (13.748542125000000 51.128719631000003)",Unfall 47587 (2016) Kat:2, Licht: 0,47587,2,6,3,08,14,5,,0,0,1,0,0,1,0
"POINT (13.703044771000000 51.089348149000003)",Unfall 47588 (2016) Kat:2, Licht: 0,47588,2,3,5,08,09,6,,0,0,1,1,1,0,0
"POINT (13.715174127999999 51.078651256000001)",Unfall 47604 (2016) Kat:3, Licht: 0,47604,3,2,5,08,09,5,,0,1,1,0,0,0,0
"POINT (13.829557659000001 51.038171769000002)",Unfall 47605 (2016) Kat:2, Licht: 0,47605,2,4,6,07,17,6,,0,0,1,1,0,0,0
"POINT (13.806141437000001 51.065499764000002)",Unfall 47609 (2016) Kat:2, Licht: 0,47609,2,1,4,07,10,5,,0,0,1,0,0,0,0
"POINT (13.755212751000000 51.026483657000000)",Unfall 47620 (2016) Kat:3, Licht: 0,47620,3,6,2,09,13,4,,0,0,1,0,0,0,0
"POINT (13.702004349999999 51.032518988000000)",Unfall 47626 (2016) Kat:2, Licht: 2,47626,2,2,5,09,20,6,,2,0,1,0,1,0,0
"POINT (13.735545370000001 51.064589634000001)",Unfall 47637 (2016) Kat:2, Licht: 0,47637,2,7,5,08,16,1,,0,0,1,0,1,0,0
"POINT (13.729543174000000 51.082976076000001)",Unfall 47644 (2016) Kat:3, Licht: 0,47644,3,3,0,07,08,2,,0,1,0,0,0,0,0
"POINT (13.772869387000000 51.014528138000003)",Unfall 47650 (2016) Kat:3, Licht: 0,47650,3,3,5,08,14,4,,0,1,1,0,0,0,0
"POINT (13.832857421000000 51.059343833000000)",Unfall 47685 (2016) Kat:3, Licht: 0,47685,3,3,5,07,19,4,,0,0,1,0,0,0,0
"POINT (13.725301780000001 51.056486440000000)",Unfall 47695 (2016) Kat:3, Licht: 0,47695,3,6,2,08,15,5,,0,0,1,0,0,0,1
"POINT (13.689469884999999 51.067236653999998)",Unfall 47700 (2016) Kat:3, Licht: 1,47700,3,7,8,07,05,5,,1,0,0,0,0,0,1
"POINT (13.755452575000000 51.026390913999997)",Unfall 47704 (2016) Kat:3, Licht: 0,47704,3,2,5,09,12,6,,0,1,1,0,0,0,0
"POINT (13.739309007999999 51.073927673000000)",Unfall 47717 (2016) Kat:3, Licht: 0,47717,3,6,3,08,07,2,,0,0,1,0,0,0,0
"POINT (13.887778755999999 51.035219171000001)",Unfall 47723 (2016) Kat:3, Licht: 0,47723,3,3,5,07,18,3,,0,1,1,0,0,0,0
"POINT (13.776355053000000 51.067401410999999)",Unfall 47724 (2016) Kat:2, Licht: 0,47724,2,1,0,07,09,2,,0,1,0,0,0,0,0
"POINT (13.738633030000001 51.029096916999997)",Unfall 47726 (2016) Kat:3, Licht: 0,47726,3,7,0,07,10,1,,0,1,0,0,0,0,0
"POINT (13.621944874000000 51.066726215000003)",Unfall 47729 (2016) Kat:2, Licht: 0,47729,2,6,2,09,09,2,,0,0,0,0,0,1,0
"POINT (13.790618259000000 51.119167504000004)",Unfall 47743 (2016) Kat:3, Licht: 0,47743,3,2,3,07,09,6,,0,1,1,0,0,0,0
"POINT (13.748919621000001 51.027818564999997)",Unfall 47748 (2016) Kat:3, Licht: 0,47748,3,3,5,08,07,3,,0,1,1,0,0,0,0
"POINT (13.813152756999999 51.083825505000000)",Unfall 47749 (2016) Kat:3, Licht: 0,47749,3,2,2,07,16,2,,0,1,1,0,0,0,0
"POINT (13.816401697000000 51.055500899000002)",Unfall 47751 (2016) Kat:3, Licht: 0,47751,3,1,8,08,19,6,,0,1,0,0,0,0,0
"POINT (13.730792104000001 51.029984220000003)",Unfall 47756 (2016) Kat:3, Licht: 0,47756,3,6,2,07,09,5,,0,0,1,0,0,0,0
"POINT (13.678681248000000 51.063248191000000)",Unfall 47773 (2016) Kat:3, Licht: 0,47773,3,2,5,08,19,6,,0,0,1,0,0,0,0
"POINT (13.650036027000001 51.083387455000000)",Unfall 47779 (2016) Kat:2, Licht: 0,47779,2,3,5,08,09,6,,0,0,1,0,0,0,0
"POINT (13.746711270000000 51.051397837000003)",Unfall 47780 (2016) Kat:3, Licht: 0,47780,3,3,5,08,13,7,,0,0,1,0,0,0,0
"POINT (13.677149889000001 51.074387889999997)",Unfall 47785 (2016) Kat:3, Licht: 0,47785,3,6,2,09,16,6,,0,0,1,0,0,0,0
"POINT (13.721503107000000 51.041912513000000)",Unfall 47789 (2016) Kat:3, Licht: 0,47789,3,3,5,08,09,2,,0,1,1,0,0,0,0
"POINT (13.751695345000000 51.062992792000003)",Unfall 47813 (2016) Kat:3, Licht: 0,47813,3,6,2,08,15,7,,0,0,1,0,0,0,0
"POINT (13.735736704000001 51.099747155999999)",Unfall 47820 (2016) Kat:3, Licht: 1,47820,3,2,5,08,20,3,,1,1,1,0,0,0,0
"POINT (13.836426285000000 51.088331175999997)",Unfall 47823 (2016) Kat:2, Licht: 0,47823,2,1,4,07,08,6,,0,0,1,0,0,0,0
"POINT (13.714053461000001 51.080148426999997)",Unfall 47824 (2016) Kat:3, Licht: 0,47824,3,4,6,09,11,3,,0,0,0,1,0,0,1
"POINT (13.823778582999999 51.057746817999998)",Unfall 47828 (2016) Kat:3, Licht: 0,47828,3,2,5,08,07,3,,0,1,0,0,0,0,1
"POINT (13.747567040000000 51.063575968999999)",Unfall 47832 (2016) Kat:3, Licht: 0,47832,3,4,6,08,15,3,,0,0,0,1,0,0,1
"POINT (13.722122868000000 51.127982523000000)",Unfall 47839 (2016) Kat:3, Licht: 0,47839,3,6,2,09,09,2,,0,0,1,0,0,0,0
"POINT (13.727362095000000 51.057986874999997)",Unfall 47841 (2016) Kat:2, Licht: 0,47841,2,2,6,08,14,2,,0,0,0,1,0,0,1
"POINT (13.840239018000000 51.062170395000003)",Unfall 47851 (2016) Kat:3, Licht: 0,47851,3,3,5,08,17,5,,0,1,1,0,0,0,0
"POINT (13.744036706999999 51.115562455999999)",Unfall 47855 (2016) Kat:2, Licht: 2,47855,2,1,9,08,01,7,,2,0,1,0,0,0,0
"POINT (13.622972253000000 51.089115970999998)",Unfall 47863 (2016) Kat:3, Licht: 0,47863,3,6,2,09,18,5,,0,0,1,0,1,0,0
"POINT (13.712865185000000 51.061590967000001)",Unfall 47882 (2016) Kat:3, Licht: 2,47882,3,3,5,09,05,4,,2,1,1,0,0,0,0
"POINT (13.800023817000000 50.998394138000002)",Unfall 47886 (2016) Kat:3, Licht: 2,47886,3,1,0,07,00,1,,2,0,0,0,1,0,0
"POINT (13.779310047999999 51.066928805000003)",Unfall 47890 (2016) Kat:3, Licht: 0,47890,3,3,5,08,17,4,,0,1,1,0,0,0,0
"POINT (13.724896096000000 51.073147585000001)",Unfall 47903 (2016) Kat:3, Licht: 2,47903,3,2,5,09,20,6,,2,1,1,0,0,0,0
"POINT (13.745021094000000 51.049428818000003)",Unfall 47907 (2016) Kat:3, Licht: 0,47907,3,6,2,07,08,4,,0,0,1,0,1,0,0
"POINT (13.721509816999999 51.091879657000000)",Unfall 47923 (2016) Kat:3, Licht: 0,47923,3,5,0,09,14,3,,0,1,1,0,0,0,0
"POINT (13.692429874000000 51.042868976999998)",Unfall 47925 (2016) Kat:3, Licht: 0,47925,3,3,5,08,18,5,,0,1,1,0,0,0,0
"POINT (13.829874690000000 51.062026389000003)",Unfall 47964 (2016) Kat:3, Licht: 0,47964,3,6,2,08,07,3,,0,0,1,0,0,0,0
"POINT (13.739053561000000 51.073965008000002)",Unfall 47965 (2016) Kat:3, Licht: 0,47965,3,2,5,09,08,4,,0,0,1,0,0,0,0
"POINT (13.701911144000000 51.090861060000002)",Unfall 47966 (2016) Kat:3, Licht: 2,47966,3,1,8,09,05,6,,2,1,0,0,0,0,0
"POINT (13.750702868999999 51.071384203999997)",Unfall 47977 (2016) Kat:3, Licht: 2,47977,3,1,0,08,01,1,,2,1,0,0,0,0,0
"POINT (13.741221582000000 51.046325692000003)",Unfall 47985 (2016) Kat:3, Licht: 0,47985,3,2,5,09,10,5,,0,1,0,0,0,1,0
"POINT (13.745045301999999 51.049455336999998)",Unfall 47990 (2016) Kat:3, Licht: 0,47990,3,2,5,07,09,2,,0,1,0,0,0,0,1
"POINT (13.793760191000001 51.001822756000003)",Unfall 47993 (2016) Kat:3, Licht: 0,47993,3,2,5,09,16,1,,0,1,1,0,0,0,0
"POINT (13.934733190999999 51.060833506000002)",Unfall 47997 (2016) Kat:3, Licht: 1,47997,3,7,9,09,06,6,,1,0,1,0,0,0,0
"POINT (13.747030620000000 51.063692488999997)",Unfall 48000 (2016) Kat:3, Licht: 0,48000,3,3,5,08,15,4,,0,1,1,0,0,0,0
"POINT (13.805441074000001 51.065559446999998)",Unfall 48033 (2016) Kat:3, Licht: 0,48033,3,1,9,07,07,4,,0,0,1,0,0,0,0
"POINT (13.628629222000001 51.088419967999997)",Unfall 48039 (2016) Kat:3, Licht: 2,48039,3,2,5,09,18,7,,2,0,1,0,1,0,0
"POINT (13.785643489000000 51.066922949000002)",Unfall 48053 (2016) Kat:3, Licht: 2,48053,3,4,6,09,23,6,,2,0,0,1,0,0,1
"POINT (13.704782696000001 51.039661528000003)",Unfall 48057 (2016) Kat:3, Licht: 0,48057,3,6,3,08,09,2,,0,1,1,0,0,0,0
"POINT (13.728973973000000 51.059316248999998)",Unfall 48066 (2016) Kat:3, Licht: 0,48066,3,2,2,08,18,2,,0,0,1,0,0,0,0
"POINT (13.739278408000001 51.066794305999998)",Unfall 48084 (2016) Kat:2, Licht: 0,48084,2,3,5,09,17,1,,0,1,1,0,0,0,0
"POINT (13.722341239000000 51.128021464000000)",Unfall 48087 (2016) Kat:3, Licht: 2,48087,3,1,9,07,00,6,,2,0,1,0,0,0,0
"POINT (13.750699736000000 51.071381160999998)",Unfall 48092 (2016) Kat:3, Licht: 0,48092,3,1,0,07,15,6,,0,1,0,0,0,0,0
"POINT (13.725086285000000 51.009295537000000)",Unfall 48097 (2016) Kat:3, Licht: 0,48097,3,6,3,08,09,3,,0,0,1,0,0,1,0
"POINT (13.715243084000001 51.078548660000003)",Unfall 48102 (2016) Kat:3, Licht: 0,48102,3,5,1,08,15,3,,0,1,1,0,0,0,0
"POINT (13.666575286000000 51.075404051000000)",Unfall 48103 (2016) Kat:3, Licht: 0,48103,3,6,3,08,18,4,,0,1,0,0,0,0,1
"POINT (13.692670903000000 51.082888633000003)",Unfall 48118 (2016) Kat:2, Licht: 2,48118,2,6,4,08,04,3,,2,1,0,0,0,0,0
"POINT (13.704342852000000 51.043719179999997)",Unfall 48126 (2016) Kat:3, Licht: 0,48126,3,2,3,07,13,5,,0,1,1,0,0,0,0
"POINT (13.746969755000000 51.051703144000001)",Unfall 48127 (2016) Kat:3, Licht: 0,48127,3,6,0,08,15,2,,0,1,0,0,0,0,1
"POINT (13.709591616000001 51.057473070000000)",Unfall 48134 (2016) Kat:3, Licht: 0,48134,3,2,5,09,07,6,,0,0,1,0,1,0,0
"POINT (13.741434696000001 51.057836952999999)",Unfall 48137 (2016) Kat:3, Licht: 2,48137,3,4,6,08,21,2,,2,0,1,1,0,0,0
"POINT (13.703727073000000 51.061435019000001)",Unfall 48163 (2016) Kat:3, Licht: 0,48163,3,6,3,07,11,6,,0,0,0,0,0,1,0
"POINT (13.728928069000000 51.070661559000001)",Unfall 48166 (2016) Kat:2, Licht: 0,48166,2,7,0,08,14,3,,0,0,0,0,0,0,1
"POINT (13.686441163000000 51.079123903000003)",Unfall 48168 (2016) Kat:2, Licht: 0,48168,2,2,2,09,07,7,,0,0,0,0,0,1,1
"POINT (13.696046588000000 51.043285531000002)",Unfall 48177 (2016) Kat:3, Licht: 0,48177,3,7,0,08,13,3,,0,1,1,0,0,0,0
"POINT (13.789534958999999 51.067191534999999)",Unfall 48184 (2016) Kat:2, Licht: 1,48184,2,3,5,09,06,2,,1,0,1,0,1,0,0
"POINT (13.854891014000000 51.061870654000003)",Unfall 48186 (2016) Kat:3, Licht: 0,48186,3,6,2,09,08,3,,0,0,1,0,0,0,0
"POINT (13.771519999000001 51.015712815999997)",Unfall 48199 (2016) Kat:3, Licht: 0,48199,3,3,5,07,14,7,,0,1,1,0,0,0,0
"POINT (13.723021911000000 51.074545119000000)",Unfall 48206 (2016) Kat:3, Licht: 0,48206,3,3,5,08,13,2,,0,1,1,0,0,0,0
"POINT (13.702624775000000 51.033433590999998)",Unfall 48217 (2016) Kat:3, Licht: 0,48217,3,3,5,08,08,6,,0,1,1,0,0,0,0
"POINT (13.768325014000000 51.019777808000001)",Unfall 48219 (2016) Kat:3, Licht: 0,48219,3,2,5,09,16,2,,0,1,1,0,0,0,0
"POINT (13.603680615000000 51.093377836000002)",Unfall 48223 (2016) Kat:3, Licht: 0,48223,3,2,5,08,17,6,,0,1,1,0,0,0,0
"POINT (13.808820043000001 50.977532052999997)",Unfall 48229 (2016) Kat:3, Licht: 0,48229,3,2,5,08,13,3,,0,0,0,0,0,0,1
"POINT (13.735735433000000 51.099755619000000)",Unfall 48240 (2016) Kat:3, Licht: 0,48240,3,2,5,07,05,7,,0,0,1,0,0,0,0
"POINT (13.687933331000000 51.022419950000000)",Unfall 48243 (2016) Kat:3, Licht: 0,48243,3,6,2,09,09,6,,0,0,1,0,0,0,0
"POINT (13.818564512000000 50.986576614000001)",Unfall 48247 (2016) Kat:3, Licht: 0,48247,3,7,4,07,08,4,,0,0,1,0,0,0,0
"POINT (13.689543159999999 51.069489335000000)",Unfall 48248 (2016) Kat:3, Licht: 0,48248,3,6,2,07,12,3,,0,0,1,0,0,0,0
"POINT (13.732511453000001 51.061044778000003)",Unfall 48251 (2016) Kat:3, Licht: 0,48251,3,6,2,08,15,6,,0,0,1,0,0,0,0
"POINT (13.774066200000000 51.067011450000003)",Unfall 48261 (2016) Kat:3, Licht: 0,48261,3,6,3,09,08,5,,0,0,1,0,0,0,0
"POINT (13.878118711999999 51.072118910999997)",Unfall 48265 (2016) Kat:3, Licht: 0,48265,3,2,3,09,17,3,,0,0,1,0,1,0,0
"POINT (13.746485587000000 51.057419762000002)",Unfall 48267 (2016) Kat:3, Licht: 0,48267,3,3,5,08,16,5,,0,1,1,0,0,0,0
"POINT (13.718649858999999 51.076688099000002)",Unfall 48289 (2016) Kat:3, Licht: 0,48289,3,3,5,07,19,4,,0,1,1,0,0,0,0
"POINT (13.789462530000000 51.067188383999998)",Unfall 48299 (2016) Kat:3, Licht: 0,48299,3,1,0,08,17,5,,0,0,0,0,1,0,0
"POINT (13.734716660000000 51.040808751000000)",Unfall 48304 (2016) Kat:3, Licht: 0,48304,3,3,5,07,15,2,,0,1,1,0,0,0,0
"POINT (13.869864701999999 51.048207280000000)",Unfall 48308 (2016) Kat:3, Licht: 0,48308,3,2,5,09,18,7,,0,0,1,0,1,0,0
"POINT (13.719053696000000 51.102425146000002)",Unfall 48312 (2016) Kat:2, Licht: 2,48312,2,1,8,09,01,5,,2,0,1,0,0,0,0
"POINT (13.743039451000000 51.028692051000000)",Unfall 48331 (2016) Kat:3, Licht: 0,48331,3,3,0,09,09,4,,0,1,1,0,0,0,0
"POINT (13.724416291000001 51.088295414999997)",Unfall 48340 (2016) Kat:3, Licht: 0,48340,3,1,7,08,17,4,,0,1,0,0,0,0,0
"POINT (13.708420061000000 51.061606683999997)",Unfall 48347 (2016) Kat:3, Licht: 2,48347,3,1,1,08,00,1,,2,0,1,0,0,0,1
"POINT (13.689677720000001 51.069432810999999)",Unfall 48360 (2016) Kat:3, Licht: 0,48360,3,3,0,08,07,4,,0,1,0,0,0,0,1
"POINT (13.681297387000001 51.061845652000002)",Unfall 48369 (2016) Kat:3, Licht: 0,48369,3,1,0,07,14,1,,0,0,0,0,1,0,0
"POINT (13.736944442000000 51.093245627000002)",Unfall 48380 (2016) Kat:3, Licht: 0,48380,3,3,5,09,14,7,,0,0,1,0,0,0,0
"POINT (13.725747172000000 51.072500925999996)",Unfall 48394 (2016) Kat:1, Licht: 0,48394,1,6,4,07,12,3,,0,0,1,0,0,0,1
"POINT (13.759089212999999 51.023956312999999)",Unfall 48396 (2016) Kat:3, Licht: 0,48396,3,1,9,08,18,2,,0,0,1,0,0,0,0
"POINT (13.816742397000001 51.055963851999998)",Unfall 48400 (2016) Kat:3, Licht: 0,48400,3,1,0,07,19,6,,0,1,0,0,0,0,0
"POINT (13.769524369999999 51.010111244000001)",Unfall 48415 (2016) Kat:2, Licht: 0,48415,2,3,5,09,17,6,,0,0,1,0,1,0,0