WKT,Name,OBJECTID,UKATEGORIE,UTYP1,UART,UMONAT,USTUNDE,UWOCHENTAG,STRZUSTAND,ULICHTVERH,ISTRAD,ISTPKW,ISTFUSS,ISTKRAD,ISTGKFZ,ISTSONSTIG
"POINT (13.830979970000000 51.009909778000001)",Unfall 122532 (2016) Kat:3, Licht: 0,122532,3,2,2,02,13,2,,0,0,1,0,0,0,0
"POINT (13.713150776000001 51.031416868999997)",Unfall 122533 (2016) Kat:3, Licht: 0,122533,3,3,5,01,09,2,,0,0,1,0,1,0,0
"POINT (13.750929857999999 51.031011612000000)",Unfall 122538 (2016) Kat:3, Licht: 2,122538,3,3,5,02,18,2,,2,1,1,0,0,0,0
"POINT (13.742648187000000 51.072964501000001)",Unfall 122539 (2016) Kat:1, Licht: 1,122539,1,7,0,01,07,2,,1,1,1,0,0,0,0
"POINT (13.675409277000000 51.062349765000000)",Unfall 122543 (2016) Kat:2, Licht: 0,122543,2,6,3,02,15,6,,0,1,1,0,0,0,0
"POINT (13.666197645000000 51.061762938999998)",Unfall 122574 (2016) Kat:3, Licht: 0,122574,3,7,0,03,09,5,,0,0,1,0,0,0,0
"POINT (13.788600124000000 51.012011569999999)",Unfall 122589 (2016) Kat:3, Licht: 0,122589,3,5,1,03,11,5,,0,0,1,0,0,0,1
"POINT (13.751901383000000 51.021077200999997)",Unfall 122602 (2016) Kat:2, Licht: 0,122602,2,4,6,02,11,1,,0,0,1,1,0,0,0
"POINT (13.783685407000000 51.115423966999998)",Unfall 122603 (2016) Kat:3, Licht: 0,122603,3,7,6,03,16,5,,0,0,1,1,0,0,0
"POINT (13.714662171000001 51.056552081000000)",Unfall 122610 (2016) Kat:3, Licht: 0,122610,3,3,0,02,15,4,,0,0,0,0,0,0,1
"POINT (13.749649854999999 51.071567195000000)",Unfall 122611 (2016) Kat:3, Licht: 2,122611,3,2,3,02,21,1,,2,0,1,0,1,0,0
"POINT (13.702982601000000 51.088526289000001)",Unfall 122612 (2016) Kat:3, Licht: 0,122612,3,3,5,02,14,6,,0,1,1,0,0,0,0
"POINT (13.689259828000001 51.055843252000003)",Unfall 122613 (2016) Kat:3, Licht: 0,122613,3,3,5,02,08,4,,0,1,1,0,0,0,0
"POINT (13.779940852999999 51.044275042999999)",Unfall 122615 (2016) Kat:3, Licht: 2,122615,3,6,2,03,19,5,,2,0,1,0,0,0,0
"POINT (13.712419754000001 51.033983083999999)",Unfall 122616 (2016) Kat:3, Licht: 2,122616,3,3,5,02,20,2,,2,0,1,0,0,0,0
"POINT (13.738830474000000 51.074039505999998)",Unfall 122617 (2016) Kat:3, Licht: 0,122617,3,3,5,02,08,2,,0,1,1,0,0,0,0
"POINT (13.701404050000001 51.040878182000000)",Unfall 122620 (2016) Kat:2, Licht: 0,122620,2,3,5,02,13,4,,0,0,1,0,0,0,0
"POINT (13.712688171000000 51.088737831000003)",Unfall 122622 (2016) Kat:3, Licht: 0,122622,3,2,2,02,12,5,,0,0,1,0,0,0,0
"POINT (13.798719503999999 51.036363426999998)",Unfall 122623 (2016) Kat:3, Licht: 1,122623,3,3,5,02,06,5,,1,0,1,0,1,0,0
"POINT (13.765792562000000 51.041767204999999)",Unfall 122624 (2016) Kat:3, Licht: 0,122624,3,6,2,02,14,2,,0,0,1,0,0,0,0
"POINT (13.723649202000001 51.053679406999997)",Unfall 122626 (2016) Kat:2, Licht: 0,122626,2,2,5,02,14,2,,0,0,1,0,1,0,0
"POINT (13.765317254999999 51.046956385999998)",Unfall 122627 (2016) Kat:3, Licht: 0,122627,3,3,5,02,13,5,,0,0,1,0,0,0,1
"POINT (13.778489168000000 51.020539911000000)",Unfall 122630 (2016) Kat:3, Licht: 0,122630,3,3,5,02,16,4,,0,1,1,0,0,0,0
"POINT (13.673208004999999 51.091748946000003)",Unfall 122632 (2016) Kat:3, Licht: 0,122632,3,6,2,03,07,6,,0,0,1,0,0,0,0
"POINT (13.701570309999999 51.082344652000003)",Unfall 122633 (2016) Kat:2, Licht: 2,122633,2,1,8,02,21,5,,2,0,1,0,0,0,0
"POINT (13.732530607999999 51.052074271999999)",Unfall 122637 (2016) Kat:3, Licht: 0,122637,3,2,5,03,07,5,,0,1,1,0,0,0,0
"POINT (13.749035514999999 51.067650952999998)",Unfall 122638 (2016) Kat:3, Licht: 0,122638,3,7,0,02,16,4,,0,1,1,0,0,0,0
"POINT (13.719234567999999 51.055058025000001)",Unfall 122648 (2016) Kat:3, Licht: 0,122648,3,7,3,02,16,5,,0,0,1,0,0,0,1
"POINT (13.789956094000001 51.058546155000002)",Unfall 122650 (2016) Kat:3, Licht: 0,122650,3,7,0,02,12,4,,0,1,1,0,0,0,0
"POINT (13.708777311000000 51.047144506999999)",Unfall 122651 (2016) Kat:3, Licht: 2,122651,3,3,2,02,19,2,,2,1,1,0,0,0,0
"POINT (13.772912891000001 51.046416231000002)",Unfall 122654 (2016) Kat:2, Licht: 0,122654,2,4,6,03,10,7,,0,0,1,1,0,0,0
"POINT (13.687375589000000 51.042513616999997)",Unfall 122656 (2016) Kat:3, Licht: 0,122656,3,2,3,02,10,2,,0,1,1,0,0,0,0
"POINT (13.760689155000000 51.049204189999998)",Unfall 122658 (2016) Kat:3, Licht: 0,122658,3,3,5,02,11,5,,0,1,1,0,0,0,0
"POINT (13.746543404000001 51.038330094000003)",Unfall 122660 (2016) Kat:3, Licht: 0,122660,3,2,5,02,15,4,,0,1,1,0,0,0,0
"POINT (13.695331831000001 51.047727688000002)",Unfall 122661 (2016) Kat:3, Licht: 0,122661,3,3,5,02,10,7,,0,0,1,0,0,0,1
"POINT (13.799795938999999 51.005575565000001)",Unfall 122670 (2016) Kat:2, Licht: 0,122670,2,4,6,02,15,4,,0,0,0,1,0,0,1
"POINT (13.750747845999999 51.047262977000003)",Unfall 122677 (2016) Kat:3, Licht: 0,122677,3,2,5,02,09,7,,0,1,0,0,0,0,1
"POINT (13.776191799999999 51.051290883000000)",Unfall 122679 (2016) Kat:2, Licht: 0,122679,2,6,2,02,15,1,,0,0,1,0,0,0,0
"POINT (13.767746851000000 51.075521827999999)",Unfall 122705 (2016) Kat:3, Licht: 2,122705,3,6,6,02,05,4,,2,1,0,1,0,0,0
"POINT (13.719655882000000 51.030810273000000)",Unfall 122715 (2016) Kat:3, Licht: 2,122715,3,3,5,02,18,4,,2,1,1,0,0,0,0
"POINT (13.848475864999999 51.010697153000002)",Unfall 122716 (2016) Kat:3, Licht: 0,122716,3,3,5,02,06,2,,0,1,1,0,0,0,0
"POINT (13.809072418000000 51.028013692000002)",Unfall 122727 (2016) Kat:3, Licht: 2,122727,3,1,0,02,17,7,,2,1,0,0,0,0,0
"POINT (13.814572686000000 51.054174658999997)",Unfall 122729 (2016) Kat:3, Licht: 2,122729,3,6,3,02,17,2,,2,1,1,0,0,0,0
"POINT (13.763166812000000 51.065235270000002)",Unfall 122735 (2016) Kat:2, Licht: 0,122735,2,6,6,02,11,1,,0,1,0,1,0,0,0
"POINT (13.797448115000000 51.023207210000002)",Unfall 122736 (2016) Kat:3, Licht: 0,122736,3,3,5,02,12,7,,0,1,1,0,0,0,0
"POINT (13.751630423000000 51.047234590000002)",Unfall 122741 (2016) Kat:3, Licht: 0,122741,3,3,5,02,11,2,,0,1,1,0,0,0,0
"POINT (13.773681634000001 51.048765361000001)",Unfall 122742 (2016) Kat:2, Licht: 0,122742,2,3,5,03,07,3,,0,0,1,0,0,0,0
"POINT (13.722636966000000 51.033467778000002)",Unfall 122743 (2016) Kat:3, Licht: 0,122743,3,3,5,02,08,5,,0,1,1,0,0,0,0
"POINT (13.830523628000000 51.023427955999999)",Unfall 122748 (2016) Kat:3, Licht: 0,122748,3,5,3,02,10,5,,0,1,1,0,0,0,0
"POINT (13.718843514000000 51.051344907999997)",Unfall 122750 (2016) Kat:3, Licht: 1,122750,3,1,0,02,07,6,,1,1,0,0,0,0,0
"POINT (13.696220664000000 51.044307320999998)",Unfall 122753 (2016) Kat:3, Licht: 2,122753,3,4,6,03,17,4,,2,0,0,1,0,0,1
"POINT (13.774584906999999 51.022555300999997)",Unfall 122755 (2016) Kat:3, Licht: 0,122755,3,7,6,02,08,5,,0,1,0,1,0,0,0
"POINT (13.741472708000000 51.068351634000003)",Unfall 122757 (2016) Kat:3, Licht: 0,122757,3,3,5,02,11,6,,0,0,1,0,0,1,0
"POINT (13.749532715999999 51.047885884999999)",Unfall 122759 (2016) Kat:3, Licht: 0,122759,3,4,0,02,16,3,,0,0,0,1,0,0,1
"POINT (13.759836517000000 51.062676953000000)",Unfall 122760 (2016) Kat:2, Licht: 0,122760,2,4,6,02,12,5,,0,0,0,1,0,1,0
"POINT (13.739028508000001 51.023592884000003)",Unfall 122765 (2016) Kat:3, Licht: 0,122765,3,7,6,03,10,4,,0,0,0,1,0,0,1
"POINT (13.802057382999999 51.039607592999999)",Unfall 122766 (2016) Kat:3, Licht: 0,122766,3,3,5,02,10,3,,0,0,1,0,0,0,0
"POINT (13.753306932999999 51.050328110999999)",Unfall 122771 (2016) Kat:3, Licht: 0,122771,3,2,2,02,13,2,,0,0,1,0,0,0,0
"POINT (13.752186623000000 51.054417278999999)",Unfall 122776 (2016) Kat:3, Licht: 2,122776,3,3,5,02,05,5,,2,1,1,0,0,0,0
"POINT (13.800130110000000 51.057415276999997)",Unfall 122777 (2016) Kat:2, Licht: 0,122777,2,3,5,02,17,3,,0,1,1,0,0,0,0
"POINT (13.757207721000000 51.049739047999999)",Unfall 122781 (2016) Kat:3, Licht: 0,122781,3,6,2,02,13,7,,0,0,1,0,0,0,1
"POINT (13.808912708999999 51.052754024000002)",Unfall 122782 (2016) Kat:3, Licht: 0,122782,3,3,5,02,11,6,,0,1,1,0,0,0,0
"POINT (13.772278289000001 51.127050535999999)",Unfall 122793 (2016) Kat:2, Licht: 0,122793,2,3,5,02,15,6,,0,1,1,0,0,0,0
"POINT (13.749148758000000 51.062913958000003)",Unfall 122796 (2016) Kat:3, Licht: 0,122796,3,7,6,03,11,4,,0,0,0,1,0,0,1
"POINT (13.725158344000000 51.057893321000002)",Unfall 122800 (2016) Kat:3, Licht: 2,122800,3,1,0,02,17,5,,2,1,0,0,0,0,0
"POINT (13.776193574000001 51.068552928000003)",Unfall 122812 (2016) Kat:3, Licht: 0,122812,3,2,5,03,07,4,,0,0,1,0,1,0,0
"POINT (13.819393549999999 51.031349605999999)",Unfall 122814 (2016) Kat:3, Licht: 2,122814,3,7,0,02,19,5,,2,0,1,0,1,0,0
"POINT (13.829195578000000 50.999120165000001)",Unfall 122815 (2016) Kat:2, Licht: 0,122815,2,4,6,03,16,6,,0,0,1,1,0,0,0
"POINT (13.778959922000000 51.031605808999998)",Unfall 122816 (2016) Kat:3, Licht: 0,122816,3,2,5,03,16,4,,0,1,1,0,0,0,0
"POINT (13.705714220000001 51.090570691000003)",Unfall 122822 (2016) Kat:3, Licht: 0,122822,3,2,5,03,17,2,,0,0,1,0,1,0,0
"POINT (13.766814889999999 51.041729353999997)",Unfall 122829 (2016) Kat:3, Licht: 0,122829,3,6,2,03,14,1,,0,0,1,0,0,0,0
"POINT (13.749602060999999 51.033591688000001)",Unfall 122830 (2016) Kat:3, Licht: 0,122830,3,3,5,03,07,6,,0,1,1,0,0,0,0
"POINT (13.795218835000000 51.006619911000001)",Unfall 122831 (2016) Kat:3, Licht: 0,122831,3,7,6,03,10,5,,0,0,1,1,0,0,0
"POINT (13.751222028000001 51.042455826000001)",Unfall 122833 (2016) Kat:3, Licht: 0,122833,3,6,0,03,08,5,,0,0,1,0,0,0,1
"POINT (13.769760817000000 51.044770493000001)",Unfall 122853 (2016) Kat:3, Licht: 0,122853,3,3,5,03,17,2,,0,0,1,0,0,0,0
"POINT (13.744684541000000 51.082439252999997)",Unfall 122864 (2016) Kat:3, Licht: 2,122864,3,6,6,03,19,3,,2,1,0,1,0,0,0
"POINT (13.788999791000000 51.058704437000003)",Unfall 122865 (2016) Kat:3, Licht: 0,122865,3,3,5,03,12,6,,0,1,1,0,0,0,0
"POINT (13.793214787000000 51.049041979000002)",Unfall 122869 (2016) Kat:3, Licht: 0,122869,3,2,5,03,09,4,,0,1,1,0,0,0,0
"POINT (13.787245027000001 51.120001842999997)",Unfall 122878 (2016) Kat:3, Licht: 0,122878,3,3,5,03,17,3,,0,1,1,0,0,0,0
"POINT (13.678533064000000 51.061094421999996)",Unfall 122879 (2016) Kat:3, Licht: 0,122879,3,3,5,03,06,5,,0,0,1,0,1,0,0
"POINT (13.786321858000001 51.072637684999997)",Unfall 122883 (2016) Kat:3, Licht: 0,122883,3,7,0,03,15,1,,0,1,0,0,0,0,0
"POINT (13.673131224000000 51.085303357000001)",Unfall 122884 (2016) Kat:2, Licht: 0,122884,2,7,0,03,07,5,,0,0,1,0,0,0,0
"POINT (13.719600783000001 51.077372089999997)",Unfall 122885 (2016) Kat:3, Licht: 0,122885,3,3,5,03,17,4,,0,1,1,0,0,0,0
"POINT (13.764148771000000 51.030884114999999)",Unfall 122888 (2016) Kat:3, Licht: 0,122888,3,6,6,03,15,3,,0,0,1,1,0,0,0
"POINT (13.694760457999999 51.053288840999997)",Unfall 122901 (2016) Kat:3, Licht: 1,122901,3,2,3,03,18,6,,1,1,0,0,0,0,0
"POINT (13.719590117999999 51.077408974999997)",Unfall 122906 (2016) Kat:3, Licht: 0,122906,3,3,0,03,08,2,,0,1,1,0,0,0,0
"POINT (13.799473901000001 50.994202739999999)",Unfall 122910 (2016) Kat:3, Licht: 0,122910,3,3,5,03,13,2,,0,0,1,0,0,0,0
"POINT (13.760953276000000 51.046591032999999)",Unfall 122915 (2016) Kat:3, Licht: 0,122915,3,6,6,03,08,4,,0,1,0,1,0,0,0
"POINT (13.743581111999999 51.035607269000003)",Unfall 122930 (2016) Kat:2, Licht: 0,122930,2,3,5,03,10,1,,0,0,1,0,0,0,0
"POINT (13.680302805000000 51.047230354000000)",Unfall 122933 (2016) Kat:3, Licht: 0,122933,3,3,5,03,06,5,,0,1,1,0,0,0,0
"POINT (13.729271346999999 51.082408221000001)",Unfall 122935 (2016) Kat:3, Licht: 0,122935,3,2,4,03,16,5,,0,1,1,0,0,0,0
"POINT (13.752220787000001 51.077769058999998)",Unfall 122936 (2016) Kat:3, Licht: 2,122936,3,3,5,03,20,4,,2,1,1,0,0,0,0
"POINT (13.740644350000000 51.053667333000000)",Unfall 122939 (2016) Kat:3, Licht: 0,122939,3,6,2,03,09,4,,0,0,1,0,0,0,1
"POINT (13.718558899000000 51.054292707000002)",Unfall 122946 (2016) Kat:3, Licht: 0,122946,3,3,5,03,13,7,,0,1,1,0,0,0,0
"POINT (13.777335201000000 51.060086347000002)",Unfall 122955 (2016) Kat:3, Licht: 0,122955,3,6,2,03,07,2,,0,0,1,0,0,0,0
"POINT (13.737572334999999 51.054004212999999)",Unfall 122966 (2016) Kat:3, Licht: 2,122966,3,3,5,03,18,6,,2,0,1,0,0,0,0
"POINT (13.690882074999999 51.091443052000002)",Unfall 122967 (2016) Kat:3, Licht: 0,122967,3,5,1,03,13,2,,0,1,1,0,0,0,0
"POINT (13.825861241000000 51.000316820999998)",Unfall 122970 (2016) Kat:3, Licht: 0,122970,3,3,5,03,09,1,,0,0,1,0,0,0,1
"POINT (13.710675074999999 51.032560789999998)",Unfall 122976 (2016) Kat:3, Licht: 0,122976,3,6,1,03,06,2,,0,0,1,0,0,0,1
"POINT (13.698491911000000 51.036377334999997)",Unfall 122979 (2016) Kat:3, Licht: 2,122979,3,3,5,03,18,2,,2,0,1,0,0,0,0
"POINT (13.728599236000001 51.061950773000000)",Unfall 122982 (2016) Kat:2, Licht: 0,122982,2,4,6,03,16,6,,0,0,1,1,0,0,0
"POINT (13.790622966999999 51.013030608999998)",Unfall 122983 (2016) Kat:3, Licht: 1,122983,3,3,5,03,19,5,,1,0,1,0,1,0,0
"POINT (13.694831977000000 51.037801381000001)",Unfall 122984 (2016) Kat:3, Licht: 0,122984,3,3,5,03,10,1,,0,0,1,0,0,0,0
"POINT (13.759811821000000 51.052111433000000)",Unfall 122985 (2016) Kat:3, Licht: 0,122985,3,3,5,03,16,5,,0,0,1,0,0,0,0
"POINT (13.780488511000000 51.030935425999999)",Unfall 123005 (2016) Kat:3, Licht: 0,123005,3,6,2,03,11,2,,0,0,1,0,1,0,0
"POINT (13.734737934000000 51.047184117999997)",Unfall 123016 (2016) Kat:3, Licht: 0,123016,3,1,0,03,15,6,,0,1,0,0,0,0,0
"POINT (13.751813134000001 51.037081993000001)",Unfall 123022 (2016) Kat:3, Licht: 0,123022,3,6,0,03,15,5,,0,0,1,0,0,0,1
"POINT (13.738853732000001 51.047338989000004)",Unfall 123039 (2016) Kat:2, Licht: 2,123039,2,4,6,03,19,1,,2,0,1,1,0,0,0
"POINT (13.752287730999999 51.058836882999998)",Unfall 123040 (2016) Kat:3, Licht: 0,123040,3,5,1,03,07,4,,0,1,1,0,0,0,0
"POINT (13.808976961999999 51.047421991000000)",Unfall 123041 (2016) Kat:3, Licht: 0,123041,3,4,6,03,12,7,,0,0,1,1,0,0,0
"POINT (13.682788005000001 51.042414888000003)",Unfall 123057 (2016) Kat:3, Licht: 0,123057,3,1,0,03,17,2,,0,1,0,0,0,0,0
"POINT (13.690210974999999 51.042584624000000)",Unfall 123059 (2016) Kat:3, Licht: 0,123059,3,2,2,03,19,2,,0,0,1,0,1,0,0
"POINT (13.781179374000001 51.035943338000003)",Unfall 123063 (2016) Kat:3, Licht: 0,123063,3,3,5,03,14,4,,0,0,1,0,0,0,0
"POINT (13.723468444000000 51.056711747000001)",Unfall 123066 (2016) Kat:3, Licht: 0,123066,3,6,6,03,10,7,,0,1,0,1,0,0,0
"POINT (13.794651504000001 51.042004020000000)",Unfall 123068 (2016) Kat:3, Licht: 0,123068,3,3,5,03,12,5,,0,0,1,0,0,0,0
"POINT (13.757368505000001 51.027258152000002)",Unfall 123076 (2016) Kat:3, Licht: 0,123076,3,2,5,04,15,3,,0,1,1,0,0,0,0
"POINT (13.803809445000001 51.043105400999998)",Unfall 123077 (2016) Kat:3, Licht: 1,123077,3,7,1,03,19,5,,1,0,1,1,0,0,0
"POINT (13.648564226000000 51.090801290999998)",Unfall 123084 (2016) Kat:3, Licht: 0,123084,3,3,5,04,12,3,,0,1,0,0,0,1,0
"POINT (13.741478465000000 51.073293950999997)",Unfall 123086 (2016) Kat:3, Licht: 0,123086,3,2,5,04,14,6,,0,1,1,0,0,0,0
"POINT (13.775476447999999 51.050573325000002)",Unfall 123089 (2016) Kat:3, Licht: 0,123089,3,1,0,03,10,5,,0,0,0,0,1,0,0
"POINT (13.708408149000000 51.098098104000002)",Unfall 123090 (2016) Kat:3, Licht: 0,123090,3,7,1,04,15,3,,0,0,1,0,0,0,1
"POINT (13.744572156000000 51.037108134000000)",Unfall 123095 (2016) Kat:3, Licht: 2,123095,3,3,5,04,22,2,,2,0,1,0,0,0,0
"POINT (13.673596590000001 51.064422880999999)",Unfall 123099 (2016) Kat:3, Licht: 0,123099,3,3,5,04,16,2,,0,0,1,0,0,0,1
"POINT (13.709231837000001 51.033116175000004)",Unfall 123106 (2016) Kat:3, Licht: 0,123106,3,3,5,04,17,6,,0,1,1,0,0,0,0
"POINT (13.691194639000001 51.052413790999999)",Unfall 123108 (2016) Kat:3, Licht: 0,123108,3,2,5,04,16,5,,0,0,1,0,0,0,1
"POINT (13.748827812000000 51.053666008000000)",Unfall 123110 (2016) Kat:3, Licht: 0,123110,3,1,1,04,14,4,,0,0,1,0,0,0,0
"POINT (13.770332320000000 51.118927075999999)",Unfall 123120 (2016) Kat:3, Licht: 0,123120,3,2,5,04,14,6,,0,0,1,0,0,0,0
"POINT (13.830612308999999 51.017626886000002)",Unfall 123125 (2016) Kat:3, Licht: 0,123125,3,3,5,04,11,6,,0,1,1,0,0,0,0
"POINT (13.790890213999999 51.026774146000001)",Unfall 123127 (2016) Kat:3, Licht: 0,123127,3,4,6,04,11,3,,0,0,0,1,0,0,1
"POINT (13.746070549000001 51.051746659000003)",Unfall 123137 (2016) Kat:2, Licht: 0,123137,2,3,5,04,14,3,,0,1,1,0,0,0,0
"POINT (13.806615641000000 51.037408523000003)",Unfall 123139 (2016) Kat:3, Licht: 0,123139,3,3,5,04,11,6,,0,1,0,0,0,1,0
"POINT (13.808955828000000 51.011900816999997)",Unfall 123142 (2016) Kat:2, Licht: 0,123142,2,4,6,04,07,2,,0,0,0,1,0,0,1
"POINT (13.686677396000000 51.056056015000003)",Unfall 123144 (2016) Kat:3, Licht: 0,123144,3,3,5,04,17,3,,0,1,1,0,0,0,0
"POINT (13.775255243000000 51.038392244000001)",Unfall 123145 (2016) Kat:3, Licht: 0,123145,3,3,5,04,07,2,,0,1,1,0,0,0,0
"POINT (13.750864581000000 51.076192779000003)",Unfall 123151 (2016) Kat:3, Licht: 0,123151,3,4,6,04,16,6,,0,0,1,1,0,0,0
"POINT (13.769957257000000 51.067656608999997)",Unfall 123159 (2016) Kat:3, Licht: 0,123159,3,7,0,04,19,6,,0,1,1,0,0,0,0
"POINT (13.764011041000000 51.058341208000002)",Unfall 123163 (2016) Kat:3, Licht: 0,123163,3,7,1,04,15,2,,0,0,1,0,0,0,0
"POINT (13.770993233000000 51.040042532999998)",Unfall 123165 (2016) Kat:3, Licht: 0,123165,3,3,5,04,17,5,,0,0,1,0,0,0,0
"POINT (13.697486668000000 51.006508513000000)",Unfall 123176 (2016) Kat:3, Licht: 0,123176,3,1,8,03,17,4,,0,0,1,0,0,0,0
"POINT (13.748581844000000 51.058571679000003)",Unfall 123183 (2016) Kat:3, Licht: 0,123183,3,3,5,03,18,4,,0,1,1,0,0,0,0
"POINT (13.711166505000000 51.045368076999999)",Unfall 123191 (2016) Kat:3, Licht: 0,123191,3,3,5,04,16,3,,0,1,1,0,0,0,0
"POINT (13.749439536000001 51.063425633000001)",Unfall 123193 (2016) Kat:3, Licht: 0,123193,3,3,5,04,10,6,,0,1,1,0,0,0,0
"POINT (13.768914175999999 51.043929267999999)",Unfall 123194 (2016) Kat:3, Licht: 0,123194,3,2,5,04,12,7,,0,0,1,0,0,0,0
"POINT (13.718662055999999 51.087724346999998)",Unfall 123196 (2016) Kat:3, Licht: 0,123196,3,3,5,03,10,4,,0,1,1,0,0,0,0
"POINT (13.724914316000000 51.080070253999999)",Unfall 123197 (2016) Kat:3, Licht: 0,123197,3,3,5,04,12,3,,0,0,1,0,1,0,0
"POINT (13.784750640000000 51.049738296000001)",Unfall 123207 (2016) Kat:3, Licht: 0,123207,3,3,5,04,18,2,,0,0,1,0,1,0,0
"POINT (13.848296382999999 51.007109153000002)",Unfall 123215 (2016) Kat:2, Licht: 0,123215,2,3,0,04,15,5,,0,0,1,0,0,0,1
"POINT (13.764957836000001 51.112345945000001)",Unfall 123217 (2016) Kat:3, Licht: 0,123217,3,4,6,04,20,4,,0,1,0,1,0,0,0
"POINT (13.749963650000000 51.063355164999997)",Unfall 123222 (2016) Kat:3, Licht: 0,123222,3,3,5,04,08,3,,0,1,1,0,0,0,0
"POINT (13.814292108000000 51.054276708000003)",Unfall 123228 (2016) Kat:3, Licht: 0,123228,3,6,6,04,11,1,,0,0,1,1,0,0,0
"POINT (13.793707698000000 51.006894826000000)",Unfall 123233 (2016) Kat:3, Licht: 0,123233,3,2,6,04,17,3,,0,0,1,1,0,0,0
"POINT (13.736147652000000 51.087800471999998)",Unfall 123241 (2016) Kat:3, Licht: 2,123241,3,1,8,04,04,2,,2,0,1,0,0,0,0
"POINT (13.842003437000001 51.019157816000003)",Unfall 123243 (2016) Kat:3, Licht: 0,123243,3,6,4,04,16,3,,0,1,0,0,0,0,0
"POINT (13.738517118000001 51.053909367000003)",Unfall 123245 (2016) Kat:3, Licht: 2,123245,3,1,0,04,20,6,,2,1,0,0,0,0,0
"POINT (13.690143148000001 51.040888750000001)",Unfall 123249 (2016) Kat:3, Licht: 0,123249,3,3,5,04,17,3,,0,0,1,0,0,0,0
"POINT (13.777537993999999 51.046655887000000)",Unfall 123268 (2016) Kat:3, Licht: 0,123268,3,5,5,04,14,2,,0,1,1,0,0,0,0
"POINT (13.836637914000001 51.000217739999997)",Unfall 123270 (2016) Kat:3, Licht: 0,123270,3,3,5,04,18,5,,0,0,1,0,0,0,0
"POINT (13.780878473000000 51.054234876999999)",Unfall 123271 (2016) Kat:3, Licht: 2,123271,3,1,1,04,00,1,,2,1,1,0,0,0,0
"POINT (13.749613133000000 51.033786059000001)",Unfall 123275 (2016) Kat:3, Licht: 0,123275,3,3,5,04,13,6,,0,1,1,0,0,0,0
"POINT (13.822623212000000 50.997839767000002)",Unfall 123282 (2016) Kat:3, Licht: 0,123282,3,2,1,04,07,6,,0,0,1,0,0,0,0
"POINT (13.807631878000000 51.017814882000003)",Unfall 123285 (2016) Kat:3, Licht: 0,123285,3,1,8,04,13,1,,0,0,0,0,1,0,0
"POINT (13.795843109000000 51.040523852000000)",Unfall 123286 (2016) Kat:3, Licht: 0,123286,3,3,5,04,12,4,,0,1,1,0,0,0,0
"POINT (13.778154668000001 51.036783206999999)",Unfall 123300 (2016) Kat:2, Licht: 0,123300,2,2,3,04,07,3,,0,1,0,0,0,0,0
"POINT (13.715150073000000 51.056393604000000)",Unfall 123302 (2016) Kat:3, Licht: 0,123302,3,3,5,03,11,3,,0,1,1,0,0,0,0
"POINT (13.745494948999999 51.081420719000000)",Unfall 123309 (2016) Kat:2, Licht: 0,123309,2,3,5,03,12,3,,0,1,1,0,0,0,0
"POINT (13.805018553000000 51.050183287999999)",Unfall 123314 (2016) Kat:3, Licht: 0,123314,3,3,5,04,15,3,,0,0,1,0,1,0,0
"POINT (13.809132586000000 51.050179041000000)",Unfall 123315 (2016) Kat:3, Licht: 0,123315,3,2,5,04,17,2,,0,1,1,0,0,0,0
"POINT (13.799293666000001 50.998287237000000)",Unfall 123320 (2016) Kat:2, Licht: 0,123320,2,3,3,03,09,5,,0,1,1,0,0,0,0
"POINT (13.804157437000001 51.050773501999998)",Unfall 123321 (2016) Kat:3, Licht: 0,123321,3,2,5,04,18,5,,0,0,1,0,0,0,0
"POINT (13.769018202000000 51.121377676000002)",Unfall 123322 (2016) Kat:3, Licht: 0,123322,3,3,5,04,17,1,,0,1,1,0,0,0,0
"POINT (13.774970722000001 51.042698651000002)",Unfall 123323 (2016) Kat:3, Licht: 0,123323,3,4,6,04,07,4,,0,0,1,1,0,0,0
"POINT (13.754983225000000 51.045954954000003)",Unfall 123327 (2016) Kat:3, Licht: 0,123327,3,1,0,03,10,3,,0,1,0,0,0,0,0
"POINT (13.743635769000001 51.035589350999999)",Unfall 123342 (2016) Kat:3, Licht: 0,123342,3,2,5,04,18,4,,0,1,1,0,0,0,0
"POINT (13.761405492000000 51.027558702999997)",Unfall 123343 (2016) Kat:3, Licht: 1,123343,3,2,5,04,05,2,,1,0,1,0,1,0,0
"POINT (13.777118137000000 51.035725829000000)",Unfall 123348 (2016) Kat:3, Licht: 0,123348,3,2,5,04,14,7,,0,0,1,0,0,0,0
"POINT (13.711999909999999 51.081013552999998)",Unfall 123355 (2016) Kat:2, Licht: 0,123355,2,6,2,04,12,2,,0,0,1,0,0,0,0
"POINT (13.745819750000001 51.046701519999999)",Unfall 123363 (2016) Kat:3, Licht: 0,123363,3,7,0,04,16,7,,0,1,0,0,0,0,0
"POINT (13.753063324999999 51.064923956000001)",Unfall 123375 (2016) Kat:3, Licht: 2,123375,3,1,0,04,01,1,,2,1,0,0,0,0,0