WKT,Name,OBJECTID,UKATEGORIE,UTYP1,UART,UMONAT,USTUNDE,UWOCHENTAG,STRZUSTAND,ULICHTVERH,ISTRAD,ISTPKW,ISTFUSS,ISTKRAD,ISTGKFZ,ISTSONSTIG
"POINT (13.785913110999999 51.050747532999999)",Unfall 123379 (2016) Kat:3, Licht: 0,123379,3,3,5,04,11,6,,0,0,1,0,0,0,0
"POINT (13.789063195000001 51.014182597999998)",Unfall 123381 (2016) Kat:3, Licht: 0,123381,3,2,2,04,11,3,,0,0,1,0,0,0,0
"POINT (13.840946838000001 51.133066935000002)",Unfall 123397 (2016) Kat:3, Licht: 0,123397,3,3,5,04,16,4,,0,1,1,0,0,0,0
"POINT (13.777308250000001 51.058716021999999)",Unfall 123400 (2016) Kat:3, Licht: 0,123400,3,2,5,04,17,5,,0,1,1,0,0,0,0
"POINT (13.776661451000001 51.065817848000002)",Unfall 123401 (2016) Kat:3, Licht: 0,123401,3,7,0,04,10,4,,0,1,0,0,0,0,0
"POINT (13.792359569000000 51.047815516999997)",Unfall 123403 (2016) Kat:3, Licht: 1,123403,3,1,0,04,20,6,,1,0,0,0,1,0,0
"POINT (13.696264895000001 51.045550145000000)",Unfall 123411 (2016) Kat:3, Licht: 0,123411,3,1,1,04,07,2,,0,1,1,0,0,0,0
"POINT (13.736562152999999 51.117840751000003)",Unfall 123414 (2016) Kat:3, Licht: 0,123414,3,3,5,04,08,2,,0,1,1,0,0,0,0
"POINT (13.813205439000001 51.028695994000003)",Unfall 123420 (2016) Kat:2, Licht: 0,123420,2,4,6,04,11,7,,0,0,0,1,0,0,1
"POINT (13.791527190000000 50.998870447999998)",Unfall 123424 (2016) Kat:3, Licht: 0,123424,3,7,3,04,16,7,,0,1,0,0,0,0,0
"POINT (13.735058144000000 51.046694911000003)",Unfall 123425 (2016) Kat:3, Licht: 0,123425,3,1,0,04,06,5,,0,1,0,0,0,0,0
"POINT (13.728430918999999 51.056622691000001)",Unfall 123435 (2016) Kat:3, Licht: 0,123435,3,1,0,04,07,3,,0,1,0,0,0,0,0
"POINT (13.772216779000001 51.046705219000003)",Unfall 123442 (2016) Kat:3, Licht: 0,123442,3,6,3,04,16,4,,0,0,0,0,0,1,1
"POINT (13.749602519000000 51.071574599999998)",Unfall 123457 (2016) Kat:2, Licht: 0,123457,2,7,6,04,19,4,,0,0,0,1,0,0,1
"POINT (13.702263629999999 51.045833702000003)",Unfall 123458 (2016) Kat:3, Licht: 0,123458,3,3,5,04,07,2,,0,1,1,0,0,0,0
"POINT (13.804609419000000 51.039919116999997)",Unfall 123459 (2016) Kat:2, Licht: 0,123459,2,2,5,04,17,6,,0,1,1,0,0,0,0
"POINT (13.786100306000000 51.016384432000002)",Unfall 123466 (2016) Kat:3, Licht: 0,123466,3,2,2,04,12,5,,0,1,1,0,0,0,0
"POINT (13.725209255999999 51.050197982000000)",Unfall 123474 (2016) Kat:2, Licht: 0,123474,2,3,5,04,17,5,,0,1,1,0,0,0,0
"POINT (13.680361727999999 51.052471681999997)",Unfall 123476 (2016) Kat:3, Licht: 0,123476,3,2,2,04,08,3,,0,0,1,0,1,0,0
"POINT (13.825081108999999 51.003449256000003)",Unfall 123478 (2016) Kat:3, Licht: 0,123478,3,6,2,04,07,7,,0,0,1,0,0,0,0
"POINT (13.801321363000000 51.028448263999998)",Unfall 123479 (2016) Kat:3, Licht: 0,123479,3,3,5,04,15,5,,0,0,0,0,0,1,1
"POINT (13.766373607000000 51.041537736000002)",Unfall 123486 (2016) Kat:3, Licht: 0,123486,3,4,6,04,10,5,,0,0,1,1,0,0,0
"POINT (13.770507962000000 51.045525222999999)",Unfall 123489 (2016) Kat:3, Licht: 0,123489,3,4,6,04,15,5,,0,1,0,1,0,0,0
"POINT (13.750558520000000 51.060933513000002)",Unfall 123490 (2016) Kat:3, Licht: 0,123490,3,3,0,04,15,6,,0,1,1,0,0,0,0
"POINT (13.766214012000001 51.017479686999998)",Unfall 123491 (2016) Kat:3, Licht: 2,123491,3,7,1,04,04,1,,2,0,1,0,0,0,0
"POINT (13.809062449000001 51.036579707999998)",Unfall 123495 (2016) Kat:2, Licht: 2,123495,2,3,5,04,22,6,,2,0,1,0,1,0,0
"POINT (13.700883238999999 51.043836134000003)",Unfall 123498 (2016) Kat:3, Licht: 0,123498,3,3,5,04,07,4,,0,1,1,0,0,0,0
"POINT (13.783017648000000 51.029803201999997)",Unfall 123499 (2016) Kat:3, Licht: 0,123499,3,3,5,04,17,5,,0,0,1,0,1,0,0
"POINT (13.718123147000000 51.059900626999998)",Unfall 123508 (2016) Kat:3, Licht: 0,123508,3,3,5,04,08,3,,0,1,1,0,0,0,0
"POINT (13.726840062000001 51.035241894000002)",Unfall 123511 (2016) Kat:3, Licht: 0,123511,3,3,5,04,13,4,,0,0,1,0,0,0,0
"POINT (13.784125982000001 51.001563967999999)",Unfall 123512 (2016) Kat:2, Licht: 0,123512,2,1,0,04,14,2,,0,1,0,0,0,0,0
"POINT (13.838490092000001 51.005825176999998)",Unfall 123515 (2016) Kat:3, Licht: 0,123515,3,3,5,04,15,5,,0,0,1,0,0,0,0
"POINT (13.771119600000000 51.068170021000000)",Unfall 123518 (2016) Kat:3, Licht: 0,123518,3,3,5,04,09,6,,0,1,1,0,0,0,0
"POINT (13.765836864000001 51.065790702999998)",Unfall 123523 (2016) Kat:3, Licht: 2,123523,3,3,0,04,22,3,,2,1,1,0,0,0,0
"POINT (13.794704933000000 51.053532406999999)",Unfall 123526 (2016) Kat:3, Licht: 0,123526,3,6,3,04,14,2,,0,0,1,0,0,0,0
"POINT (13.812237954000000 51.046664002000000)",Unfall 123533 (2016) Kat:3, Licht: 0,123533,3,6,2,04,07,3,,0,1,1,0,0,0,0
"POINT (13.757872619000000 51.019195418000002)",Unfall 123534 (2016) Kat:3, Licht: 0,123534,3,3,0,04,17,6,,0,1,1,0,0,0,0
"POINT (13.803861213999999 51.043083787999997)",Unfall 123535 (2016) Kat:3, Licht: 1,123535,3,3,5,04,20,7,,1,0,1,0,0,0,0
"POINT (13.701993800000000 51.036529295999998)",Unfall 123539 (2016) Kat:3, Licht: 0,123539,3,3,5,04,10,7,,0,0,1,0,0,0,0
"POINT (13.767472662999999 51.122783566000003)",Unfall 123540 (2016) Kat:3, Licht: 2,123540,3,3,5,04,20,5,,2,0,1,0,0,1,0
"POINT (13.764857085999999 51.012339472000001)",Unfall 123543 (2016) Kat:3, Licht: 2,123543,3,3,5,04,21,6,,2,0,1,0,0,0,0
"POINT (13.747189107000001 51.078864977999999)",Unfall 123546 (2016) Kat:3, Licht: 0,123546,3,1,0,04,17,6,,0,1,0,0,0,0,0
"POINT (13.787535052000001 51.059065488999998)",Unfall 123550 (2016) Kat:3, Licht: 0,123550,3,3,5,04,17,3,,0,0,1,0,0,0,0
"POINT (13.753545946999999 51.052934479999998)",Unfall 123557 (2016) Kat:3, Licht: 0,123557,3,3,5,04,15,6,,0,0,1,0,0,0,0
"POINT (13.757229844999999 51.049735169000002)",Unfall 123564 (2016) Kat:3, Licht: 0,123564,3,3,5,04,08,1,,0,1,1,0,0,0,0
"POINT (13.697244259000000 51.086871092000003)",Unfall 123570 (2016) Kat:3, Licht: 0,123570,3,3,5,04,10,4,,0,0,1,0,0,0,0
"POINT (13.746464343000000 51.062313975999999)",Unfall 123571 (2016) Kat:3, Licht: 0,123571,3,3,5,04,07,5,,0,0,1,0,1,0,0
"POINT (13.781184471000000 51.035948376999997)",Unfall 123573 (2016) Kat:3, Licht: 0,123573,3,3,5,04,18,6,,0,1,1,0,0,0,0
"POINT (13.806025321000000 51.039007626999997)",Unfall 123579 (2016) Kat:3, Licht: 0,123579,3,2,3,04,06,4,,0,1,0,0,0,1,0
"POINT (13.805873181999999 51.052351749000003)",Unfall 123581 (2016) Kat:3, Licht: 0,123581,3,3,5,04,09,2,,0,1,1,0,0,0,0
"POINT (13.795105081999999 51.053481961999999)",Unfall 123582 (2016) Kat:3, Licht: 0,123582,3,6,3,04,18,4,,0,1,1,0,0,0,0
"POINT (13.751245580999999 51.071211642999998)",Unfall 123584 (2016) Kat:3, Licht: 0,123584,3,5,3,04,19,2,,0,1,1,0,0,0,0
"POINT (13.757745098999999 51.053978743000002)",Unfall 123588 (2016) Kat:3, Licht: 0,123588,3,3,5,04,10,6,,0,1,0,0,0,0,1
"POINT (13.765564671000000 51.048376025000003)",Unfall 123590 (2016) Kat:3, Licht: 1,123590,3,3,5,04,06,4,,1,1,1,0,0,0,0
"POINT (13.763618890000000 51.068267096000000)",Unfall 123593 (2016) Kat:3, Licht: 0,123593,3,3,5,04,17,7,,0,1,1,0,0,0,0
"POINT (13.680285465000001 51.042362025999999)",Unfall 123603 (2016) Kat:3, Licht: 0,123603,3,6,2,04,12,6,,0,0,1,0,0,0,0
"POINT (13.768184615999999 51.045404267999999)",Unfall 123605 (2016) Kat:3, Licht: 0,123605,3,2,2,04,16,3,,0,0,1,0,0,0,0
"POINT (13.760889886999999 51.074844044000002)",Unfall 123608 (2016) Kat:3, Licht: 0,123608,3,2,5,04,16,6,,0,1,1,0,0,0,0
"POINT (13.688955692000000 51.057947380000002)",Unfall 123610 (2016) Kat:3, Licht: 0,123610,3,3,5,04,13,4,,0,1,1,0,0,0,0
"POINT (13.803755882000001 51.051068108999999)",Unfall 123612 (2016) Kat:3, Licht: 0,123612,3,2,6,05,12,5,,0,0,1,1,0,0,0
"POINT (13.849352198000000 51.040162567000003)",Unfall 123618 (2016) Kat:3, Licht: 0,123618,3,6,2,05,17,4,,0,0,1,0,0,0,0
"POINT (13.739601070999999 51.036907718000002)",Unfall 123620 (2016) Kat:3, Licht: 0,123620,3,5,1,05,16,3,,0,1,1,0,0,0,0
"POINT (13.691875845000000 51.049833675000002)",Unfall 123621 (2016) Kat:2, Licht: 0,123621,2,2,2,05,14,6,,0,0,1,0,0,0,0
"POINT (13.831651412999999 51.002189565000002)",Unfall 123623 (2016) Kat:3, Licht: 0,123623,3,3,5,05,10,7,,0,1,1,0,0,0,0
"POINT (13.703150202000000 51.090563375999999)",Unfall 123627 (2016) Kat:2, Licht: 0,123627,2,4,6,05,16,6,,0,0,1,1,0,0,0
"POINT (13.814190643000000 51.054309562999997)",Unfall 123634 (2016) Kat:2, Licht: 0,123634,2,6,3,05,08,3,,0,1,1,0,0,0,0
"POINT (13.779120846000000 51.038927336999997)",Unfall 123662 (2016) Kat:3, Licht: 0,123662,3,3,5,05,07,4,,0,0,1,0,0,0,1
"POINT (13.771847624999999 51.046904664000003)",Unfall 123664 (2016) Kat:3, Licht: 0,123664,3,2,5,05,08,5,,0,1,1,0,0,0,0
"POINT (13.785356457000001 51.035975129999997)",Unfall 123672 (2016) Kat:3, Licht: 0,123672,3,3,5,05,14,5,,0,1,1,0,0,0,0
"POINT (13.803034093000001 51.030058119000003)",Unfall 123673 (2016) Kat:3, Licht: 0,123673,3,3,5,05,09,3,,0,1,1,0,0,0,0
"POINT (13.708777610000000 51.047144725000003)",Unfall 123675 (2016) Kat:2, Licht: 0,123675,2,2,4,05,16,2,,0,1,1,0,0,0,0
"POINT (13.781554068000000 51.053251881999998)",Unfall 123678 (2016) Kat:3, Licht: 0,123678,3,3,5,05,08,3,,0,0,1,0,0,0,1
"POINT (13.786934241999999 51.014210144000003)",Unfall 123679 (2016) Kat:3, Licht: 0,123679,3,1,0,05,08,6,,0,0,0,0,1,0,0
"POINT (13.734086156000000 51.038728882000001)",Unfall 123680 (2016) Kat:3, Licht: 0,123680,3,7,0,05,08,2,,0,1,1,0,0,0,0
"POINT (13.774247209000000 51.032802480999997)",Unfall 123688 (2016) Kat:3, Licht: 0,123688,3,7,6,05,18,3,,0,0,1,1,0,0,0
"POINT (13.801218106000000 51.022673550000000)",Unfall 123690 (2016) Kat:3, Licht: 0,123690,3,2,6,05,17,2,,0,0,1,1,0,0,0
"POINT (13.746480367000000 51.038477438000001)",Unfall 123702 (2016) Kat:2, Licht: 0,123702,2,3,5,05,17,1,,0,0,1,0,1,0,0
"POINT (13.813845917000000 51.053690211999999)",Unfall 123704 (2016) Kat:3, Licht: 0,123704,3,5,1,05,19,2,,0,1,1,0,0,0,0
"POINT (13.708128037000000 51.018365043999999)",Unfall 123708 (2016) Kat:3, Licht: 0,123708,3,6,2,05,15,5,,0,1,0,0,0,1,0
"POINT (13.761701901000000 51.068052393999999)",Unfall 123720 (2016) Kat:3, Licht: 0,123720,3,6,2,05,07,2,,0,1,1,0,0,0,0
"POINT (13.739442743000000 51.050057322000001)",Unfall 123721 (2016) Kat:3, Licht: 0,123721,3,5,1,05,07,3,,0,1,1,0,0,0,0
"POINT (13.758122338000000 51.064673544000001)",Unfall 123725 (2016) Kat:3, Licht: 0,123725,3,5,9,05,13,7,,0,1,1,0,0,0,0
"POINT (13.682838350999999 51.042415751000000)",Unfall 123733 (2016) Kat:3, Licht: 0,123733,3,3,5,05,06,4,,0,1,1,0,0,0,0
"POINT (13.760493273000000 51.068395078999998)",Unfall 123734 (2016) Kat:3, Licht: 0,123734,3,1,0,05,16,2,,0,1,0,0,0,0,0
"POINT (13.745360685000000 51.038947530999998)",Unfall 123736 (2016) Kat:3, Licht: 0,123736,3,6,3,05,09,6,,0,0,1,0,1,0,0
"POINT (13.785677459000000 51.028798985000002)",Unfall 123742 (2016) Kat:3, Licht: 0,123742,3,6,2,05,07,6,,0,0,1,0,0,1,0
"POINT (13.698132575000001 51.099217125000003)",Unfall 123757 (2016) Kat:2, Licht: 0,123757,2,1,9,05,17,5,,0,1,0,0,0,0,0
"POINT (13.759624518000001 51.053588156000004)",Unfall 123764 (2016) Kat:3, Licht: 0,123764,3,6,6,05,17,2,,0,1,0,1,0,0,0
"POINT (13.688947022000001 51.057957088999999)",Unfall 123771 (2016) Kat:2, Licht: 0,123771,2,3,5,05,16,5,,0,1,0,0,1,0,0
"POINT (13.673582290000001 51.043132489999998)",Unfall 123773 (2016) Kat:3, Licht: 0,123773,3,3,5,05,18,5,,0,1,1,0,0,0,0
"POINT (13.740356835000000 51.049924427000001)",Unfall 123776 (2016) Kat:3, Licht: 0,123776,3,1,0,05,13,2,,0,1,0,0,0,0,0
"POINT (13.775821413999999 51.050917206999998)",Unfall 123778 (2016) Kat:3, Licht: 0,123778,3,3,5,05,07,5,,0,1,1,0,0,0,0
"POINT (13.734070534000001 51.036307462000003)",Unfall 123783 (2016) Kat:3, Licht: 0,123783,3,2,5,05,12,5,,0,0,1,0,0,0,0
"POINT (13.757358122999999 51.032255884000001)",Unfall 123784 (2016) Kat:3, Licht: 0,123784,3,4,6,05,14,3,,0,0,1,1,0,0,0
"POINT (13.729596213000001 51.052805524999997)",Unfall 123785 (2016) Kat:3, Licht: 0,123785,3,3,5,05,16,4,,0,1,1,0,0,0,0
"POINT (13.643789336999999 51.092930781000000)",Unfall 123789 (2016) Kat:3, Licht: 0,123789,3,2,4,05,15,1,,0,1,0,0,0,0,0
"POINT (13.806540270999999 51.042300210000001)",Unfall 123793 (2016) Kat:2, Licht: 0,123793,2,1,0,05,20,3,,0,1,0,0,0,0,0
"POINT (13.681291348000000 51.047338754999998)",Unfall 123794 (2016) Kat:3, Licht: 0,123794,3,5,1,05,10,6,,0,1,1,0,0,0,0
"POINT (13.726726501000000 51.082928744000000)",Unfall 123795 (2016) Kat:3, Licht: 1,123795,3,3,5,05,20,6,,1,0,1,0,1,0,0
"POINT (13.860929853000000 51.009146264000002)",Unfall 123796 (2016) Kat:3, Licht: 0,123796,3,4,6,05,12,1,,0,1,0,1,0,0,0
"POINT (13.834922818000001 51.020936304999999)",Unfall 123800 (2016) Kat:3, Licht: 0,123800,3,5,1,05,11,5,,0,0,1,0,0,0,0
"POINT (13.777588472000000 51.056501703000002)",Unfall 123802 (2016) Kat:3, Licht: 0,123802,3,2,5,05,08,3,,0,1,0,0,0,0,1
"POINT (13.687744071999999 51.057470033999998)",Unfall 123809 (2016) Kat:2, Licht: 0,123809,2,4,6,05,14,3,,0,0,1,1,0,0,0
"POINT (13.806554128000000 51.037372513999998)",Unfall 123813 (2016) Kat:3, Licht: 0,123813,3,2,5,05,16,3,,0,0,1,0,1,0,0
"POINT (13.726821749000001 51.033279815999997)",Unfall 123823 (2016) Kat:3, Licht: 0,123823,3,3,0,05,09,5,,0,0,1,0,1,0,0
"POINT (13.765952101000000 51.056305940000001)",Unfall 123836 (2016) Kat:3, Licht: 0,123836,3,7,0,05,12,5,,0,1,0,0,0,1,0
"POINT (13.688323820999999 51.046926904000003)",Unfall 123844 (2016) Kat:3, Licht: 0,123844,3,3,5,05,08,5,,0,1,1,0,0,0,0
"POINT (13.778935455999999 51.031581338999999)",Unfall 123850 (2016) Kat:2, Licht: 2,123850,2,3,5,05,20,6,,2,0,1,0,0,0,0
"POINT (13.702011148000000 51.074511379999997)",Unfall 123853 (2016) Kat:3, Licht: 0,123853,3,5,1,05,16,3,,0,1,1,0,0,0,0
"POINT (13.695338118000000 51.077907883999998)",Unfall 123862 (2016) Kat:2, Licht: 0,123862,2,3,5,05,15,6,,0,0,1,0,0,0,0
"POINT (13.701710817000000 51.038365327000001)",Unfall 123866 (2016) Kat:3, Licht: 0,123866,3,6,2,05,09,6,,0,0,1,0,0,0,0
"POINT (13.752253820000000 51.052681698999997)",Unfall 123872 (2016) Kat:3, Licht: 0,123872,3,7,1,05,15,7,,0,1,1,0,0,0,0
"POINT (13.781460663000001 51.043894563000002)",Unfall 123883 (2016) Kat:3, Licht: 0,123883,3,6,2,05,10,7,,0,0,1,0,0,0,0
"POINT (13.753093346000000 51.041731597999998)",Unfall 123891 (2016) Kat:3, Licht: 0,123891,3,1,0,05,15,7,,0,1,0,0,0,0,0
"POINT (13.753852243000001 51.066358571000002)",Unfall 123895 (2016) Kat:3, Licht: 2,123895,3,3,5,05,00,5,,2,0,1,0,0,0,0
"POINT (13.817219627000000 51.029858013000002)",Unfall 123903 (2016) Kat:3, Licht: 0,123903,3,3,5,05,13,7,,0,0,1,0,0,0,0
"POINT (13.684215449000000 51.040964330999998)",Unfall 123912 (2016) Kat:3, Licht: 0,123912,3,5,3,05,06,6,,0,1,1,0,0,0,0
"POINT (13.803712400000000 51.051100009999999)",Unfall 123913 (2016) Kat:3, Licht: 0,123913,3,3,5,05,08,3,,0,0,1,0,0,0,1
"POINT (13.715512970000001 51.080610034999999)",Unfall 123915 (2016) Kat:2, Licht: 0,123915,2,4,6,05,16,3,,0,0,1,1,0,0,0
"POINT (13.707377800000000 51.078832380000001)",Unfall 123916 (2016) Kat:3, Licht: 0,123916,3,6,3,05,12,1,,0,1,0,0,0,0,1
"POINT (13.700430398000000 51.082276125000000)",Unfall 123920 (2016) Kat:3, Licht: 0,123920,3,6,2,05,12,6,,0,0,1,0,0,0,0
"POINT (13.753514665999999 51.034360096999997)",Unfall 123922 (2016) Kat:2, Licht: 0,123922,2,2,5,05,16,3,,0,1,1,0,0,0,0
"POINT (13.797289877000001 51.058370488999998)",Unfall 123925 (2016) Kat:3, Licht: 0,123925,3,5,6,05,06,5,,0,0,1,1,0,0,0
"POINT (13.737082132999999 51.037734813999997)",Unfall 123926 (2016) Kat:3, Licht: 0,123926,3,3,5,05,10,1,,0,0,1,0,0,0,0
"POINT (13.783076760000000 51.043450661999998)",Unfall 123927 (2016) Kat:3, Licht: 0,123927,3,3,5,05,15,4,,0,1,1,0,0,0,0
"POINT (13.777082114000001 51.060080302000003)",Unfall 123929 (2016) Kat:3, Licht: 0,123929,3,2,5,05,17,1,,0,1,1,0,0,0,0
"POINT (13.746542081999999 51.038329501000000)",Unfall 123931 (2016) Kat:3, Licht: 0,123931,3,2,5,05,17,4,,0,1,1,0,0,0,0
"POINT (13.671373768000000 51.065883591999999)",Unfall 123932 (2016) Kat:3, Licht: 0,123932,3,5,3,05,08,6,,0,1,1,0,0,0,0
"POINT (13.776307715000000 51.055995500000002)",Unfall 123937 (2016) Kat:3, Licht: 0,123937,3,3,0,05,15,4,,0,1,1,0,0,0,0
"POINT (13.802175681000000 51.000965849000004)",Unfall 123939 (2016) Kat:2, Licht: 0,123939,2,4,6,05,17,5,,0,0,1,1,0,0,0
"POINT (13.762337289000000 51.037505459999998)",Unfall 123941 (2016) Kat:3, Licht: 0,123941,3,6,6,05,15,4,,0,1,0,1,0,0,0
"POINT (13.781413797000001 51.127892502000002)",Unfall 123942 (2016) Kat:2, Licht: 0,123942,2,3,5,05,14,6,,0,1,1,0,0,0,0
"POINT (13.746797146000000 51.038459705000001)",Unfall 123944 (2016) Kat:3, Licht: 0,123944,3,6,3,05,16,6,,0,0,1,0,1,0,0
"POINT (13.833879265000000 51.028455575000002)",Unfall 123945 (2016) Kat:3, Licht: 2,123945,3,3,0,05,22,2,,2,1,0,0,0,0,1
"POINT (13.814524551000000 51.034549216999999)",Unfall 123952 (2016) Kat:3, Licht: 0,123952,3,5,3,05,14,6,,0,0,1,0,1,0,0
"POINT (13.771406841999999 51.060337805000003)",Unfall 123957 (2016) Kat:3, Licht: 0,123957,3,6,2,05,19,7,,0,0,1,0,0,0,0
"POINT (13.738071540000000 51.086713244999999)",Unfall 123962 (2016) Kat:2, Licht: 0,123962,2,3,5,05,12,7,,0,1,1,0,0,0,0
"POINT (13.698609457000000 51.074190854999998)",Unfall 123963 (2016) Kat:2, Licht: 0,123963,2,3,5,05,08,2,,0,1,1,0,0,0,0
"POINT (13.740156578000001 51.130617784999998)",Unfall 123965 (2016) Kat:2, Licht: 0,123965,2,1,8,05,19,2,,0,0,1,0,0,0,0
"POINT (13.826117484999999 51.060093309999999)",Unfall 123967 (2016) Kat:3, Licht: 0,123967,3,1,0,05,15,3,,0,1,0,0,0,0,0
"POINT (13.848563175000001 51.004581330999997)",Unfall 123970 (2016) Kat:3, Licht: 1,123970,3,5,3,05,19,7,,1,1,1,0,0,0,0
"POINT (13.840978843000000 51.001986082999998)",Unfall 123973 (2016) Kat:3, Licht: 0,123973,3,6,2,05,10,2,,0,0,0,0,0,1,1
"POINT (13.765803805999999 51.065750753000003)",Unfall 123974 (2016) Kat:2, Licht: 0,123974,2,3,5,05,17,6,,0,0,1,0,1,0,0
"POINT (13.778067587000001 51.041867748999998)",Unfall 123977 (2016) Kat:3, Licht: 0,123977,3,5,0,05,08,2,,0,1,1,0,0,0,0
"POINT (13.772715142999999 51.057744481000000)",Unfall 123978 (2016) Kat:3, Licht: 0,123978,3,2,6,05,16,6,,0,0,1,1,0,0,0
"POINT (13.777151997000001 51.035760099000001)",Unfall 123980 (2016) Kat:3, Licht: 0,123980,3,3,5,05,06,6,,0,0,1,0,0,0,0
"POINT (13.747755439000001 51.028537454999999)",Unfall 123981 (2016) Kat:3, Licht: 0,123981,3,7,0,05,14,3,,0,1,0,0,0,0,0
"POINT (13.690656108000001 51.078397475999999)",Unfall 123987 (2016) Kat:3, Licht: 0,123987,3,2,1,05,10,6,,0,0,1,0,0,0,1
"POINT (13.850469034000000 50.997338771000003)",Unfall 123989 (2016) Kat:2, Licht: 0,123989,2,2,5,05,14,1,,0,1,0,0,0,0,0
"POINT (13.723288805999999 51.062901076000003)",Unfall 123990 (2016) Kat:2, Licht: 0,123990,2,2,0,05,19,2,,0,1,0,0,0,0,0
"POINT (13.818739008000000 51.013366675999997)",Unfall 123993 (2016) Kat:3, Licht: 0,123993,3,2,5,05,17,2,,0,1,1,0,0,0,0
"POINT (13.827756999000000 51.011477819000000)",Unfall 123997 (2016) Kat:3, Licht: 0,123997,3,5,1,05,17,2,,0,0,1,0,1,0,0
"POINT (13.755547070000000 51.046105484000002)",Unfall 124007 (2016) Kat:3, Licht: 0,124007,3,4,0,05,08,2,,0,0,0,1,0,0,1
"POINT (13.731166993000000 51.091079905000001)",Unfall 124015 (2016) Kat:3, Licht: 0,124015,3,7,0,05,14,6,,0,1,1,0,0,0,0
"POINT (13.775817322000000 51.121185713999999)",Unfall 124020 (2016) Kat:3, Licht: 0,124020,3,3,5,05,07,2,,0,1,1,0,0,0,0
"POINT (13.804608778000000 51.039919337000001)",Unfall 124028 (2016) Kat:3, Licht: 0,124028,3,3,5,05,10,3,,0,1,1,0,0,0,0
"POINT (13.737303791000000 51.024017041000000)",Unfall 124029 (2016) Kat:3, Licht: 0,124029,3,7,7,05,15,6,,0,1,0,0,0,0,0
"POINT (13.785355938000000 51.035975356000002)",Unfall 124030 (2016) Kat:3, Licht: 0,124030,3,3,5,05,07,3,,0,1,1,0,0,0,0
"POINT (13.812697158000001 51.019871408999997)",Unfall 124034 (2016) Kat:3, Licht: 0,124034,3,3,0,05,14,2,,0,1,1,0,0,0,0
"POINT (13.733337968000001 51.051022561000003)",Unfall 124037 (2016) Kat:3, Licht: 0,124037,3,2,5,05,06,3,,0,1,0,0,0,0,1
"POINT (13.768001890000001 51.022021019999997)",Unfall 124041 (2016) Kat:3, Licht: 0,124041,3,1,0,05,15,7,,0,0,0,0,1,0,0
"POINT (13.782475859000000 51.033029439000003)",Unfall 124044 (2016) Kat:3, Licht: 0,124044,3,6,2,05,17,7,,0,0,1,0,0,0,0
"POINT (13.775359162999999 51.032990288999997)",Unfall 124059 (2016) Kat:3, Licht: 0,124059,3,2,5,05,08,6,,0,1,0,0,0,0,1
"POINT (13.784286932000001 51.034881364999997)",Unfall 124060 (2016) Kat:3, Licht: 0,124060,3,6,2,05,16,2,,0,0,1,0,0,0,0
"POINT (13.751339859000000 51.060001188999998)",Unfall 124069 (2016) Kat:3, Licht: 0,124069,3,2,5,05,16,6,,0,1,1,0,0,0,0
"POINT (13.808307050000000 50.998207405000002)",Unfall 124078 (2016) Kat:3, Licht: 0,124078,3,3,5,05,16,3,,0,0,1,0,1,0,0
"POINT (13.795448822999999 51.042847832000000)",Unfall 124083 (2016) Kat:3, Licht: 2,124083,3,3,5,05,22,2,,2,0,1,0,0,0,0
"POINT (13.757848853000000 51.067044701999997)",Unfall 124085 (2016) Kat:3, Licht: 0,124085,3,7,0,05,11,3,,0,1,1,0,0,0,0
"POINT (13.773662849000001 51.048746194000003)",Unfall 124086 (2016) Kat:3, Licht: 0,124086,3,2,5,05,17,6,,0,1,1,0,0,0,0
"POINT (13.806740625000000 51.052099904000002)",Unfall 124099 (2016) Kat:3, Licht: 0,124099,3,3,5,05,06,6,,0,1,0,0,0,0,1
"POINT (13.735229709000000 51.072737175999997)",Unfall 124106 (2016) Kat:3, Licht: 0,124106,3,5,3,05,12,1,,0,1,1,0,0,0,0
"POINT (13.699924061000001 51.084898961000000)",Unfall 124107 (2016) Kat:3, Licht: 0,124107,3,3,5,05,17,2,,0,0,1,0,0,0,1
"POINT (13.828005841000000 50.998782474000002)",Unfall 124109 (2016) Kat:3, Licht: 0,124109,3,7,2,05,20,3,,0,0,1,0,1,0,0
"POINT (13.807686302000000 51.026423090000002)",Unfall 124118 (2016) Kat:2, Licht: 1,124118,2,7,5,05,19,5,,1,1,1,0,0,0,0
"POINT (13.804140059000000 51.053428838000002)",Unfall 124120 (2016) Kat:3, Licht: 0,124120,3,3,5,05,17,2,,0,1,1,0,0,0,0
"POINT (13.781415537000001 51.034026498000003)",Unfall 124127 (2016) Kat:3, Licht: 0,124127,3,3,5,05,15,5,,0,0,1,0,0,0,0
"POINT (13.802539947000000 51.039489895000003)",Unfall 124128 (2016) Kat:2, Licht: 0,124128,2,7,3,05,16,3,,0,0,1,0,1,0,0