WKT,Name,OBJECTID,UKATEGORIE,UTYP1,UART,UMONAT,USTUNDE,UWOCHENTAG,STRZUSTAND,ULICHTVERH,ISTRAD,ISTPKW,ISTFUSS,ISTKRAD,ISTGKFZ,ISTSONSTIG
"POINT (13.680564065000000 51.052493761999997)",Unfall 124129 (2016) Kat:3, Licht: 0,124129,3,2,0,05,11,6,,0,1,0,0,1,0,0
"POINT (13.648583403000000 51.090790804999997)",Unfall 124130 (2016) Kat:2, Licht: 0,124130,2,3,5,05,19,5,,0,1,1,0,0,0,0
"POINT (13.798360604000001 51.012503201999998)",Unfall 124141 (2016) Kat:3, Licht: 0,124141,3,6,2,05,17,3,,0,0,1,0,0,0,0
"POINT (13.775632901000000 51.058369573000000)",Unfall 124145 (2016) Kat:3, Licht: 0,124145,3,7,0,05,19,2,,0,0,1,0,1,0,0
"POINT (13.747011806000000 51.071747842999997)",Unfall 124150 (2016) Kat:3, Licht: 0,124150,3,7,0,05,15,3,,0,1,1,0,0,0,0
"POINT (13.733471966000000 51.051684270000003)",Unfall 124154 (2016) Kat:3, Licht: 0,124154,3,2,5,05,16,3,,0,0,1,0,0,0,1
"POINT (13.798776191000000 51.025595701000000)",Unfall 124156 (2016) Kat:3, Licht: 0,124156,3,6,6,05,17,1,,0,1,0,1,0,0,0
"POINT (13.741116905000000 51.057502915000001)",Unfall 124162 (2016) Kat:2, Licht: 2,124162,2,1,0,05,00,1,,2,1,0,0,0,0,0
"POINT (13.821522289000001 50.996628129000001)",Unfall 124163 (2016) Kat:3, Licht: 0,124163,3,1,0,05,14,2,,0,0,0,0,1,0,0
"POINT (13.674779718000000 51.090648188999999)",Unfall 124164 (2016) Kat:3, Licht: 0,124164,3,3,5,05,17,5,,0,1,1,0,0,0,0
"POINT (13.736989056000001 51.037700059999999)",Unfall 124173 (2016) Kat:2, Licht: 0,124173,2,2,5,05,14,5,,0,1,1,0,0,0,0
"POINT (13.793842738000000 51.043007936000002)",Unfall 124180 (2016) Kat:3, Licht: 0,124180,3,2,5,06,16,6,,0,1,1,0,0,0,0
"POINT (13.795127669999999 50.990397817999998)",Unfall 124182 (2016) Kat:3, Licht: 0,124182,3,4,6,06,06,3,,0,0,1,1,0,0,0
"POINT (13.721530462000000 51.041768351000002)",Unfall 124183 (2016) Kat:3, Licht: 0,124183,3,3,5,06,15,4,,0,1,1,0,0,0,0
"POINT (13.774957590000000 51.016794218000001)",Unfall 124198 (2016) Kat:3, Licht: 0,124198,3,7,0,06,06,4,,0,1,0,0,0,0,1
"POINT (13.801749431999999 51.038593288999998)",Unfall 124206 (2016) Kat:3, Licht: 0,124206,3,5,0,06,15,2,,0,1,1,0,0,0,0
"POINT (13.826376663000000 51.033389468999999)",Unfall 124237 (2016) Kat:2, Licht: 0,124237,2,4,6,06,11,3,,0,0,0,1,0,0,1
"POINT (13.771785453000000 51.040827778999997)",Unfall 124238 (2016) Kat:2, Licht: 0,124238,2,3,5,06,18,4,,0,0,1,0,1,0,0
"POINT (13.773662545000001 51.048745885000002)",Unfall 124243 (2016) Kat:3, Licht: 0,124243,3,3,5,06,11,4,,0,1,1,0,0,0,0
"POINT (13.681978135000000 51.086521746999999)",Unfall 124264 (2016) Kat:3, Licht: 0,124264,3,3,5,06,11,7,,0,1,1,0,0,0,0
"POINT (13.796122254000000 51.007447128000003)",Unfall 124266 (2016) Kat:3, Licht: 2,124266,3,6,3,06,22,7,,2,1,1,0,0,0,0
"POINT (13.765158087000000 51.121468774999997)",Unfall 124271 (2016) Kat:2, Licht: 0,124271,2,1,0,06,08,7,,0,1,0,0,0,0,0
"POINT (13.791362801000000 51.046772322999999)",Unfall 124273 (2016) Kat:3, Licht: 2,124273,3,3,5,06,22,7,,2,1,1,0,0,0,0
"POINT (13.701553470000000 51.039267914000000)",Unfall 124277 (2016) Kat:3, Licht: 0,124277,3,3,5,06,11,2,,0,0,1,0,0,0,0
"POINT (13.742022615000000 51.053508581000003)",Unfall 124284 (2016) Kat:3, Licht: 0,124284,3,7,6,06,18,7,,0,1,0,1,0,0,0
"POINT (13.737002334000000 51.037729313000000)",Unfall 124289 (2016) Kat:3, Licht: 0,124289,3,3,5,06,18,6,,0,1,1,0,0,0,0
"POINT (13.701465332000000 51.040084503999999)",Unfall 124294 (2016) Kat:3, Licht: 0,124294,3,6,2,06,09,5,,0,0,1,0,0,0,0
"POINT (13.721496689000000 51.054269019000003)",Unfall 124296 (2016) Kat:3, Licht: 0,124296,3,3,5,06,14,2,,0,1,1,0,0,0,0
"POINT (13.791507354000000 51.013311586999997)",Unfall 124298 (2016) Kat:3, Licht: 0,124298,3,6,0,06,12,5,,0,0,1,0,0,0,1
"POINT (13.799576763999999 51.041693879999997)",Unfall 124299 (2016) Kat:3, Licht: 0,124299,3,2,5,06,18,7,,0,1,1,0,0,0,0
"POINT (13.714447497000000 51.030841485000003)",Unfall 124302 (2016) Kat:3, Licht: 0,124302,3,7,2,06,13,2,,0,0,0,0,1,0,1
"POINT (13.799794213000000 51.041577507000000)",Unfall 124307 (2016) Kat:3, Licht: 0,124307,3,6,2,06,19,5,,0,1,0,0,1,0,0
"POINT (13.802706413999999 51.030164218000003)",Unfall 124317 (2016) Kat:3, Licht: 0,124317,3,6,2,06,17,2,,0,1,1,0,0,0,0
"POINT (13.796928760000000 51.050001170000002)",Unfall 124319 (2016) Kat:3, Licht: 2,124319,3,3,5,06,23,6,,2,1,1,0,0,0,0
"POINT (13.729109640000001 51.050959712000001)",Unfall 124323 (2016) Kat:3, Licht: 0,124323,3,2,5,06,15,2,,0,1,1,0,0,0,0
"POINT (13.790686174999999 51.029742218999999)",Unfall 124326 (2016) Kat:3, Licht: 0,124326,3,3,5,06,16,2,,0,1,1,0,0,0,0
"POINT (13.713238402000000 51.093105362999999)",Unfall 124327 (2016) Kat:3, Licht: 0,124327,3,3,5,06,15,3,,0,1,1,0,0,0,0
"POINT (13.771861392000000 51.046918800000000)",Unfall 124330 (2016) Kat:3, Licht: 0,124330,3,4,6,06,09,2,,0,1,0,1,0,0,0
"POINT (13.715148778000000 51.056394038999997)",Unfall 124331 (2016) Kat:3, Licht: 0,124331,3,4,6,06,16,3,,0,0,0,1,0,0,1
"POINT (13.724036671000000 51.030950707000002)",Unfall 124336 (2016) Kat:3, Licht: 0,124336,3,3,5,06,07,3,,0,0,1,0,1,0,0
"POINT (13.699641851000001 51.077088953999997)",Unfall 124338 (2016) Kat:3, Licht: 0,124338,3,3,5,06,16,5,,0,0,1,0,0,0,0
"POINT (13.730823532000000 51.058204900000000)",Unfall 124339 (2016) Kat:2, Licht: 2,124339,2,4,6,06,23,2,,2,0,0,1,1,0,0
"POINT (13.808215597000000 51.006079954000000)",Unfall 124340 (2016) Kat:3, Licht: 0,124340,3,3,5,06,17,3,,0,0,1,0,0,0,0
"POINT (13.839690614000000 51.000341167000002)",Unfall 124348 (2016) Kat:3, Licht: 0,124348,3,3,5,06,06,3,,0,1,1,0,0,0,0
"POINT (13.770087295000000 51.109073541000001)",Unfall 124351 (2016) Kat:3, Licht: 0,124351,3,3,5,06,17,5,,0,1,1,0,0,0,0
"POINT (13.743238656999999 51.110761801999999)",Unfall 124355 (2016) Kat:2, Licht: 0,124355,2,1,0,06,07,3,,0,1,0,0,0,0,0
"POINT (13.750754768000000 51.063240966000002)",Unfall 124358 (2016) Kat:3, Licht: 0,124358,3,6,4,06,10,3,,0,1,1,0,0,0,0
"POINT (13.749921422000000 51.074964420999997)",Unfall 124364 (2016) Kat:3, Licht: 0,124364,3,2,6,06,11,3,,0,0,1,1,0,0,0
"POINT (13.822778303000000 51.004834903999999)",Unfall 124367 (2016) Kat:3, Licht: 0,124367,3,3,5,06,11,4,,0,0,1,0,0,0,0
"POINT (13.779836993000000 51.044301157000000)",Unfall 124373 (2016) Kat:3, Licht: 0,124373,3,3,5,06,15,4,,0,0,1,0,0,0,0
"POINT (13.786507041000000 51.060198395999997)",Unfall 124374 (2016) Kat:3, Licht: 0,124374,3,2,2,06,06,3,,0,0,1,0,1,0,0
"POINT (13.753323100999999 51.050365808000002)",Unfall 124376 (2016) Kat:3, Licht: 0,124376,3,2,4,06,08,4,,0,1,1,0,0,0,0
"POINT (13.805650590999999 51.052379258000002)",Unfall 124378 (2016) Kat:3, Licht: 1,124378,3,7,0,06,20,2,,1,0,0,0,1,0,1
"POINT (13.798141097000000 51.023838173999998)",Unfall 124386 (2016) Kat:3, Licht: 0,124386,3,2,3,06,08,5,,0,1,0,0,0,1,0
"POINT (13.786292511999999 51.028555376000000)",Unfall 124388 (2016) Kat:3, Licht: 0,124388,3,2,5,06,15,3,,0,1,0,0,0,0,1
"POINT (13.787176609999999 51.060118172999999)",Unfall 124393 (2016) Kat:3, Licht: 0,124393,3,6,2,06,07,3,,0,0,1,0,1,0,0
"POINT (13.784155524999999 51.034752124000001)",Unfall 124395 (2016) Kat:3, Licht: 0,124395,3,7,6,06,15,5,,0,1,0,1,0,0,0
"POINT (13.754736269000000 51.045950009999999)",Unfall 124397 (2016) Kat:3, Licht: 0,124397,3,3,5,06,13,3,,0,1,0,0,1,0,0
"POINT (13.608430087000000 51.063622717000001)",Unfall 124401 (2016) Kat:1, Licht: 0,124401,1,6,2,06,09,3,,0,0,0,0,0,1,0
"POINT (13.713729463000000 51.052113910999999)",Unfall 124407 (2016) Kat:3, Licht: 0,124407,3,2,0,06,15,3,,0,0,1,0,1,0,0
"POINT (13.808178302000000 51.006110350999997)",Unfall 124429 (2016) Kat:3, Licht: 0,124429,3,2,5,06,10,6,,0,1,1,0,0,0,0
"POINT (13.755296203000000 51.017549002000003)",Unfall 124441 (2016) Kat:3, Licht: 0,124441,3,3,5,06,17,6,,0,1,1,0,0,0,0
"POINT (13.799463499000000 51.041692109000003)",Unfall 124443 (2016) Kat:3, Licht: 2,124443,3,3,0,06,22,6,,2,0,1,0,1,0,0
"POINT (13.716068684000000 51.014671501999999)",Unfall 124445 (2016) Kat:2, Licht: 2,124445,2,1,0,06,00,1,,2,1,0,0,0,0,0
"POINT (13.703771267000000 51.084976826000002)",Unfall 124447 (2016) Kat:2, Licht: 0,124447,2,3,0,06,12,4,,0,1,1,0,0,0,0
"POINT (13.740635556000001 51.073539101000001)",Unfall 124450 (2016) Kat:3, Licht: 0,124450,3,4,6,06,19,6,,0,0,1,1,0,0,0
"POINT (13.775234856999999 51.038371953999999)",Unfall 124452 (2016) Kat:2, Licht: 0,124452,2,3,5,06,07,2,,0,0,1,0,1,0,0
"POINT (13.807896958000001 51.048171320999998)",Unfall 124453 (2016) Kat:3, Licht: 0,124453,3,6,2,06,14,6,,0,0,0,0,1,0,0
"POINT (13.786514114999999 51.060197547999998)",Unfall 124456 (2016) Kat:3, Licht: 0,124456,3,7,2,06,18,1,,0,0,1,0,0,0,0
"POINT (13.698569869000000 51.074346761999998)",Unfall 124457 (2016) Kat:2, Licht: 0,124457,2,3,5,06,12,1,,0,0,0,0,1,0,1
"POINT (13.716254803000000 51.055063185000002)",Unfall 124458 (2016) Kat:3, Licht: 0,124458,3,3,5,06,15,4,,0,0,1,0,0,0,0
"POINT (13.809079563999999 51.047228287000003)",Unfall 124463 (2016) Kat:3, Licht: 0,124463,3,7,0,06,20,5,,0,1,1,0,0,0,0
"POINT (13.703096168000000 51.051209178000001)",Unfall 124468 (2016) Kat:3, Licht: 0,124468,3,6,2,06,08,4,,0,0,1,0,0,0,0
"POINT (13.802633594000000 51.054566139999999)",Unfall 124469 (2016) Kat:3, Licht: 0,124469,3,6,2,06,18,2,,0,0,1,0,0,0,0
"POINT (13.807379657000000 51.051996836000001)",Unfall 124473 (2016) Kat:3, Licht: 0,124473,3,7,0,06,12,6,,0,0,1,1,0,0,0
"POINT (13.746563084000000 51.038446708000002)",Unfall 124475 (2016) Kat:3, Licht: 0,124475,3,3,5,06,14,5,,0,1,1,0,0,0,0
"POINT (13.737542460000000 51.054035081999999)",Unfall 124479 (2016) Kat:3, Licht: 0,124479,3,3,5,06,10,4,,0,1,1,0,0,0,0
"POINT (13.789058339000000 51.044343240000003)",Unfall 124481 (2016) Kat:3, Licht: 0,124481,3,5,3,06,07,4,,0,1,1,0,0,0,0
"POINT (13.828612526000001 51.010884461000003)",Unfall 124485 (2016) Kat:3, Licht: 0,124485,3,2,5,06,08,4,,0,1,1,0,0,0,0
"POINT (13.775267692000000 51.038404634000003)",Unfall 124487 (2016) Kat:3, Licht: 0,124487,3,3,5,06,07,5,,0,1,1,0,0,0,0
"POINT (13.800375704000000 51.027334598000003)",Unfall 124490 (2016) Kat:3, Licht: 0,124490,3,1,4,06,10,6,,0,0,1,0,0,0,1
"POINT (13.796412717000001 51.022592844000002)",Unfall 124491 (2016) Kat:2, Licht: 0,124491,2,7,2,06,13,5,,0,0,0,0,0,0,1
"POINT (13.700860789000000 51.088116831000001)",Unfall 124504 (2016) Kat:3, Licht: 0,124504,3,2,2,06,09,4,,0,0,1,0,0,0,0
"POINT (13.760738760000001 51.030537398000000)",Unfall 124513 (2016) Kat:3, Licht: 0,124513,3,1,8,06,10,4,,0,0,1,0,0,0,0
"POINT (13.782935260000000 51.029835960000000)",Unfall 124514 (2016) Kat:3, Licht: 0,124514,3,6,3,06,15,2,,0,0,1,0,0,1,0
"POINT (13.678876335000000 51.042277443000003)",Unfall 124526 (2016) Kat:2, Licht: 0,124526,2,2,5,06,15,2,,0,0,1,0,0,0,1
"POINT (13.807538330000000 51.035088934999997)",Unfall 124529 (2016) Kat:3, Licht: 0,124529,3,6,6,06,19,7,,0,1,0,1,0,0,0
"POINT (13.758363663000001 51.027668228000003)",Unfall 124550 (2016) Kat:3, Licht: 0,124550,3,5,3,06,09,4,,0,1,1,0,0,0,0
"POINT (13.807981817000000 51.051159245999997)",Unfall 124562 (2016) Kat:3, Licht: 0,124562,3,7,3,06,10,4,,0,0,1,0,0,0,0
"POINT (13.792354934000000 51.020934889000003)",Unfall 124563 (2016) Kat:3, Licht: 2,124563,3,1,4,06,23,7,,2,0,1,0,0,0,0
"POINT (13.854499934000000 50.997237667999997)",Unfall 124571 (2016) Kat:3, Licht: 0,124571,3,6,0,06,10,5,,0,0,1,0,0,0,1
"POINT (13.785045008999999 51.049570645000003)",Unfall 124575 (2016) Kat:3, Licht: 0,124575,3,5,1,06,16,4,,0,1,1,0,0,0,0
"POINT (13.708114904000000 51.095879205000003)",Unfall 124583 (2016) Kat:3, Licht: 0,124583,3,5,3,06,07,5,,0,1,1,0,0,0,0
"POINT (13.697102676000000 51.079298973000000)",Unfall 124591 (2016) Kat:3, Licht: 0,124591,3,3,5,06,09,5,,0,0,1,0,0,0,0
"POINT (13.722624722999999 51.056232190999999)",Unfall 124592 (2016) Kat:3, Licht: 0,124592,3,6,1,06,07,4,,0,0,1,0,0,1,0
"POINT (13.743586731000001 51.035605427000000)",Unfall 124593 (2016) Kat:3, Licht: 0,124593,3,3,5,06,15,2,,0,1,1,0,0,0,0
"POINT (13.787670905000001 51.035379194999997)",Unfall 124600 (2016) Kat:3, Licht: 0,124600,3,4,6,06,16,5,,0,0,1,1,0,0,0
"POINT (13.740615075999999 51.056779132999999)",Unfall 124607 (2016) Kat:2, Licht: 0,124607,2,1,0,06,19,2,,0,1,0,0,0,0,0
"POINT (13.728071757000000 51.076505378999997)",Unfall 124626 (2016) Kat:3, Licht: 0,124626,3,7,1,06,10,6,,0,1,1,0,0,0,0
"POINT (13.750510711000000 51.077394747000000)",Unfall 124631 (2016) Kat:3, Licht: 1,124631,3,6,2,06,08,6,,1,0,1,0,0,0,0
"POINT (13.715128428000000 51.077510521999997)",Unfall 124633 (2016) Kat:3, Licht: 1,124633,3,6,3,06,21,5,,1,1,0,0,0,0,0
"POINT (13.777832891999999 51.053937908000002)",Unfall 124635 (2016) Kat:3, Licht: 0,124635,3,3,5,06,09,6,,0,0,1,0,0,0,1
"POINT (13.720992321000001 51.084557115000003)",Unfall 124639 (2016) Kat:3, Licht: 0,124639,3,3,5,06,17,2,,0,1,1,0,0,0,0
"POINT (13.751940153000000 51.063401355000003)",Unfall 124641 (2016) Kat:2, Licht: 2,124641,2,1,1,06,00,7,,2,1,1,0,0,0,0
"POINT (13.741435881999999 51.053544002000002)",Unfall 124643 (2016) Kat:3, Licht: 0,124643,3,6,2,06,19,6,,0,0,1,0,0,0,0
"POINT (13.684129197000001 51.042436221999999)",Unfall 124646 (2016) Kat:3, Licht: 0,124646,3,6,0,06,15,5,,0,0,1,0,0,0,1
"POINT (13.704561921000000 51.023822295999999)",Unfall 124648 (2016) Kat:3, Licht: 2,124648,3,1,8,06,02,2,,2,0,0,0,1,0,0
"POINT (13.733337968000001 51.051022561000003)",Unfall 124651 (2016) Kat:3, Licht: 0,124651,3,2,5,06,16,2,,0,1,0,0,1,0,0
"POINT (13.841245977000000 51.002069186999996)",Unfall 124677 (2016) Kat:3, Licht: 0,124677,3,4,6,06,08,3,,0,0,1,1,0,0,0
"POINT (13.792110548000000 51.052576213000002)",Unfall 124679 (2016) Kat:3, Licht: 0,124679,3,6,2,06,08,3,,0,1,0,0,0,0,1
"POINT (13.733337968000001 51.051022561000003)",Unfall 124681 (2016) Kat:3, Licht: 0,124681,3,2,5,06,14,3,,0,1,0,0,0,0,1
"POINT (13.686727724000001 51.056055303999997)",Unfall 124684 (2016) Kat:3, Licht: 0,124684,3,3,5,06,07,5,,0,0,1,0,0,0,0
"POINT (13.743149201000000 51.072864830999997)",Unfall 124689 (2016) Kat:3, Licht: 0,124689,3,6,4,06,09,7,,0,1,0,0,0,0,0
"POINT (13.726017874000000 51.057009811999997)",Unfall 124690 (2016) Kat:3, Licht: 0,124690,3,1,2,06,18,3,,0,0,1,0,1,0,0
"POINT (13.719211119000001 51.036880513000000)",Unfall 124693 (2016) Kat:3, Licht: 0,124693,3,7,0,06,20,5,,0,1,1,0,0,0,0
"POINT (13.685397093000001 51.050691211999997)",Unfall 124697 (2016) Kat:3, Licht: 0,124697,3,7,0,06,07,4,,0,0,1,0,0,0,0
"POINT (13.719660314000000 51.030814313999997)",Unfall 124698 (2016) Kat:2, Licht: 0,124698,2,3,5,06,13,5,,0,1,1,0,0,0,0
"POINT (13.771034597000000 51.046085732000002)",Unfall 124705 (2016) Kat:2, Licht: 1,124705,2,1,0,06,05,3,,1,1,0,0,0,0,0
"POINT (13.715288338000001 51.036507419000003)",Unfall 124708 (2016) Kat:3, Licht: 0,124708,3,7,0,06,18,4,,0,1,1,0,0,0,0
"POINT (13.798141598999999 51.023837974999999)",Unfall 124709 (2016) Kat:3, Licht: 0,124709,3,2,4,06,19,5,,0,1,1,0,0,0,0
"POINT (13.799678501000001 51.041617688000002)",Unfall 124714 (2016) Kat:2, Licht: 0,124714,2,6,3,06,19,2,,0,0,1,0,0,0,0
"POINT (13.767730606000001 51.026089638000002)",Unfall 124719 (2016) Kat:3, Licht: 0,124719,3,3,5,06,05,2,,0,1,1,0,0,0,0
"POINT (13.842003437000001 51.019157816000003)",Unfall 124720 (2016) Kat:3, Licht: 0,124720,3,3,5,06,10,6,,0,1,1,0,0,0,0
"POINT (13.712898348000000 51.028573203000001)",Unfall 124725 (2016) Kat:3, Licht: 0,124725,3,5,1,06,15,4,,0,1,0,0,0,0,1
"POINT (13.775169760000001 51.038398014000002)",Unfall 124731 (2016) Kat:2, Licht: 0,124731,2,2,6,06,15,6,,0,0,1,1,0,0,0
"POINT (13.798775251000000 51.056822978000000)",Unfall 124732 (2016) Kat:3, Licht: 0,124732,3,7,0,06,13,4,,0,1,0,0,0,0,1
"POINT (13.808865451999999 51.005499929999999)",Unfall 124740 (2016) Kat:3, Licht: 0,124740,3,7,0,06,13,4,,0,1,0,0,0,0,0
"POINT (13.805987710000000 51.052187009999997)",Unfall 124744 (2016) Kat:2, Licht: 0,124744,2,1,0,06,07,1,,0,1,0,0,0,0,0
"POINT (13.746752859000001 51.062458509999999)",Unfall 124746 (2016) Kat:3, Licht: 0,124746,3,6,3,06,13,5,,0,1,1,0,0,0,0
"POINT (13.788797187000000 51.035979771000001)",Unfall 124751 (2016) Kat:3, Licht: 0,124751,3,1,1,06,17,7,,0,0,1,0,0,0,0
"POINT (13.753326897999999 51.050374660999999)",Unfall 124756 (2016) Kat:3, Licht: 0,124756,3,2,5,06,08,4,,0,1,1,0,0,0,0
"POINT (13.737172310000000 51.050551456999997)",Unfall 124757 (2016) Kat:3, Licht: 0,124757,3,3,5,06,19,5,,0,1,0,0,0,0,0
"POINT (13.707160504000001 51.041737718999997)",Unfall 124762 (2016) Kat:3, Licht: 0,124762,3,2,5,06,18,2,,0,1,1,0,0,0,0
"POINT (13.766450401000000 51.041459318000001)",Unfall 124769 (2016) Kat:3, Licht: 0,124769,3,1,9,06,20,5,,0,1,0,0,0,0,0
"POINT (13.806570120000000 51.037337542000003)",Unfall 124774 (2016) Kat:2, Licht: 0,124774,2,3,5,07,14,5,,0,0,1,0,0,0,0
"POINT (13.696167086999999 51.037876871000002)",Unfall 124775 (2016) Kat:3, Licht: 0,124775,3,3,5,07,07,6,,0,1,1,0,0,0,0
"POINT (13.750465423000000 51.073654157000000)",Unfall 124784 (2016) Kat:3, Licht: 0,124784,3,1,0,07,08,4,,0,1,0,0,0,0,0
"POINT (13.808726800000001 51.037973725000001)",Unfall 124789 (2016) Kat:3, Licht: 0,124789,3,6,2,07,08,6,,0,0,1,0,0,0,0
"POINT (13.823426591000000 51.033942948000004)",Unfall 124790 (2016) Kat:3, Licht: 0,124790,3,3,5,07,08,5,,0,0,1,0,0,0,0
"POINT (13.793711228999999 51.043021005999996)",Unfall 124793 (2016) Kat:3, Licht: 0,124793,3,3,5,07,14,4,,0,1,1,0,0,0,0
"POINT (13.801725328000000 51.046155364000001)",Unfall 124794 (2016) Kat:3, Licht: 0,124794,3,7,0,07,16,4,,0,0,1,0,1,0,0
"POINT (13.792574238000000 51.039627046000000)",Unfall 124798 (2016) Kat:3, Licht: 0,124798,3,2,5,07,19,6,,0,0,1,0,1,0,0
"POINT (13.783845312000000 51.123893840999997)",Unfall 124800 (2016) Kat:3, Licht: 0,124800,3,3,5,07,16,6,,0,1,1,0,0,0,0
"POINT (13.786721974000001 51.046281602999997)",Unfall 124801 (2016) Kat:3, Licht: 0,124801,3,6,3,07,08,2,,0,1,0,0,0,0,0
"POINT (13.730940785000000 51.081377783999997)",Unfall 124803 (2016) Kat:3, Licht: 0,124803,3,3,5,07,19,6,,0,1,1,0,0,0,0
"POINT (13.707430114999999 51.042445280000003)",Unfall 124807 (2016) Kat:3, Licht: 0,124807,3,2,5,07,19,4,,0,1,1,0,0,0,0
"POINT (13.773584476000000 51.048729649999999)",Unfall 124808 (2016) Kat:3, Licht: 0,124808,3,3,5,07,09,6,,0,1,1,0,0,0,0
"POINT (13.699392903000000 51.031907210000000)",Unfall 124809 (2016) Kat:2, Licht: 0,124809,2,1,0,07,19,2,,0,1,0,0,0,0,0
"POINT (13.748470230000001 51.053533823999999)",Unfall 124812 (2016) Kat:2, Licht: 1,124812,2,3,5,07,21,2,,1,1,1,0,0,0,0
"POINT (13.719286082000000 51.054000311000003)",Unfall 124815 (2016) Kat:3, Licht: 0,124815,3,1,0,06,13,3,,0,0,0,0,1,0,0
"POINT (13.700340542999999 51.012561878000000)",Unfall 124821 (2016) Kat:3, Licht: 0,124821,3,1,0,07,16,2,,0,0,0,0,1,0,0
"POINT (13.701619812000001 51.039271945000003)",Unfall 124831 (2016) Kat:3, Licht: 2,124831,3,3,5,07,21,6,,2,0,1,0,0,0,0
"POINT (13.723027073000001 51.049862875000002)",Unfall 124836 (2016) Kat:3, Licht: 0,124836,3,7,0,07,15,6,,0,0,1,0,0,0,1
"POINT (13.835668676999999 51.027037260000000)",Unfall 124837 (2016) Kat:3, Licht: 0,124837,3,2,2,07,06,2,,0,1,0,0,0,0,1
"POINT (13.749095301000001 51.052126096000002)",Unfall 124843 (2016) Kat:3, Licht: 0,124843,3,7,3,07,08,2,,0,1,1,0,0,0,0
"POINT (13.715366184000001 51.096770950000000)",Unfall 124850 (2016) Kat:3, Licht: 0,124850,3,5,1,06,15,3,,0,1,1,0,0,0,0
"POINT (13.797685538000000 51.042323994000000)",Unfall 124858 (2016) Kat:3, Licht: 0,124858,3,3,5,07,08,6,,0,1,1,0,0,0,0
"POINT (13.786930470000000 51.015790168999999)",Unfall 124863 (2016) Kat:3, Licht: 0,124863,3,2,4,06,12,3,,0,0,1,0,0,0,0
"POINT (13.719193435999999 51.034900213000000)",Unfall 124876 (2016) Kat:3, Licht: 0,124876,3,3,5,06,08,3,,0,1,1,0,0,0,0
"POINT (13.742027413000001 51.024792312000002)",Unfall 124888 (2016) Kat:3, Licht: 0,124888,3,1,9,07,19,1,,0,0,0,0,1,0,0
"POINT (13.831311226000000 50.999605264000003)",Unfall 124891 (2016) Kat:3, Licht: 0,124891,3,6,2,06,18,3,,0,0,1,0,0,0,0
"POINT (13.680423122000001 51.040533191999998)",Unfall 124904 (2016) Kat:3, Licht: 0,124904,3,2,2,07,14,6,,0,0,1,0,0,0,0
"POINT (13.703968737000000 51.028022602999997)",Unfall 124926 (2016) Kat:3, Licht: 0,124926,3,1,0,06,19,4,,0,1,0,0,0,0,0
"POINT (13.819936948000000 51.006547204999997)",Unfall 124927 (2016) Kat:3, Licht: 0,124927,3,2,3,06,16,3,,0,1,1,0,0,0,0
"POINT (13.677487696000000 51.058933842999998)",Unfall 124929 (2016) Kat:3, Licht: 0,124929,3,7,6,07,10,5,,0,0,0,1,0,0,1
"POINT (13.791389487000000 51.050713598999998)",Unfall 124934 (2016) Kat:3, Licht: 0,124934,3,3,5,07,15,5,,0,0,1,0,0,0,0
"POINT (13.806794154000000 51.052108216000001)",Unfall 124936 (2016) Kat:3, Licht: 0,124936,3,3,5,06,13,4,,0,1,0,0,1,0,0
"POINT (13.780236068000001 51.030905398000002)",Unfall 124937 (2016) Kat:3, Licht: 0,124937,3,4,6,06,18,3,,0,1,0,1,0,0,0
"POINT (13.757693605000000 51.056608672000003)",Unfall 124940 (2016) Kat:3, Licht: 0,124940,3,6,3,07,20,5,,0,1,1,0,0,0,0
"POINT (13.780329705000000 51.030868890999997)",Unfall 124947 (2016) Kat:3, Licht: 0,124947,3,3,5,06,17,3,,0,1,1,0,0,0,0
"POINT (13.757624843000000 51.046875301000000)",Unfall 124951 (2016) Kat:3, Licht: 2,124951,3,1,0,07,23,5,,2,1,0,0,0,0,0
"POINT (13.715197952000000 51.093938858000001)",Unfall 124956 (2016) Kat:3, Licht: 0,124956,3,3,5,06,17,5,,0,0,1,0,0,0,1
"POINT (13.691556877000000 51.051379693000001)",Unfall 124957 (2016) Kat:2, Licht: 2,124957,2,1,0,07,00,7,,2,1,0,0,0,0,0
"POINT (13.797314232000000 51.024180416999997)",Unfall 124958 (2016) Kat:2, Licht: 2,124958,2,3,5,07,22,5,,2,0,0,0,1,0,1
"POINT (13.640845497999999 51.039406214000003)",Unfall 124962 (2016) Kat:2, Licht: 0,124962,2,1,0,06,18,5,,0,1,0,0,0,0,0
"POINT (13.793761214000000 51.016329614000000)",Unfall 124963 (2016) Kat:3, Licht: 0,124963,3,3,5,07,17,7,,0,0,1,0,0,0,0
"POINT (13.739598138000000 51.036908668999999)",Unfall 124966 (2016) Kat:3, Licht: 0,124966,3,4,6,07,10,5,,0,0,1,1,0,0,0
"POINT (13.777390548000000 51.017023571000003)",Unfall 124976 (2016) Kat:3, Licht: 0,124976,3,3,5,07,17,3,,0,0,1,0,1,0,0