WKT,Name,OBJECTID,UKATEGORIE,UTYP1,UART,UMONAT,USTUNDE,UWOCHENTAG,STRZUSTAND,ULICHTVERH,ISTRAD,ISTPKW,ISTFUSS,ISTKRAD,ISTGKFZ,ISTSONSTIG
"POINT (13.804017115000001 51.011871448999997)",Unfall 124977 (2016) Kat:3, Licht: 0,124977,3,1,0,07,14,5,,0,1,0,0,0,0,0
"POINT (13.766793181000001 51.041817510999998)",Unfall 124980 (2016) Kat:3, Licht: 0,124980,3,3,5,07,17,6,,0,1,1,0,0,0,0
"POINT (13.726452564000001 51.055484544000002)",Unfall 124985 (2016) Kat:2, Licht: 0,124985,2,3,5,06,10,3,,0,1,1,0,0,0,0
"POINT (13.775212496000000 51.038348235000001)",Unfall 124986 (2016) Kat:3, Licht: 0,124986,3,2,5,07,17,3,,0,0,1,0,0,0,0
"POINT (13.777401113000000 51.058731321000003)",Unfall 124989 (2016) Kat:3, Licht: 0,124989,3,2,5,07,12,3,,0,1,1,0,0,0,0
"POINT (13.802116952000000 51.012171205999998)",Unfall 124990 (2016) Kat:3, Licht: 0,124990,3,1,0,06,14,5,,0,0,0,0,1,0,0
"POINT (13.699659571000000 51.077095168000000)",Unfall 124993 (2016) Kat:3, Licht: 2,124993,3,1,8,07,22,7,,2,0,1,0,0,0,0
"POINT (13.750459891000000 51.050944014000002)",Unfall 125001 (2016) Kat:3, Licht: 1,125001,3,1,0,07,21,3,,1,1,0,0,0,0,0
"POINT (13.729032799000001 51.012711441000000)",Unfall 125006 (2016) Kat:3, Licht: 0,125006,3,7,6,06,19,5,,0,1,0,1,0,0,0
"POINT (13.710170475000000 51.083833159999998)",Unfall 125009 (2016) Kat:3, Licht: 0,125009,3,6,2,07,16,3,,0,0,1,0,0,0,1
"POINT (13.747282666000000 51.078695015999998)",Unfall 125011 (2016) Kat:3, Licht: 0,125011,3,6,2,07,17,5,,0,0,1,0,0,0,0
"POINT (13.739223880000001 51.047246201000000)",Unfall 125014 (2016) Kat:2, Licht: 0,125014,2,3,0,07,15,5,,0,0,1,0,0,0,1
"POINT (13.745311360000001 51.067949962000000)",Unfall 125020 (2016) Kat:3, Licht: 0,125020,3,7,3,06,11,5,,0,1,1,0,0,0,0
"POINT (13.810475147000000 51.048162296999998)",Unfall 125024 (2016) Kat:3, Licht: 1,125024,3,3,5,07,20,5,,1,0,1,0,0,0,0
"POINT (13.682822206999999 51.045953031000003)",Unfall 125029 (2016) Kat:3, Licht: 0,125029,3,1,0,07,15,4,,0,1,0,0,0,0,0
"POINT (13.729895410999999 51.040071158000003)",Unfall 125035 (2016) Kat:3, Licht: 0,125035,3,6,2,07,12,4,,0,0,1,0,0,0,1
"POINT (13.736939377000001 51.047265320000001)",Unfall 125038 (2016) Kat:2, Licht: 0,125038,2,3,5,06,18,5,,0,1,0,0,0,0,0
"POINT (13.773388677000000 51.052439354999997)",Unfall 125042 (2016) Kat:2, Licht: 0,125042,2,2,6,07,11,6,,0,0,1,1,0,0,0
"POINT (13.742104502000000 51.064797892999998)",Unfall 125058 (2016) Kat:3, Licht: 0,125058,3,3,5,07,09,4,,0,1,1,0,0,0,0
"POINT (13.777674483000000 51.052872596999997)",Unfall 125060 (2016) Kat:3, Licht: 0,125060,3,1,0,08,10,4,,0,0,0,0,1,0,0
"POINT (13.687438672000001 51.083627485000001)",Unfall 125062 (2016) Kat:3, Licht: 0,125062,3,3,5,07,11,6,,0,1,1,0,0,0,0
"POINT (13.752115094000001 51.054447398999997)",Unfall 125068 (2016) Kat:3, Licht: 0,125068,3,2,2,07,14,4,,0,0,1,0,0,1,0
"POINT (13.697438419999999 51.086253456999998)",Unfall 125077 (2016) Kat:3, Licht: 0,125077,3,3,5,07,19,6,,0,0,1,0,0,0,0
"POINT (13.743603831000000 51.035655175000002)",Unfall 125082 (2016) Kat:3, Licht: 0,125082,3,2,3,07,09,6,,0,1,1,0,0,0,0
"POINT (13.785356457000001 51.035975129999997)",Unfall 125084 (2016) Kat:2, Licht: 0,125084,2,3,5,07,19,4,,0,1,1,0,0,0,0
"POINT (13.755987145000001 51.055856986999999)",Unfall 125092 (2016) Kat:3, Licht: 0,125092,3,3,5,07,16,6,,0,1,0,0,0,0,0
"POINT (13.758010681000000 51.075810996000001)",Unfall 125093 (2016) Kat:3, Licht: 1,125093,3,1,4,07,04,6,,1,0,1,0,0,0,0
"POINT (13.730281917999999 51.046184908000001)",Unfall 125097 (2016) Kat:3, Licht: 0,125097,3,4,6,07,12,6,,0,1,0,1,0,0,0
"POINT (13.798139453999999 51.023838830000003)",Unfall 125106 (2016) Kat:2, Licht: 0,125106,2,2,5,07,14,4,,0,1,1,0,0,0,0
"POINT (13.784750786000000 51.049738421999997)",Unfall 125108 (2016) Kat:2, Licht: 1,125108,2,3,5,07,05,6,,1,1,1,0,0,0,0
"POINT (13.705279899000001 51.043356471999999)",Unfall 125112 (2016) Kat:3, Licht: 0,125112,3,2,2,07,08,3,,0,0,1,0,0,0,0
"POINT (13.720139147999999 51.088318227000002)",Unfall 125128 (2016) Kat:3, Licht: 0,125128,3,4,6,08,19,5,,0,1,0,1,0,0,0
"POINT (13.673977133999999 51.081810650000001)",Unfall 125137 (2016) Kat:3, Licht: 0,125137,3,2,1,07,19,1,,0,1,1,0,0,0,0
"POINT (13.680506257999999 51.042364439000004)",Unfall 125138 (2016) Kat:3, Licht: 0,125138,3,3,5,08,08,5,,0,1,1,0,0,0,0
"POINT (13.734708165000001 51.072501158999998)",Unfall 125151 (2016) Kat:3, Licht: 0,125151,3,1,0,07,18,1,,0,1,0,0,0,0,0
"POINT (13.726586494999999 51.082712698999998)",Unfall 125152 (2016) Kat:2, Licht: 0,125152,2,7,0,07,09,1,,0,1,1,0,0,0,0
"POINT (13.672711219000000 51.052876918999999)",Unfall 125157 (2016) Kat:3, Licht: 0,125157,3,2,4,07,19,3,,0,0,1,0,1,0,0
"POINT (13.775604178000000 51.045414063000003)",Unfall 125160 (2016) Kat:3, Licht: 0,125160,3,3,5,07,07,1,,0,0,1,1,0,0,0
"POINT (13.832562041999999 51.029495013000002)",Unfall 125165 (2016) Kat:2, Licht: 0,125165,2,1,0,07,18,1,,0,1,0,0,0,0,0
"POINT (13.828058389000001 51.026541713999997)",Unfall 125167 (2016) Kat:3, Licht: 0,125167,3,3,5,07,10,4,,0,1,1,0,0,0,0
"POINT (13.793005373000000 51.013071162999999)",Unfall 125171 (2016) Kat:3, Licht: 0,125171,3,2,4,07,12,3,,0,0,1,0,0,0,0
"POINT (13.666393348000000 51.040020286000001)",Unfall 125174 (2016) Kat:3, Licht: 0,125174,3,3,5,08,12,5,,0,0,1,0,0,0,0
"POINT (13.826570532000000 51.011812788999997)",Unfall 125190 (2016) Kat:3, Licht: 0,125190,3,2,1,08,11,5,,0,0,1,0,0,0,0
"POINT (13.766555564000001 51.041569666999997)",Unfall 125204 (2016) Kat:3, Licht: 0,125204,3,1,0,08,07,5,,0,1,0,0,0,0,0
"POINT (13.702267138000000 51.045858979999998)",Unfall 125206 (2016) Kat:2, Licht: 0,125206,2,2,5,07,16,5,,0,1,1,0,0,0,0
"POINT (13.808396465000000 51.045279033000000)",Unfall 125210 (2016) Kat:3, Licht: 0,125210,3,2,5,07,09,7,,0,1,1,0,0,0,0
"POINT (13.720217964000000 51.054643667999997)",Unfall 125212 (2016) Kat:3, Licht: 0,125212,3,6,2,07,06,5,,0,0,1,0,0,0,1
"POINT (13.824591612000001 51.013742983000000)",Unfall 125214 (2016) Kat:2, Licht: 0,125214,2,1,0,07,19,7,,0,1,0,0,0,0,0
"POINT (13.743630028000000 51.035591232999998)",Unfall 125217 (2016) Kat:3, Licht: 0,125217,3,3,5,07,15,5,,0,0,0,0,0,0,1
"POINT (13.851746877000000 51.006786017000003)",Unfall 125220 (2016) Kat:3, Licht: 0,125220,3,3,5,07,15,3,,0,0,1,0,0,0,0
"POINT (13.767805252000000 51.026092755999997)",Unfall 125224 (2016) Kat:3, Licht: 0,125224,3,2,5,07,16,3,,0,1,1,0,0,0,0
"POINT (13.713490785999999 51.058257992000001)",Unfall 125228 (2016) Kat:3, Licht: 0,125228,3,3,5,07,14,3,,0,0,1,0,0,0,0
"POINT (13.711986037000001 51.025569091000001)",Unfall 125229 (2016) Kat:2, Licht: 0,125229,2,3,5,07,10,7,,0,1,1,0,0,0,0
"POINT (13.770091826000000 51.057191074999999)",Unfall 125231 (2016) Kat:2, Licht: 0,125231,2,6,3,07,16,4,,0,1,1,0,0,0,1
"POINT (13.779886646000000 51.044318376000000)",Unfall 125232 (2016) Kat:3, Licht: 0,125232,3,3,5,07,10,5,,0,0,1,0,1,0,0
"POINT (13.755583982999999 51.056229258999998)",Unfall 125234 (2016) Kat:3, Licht: 0,125234,3,1,0,07,14,3,,0,1,0,0,0,0,0
"POINT (13.739913209999999 51.038712322999999)",Unfall 125238 (2016) Kat:3, Licht: 0,125238,3,4,6,08,11,5,,0,0,0,1,0,0,1
"POINT (13.795528356000000 51.042840284999997)",Unfall 125240 (2016) Kat:2, Licht: 0,125240,2,4,6,07,14,3,,0,1,0,1,0,0,0
"POINT (13.705716728000001 51.090570126000003)",Unfall 125241 (2016) Kat:3, Licht: 0,125241,3,3,5,08,16,2,,0,0,1,0,0,0,0
"POINT (13.729884835000000 51.054999901000002)",Unfall 125249 (2016) Kat:3, Licht: 0,125249,3,7,0,08,09,5,,0,1,1,0,0,0,0
"POINT (13.759703314999999 51.065909382000001)",Unfall 125253 (2016) Kat:3, Licht: 0,125253,3,5,1,08,08,2,,0,1,1,0,0,0,0
"POINT (13.765340673000001 51.046979829000001)",Unfall 125261 (2016) Kat:3, Licht: 0,125261,3,3,5,08,08,2,,0,1,1,0,0,0,0
"POINT (13.711970854000000 51.080939256999997)",Unfall 125269 (2016) Kat:3, Licht: 0,125269,3,3,5,08,11,5,,0,1,1,0,0,0,0
"POINT (13.807408886999999 51.043803312000001)",Unfall 125273 (2016) Kat:3, Licht: 2,125273,3,2,5,08,21,2,,2,0,1,0,1,0,0
"POINT (13.838080584000000 51.004779429999999)",Unfall 125295 (2016) Kat:3, Licht: 1,125295,3,7,3,07,19,5,,1,1,1,0,0,0,0
"POINT (13.813495628000000 51.028857850999998)",Unfall 125301 (2016) Kat:2, Licht: 0,125301,2,4,0,07,18,5,,0,0,0,1,0,0,1
"POINT (13.710486464000001 51.077552249000000)",Unfall 125305 (2016) Kat:3, Licht: 2,125305,3,3,5,08,21,4,,2,1,0,0,0,0,0
"POINT (13.704244355000000 51.096671903000001)",Unfall 125308 (2016) Kat:2, Licht: 0,125308,2,3,5,08,07,2,,0,1,1,0,0,0,0
"POINT (13.702132277000000 51.034917168000000)",Unfall 125319 (2016) Kat:3, Licht: 0,125319,3,2,5,08,17,4,,0,1,1,0,0,0,0
"POINT (13.818064825000000 51.035307191000001)",Unfall 125322 (2016) Kat:3, Licht: 0,125322,3,2,5,07,11,2,,0,0,1,0,1,0,0
"POINT (13.726470088999999 51.078945232999999)",Unfall 125323 (2016) Kat:3, Licht: 0,125323,3,3,5,08,10,2,,0,0,1,0,1,0,0
"POINT (13.756035528000000 51.045956484000001)",Unfall 125335 (2016) Kat:3, Licht: 1,125335,3,1,0,07,06,2,,1,1,0,0,0,0,0
"POINT (13.774525214000001 51.060441429999997)",Unfall 125336 (2016) Kat:2, Licht: 0,125336,2,5,1,08,14,2,,0,0,1,0,0,1,0
"POINT (13.745355084000000 51.038950466999999)",Unfall 125341 (2016) Kat:2, Licht: 0,125341,2,6,0,07,09,2,,0,1,0,0,0,0,1
"POINT (13.780780452000000 51.116129127999997)",Unfall 125344 (2016) Kat:3, Licht: 0,125344,3,3,5,07,15,7,,0,1,1,0,0,0,0
"POINT (13.811504795999999 51.012814542000001)",Unfall 125348 (2016) Kat:2, Licht: 0,125348,2,2,5,08,16,3,,0,1,1,0,0,0,0
"POINT (13.717820167999999 51.055509839999999)",Unfall 125354 (2016) Kat:3, Licht: 0,125354,3,6,2,08,18,4,,0,0,1,0,0,0,1
"POINT (13.833921026000001 51.028473259000002)",Unfall 125356 (2016) Kat:3, Licht: 0,125356,3,2,5,08,15,4,,0,0,1,0,0,0,0
"POINT (13.746467913000000 51.115439170999998)",Unfall 125360 (2016) Kat:3, Licht: 0,125360,3,2,5,07,19,4,,0,1,0,0,0,0,1
"POINT (13.840766417999999 51.020900242000003)",Unfall 125371 (2016) Kat:3, Licht: 0,125371,3,1,0,08,19,1,,0,1,0,0,0,0,0
"POINT (13.830814982000000 51.017795491000001)",Unfall 125373 (2016) Kat:3, Licht: 0,125373,3,1,9,08,12,6,,0,0,1,0,0,0,0
"POINT (13.753428421000001 51.034388043000000)",Unfall 125384 (2016) Kat:3, Licht: 0,125384,3,3,5,08,12,6,,0,0,1,0,0,0,0
"POINT (13.828393760000001 51.010993288000002)",Unfall 125386 (2016) Kat:2, Licht: 0,125386,2,4,6,08,10,7,,0,0,1,1,0,0,0
"POINT (13.661765333000000 51.068294057999999)",Unfall 125387 (2016) Kat:2, Licht: 0,125387,2,7,0,08,10,3,,0,1,1,0,0,0,0
"POINT (13.791165156000000 51.029781327000002)",Unfall 125388 (2016) Kat:3, Licht: 0,125388,3,4,6,08,11,4,,0,0,1,1,0,0,0
"POINT (13.748477005000000 51.053524629999998)",Unfall 125399 (2016) Kat:3, Licht: 0,125399,3,2,5,08,11,2,,0,1,1,0,0,0,0
"POINT (13.809356885000000 51.053070763000001)",Unfall 125403 (2016) Kat:3, Licht: 0,125403,3,6,2,08,10,3,,0,0,1,0,0,0,1
"POINT (13.787074317000000 51.015682147000000)",Unfall 125405 (2016) Kat:3, Licht: 0,125405,3,4,6,08,08,4,,0,0,1,1,0,0,0
"POINT (13.775477794000000 51.069759513000001)",Unfall 125407 (2016) Kat:3, Licht: 0,125407,3,3,5,08,11,1,,0,0,1,0,0,0,1
"POINT (13.815135352000000 51.149162529999998)",Unfall 125408 (2016) Kat:3, Licht: 2,125408,3,3,5,08,04,5,,2,0,1,0,1,0,0
"POINT (13.803430176999999 51.021516718000001)",Unfall 125410 (2016) Kat:2, Licht: 0,125410,2,6,0,08,19,3,,0,0,1,0,1,0,0
"POINT (13.812593481000000 51.046331369000001)",Unfall 125414 (2016) Kat:2, Licht: 0,125414,2,4,6,08,09,5,,0,0,1,1,0,0,0
"POINT (13.748921494999999 51.061742271000000)",Unfall 125422 (2016) Kat:3, Licht: 0,125422,3,6,4,08,15,6,,0,0,1,0,1,0,0
"POINT (13.728407980000000 51.056651213999999)",Unfall 125439 (2016) Kat:2, Licht: 0,125439,2,2,5,08,20,3,,0,0,1,0,0,0,0
"POINT (13.714895998999999 51.095489606000001)",Unfall 125440 (2016) Kat:3, Licht: 0,125440,3,3,5,08,12,4,,0,1,1,0,0,0,0
"POINT (13.765942906999999 51.015716847000000)",Unfall 125444 (2016) Kat:3, Licht: 1,125444,3,6,3,08,20,3,,1,1,1,0,0,0,0
"POINT (13.802637419000000 51.029893176000002)",Unfall 125454 (2016) Kat:3, Licht: 0,125454,3,6,4,08,11,2,,0,1,0,0,0,0,0
"POINT (13.807739209999999 51.005641204000000)",Unfall 125455 (2016) Kat:3, Licht: 0,125455,3,6,0,08,13,2,,0,1,0,0,0,0,1
"POINT (13.723182708000000 51.047693135999999)",Unfall 125458 (2016) Kat:3, Licht: 0,125458,3,7,0,08,16,5,,0,1,1,0,0,0,0
"POINT (13.768316915000000 51.043319801000003)",Unfall 125460 (2016) Kat:3, Licht: 0,125460,3,6,2,08,16,3,,0,0,1,0,0,0,0
"POINT (13.819134082000000 51.007026703999998)",Unfall 125464 (2016) Kat:3, Licht: 0,125464,3,1,0,08,16,5,,0,0,0,0,1,0,0
"POINT (13.728518649000000 51.076430094000003)",Unfall 125472 (2016) Kat:3, Licht: 0,125472,3,1,0,08,13,4,,0,1,0,0,0,0,0
"POINT (13.688956885000000 51.057946045000001)",Unfall 125477 (2016) Kat:3, Licht: 0,125477,3,3,5,08,14,6,,0,1,1,0,0,0,0
"POINT (13.777099650000000 51.060080993000000)",Unfall 125479 (2016) Kat:3, Licht: 2,125479,3,3,5,08,01,7,,2,1,0,0,0,0,1
"POINT (13.806556097000000 51.037368209999997)",Unfall 125486 (2016) Kat:3, Licht: 0,125486,3,3,5,08,13,6,,0,0,1,0,0,0,1
"POINT (13.754888883000000 51.025250073999999)",Unfall 125488 (2016) Kat:2, Licht: 0,125488,2,1,4,08,18,7,,0,0,1,0,0,0,1
"POINT (13.741177361000000 51.053578920000000)",Unfall 125489 (2016) Kat:3, Licht: 0,125489,3,6,2,08,15,3,,0,0,1,0,0,0,0
"POINT (13.768512383999999 51.020248682999998)",Unfall 125490 (2016) Kat:3, Licht: 0,125490,3,3,5,08,17,4,,0,0,1,0,0,0,0
"POINT (13.746711270000000 51.051397837000003)",Unfall 125493 (2016) Kat:3, Licht: 0,125493,3,3,5,08,13,7,,0,0,1,0,0,0,1
"POINT (13.763664343000000 51.110518143000000)",Unfall 125496 (2016) Kat:3, Licht: 0,125496,3,7,0,08,11,5,,0,1,1,0,0,0,0
"POINT (13.749429248000000 51.074527525999997)",Unfall 125498 (2016) Kat:3, Licht: 2,125498,3,2,5,08,23,3,,2,1,0,0,1,0,0
"POINT (13.789430370000000 51.018159803000003)",Unfall 125505 (2016) Kat:3, Licht: 0,125505,3,3,0,08,15,2,,0,1,1,0,0,0,0
"POINT (13.806551753999999 51.037377708999998)",Unfall 125507 (2016) Kat:3, Licht: 0,125507,3,3,5,08,14,5,,0,0,1,0,0,0,0
"POINT (13.765367589000000 51.046960638000002)",Unfall 125509 (2016) Kat:3, Licht: 0,125509,3,2,5,08,11,3,,0,0,1,0,0,0,1
"POINT (13.712411743000001 51.061034585999998)",Unfall 125511 (2016) Kat:3, Licht: 0,125511,3,3,5,08,07,4,,0,0,1,0,0,0,0
"POINT (13.729503453000000 51.076355726999999)",Unfall 125513 (2016) Kat:3, Licht: 0,125513,3,7,0,08,08,2,,0,1,1,0,0,0,0
"POINT (13.744561944999999 51.037068671999997)",Unfall 125518 (2016) Kat:3, Licht: 0,125518,3,2,5,08,15,5,,0,1,1,0,0,0,0
"POINT (13.722576342000000 51.087748826999999)",Unfall 125525 (2016) Kat:3, Licht: 2,125525,3,3,5,08,21,2,,2,1,1,0,0,0,0
"POINT (13.795815050000000 50.990172780999998)",Unfall 125526 (2016) Kat:3, Licht: 0,125526,3,3,5,08,19,6,,0,1,1,0,0,0,0
"POINT (13.748958873999999 51.033791168999997)",Unfall 125530 (2016) Kat:3, Licht: 2,125530,3,3,5,08,22,3,,2,1,1,0,0,0,0
"POINT (13.809070266000001 51.047197148000002)",Unfall 125538 (2016) Kat:3, Licht: 0,125538,3,2,2,08,17,2,,0,0,1,1,0,0,0
"POINT (13.743427406000000 51.048824588000002)",Unfall 125541 (2016) Kat:3, Licht: 2,125541,3,7,1,08,01,7,,2,1,1,0,0,0,0
"POINT (13.771344523000000 51.060330403999998)",Unfall 125542 (2016) Kat:3, Licht: 0,125542,3,3,5,08,08,3,,0,0,1,0,0,0,1
"POINT (13.810201064999999 51.032406969000000)",Unfall 125543 (2016) Kat:3, Licht: 0,125543,3,6,5,08,07,4,,0,1,1,0,0,0,0
"POINT (13.689976843000000 51.061032740000002)",Unfall 125545 (2016) Kat:3, Licht: 0,125545,3,7,0,08,15,2,,0,0,0,0,1,0,0
"POINT (13.799839766000000 51.026627775000001)",Unfall 125548 (2016) Kat:3, Licht: 0,125548,3,2,5,08,16,2,,0,0,1,0,1,0,0
"POINT (13.799036278000001 51.043635229000003)",Unfall 125556 (2016) Kat:3, Licht: 0,125556,3,3,5,08,16,2,,0,0,1,0,0,0,0
"POINT (13.774410387000000 51.058093659000001)",Unfall 125558 (2016) Kat:3, Licht: 0,125558,3,3,5,08,12,6,,0,0,1,0,0,0,0
"POINT (13.816289097000000 51.016159819000002)",Unfall 125559 (2016) Kat:2, Licht: 0,125559,2,7,2,08,13,6,,0,0,1,0,0,0,0
"POINT (13.749394464000000 51.035983336999998)",Unfall 125560 (2016) Kat:3, Licht: 0,125560,3,2,5,08,17,5,,0,1,1,0,0,0,0
"POINT (13.777780012999999 51.053135787999999)",Unfall 125562 (2016) Kat:3, Licht: 0,125562,3,6,2,08,16,3,,0,0,1,0,0,0,0
"POINT (13.777705701000000 50.993426995000000)",Unfall 125566 (2016) Kat:3, Licht: 0,125566,3,1,8,08,15,5,,0,1,0,0,0,0,0
"POINT (13.798177279000001 51.045400032000003)",Unfall 125568 (2016) Kat:3, Licht: 0,125568,3,3,5,08,12,6,,0,1,0,0,0,0,1
"POINT (13.748747786999999 51.048253418999998)",Unfall 125572 (2016) Kat:3, Licht: 0,125572,3,3,5,08,19,2,,0,1,1,0,0,0,0
"POINT (13.703190325000000 51.046192454000000)",Unfall 125574 (2016) Kat:2, Licht: 0,125574,2,5,0,08,08,4,,0,1,1,0,0,0,0
"POINT (13.717617398000000 51.048694863999998)",Unfall 125575 (2016) Kat:3, Licht: 0,125575,3,1,0,08,08,3,,0,0,0,0,1,0,0
"POINT (13.717658015000000 51.087571861000001)",Unfall 125577 (2016) Kat:3, Licht: 0,125577,3,6,3,08,07,4,,0,1,1,0,0,0,0
"POINT (13.746122204000001 51.060338512000001)",Unfall 125582 (2016) Kat:2, Licht: 0,125582,2,3,5,08,11,6,,0,1,1,0,0,0,0
"POINT (13.777098454000001 51.060080947000003)",Unfall 125589 (2016) Kat:3, Licht: 2,125589,3,3,5,08,07,6,,2,1,1,0,0,0,0
"POINT (13.731059932000001 51.039538335000003)",Unfall 125591 (2016) Kat:3, Licht: 0,125591,3,6,6,08,12,6,,0,0,1,1,0,0,0
"POINT (13.744188787000001 51.063675261999997)",Unfall 125593 (2016) Kat:3, Licht: 0,125593,3,3,5,08,11,7,,0,1,1,0,0,0,0
"POINT (13.839507105999999 51.008806853999999)",Unfall 125594 (2016) Kat:3, Licht: 0,125594,3,2,3,08,08,3,,0,0,1,0,0,0,0
"POINT (13.684087393000000 51.085320303000003)",Unfall 125600 (2016) Kat:3, Licht: 0,125600,3,6,2,08,16,3,,0,0,1,0,0,0,0
"POINT (13.726579100000000 51.031546126999999)",Unfall 125605 (2016) Kat:2, Licht: 0,125605,2,3,5,08,15,5,,0,1,1,0,0,0,0
"POINT (13.771218677000000 51.029872621999999)",Unfall 125610 (2016) Kat:3, Licht: 0,125610,3,2,2,08,12,2,,0,0,1,0,0,0,1
"POINT (13.775750089000001 51.050821913999997)",Unfall 125612 (2016) Kat:3, Licht: 0,125612,3,7,5,08,16,5,,0,1,1,0,0,0,0
"POINT (13.736456140000000 51.043468036999997)",Unfall 125614 (2016) Kat:3, Licht: 0,125614,3,3,5,08,14,3,,0,1,1,0,0,0,0
"POINT (13.723526013000001 51.118183313999999)",Unfall 125627 (2016) Kat:3, Licht: 0,125627,3,5,3,08,15,5,,0,1,1,0,0,0,0
"POINT (13.797981308000001 51.050210708000002)",Unfall 125633 (2016) Kat:3, Licht: 0,125633,3,2,5,08,15,6,,0,0,1,0,0,0,0
"POINT (13.788539067000000 51.027654284000000)",Unfall 125637 (2016) Kat:2, Licht: 0,125637,2,7,3,08,11,5,,0,0,1,0,1,0,0
"POINT (13.708904400000000 51.047263340000001)",Unfall 125639 (2016) Kat:3, Licht: 0,125639,3,2,5,08,16,6,,0,1,1,0,0,0,0
"POINT (13.741103319000000 51.019247098999998)",Unfall 125645 (2016) Kat:2, Licht: 0,125645,2,2,5,08,08,6,,0,1,0,0,0,0,1
"POINT (13.734615018000000 51.040898552999998)",Unfall 125647 (2016) Kat:2, Licht: 2,125647,2,1,9,08,22,6,,2,0,0,0,1,0,0
"POINT (13.720004622999999 51.029246434000001)",Unfall 125648 (2016) Kat:3, Licht: 0,125648,3,3,5,08,07,5,,0,1,1,0,0,0,0
"POINT (13.743573851000001 51.053447808999998)",Unfall 125668 (2016) Kat:3, Licht: 0,125668,3,6,3,08,09,3,,0,1,1,0,0,0,0
"POINT (13.711321760000001 51.117302598000002)",Unfall 125671 (2016) Kat:2, Licht: 0,125671,2,3,5,08,17,2,,0,1,0,0,0,0,0
"POINT (13.740181478000000 51.053692615000003)",Unfall 125686 (2016) Kat:3, Licht: 2,125686,3,2,0,08,21,5,,2,0,0,1,0,0,1
"POINT (13.767629092000000 51.056658702000000)",Unfall 125694 (2016) Kat:3, Licht: 0,125694,3,6,6,08,19,7,,0,1,0,1,0,0,0
"POINT (13.777308250000001 51.058716021999999)",Unfall 125700 (2016) Kat:3, Licht: 0,125700,3,2,5,08,16,2,,0,1,1,0,0,0,0
"POINT (13.753326297999999 51.050373262000001)",Unfall 125706 (2016) Kat:3, Licht: 0,125706,3,2,5,08,18,4,,0,1,1,0,0,0,0
"POINT (13.637892711999999 51.038951674000003)",Unfall 125709 (2016) Kat:3, Licht: 0,125709,3,7,2,08,13,1,,0,0,1,0,1,0,0
"POINT (13.803497632999999 50.987898340999998)",Unfall 125720 (2016) Kat:2, Licht: 0,125720,2,6,4,08,12,3,,0,0,1,0,0,0,1
"POINT (13.774733081000001 51.049769716999997)",Unfall 125723 (2016) Kat:3, Licht: 0,125723,3,2,5,08,09,2,,0,1,1,0,0,0,0
"POINT (13.701025328000000 51.086642640999997)",Unfall 125725 (2016) Kat:3, Licht: 2,125725,3,3,5,08,00,7,,2,0,1,0,0,0,0
"POINT (13.775323489000000 51.032941815999997)",Unfall 125736 (2016) Kat:3, Licht: 0,125736,3,6,4,08,14,7,,0,1,1,0,0,0,0
"POINT (13.789260493000000 51.045439917000003)",Unfall 125739 (2016) Kat:3, Licht: 2,125739,3,1,0,08,23,6,,2,1,0,0,0,0,0
"POINT (13.835983337000000 51.002497503999997)",Unfall 125756 (2016) Kat:3, Licht: 0,125756,3,5,1,08,10,5,,0,1,0,0,0,0,1
"POINT (13.743680693000000 51.049146747000002)",Unfall 125770 (2016) Kat:3, Licht: 0,125770,3,4,0,08,16,2,,0,0,0,1,0,0,1
"POINT (13.806382227000000 51.037758887999999)",Unfall 125774 (2016) Kat:3, Licht: 0,125774,3,3,5,08,16,3,,0,1,0,0,0,0,0
"POINT (13.702043788999999 51.033283871999998)",Unfall 125777 (2016) Kat:3, Licht: 0,125777,3,7,1,08,18,2,,0,1,1,0,0,0,0
"POINT (13.812956023000000 51.045922126000001)",Unfall 125778 (2016) Kat:2, Licht: 2,125778,2,1,0,08,21,1,,2,1,0,0,0,0,0
"POINT (13.772669049999999 51.057734373999999)",Unfall 125786 (2016) Kat:2, Licht: 0,125786,2,3,5,08,11,7,,0,0,1,0,0,0,0
"POINT (13.717534087000001 51.060094335999999)",Unfall 125799 (2016) Kat:3, Licht: 0,125799,3,4,6,08,14,7,,0,0,1,1,0,0,0
"POINT (13.866624096000001 50.998658075999998)",Unfall 125805 (2016) Kat:3, Licht: 0,125805,3,6,2,08,17,6,,0,1,1,0,0,0,0
"POINT (13.694275016000001 51.043108025000002)",Unfall 125811 (2016) Kat:3, Licht: 0,125811,3,2,2,08,13,4,,0,0,1,0,1,0,0
"POINT (13.669796847000001 51.093061227000000)",Unfall 125818 (2016) Kat:3, Licht: 0,125818,3,6,2,08,07,5,,0,0,1,0,0,0,0
"POINT (13.787014499000000 51.032375844999997)",Unfall 125824 (2016) Kat:3, Licht: 0,125824,3,6,2,08,18,3,,0,1,1,0,0,0,0
"POINT (13.700338950000001 51.082270588999997)",Unfall 125826 (2016) Kat:3, Licht: 2,125826,3,4,6,08,21,2,,2,0,0,1,0,0,1