WKT,Name,OBJECTID,UKATEGORIE,UTYP1,UART,UMONAT,USTUNDE,UWOCHENTAG,STRZUSTAND,ULICHTVERH,ISTRAD,ISTPKW,ISTFUSS,ISTKRAD,ISTGKFZ,ISTSONSTIG
"POINT (13.687843913000000 51.049258541000000)",Unfall 125828 (2016) Kat:3, Licht: 0,125828,3,7,6,08,07,5,,0,0,0,1,0,0,1
"POINT (13.791452252999999 51.013321904000001)",Unfall 125842 (2016) Kat:3, Licht: 0,125842,3,3,5,08,16,5,,0,1,1,0,0,0,0
"POINT (13.740683539000001 51.047269720000003)",Unfall 125844 (2016) Kat:2, Licht: 2,125844,2,3,5,08,22,5,,2,1,1,0,0,0,0
"POINT (13.748895418000000 51.037493210000001)",Unfall 125845 (2016) Kat:3, Licht: 0,125845,3,2,5,08,13,6,,0,1,1,0,0,0,0
"POINT (13.760692003000001 51.049212357000002)",Unfall 125848 (2016) Kat:3, Licht: 0,125848,3,2,5,08,16,5,,0,1,0,0,0,0,1
"POINT (13.722370286000000 51.049727007000001)",Unfall 125850 (2016) Kat:3, Licht: 0,125850,3,2,3,08,11,5,,0,1,1,0,0,0,0
"POINT (13.776820349999999 51.047978000000001)",Unfall 125855 (2016) Kat:3, Licht: 0,125855,3,3,5,08,17,5,,0,1,0,0,0,0,1
"POINT (13.793346201000000 51.043057329000000)",Unfall 125859 (2016) Kat:3, Licht: 0,125859,3,2,4,08,17,4,,0,1,1,0,0,0,0
"POINT (13.777095942000001 51.060080847000002)",Unfall 125861 (2016) Kat:3, Licht: 0,125861,3,2,5,08,07,3,,0,1,1,0,0,0,0
"POINT (13.741492684000001 51.023636629999999)",Unfall 125864 (2016) Kat:3, Licht: 0,125864,3,3,5,08,08,1,,0,0,1,0,0,0,0
"POINT (13.746533285000000 51.038457778000001)",Unfall 125865 (2016) Kat:3, Licht: 0,125865,3,6,4,08,12,5,,0,1,0,0,0,0,0
"POINT (13.691325634000000 51.052146143999998)",Unfall 125866 (2016) Kat:2, Licht: 0,125866,2,3,5,08,12,7,,0,1,1,0,0,0,0
"POINT (13.801870414000000 51.043983414000003)",Unfall 125871 (2016) Kat:3, Licht: 0,125871,3,1,0,08,16,5,,0,1,0,0,0,0,0
"POINT (13.806909258999999 51.036595834000003)",Unfall 125879 (2016) Kat:3, Licht: 0,125879,3,3,5,08,07,2,,0,1,1,0,0,0,0
"POINT (13.750814137000001 51.047429141000002)",Unfall 125881 (2016) Kat:3, Licht: 0,125881,3,3,5,09,13,5,,0,0,1,0,0,0,1
"POINT (13.910829006000000 51.000383917999997)",Unfall 125885 (2016) Kat:3, Licht: 0,125885,3,3,5,09,09,5,,0,0,1,0,0,0,0
"POINT (13.750753905000000 51.063241089999998)",Unfall 125887 (2016) Kat:3, Licht: 0,125887,3,6,3,08,16,3,,0,1,0,0,0,0,0
"POINT (13.777898843999999 51.053946431999996)",Unfall 125893 (2016) Kat:3, Licht: 0,125893,3,2,5,09,08,5,,0,1,1,0,0,0,0
"POINT (13.743633822000000 51.035589989999998)",Unfall 125897 (2016) Kat:3, Licht: 0,125897,3,3,5,09,06,5,,0,1,0,0,0,1,0
"POINT (13.759279477000000 51.027980071000002)",Unfall 125899 (2016) Kat:2, Licht: 0,125899,2,2,6,08,17,3,,0,0,1,1,0,0,0
"POINT (13.714670916999999 51.096610658000003)",Unfall 125901 (2016) Kat:3, Licht: 0,125901,3,6,1,08,13,4,,0,1,1,0,0,0,0
"POINT (13.740632548000001 51.049812865000000)",Unfall 125904 (2016) Kat:3, Licht: 0,125904,3,3,5,09,16,6,,0,1,0,0,0,0,0
"POINT (13.705712882000000 51.090570991000000)",Unfall 125907 (2016) Kat:3, Licht: 0,125907,3,3,5,08,17,4,,0,0,1,0,1,0,0
"POINT (13.831754464999999 51.002209589000003)",Unfall 125909 (2016) Kat:3, Licht: 0,125909,3,7,5,08,07,4,,0,1,1,0,0,0,0
"POINT (13.671353015999999 51.053550780000002)",Unfall 125916 (2016) Kat:3, Licht: 0,125916,3,3,2,09,16,5,,0,0,1,0,0,0,0
"POINT (13.729313052000000 51.045852439000001)",Unfall 125917 (2016) Kat:3, Licht: 0,125917,3,2,5,08,11,4,,0,0,1,0,0,0,0
"POINT (13.714650476999999 51.092744500999999)",Unfall 125920 (2016) Kat:3, Licht: 0,125920,3,2,4,09,15,4,,0,1,1,0,0,0,0
"POINT (13.720267250999999 51.018830272000002)",Unfall 125924 (2016) Kat:2, Licht: 0,125924,2,4,6,08,08,4,,0,0,1,1,0,0,0
"POINT (13.747155995000000 51.071972723000002)",Unfall 125925 (2016) Kat:2, Licht: 2,125925,2,1,4,09,20,5,,2,1,1,0,0,0,0
"POINT (13.752877049000000 51.064739336000002)",Unfall 125927 (2016) Kat:2, Licht: 0,125927,2,1,0,09,16,4,,0,1,0,0,0,0,0
"POINT (13.685474082000001 51.073535012999997)",Unfall 125930 (2016) Kat:3, Licht: 0,125930,3,3,5,09,11,3,,0,0,0,0,0,1,1
"POINT (13.662086682000000 51.051008850000002)",Unfall 125932 (2016) Kat:3, Licht: 0,125932,3,5,1,09,16,2,,0,1,1,0,0,0,0
"POINT (13.748470018000001 51.053534110999998)",Unfall 125944 (2016) Kat:3, Licht: 2,125944,3,3,5,09,21,2,,2,1,1,0,0,0,0
"POINT (13.741046733999999 51.053599740999999)",Unfall 125949 (2016) Kat:2, Licht: 0,125949,2,6,4,09,10,5,,0,1,0,0,0,0,0
"POINT (13.833836231999999 51.022595828999997)",Unfall 125961 (2016) Kat:3, Licht: 0,125961,3,3,5,09,09,6,,0,1,1,0,0,0,0
"POINT (13.702225216000000 51.034925907999998)",Unfall 125973 (2016) Kat:3, Licht: 0,125973,3,2,6,09,10,5,,0,0,1,1,0,0,0
"POINT (13.731442352000000 51.057227247999997)",Unfall 125979 (2016) Kat:3, Licht: 0,125979,3,7,0,09,09,7,,0,1,1,0,0,0,0
"POINT (13.777285796999999 51.060085731999997)",Unfall 125980 (2016) Kat:3, Licht: 0,125980,3,3,5,09,08,4,,0,1,1,0,0,0,0
"POINT (13.678502170000000 51.061089809999999)",Unfall 125983 (2016) Kat:2, Licht: 0,125983,2,3,5,09,17,3,,0,1,0,0,1,0,0
"POINT (13.749001462000001 51.033767916999999)",Unfall 125986 (2016) Kat:3, Licht: 2,125986,3,3,5,09,21,2,,2,1,1,0,0,0,0
"POINT (13.774472025000000 51.033090178999998)",Unfall 125994 (2016) Kat:3, Licht: 0,125994,3,6,2,09,12,7,,0,0,1,0,0,0,0
"POINT (13.812317822000001 51.011417301000002)",Unfall 125999 (2016) Kat:1, Licht: 0,125999,1,4,6,09,11,2,,0,0,0,1,1,0,0
"POINT (13.751615114000000 51.047159784000002)",Unfall 126003 (2016) Kat:3, Licht: 0,126003,3,4,6,09,14,5,,0,0,0,1,0,0,1
"POINT (13.821353099000000 51.003025037999997)",Unfall 126005 (2016) Kat:3, Licht: 0,126005,3,3,2,09,08,5,,0,1,0,0,0,0,0
"POINT (13.787713671000001 51.035933733999997)",Unfall 126012 (2016) Kat:3, Licht: 0,126012,3,3,5,09,14,6,,0,1,1,0,0,0,0
"POINT (13.727429967000001 51.052474580000002)",Unfall 126018 (2016) Kat:3, Licht: 0,126018,3,3,5,09,12,5,,0,1,1,0,0,0,0
"POINT (13.669221768000000 51.040023560999998)",Unfall 126019 (2016) Kat:3, Licht: 0,126019,3,2,1,09,15,7,,0,0,1,0,0,0,0
"POINT (13.879810413000000 51.062455024000002)",Unfall 126020 (2016) Kat:3, Licht: 0,126020,3,3,5,09,06,4,,0,0,1,0,0,0,0
"POINT (13.829734194000000 50.988534545999997)",Unfall 126027 (2016) Kat:3, Licht: 2,126027,3,3,5,09,22,6,,2,0,1,0,1,0,0
"POINT (13.794710766000000 51.028465259999997)",Unfall 126032 (2016) Kat:3, Licht: 0,126032,3,6,2,09,11,4,,0,0,1,0,0,0,0
"POINT (13.742418295000000 51.068354499999998)",Unfall 126037 (2016) Kat:3, Licht: 0,126037,3,5,3,09,18,2,,0,0,1,0,1,0,0
"POINT (13.831095992000000 50.986805031999999)",Unfall 126038 (2016) Kat:3, Licht: 0,126038,3,7,7,09,17,6,,0,0,1,0,0,0,0
"POINT (13.800362280000000 51.024128494999999)",Unfall 126044 (2016) Kat:3, Licht: 0,126044,3,4,6,09,07,6,,0,0,1,1,0,0,0
"POINT (13.763288516999999 51.032509929000000)",Unfall 126059 (2016) Kat:2, Licht: 2,126059,2,5,1,09,23,5,,2,1,1,0,0,0,0
"POINT (13.786349209999999 51.028532923999997)",Unfall 126068 (2016) Kat:3, Licht: 0,126068,3,2,0,09,15,6,,0,0,0,0,0,0,1
"POINT (13.709915264999999 51.028586435000001)",Unfall 126070 (2016) Kat:3, Licht: 0,126070,3,3,5,09,15,6,,0,1,1,0,0,0,0
"POINT (13.771807363000001 51.040849453000000)",Unfall 126071 (2016) Kat:3, Licht: 0,126071,3,3,5,09,12,5,,0,0,1,0,0,0,0
"POINT (13.789799023000000 51.045267373999998)",Unfall 126080 (2016) Kat:3, Licht: 0,126080,3,3,5,09,14,6,,0,0,1,0,0,0,0
"POINT (13.679970134000000 51.043582528000002)",Unfall 126081 (2016) Kat:2, Licht: 0,126081,2,4,6,09,14,5,,0,0,1,1,0,0,0
"POINT (13.760688084000000 51.049201113999999)",Unfall 126087 (2016) Kat:2, Licht: 0,126087,2,3,4,09,07,4,,0,1,1,0,0,0,0
"POINT (13.703607508999999 51.078188572000002)",Unfall 126090 (2016) Kat:3, Licht: 0,126090,3,6,3,09,16,3,,0,0,1,0,1,0,0
"POINT (13.687717651000000 51.056573288000003)",Unfall 126092 (2016) Kat:3, Licht: 0,126092,3,4,6,09,11,2,,0,0,1,1,0,0,0
"POINT (13.808548118999999 51.011626432000000)",Unfall 126094 (2016) Kat:3, Licht: 0,126094,3,4,6,08,18,3,,0,0,0,1,0,0,1
"POINT (13.760530495999999 51.049185553999997)",Unfall 126106 (2016) Kat:1, Licht: 0,126106,1,4,6,09,16,2,,0,0,0,1,0,1,0
"POINT (13.839686701000000 51.003710314000003)",Unfall 126108 (2016) Kat:2, Licht: 0,126108,2,3,5,08,07,3,,0,1,0,0,0,0,1
"POINT (13.728927256000000 51.052054280000000)",Unfall 126111 (2016) Kat:2, Licht: 0,126111,2,7,0,09,18,5,,0,1,0,0,0,0,0
"POINT (13.749267567000000 51.033579576999998)",Unfall 126115 (2016) Kat:3, Licht: 0,126115,3,7,5,08,17,3,,0,0,1,0,0,0,0
"POINT (13.792627573000001 51.047939053999997)",Unfall 126117 (2016) Kat:3, Licht: 2,126117,3,1,1,08,00,3,,2,1,1,0,0,0,0
"POINT (13.741422834000000 51.053544928000001)",Unfall 126119 (2016) Kat:2, Licht: 0,126119,2,1,0,09,16,6,,0,1,0,0,0,0,0
"POINT (13.753508488000000 51.052939989000002)",Unfall 126123 (2016) Kat:3, Licht: 0,126123,3,3,5,08,07,3,,0,1,0,0,0,0,0
"POINT (13.710007996000000 51.083472194999999)",Unfall 126125 (2016) Kat:3, Licht: 0,126125,3,5,1,09,18,4,,0,1,1,0,0,0,0
"POINT (13.776070600000001 51.039208672000001)",Unfall 126138 (2016) Kat:3, Licht: 0,126138,3,3,5,08,10,3,,0,1,1,0,0,0,0
"POINT (13.795530298999999 51.053428355999998)",Unfall 126141 (2016) Kat:3, Licht: 0,126141,3,6,2,09,14,4,,0,0,1,0,0,0,0
"POINT (13.771820067000000 51.046876369000003)",Unfall 126144 (2016) Kat:3, Licht: 0,126144,3,2,5,09,08,3,,0,0,1,0,0,0,0
"POINT (13.838264930999999 51.025191397999997)",Unfall 126146 (2016) Kat:3, Licht: 0,126146,3,7,5,09,17,2,,0,1,1,0,0,0,0
"POINT (13.694108193000000 51.087171374999997)",Unfall 126153 (2016) Kat:3, Licht: 0,126153,3,6,2,09,11,1,,0,0,1,0,0,0,1
"POINT (13.803183475000001 51.033063022000000)",Unfall 126155 (2016) Kat:3, Licht: 0,126155,3,3,5,09,07,6,,0,1,0,0,0,0,1
"POINT (13.748696035000000 51.051030185000002)",Unfall 126156 (2016) Kat:3, Licht: 0,126156,3,6,2,09,11,2,,0,0,1,0,0,0,0
"POINT (13.783695079999999 51.009574315000002)",Unfall 126159 (2016) Kat:3, Licht: 0,126159,3,2,5,09,13,5,,0,1,1,0,0,0,0
"POINT (13.749846500000000 51.032982146999998)",Unfall 126163 (2016) Kat:3, Licht: 0,126163,3,4,6,09,07,5,,0,0,1,1,0,0,0
"POINT (13.717472948999999 51.033393326000002)",Unfall 126171 (2016) Kat:3, Licht: 0,126171,3,3,5,09,08,5,,0,0,1,0,1,0,0
"POINT (13.796813795000000 51.041460520000001)",Unfall 126174 (2016) Kat:3, Licht: 0,126174,3,3,5,09,17,2,,0,0,1,0,0,0,0
"POINT (13.775686262000001 51.045346389999999)",Unfall 126175 (2016) Kat:3, Licht: 0,126175,3,1,0,09,09,4,,0,1,0,0,0,0,0
"POINT (13.748575245000000 51.071733743999999)",Unfall 126180 (2016) Kat:3, Licht: 0,126180,3,2,5,09,09,7,,0,0,1,0,1,0,0
"POINT (13.841894287000001 51.002263691000003)",Unfall 126181 (2016) Kat:2, Licht: 0,126181,2,2,6,09,09,5,,0,0,1,1,0,0,0
"POINT (13.749603362000000 51.033834048000003)",Unfall 126187 (2016) Kat:3, Licht: 0,126187,3,1,2,09,12,1,,0,0,1,0,0,0,0
"POINT (13.770868795000000 51.039752085000003)",Unfall 126189 (2016) Kat:2, Licht: 0,126189,2,4,6,09,09,5,,0,1,0,1,0,0,0
"POINT (13.848261047999999 51.007147025000002)",Unfall 126190 (2016) Kat:3, Licht: 1,126190,3,4,6,09,06,2,,1,0,0,1,0,0,1
"POINT (13.808837246000000 51.050439975000003)",Unfall 126194 (2016) Kat:3, Licht: 0,126194,3,2,2,09,09,1,,0,0,1,0,0,0,0
"POINT (13.767885100000001 51.042419119999998)",Unfall 126195 (2016) Kat:3, Licht: 0,126195,3,5,0,09,12,3,,0,1,0,0,0,0,1
"POINT (13.777726975000000 51.052863635999998)",Unfall 126196 (2016) Kat:3, Licht: 0,126196,3,6,3,09,08,5,,0,1,1,0,0,0,0
"POINT (13.678165539000000 51.042193623999999)",Unfall 126199 (2016) Kat:3, Licht: 0,126199,3,3,5,09,14,6,,0,1,1,0,0,0,0
"POINT (13.772710411000000 51.047765026999997)",Unfall 126200 (2016) Kat:3, Licht: 0,126200,3,2,5,09,12,5,,0,1,1,0,0,0,0
"POINT (13.810025814999999 51.015443161999997)",Unfall 126205 (2016) Kat:3, Licht: 0,126205,3,3,5,09,07,5,,0,1,1,0,0,0,0
"POINT (13.718560313999999 51.028954702999997)",Unfall 126207 (2016) Kat:3, Licht: 0,126207,3,3,0,09,07,6,,0,0,1,0,0,0,1
"POINT (13.829809692000000 51.000597286999998)",Unfall 126209 (2016) Kat:2, Licht: 0,126209,2,4,6,09,18,2,,0,0,1,1,0,0,0
"POINT (13.787454537000000 51.059056159000001)",Unfall 126217 (2016) Kat:3, Licht: 0,126217,3,3,5,09,07,5,,0,1,1,0,0,0,0
"POINT (13.777309709000001 51.058716320999999)",Unfall 126222 (2016) Kat:3, Licht: 0,126222,3,2,5,09,07,2,,0,1,1,0,0,0,0
"POINT (13.700952007000000 51.043494580999997)",Unfall 126223 (2016) Kat:3, Licht: 0,126223,3,7,6,09,14,4,,0,0,0,1,0,0,1
"POINT (13.775686594000000 51.045346305000002)",Unfall 126229 (2016) Kat:2, Licht: 0,126229,2,3,5,09,16,5,,0,1,0,0,0,0,1
"POINT (13.692478334000000 51.042284545000001)",Unfall 126231 (2016) Kat:3, Licht: 0,126231,3,3,5,09,16,5,,0,1,1,0,0,0,0
"POINT (13.747545960000000 51.031007924000001)",Unfall 126232 (2016) Kat:3, Licht: 0,126232,3,3,5,09,13,4,,0,1,1,0,0,0,0
"POINT (13.756589371000000 51.055093372000002)",Unfall 126236 (2016) Kat:3, Licht: 0,126236,3,3,5,09,14,5,,0,1,1,0,0,0,0
"POINT (13.812254683000001 51.011524282000003)",Unfall 126239 (2016) Kat:3, Licht: 0,126239,3,2,5,09,09,5,,0,0,1,0,0,0,0
"POINT (13.743217803000000 51.068351827999997)",Unfall 126243 (2016) Kat:2, Licht: 1,126243,2,3,5,09,19,5,,1,1,0,0,0,0,0
"POINT (13.779842455000001 51.044299770999999)",Unfall 126249 (2016) Kat:2, Licht: 2,126249,2,3,5,09,21,3,,2,0,1,0,0,0,0
"POINT (13.777152495999999 51.035760603000000)",Unfall 126259 (2016) Kat:3, Licht: 2,126259,3,3,5,09,21,4,,2,0,1,0,1,0,0
"POINT (13.738475571000000 51.039547182000000)",Unfall 126277 (2016) Kat:3, Licht: 0,126277,3,3,5,09,12,6,,0,1,1,0,0,0,0
"POINT (13.722109128000000 51.081444843000000)",Unfall 126284 (2016) Kat:2, Licht: 0,126284,2,1,1,09,11,5,,0,0,1,0,0,0,0
"POINT (13.657054155999999 51.054028832999997)",Unfall 126287 (2016) Kat:3, Licht: 0,126287,3,7,1,09,12,2,,0,0,1,0,0,0,0
"POINT (13.733028387999999 51.034019669000003)",Unfall 126290 (2016) Kat:3, Licht: 0,126290,3,2,5,09,14,3,,0,1,1,0,0,0,0
"POINT (13.784750367999999 51.049738060999999)",Unfall 126292 (2016) Kat:3, Licht: 1,126292,3,3,5,09,06,4,,1,0,1,0,0,0,0
"POINT (13.853002631000001 51.006474961999999)",Unfall 126293 (2016) Kat:3, Licht: 0,126293,3,3,5,09,18,2,,0,0,1,0,0,0,0
"POINT (13.814156160000000 51.054320728999997)",Unfall 126297 (2016) Kat:3, Licht: 1,126297,3,3,5,09,06,7,,1,1,1,0,0,0,0
"POINT (13.796868104000000 51.028063504999999)",Unfall 126299 (2016) Kat:3, Licht: 0,126299,3,1,0,09,15,5,,0,0,0,0,1,0,0
"POINT (13.756203103000001 51.072869539000003)",Unfall 126300 (2016) Kat:3, Licht: 0,126300,3,1,0,09,16,2,,0,1,0,0,0,0,0
"POINT (13.690531963000000 51.054349205000001)",Unfall 126304 (2016) Kat:2, Licht: 0,126304,2,2,3,09,07,3,,0,1,1,0,0,0,0
"POINT (13.687519650000000 51.057028166999999)",Unfall 126306 (2016) Kat:3, Licht: 0,126306,3,3,5,09,18,2,,0,1,1,0,0,0,0
"POINT (13.793639959000000 51.059225794000000)",Unfall 126316 (2016) Kat:3, Licht: 1,126316,3,7,7,09,05,2,,1,1,0,0,0,0,0
"POINT (13.712839557000001 51.086075301999998)",Unfall 126322 (2016) Kat:3, Licht: 1,126322,3,6,3,09,06,6,,1,1,1,0,0,0,0
"POINT (13.788371086000000 51.049528813000002)",Unfall 126325 (2016) Kat:3, Licht: 0,126325,3,1,1,09,18,2,,0,1,1,0,0,0,0
"POINT (13.805804652000001 51.040907308999998)",Unfall 126328 (2016) Kat:3, Licht: 0,126328,3,6,2,09,09,2,,0,1,1,0,0,0,0
"POINT (13.732965618000000 51.034004041000003)",Unfall 126337 (2016) Kat:3, Licht: 0,126337,3,3,5,09,09,3,,0,0,1,0,0,0,0
"POINT (13.754308856000000 51.057383641999998)",Unfall 126340 (2016) Kat:3, Licht: 0,126340,3,6,4,09,16,5,,0,1,0,0,0,0,0
"POINT (13.721827478000000 51.054176722999998)",Unfall 126345 (2016) Kat:2, Licht: 2,126345,2,6,3,09,22,4,,2,1,0,0,0,0,0
"POINT (13.800238676999999 51.034091302999997)",Unfall 126350 (2016) Kat:3, Licht: 0,126350,3,2,6,09,16,7,,0,1,0,1,0,0,0
"POINT (13.682675648000000 51.054789743999997)",Unfall 126352 (2016) Kat:3, Licht: 0,126352,3,6,2,09,16,6,,0,0,1,0,0,0,1
"POINT (13.672174163999999 51.083963945999997)",Unfall 126360 (2016) Kat:3, Licht: 0,126360,3,3,5,09,07,7,,0,1,0,0,0,0,0
"POINT (13.768245703000000 51.047972369000000)",Unfall 126361 (2016) Kat:3, Licht: 2,126361,3,3,5,09,19,3,,2,1,1,0,0,0,0
"POINT (13.716488408000000 51.029930233999998)",Unfall 126366 (2016) Kat:3, Licht: 0,126366,3,3,5,09,17,6,,0,1,1,0,0,0,0
"POINT (13.725146973999999 51.050263141000002)",Unfall 126368 (2016) Kat:3, Licht: 1,126368,3,3,5,09,06,4,,1,1,1,0,0,0,0
"POINT (13.766464226000000 51.014904201000000)",Unfall 126370 (2016) Kat:3, Licht: 2,126370,3,5,1,09,19,7,,2,1,1,0,0,0,0
"POINT (13.757198571000000 51.049740651999997)",Unfall 126371 (2016) Kat:3, Licht: 0,126371,3,2,5,09,08,6,,0,0,1,0,0,0,1
"POINT (13.808144345000001 51.047999953000001)",Unfall 126373 (2016) Kat:3, Licht: 0,126373,3,3,5,09,12,7,,0,0,1,0,0,0,0
"POINT (13.777529268000000 51.057115246000002)",Unfall 126376 (2016) Kat:3, Licht: 0,126376,3,2,3,09,09,2,,0,1,1,0,0,0,0
"POINT (13.788408447000000 50.991912458000002)",Unfall 126377 (2016) Kat:3, Licht: 0,126377,3,1,8,09,10,7,,0,0,1,0,0,0,0
"POINT (13.731362321000001 51.030650367000000)",Unfall 126386 (2016) Kat:3, Licht: 1,126386,3,1,1,09,19,7,,1,1,1,0,0,0,0
"POINT (13.709879687999999 51.028626050000000)",Unfall 126389 (2016) Kat:3, Licht: 0,126389,3,3,5,09,16,4,,0,0,1,0,0,0,0
"POINT (13.751856780000001 51.077984755999999)",Unfall 126395 (2016) Kat:2, Licht: 0,126395,2,6,4,09,08,6,,0,1,0,0,0,0,0
"POINT (13.727576284000000 51.084240004999998)",Unfall 126396 (2016) Kat:2, Licht: 0,126396,2,3,5,09,15,5,,0,1,1,0,0,0,0
"POINT (13.743535224000000 51.040225653000000)",Unfall 126399 (2016) Kat:3, Licht: 0,126399,3,3,5,09,08,7,,0,1,1,0,0,0,0
"POINT (13.757297261000000 51.069385048999997)",Unfall 126405 (2016) Kat:3, Licht: 0,126405,3,7,6,09,14,6,,0,0,1,1,0,0,0
"POINT (13.747140852999999 51.062992895999997)",Unfall 126409 (2016) Kat:3, Licht: 1,126409,3,3,4,09,04,7,,1,1,1,0,0,0,0
"POINT (13.743507157000000 51.040255105999996)",Unfall 126410 (2016) Kat:2, Licht: 0,126410,2,3,5,09,09,6,,0,1,1,0,0,0,0
"POINT (13.778743413999999 51.058853589000002)",Unfall 126411 (2016) Kat:3, Licht: 0,126411,3,6,3,09,17,5,,0,1,1,0,0,0,0
"POINT (13.884193911000001 51.058285757999997)",Unfall 126412 (2016) Kat:3, Licht: 0,126412,3,1,0,09,10,1,,0,1,0,0,0,0,0
"POINT (13.785822715000000 51.069404464999998)",Unfall 126416 (2016) Kat:3, Licht: 0,126416,3,2,3,09,16,3,,0,0,1,0,1,0,0
"POINT (13.692564583999999 51.041744104999999)",Unfall 126417 (2016) Kat:3, Licht: 0,126417,3,3,5,09,14,4,,0,1,1,0,0,0,0
"POINT (13.715523436000000 51.088350173999999)",Unfall 126418 (2016) Kat:3, Licht: 0,126418,3,1,0,09,16,2,,0,1,0,0,0,0,0
"POINT (13.778912833000000 51.031558709999999)",Unfall 126426 (2016) Kat:3, Licht: 0,126426,3,3,5,10,17,3,,0,0,1,0,0,0,0
"POINT (13.800626813999999 51.010242222000002)",Unfall 126430 (2016) Kat:2, Licht: 0,126430,2,4,6,10,16,5,,0,0,1,1,0,0,0
"POINT (13.717651457000001 51.078025169000000)",Unfall 126433 (2016) Kat:3, Licht: 0,126433,3,3,5,10,16,3,,0,1,1,0,0,0,0
"POINT (13.778166036000000 51.036797833999998)",Unfall 126448 (2016) Kat:3, Licht: 0,126448,3,1,2,10,12,4,,0,0,1,0,1,0,0
"POINT (13.795146819999999 51.015848757999997)",Unfall 126453 (2016) Kat:3, Licht: 0,126453,3,6,0,09,14,6,,0,1,0,0,0,0,1
"POINT (13.718687840999999 51.056528798999999)",Unfall 126456 (2016) Kat:3, Licht: 0,126456,3,1,0,09,18,6,,0,1,0,0,0,0,0
"POINT (13.777744695000001 51.052909389000000)",Unfall 126462 (2016) Kat:3, Licht: 0,126462,3,2,5,09,11,6,,0,0,1,0,1,0,0
"POINT (13.754989262000000 51.045953804000000)",Unfall 126464 (2016) Kat:2, Licht: 0,126464,2,1,9,10,07,6,,0,0,1,1,0,0,0
"POINT (13.793814514999999 51.025566374000000)",Unfall 126474 (2016) Kat:3, Licht: 0,126474,3,3,5,10,17,3,,0,0,1,0,0,0,0
"POINT (13.765516932000001 51.069241003000002)",Unfall 126484 (2016) Kat:3, Licht: 0,126484,3,3,5,10,08,5,,0,0,1,0,0,0,0
"POINT (13.779384728000000 51.060862626000002)",Unfall 126488 (2016) Kat:3, Licht: 2,126488,3,2,5,10,19,5,,2,0,1,0,0,0,0
"POINT (13.698989354000000 51.040832723999998)",Unfall 126493 (2016) Kat:3, Licht: 0,126493,3,3,5,10,17,2,,0,0,1,0,0,0,0
"POINT (13.833066777000001 51.064728363000000)",Unfall 126497 (2016) Kat:3, Licht: 0,126497,3,6,3,10,13,2,,0,1,1,0,0,0,0
"POINT (13.720159492000001 51.080830399000000)",Unfall 126503 (2016) Kat:3, Licht: 0,126503,3,5,3,09,11,3,,0,0,1,0,0,0,0
"POINT (13.770450403000000 51.052284790999998)",Unfall 126506 (2016) Kat:3, Licht: 0,126506,3,1,4,10,10,2,,0,0,1,0,0,0,0
"POINT (13.833893148000000 51.028494705000000)",Unfall 126511 (2016) Kat:3, Licht: 0,126511,3,2,4,09,18,3,,0,1,1,0,0,0,0
"POINT (13.732300466000000 51.041906394999998)",Unfall 126513 (2016) Kat:3, Licht: 0,126513,3,1,8,10,12,2,,0,0,1,0,0,0,0
"POINT (13.725196399000000 51.050229854999998)",Unfall 126515 (2016) Kat:3, Licht: 0,126515,3,2,5,10,12,2,,0,0,1,0,0,0,1
"POINT (13.827126284000000 50.997952423000001)",Unfall 126520 (2016) Kat:3, Licht: 0,126520,3,6,2,09,12,3,,0,1,0,0,0,0,1
"POINT (13.799271238999999 50.998266776000001)",Unfall 126522 (2016) Kat:3, Licht: 2,126522,3,6,2,10,19,4,,2,0,1,0,0,0,0
"POINT (13.751328480000000 51.042435257999998)",Unfall 126523 (2016) Kat:3, Licht: 0,126523,3,6,3,09,16,3,,0,1,1,0,0,0,0
"POINT (13.767802489999999 51.059766760999999)",Unfall 126527 (2016) Kat:3, Licht: 0,126527,3,3,5,09,18,1,,0,1,1,0,0,0,0
"POINT (13.808812459000000 51.011808066000000)",Unfall 126528 (2016) Kat:3, Licht: 0,126528,3,4,0,09,18,4,,0,0,0,1,0,0,1
"POINT (13.771282008000000 51.068260475000002)",Unfall 126529 (2016) Kat:3, Licht: 0,126529,3,3,0,10,16,3,,0,0,1,0,1,0,0
"POINT (13.777104835999999 51.067275215999999)",Unfall 126531 (2016) Kat:3, Licht: 1,126531,3,1,0,10,08,5,,1,0,0,0,1,0,0
"POINT (13.805887621000000 51.039409691000003)",Unfall 126532 (2016) Kat:3, Licht: 0,126532,3,2,5,09,15,3,,0,1,1,0,0,0,0
"POINT (13.749281950000000 51.035744450999999)",Unfall 126536 (2016) Kat:3, Licht: 1,126536,3,2,6,09,06,3,,1,0,1,1,0,0,0
"POINT (13.747432431000000 51.038049194999999)",Unfall 126543 (2016) Kat:3, Licht: 0,126543,3,4,6,09,15,4,,0,0,1,1,0,0,0
"POINT (13.781231585000000 51.053238489999998)",Unfall 126545 (2016) Kat:3, Licht: 0,126545,3,1,0,10,11,5,,0,1,0,0,0,0,0