WKT,Name,OBJECTID,UKATEGORIE,UTYP1,UART,UMONAT,USTUNDE,UWOCHENTAG,STRZUSTAND,ULICHTVERH,ISTRAD,ISTPKW,ISTFUSS,ISTKRAD,ISTGKFZ,ISTSONSTIG
"POINT (13.833537743999999 51.021619862000001)",Unfall 127292 (2016) Kat:3, Licht: 0,127292,3,2,6,11,12,6,,0,0,1,1,0,0,0
"POINT (13.797949840999999 51.035107498999999)",Unfall 127298 (2016) Kat:3, Licht: 2,127298,3,3,5,11,19,3,,2,1,1,0,0,0,0
"POINT (13.701992679000000 51.036540334999998)",Unfall 127302 (2016) Kat:3, Licht: 1,127302,3,3,5,12,08,4,,1,1,1,0,0,0,0
"POINT (13.742710582999999 51.051534529000001)",Unfall 127307 (2016) Kat:3, Licht: 2,127307,3,1,0,12,21,6,,2,0,0,0,1,0,0
"POINT (13.761444916000000 51.025484339999998)",Unfall 127310 (2016) Kat:2, Licht: 0,127310,2,4,6,12,13,7,,0,1,0,1,0,0,0
"POINT (13.700523848000000 51.082281782000003)",Unfall 127311 (2016) Kat:3, Licht: 0,127311,3,1,0,12,08,4,,0,1,0,0,0,0,1
"POINT (13.736689737000001 51.047251764000002)",Unfall 127319 (2016) Kat:3, Licht: 0,127319,3,7,0,12,15,6,,0,0,1,0,0,0,1
"POINT (13.747197190000000 51.071964624000003)",Unfall 127325 (2016) Kat:3, Licht: 0,127325,3,3,5,12,14,7,,0,0,1,0,0,0,0
"POINT (13.673760836000000 51.048757883999997)",Unfall 127327 (2016) Kat:3, Licht: 0,127327,3,7,6,12,12,4,,0,0,0,0,0,0,1
"POINT (13.742584502000000 51.033734414000001)",Unfall 127332 (2016) Kat:3, Licht: 0,127332,3,1,0,12,09,4,,0,1,0,0,0,0,0
"POINT (13.828393220000001 51.010993556999999)",Unfall 127335 (2016) Kat:3, Licht: 2,127335,3,6,2,12,17,4,,2,0,1,0,0,0,0
"POINT (13.769835820999999 51.025004742000000)",Unfall 127338 (2016) Kat:3, Licht: 1,127338,3,1,0,12,08,4,,1,1,0,0,0,0,0
"POINT (13.824830604000001 51.062374749000000)",Unfall 127346 (2016) Kat:3, Licht: 1,127346,3,2,5,12,19,4,,1,0,1,0,0,0,0
"POINT (13.724185916000000 51.030913173999998)",Unfall 127356 (2016) Kat:3, Licht: 0,127356,3,2,5,12,14,6,,0,0,1,0,0,0,1
"POINT (13.820840377000000 51.006006907000000)",Unfall 127357 (2016) Kat:3, Licht: 0,127357,3,2,2,12,12,7,,0,0,1,0,0,0,0
"POINT (13.803338180000001 51.053910129999998)",Unfall 127360 (2016) Kat:3, Licht: 0,127360,3,3,5,12,10,4,,0,0,1,0,0,0,0
"POINT (13.720028987999999 51.054483382000001)",Unfall 127365 (2016) Kat:3, Licht: 0,127365,3,7,2,11,12,5,,0,0,1,0,0,0,0
"POINT (13.797477198999999 51.024312592999998)",Unfall 127366 (2016) Kat:3, Licht: 0,127366,3,2,5,12,14,6,,0,0,1,0,0,0,0
"POINT (13.820865615000001 51.005991813000001)",Unfall 127367 (2016) Kat:3, Licht: 0,127367,3,2,2,12,12,7,,0,0,1,0,0,0,0
"POINT (13.721404353000000 51.088965322999996)",Unfall 127371 (2016) Kat:3, Licht: 2,127371,3,3,5,11,05,5,,2,1,0,0,0,0,1
"POINT (13.810682046000000 51.053571810999998)",Unfall 127372 (2016) Kat:3, Licht: 2,127372,3,6,2,12,19,6,,2,0,1,0,0,0,0
"POINT (13.674781647000000 51.090646868999997)",Unfall 127377 (2016) Kat:3, Licht: 0,127377,3,3,5,11,14,3,,0,1,1,0,0,0,0
"POINT (13.656880958000000 51.058177338000000)",Unfall 127380 (2016) Kat:3, Licht: 2,127380,3,5,1,11,06,4,,2,0,0,0,1,1,0
"POINT (13.774613601000000 51.033128007999998)",Unfall 127382 (2016) Kat:3, Licht: 0,127382,3,2,5,11,15,5,,0,1,1,0,0,0,0
"POINT (13.797469547000000 51.024305020000000)",Unfall 127383 (2016) Kat:3, Licht: 2,127383,3,2,5,12,06,6,,2,0,1,0,0,0,1
"POINT (13.804928753000000 51.032424102000000)",Unfall 127388 (2016) Kat:3, Licht: 0,127388,3,6,0,11,14,4,,0,1,1,0,0,0,0
"POINT (13.688243698000001 51.024005842000001)",Unfall 127389 (2016) Kat:3, Licht: 0,127389,3,7,6,11,10,3,,0,0,1,1,0,0,0
"POINT (13.752237520000000 51.058711463000002)",Unfall 127391 (2016) Kat:3, Licht: 0,127391,3,6,6,11,12,4,,0,1,0,1,0,0,0
"POINT (13.825173016000001 51.000662411000000)",Unfall 127392 (2016) Kat:3, Licht: 1,127392,3,4,6,11,16,3,,1,0,1,1,0,0,0
"POINT (13.789763518999999 51.030080007000002)",Unfall 127395 (2016) Kat:3, Licht: 0,127395,3,3,5,12,08,6,,0,1,1,0,0,0,0
"POINT (13.777298806999999 51.060085893000000)",Unfall 127401 (2016) Kat:3, Licht: 2,127401,3,6,2,11,17,4,,2,0,1,0,0,0,0
"POINT (13.826543232000001 50.992891972999999)",Unfall 127402 (2016) Kat:3, Licht: 0,127402,3,2,5,11,11,3,,0,0,1,0,0,0,0
"POINT (13.729578071000001 51.070480568000001)",Unfall 127404 (2016) Kat:3, Licht: 2,127404,3,3,5,12,17,6,,2,1,1,0,0,0,0
"POINT (13.750525397000001 51.071410215000000)",Unfall 127406 (2016) Kat:3, Licht: 2,127406,3,1,0,12,03,1,,2,1,0,0,0,0,0
"POINT (13.786964728999999 51.015778316000002)",Unfall 127408 (2016) Kat:3, Licht: 0,127408,3,2,5,12,12,1,,0,0,1,0,0,0,0
"POINT (13.726357964000000 51.056970856000000)",Unfall 127410 (2016) Kat:3, Licht: 1,127410,3,4,6,11,06,3,,1,0,1,1,0,0,0
"POINT (13.755175933000000 51.055532694000000)",Unfall 127414 (2016) Kat:3, Licht: 2,127414,3,3,5,11,16,4,,2,1,1,0,0,0,0
"POINT (13.800168062999999 51.044664277999999)",Unfall 127415 (2016) Kat:3, Licht: 2,127415,3,2,6,11,19,3,,2,0,1,1,0,0,0
"POINT (13.777826371000000 51.053936901000000)",Unfall 127420 (2016) Kat:3, Licht: 2,127420,3,3,5,12,18,1,,2,0,1,0,0,0,0
"POINT (13.782227092999999 51.047743904000001)",Unfall 127426 (2016) Kat:3, Licht: 2,127426,3,7,0,11,17,4,,2,1,1,0,0,0,0
"POINT (13.701590184000001 51.039220640000003)",Unfall 127428 (2016) Kat:3, Licht: 0,127428,3,3,5,11,15,7,,0,1,1,0,0,0,0
"POINT (13.811709928999999 51.028360935000002)",Unfall 127430 (2016) Kat:3, Licht: 2,127430,3,2,6,11,16,4,,2,0,1,1,0,0,0
"POINT (13.770985184000001 51.040069488999997)",Unfall 127437 (2016) Kat:3, Licht: 2,127437,3,3,5,11,17,4,,2,0,1,0,0,0,0
"POINT (13.780498762000001 51.070769939000002)",Unfall 127439 (2016) Kat:3, Licht: 0,127439,3,6,2,11,13,7,,0,0,1,0,0,0,0
"POINT (13.701693649999999 51.038195645999998)",Unfall 127441 (2016) Kat:2, Licht: 2,127441,2,2,5,11,23,4,,2,0,1,0,0,0,1
"POINT (13.703607966000000 51.078188664999999)",Unfall 127465 (2016) Kat:3, Licht: 0,127465,3,7,0,12,14,3,,0,0,0,1,0,0,1
"POINT (13.824964553999999 51.010284351999999)",Unfall 127472 (2016) Kat:2, Licht: 2,127472,2,2,6,12,06,3,,2,0,0,1,0,0,1
"POINT (13.833552440000000 51.021654331999997)",Unfall 127482 (2016) Kat:3, Licht: 2,127482,3,2,3,12,06,3,,2,1,1,0,0,0,0
"POINT (13.760290843000000 51.075046139000001)",Unfall 127487 (2016) Kat:3, Licht: 0,127487,3,7,0,12,15,3,,0,1,0,0,0,0,0
"POINT (13.780968546000000 51.045852050999997)",Unfall 127497 (2016) Kat:3, Licht: 0,127497,3,3,5,12,15,3,,0,0,1,0,0,0,0
"POINT (13.731113264999999 51.039629105000003)",Unfall 127504 (2016) Kat:2, Licht: 0,127504,2,3,0,11,15,2,,0,1,0,0,0,0,1
"POINT (13.793853272000000 51.001810096000000)",Unfall 127515 (2016) Kat:3, Licht: 0,127515,3,3,5,11,12,2,,0,1,1,0,0,0,0
"POINT (13.667830701000000 51.039998719000003)",Unfall 127524 (2016) Kat:3, Licht: 2,127524,3,2,5,11,17,6,,2,0,1,0,1,0,0
"POINT (13.638222344000001 51.039000702999999)",Unfall 127526 (2016) Kat:3, Licht: 0,127526,3,2,1,12,11,7,,0,0,1,0,0,0,0
"POINT (13.718661323999999 51.087663030999998)",Unfall 127529 (2016) Kat:3, Licht: 1,127529,3,6,3,12,07,5,,1,1,1,0,0,0,0
"POINT (13.746870927000000 51.074604586000000)",Unfall 127534 (2016) Kat:3, Licht: 1,127534,3,4,6,11,07,6,,1,0,1,1,0,0,0
"POINT (13.681616812000000 51.052425061000001)",Unfall 127535 (2016) Kat:3, Licht: 2,127535,3,6,2,12,20,7,,2,0,1,0,0,0,0
"POINT (13.758295796000001 51.053884783999997)",Unfall 127538 (2016) Kat:3, Licht: 0,127538,3,6,2,11,10,6,,0,0,1,0,0,0,0
"POINT (13.805562380000000 51.044564774000001)",Unfall 127540 (2016) Kat:2, Licht: 0,127540,2,3,5,12,14,7,,0,0,1,0,0,0,0
"POINT (13.720314713000000 51.081782314999998)",Unfall 127544 (2016) Kat:3, Licht: 0,127544,3,3,5,12,08,5,,0,0,1,0,0,0,0
"POINT (13.786188190000001 51.049067755000003)",Unfall 127549 (2016) Kat:3, Licht: 2,127549,3,3,5,11,18,6,,2,1,1,0,0,0,0
"POINT (13.662875249000001 51.053299095000000)",Unfall 127553 (2016) Kat:3, Licht: 0,127553,3,7,1,12,14,5,,0,0,1,0,0,0,0
"POINT (13.837205768000000 51.024746172999997)",Unfall 127556 (2016) Kat:2, Licht: 2,127556,2,4,6,12,17,5,,2,0,1,1,0,0,0
"POINT (13.774654698000001 51.033272566999997)",Unfall 127561 (2016) Kat:3, Licht: 0,127561,3,2,5,11,07,6,,0,1,1,0,0,0,0
"POINT (13.810409242000000 51.048195687000003)",Unfall 127562 (2016) Kat:2, Licht: 2,127562,2,2,6,12,18,7,,2,0,1,1,0,0,0
"POINT (13.751753126000001 51.059476758999999)",Unfall 127564 (2016) Kat:3, Licht: 2,127564,3,7,3,12,06,5,,2,0,1,0,0,0,0
"POINT (13.714787369000000 51.093108891000000)",Unfall 127567 (2016) Kat:3, Licht: 0,127567,3,6,3,12,14,5,,0,1,0,0,0,0,1
"POINT (13.723979820000000 51.080790411000002)",Unfall 127569 (2016) Kat:3, Licht: 1,127569,3,4,6,11,16,6,,1,0,1,1,0,0,0
"POINT (13.686396961000000 51.057315346000003)",Unfall 127574 (2016) Kat:3, Licht: 0,127574,3,2,5,12,16,6,,0,0,1,0,0,0,0
"POINT (13.745412414000000 51.027339714999997)",Unfall 127576 (2016) Kat:3, Licht: 2,127576,3,1,0,11,03,1,,2,1,0,0,0,0,0
"POINT (13.803051779000000 51.036929876000002)",Unfall 127579 (2016) Kat:3, Licht: 2,127579,3,3,5,12,07,5,,2,1,1,0,0,0,0
"POINT (13.754057063999999 51.035311745000001)",Unfall 127588 (2016) Kat:2, Licht: 0,127588,2,4,6,12,07,5,,0,0,1,1,0,0,0
"POINT (13.781241123999999 51.054271612000001)",Unfall 127592 (2016) Kat:3, Licht: 2,127592,3,2,5,12,06,5,,2,1,1,0,0,0,0
"POINT (13.801736381000000 51.043955981000003)",Unfall 127605 (2016) Kat:3, Licht: 0,127605,3,3,5,12,13,3,,0,0,1,0,0,0,0
"POINT (13.749383137000001 51.035699782000002)",Unfall 127620 (2016) Kat:3, Licht: 0,127620,3,2,2,12,14,5,,0,0,1,0,0,0,0
"POINT (13.819133752999999 51.026588076000003)",Unfall 127642 (2016) Kat:3, Licht: 0,127642,3,1,0,12,09,6,,0,1,0,0,0,0,0
"POINT (13.751788685999999 51.021424996000000)",Unfall 127648 (2016) Kat:2, Licht: 2,127648,2,7,6,12,22,1,,2,0,1,1,0,0,0
"POINT (13.762155502000001 51.046689956000002)",Unfall 127651 (2016) Kat:3, Licht: 0,127651,3,3,5,12,11,1,,0,0,1,0,0,0,0
"POINT (13.807246995000000 51.034691670000001)",Unfall 127655 (2016) Kat:2, Licht: 0,127655,2,3,5,12,11,6,,0,1,1,0,0,0,0
"POINT (13.799255029999999 50.998251989000003)",Unfall 127678 (2016) Kat:3, Licht: 0,127678,3,6,1,12,10,3,,0,0,1,0,0,0,1
"POINT (13.841121041999999 51.003955527000002)",Unfall 127693 (2016) Kat:3, Licht: 0,127693,3,3,5,12,14,3,,0,1,1,0,0,0,0
"POINT (13.811126553999999 51.009233512999998)",Unfall 127701 (2016) Kat:3, Licht: 2,127701,3,1,8,12,23,3,,2,0,1,0,0,0,0
"POINT (13.687448911000001 51.056784778000001)",Unfall 127703 (2016) Kat:3, Licht: 2,127703,3,2,6,12,16,3,,2,0,1,1,0,0,0
"POINT (13.719077251000000 51.081064210000001)",Unfall 127732 (2016) Kat:3, Licht: 0,127732,3,3,5,12,11,5,,0,1,1,0,0,0,0
"POINT (13.697261537999999 51.037934030999999)",Unfall 127736 (2016) Kat:3, Licht: 0,127736,3,7,3,12,07,6,,0,1,1,0,0,0,0
"POINT (13.802952050000000 51.040488474000000)",Unfall 127740 (2016) Kat:3, Licht: 2,127740,3,3,5,12,07,5,,2,0,1,0,0,0,0
"POINT (13.688413667000001 51.056240197999998)",Unfall 127743 (2016) Kat:3, Licht: 1,127743,3,3,5,12,16,2,,1,0,1,0,0,0,0
"POINT (13.741253119000000 51.052581746999998)",Unfall 127744 (2016) Kat:3, Licht: 0,127744,3,6,6,12,15,2,,0,0,1,1,0,0,0
"POINT (13.834758036000000 51.027728869000001)",Unfall 127748 (2016) Kat:3, Licht: 1,127748,3,2,0,12,17,2,,1,0,1,0,0,0,1
"POINT (13.744575421000000 51.025342635000001)",Unfall 127751 (2016) Kat:3, Licht: 0,127751,3,1,0,12,09,2,,0,1,0,0,0,0,0
"POINT (13.747301025000001 51.072007415999998)",Unfall 127757 (2016) Kat:3, Licht: 0,127757,3,4,6,12,15,2,,0,0,0,1,0,0,1
"POINT (13.681612061999999 51.052426728000000)",Unfall 127760 (2016) Kat:3, Licht: 2,127760,3,6,2,12,16,4,,2,0,1,0,0,0,0
"POINT (13.761309925999999 51.031247497000003)",Unfall 127766 (2016) Kat:2, Licht: 2,127766,2,2,0,12,06,4,,2,1,0,0,0,0,1
"POINT (13.802994215000000 51.030071812999999)",Unfall 127773 (2016) Kat:3, Licht: 0,127773,3,3,5,12,10,2,,0,1,1,0,0,0,0
"POINT (13.740346987000001 51.038540898000001)",Unfall 127775 (2016) Kat:3, Licht: 2,127775,3,2,5,12,18,4,,2,0,1,0,0,0,0
"POINT (13.778007844999999 51.052912397999997)",Unfall 127789 (2016) Kat:3, Licht: 1,127789,3,4,6,12,07,2,,1,0,1,1,0,0,0
"POINT (13.756580427999999 51.055101778000001)",Unfall 127791 (2016) Kat:3, Licht: 0,127791,3,3,5,12,09,4,,0,1,1,0,0,0,0
"POINT (13.767514457000001 51.122810020000003)",Unfall 127798 (2016) Kat:3, Licht: 2,127798,3,2,5,12,05,4,,2,0,1,0,0,0,0
"POINT (13.822468293000000 51.011131310000003)",Unfall 127801 (2016) Kat:3, Licht: 0,127801,3,3,5,12,12,6,,0,0,1,0,0,0,0
"POINT (13.844343798000001 51.003053551999997)",Unfall 127804 (2016) Kat:3, Licht: 0,127804,3,5,0,12,15,6,,0,1,1,0,0,0,0
"POINT (13.747713787000000 51.082309881999997)",Unfall 127814 (2016) Kat:3, Licht: 0,127814,3,2,5,12,08,6,,0,1,1,0,0,0,0
"POINT (13.678698725000000 51.060496850000000)",Unfall 127816 (2016) Kat:3, Licht: 0,127816,3,3,5,12,12,4,,0,0,1,0,0,0,0
"POINT (13.767572188999999 51.042541872999998)",Unfall 127824 (2016) Kat:3, Licht: 0,127824,3,2,5,12,12,6,,0,0,1,0,0,0,0
"POINT (13.725194926000000 51.050229483999999)",Unfall 127829 (2016) Kat:3, Licht: 2,127829,3,3,5,12,18,2,,2,0,1,0,1,0,0
"POINT (13.791292244999999 51.013336399000003)",Unfall 127830 (2016) Kat:3, Licht: 2,127830,3,2,5,12,16,4,,2,0,1,0,1,0,0
"POINT (13.791364091000000 51.046773506999997)",Unfall 127834 (2016) Kat:3, Licht: 0,127834,3,3,5,12,07,6,,0,0,1,0,0,0,1
"POINT (13.693453570999999 51.081865026000003)",Unfall 127836 (2016) Kat:3, Licht: 0,127836,3,6,2,12,11,5,,0,0,1,0,0,0,0
"POINT (13.723930934000000 51.056982353000002)",Unfall 127841 (2016) Kat:2, Licht: 0,127841,2,6,0,12,11,5,,0,1,0,1,0,0,0
"POINT (13.710732732000000 51.032508362000002)",Unfall 127843 (2016) Kat:3, Licht: 0,127843,3,2,5,12,12,2,,0,0,1,0,0,0,0
"POINT (13.760029526000000 51.027215769999998)",Unfall 127846 (2016) Kat:3, Licht: 0,127846,3,4,0,12,14,4,,0,0,0,1,0,0,1
"POINT (13.722677781000000 51.031648718000000)",Unfall 127847 (2016) Kat:2, Licht: 0,127847,2,2,6,12,10,7,,0,0,1,1,0,0,0
"POINT (13.833679540000000 51.008572983999997)",Unfall 127848 (2016) Kat:3, Licht: 1,127848,3,6,1,12,16,5,,1,0,1,0,0,0,0
"POINT (13.763302852000001 51.067595560999997)",Unfall 127851 (2016) Kat:3, Licht: 2,127851,3,1,0,12,17,2,,2,0,0,0,1,0,0
"POINT (13.769715532999999 51.044809506000000)",Unfall 127855 (2016) Kat:3, Licht: 2,127855,3,3,5,12,07,2,,2,1,1,0,0,0,0
"POINT (13.786115579000001 51.118831769000003)",Unfall 127861 (2016) Kat:3, Licht: 0,127861,3,3,5,12,08,5,,0,1,1,0,0,0,0
"POINT (13.745502348000000 51.062444628999998)",Unfall 127862 (2016) Kat:3, Licht: 2,127862,3,4,6,12,16,1,,2,0,1,1,0,0,0
"POINT (13.760989939000000 51.050090740999998)",Unfall 127866 (2016) Kat:3, Licht: 0,127866,3,1,1,12,12,2,,0,1,1,0,0,0,0
"POINT (13.727025839000000 51.052636956999997)",Unfall 127870 (2016) Kat:2, Licht: 2,127870,2,4,6,12,16,1,,2,0,0,1,0,0,1
"POINT (13.775474568000000 51.045412468000002)",Unfall 127881 (2016) Kat:3, Licht: 2,127881,3,6,3,12,16,2,,2,0,1,0,0,0,1
"POINT (13.768246016000001 51.047973008000000)",Unfall 127882 (2016) Kat:3, Licht: 0,127882,3,3,5,12,15,4,,0,1,1,0,0,0,0
"POINT (13.750444098999999 51.071432057000003)",Unfall 127886 (2016) Kat:3, Licht: 0,127886,3,4,6,12,11,3,,0,0,1,1,0,0,0
"POINT (13.704070089000000 51.009177891999997)",Unfall 127889 (2016) Kat:3, Licht: 0,127889,3,3,5,12,08,2,,0,0,1,0,0,0,0
"POINT (13.758059153000000 51.052308287000002)",Unfall 127892 (2016) Kat:3, Licht: 2,127892,3,3,5,12,06,4,,2,1,1,0,0,0,0
"POINT (13.788724852000000 51.041730979999997)",Unfall 127895 (2016) Kat:3, Licht: 0,127895,3,6,3,12,08,4,,0,1,1,0,0,0,0
"POINT (13.813131383000041 51.083819449000032)",Unfall 60074 (2017) Kat:3, Licht: 0,60074,3,1,8,01,12,2,2,0,0,1,0,0,,0
"POINT (13.878525696000054 51.059958417000075)",Unfall 60194 (2017) Kat:3, Licht: 2,60194,3,6,2,01,16,1,2,2,0,1,0,0,,0
"POINT (13.770234236000022 51.066322959000047)",Unfall 60292 (2017) Kat:3, Licht: 0,60292,3,3,5,01,10,6,2,0,1,1,0,0,,0
"POINT (13.869864013000040 51.048206945000061)",Unfall 60293 (2017) Kat:3, Licht: 0,60293,3,2,5,01,11,6,0,0,0,1,0,0,,0
"POINT (13.700908351000066 51.043785283000034)",Unfall 60313 (2017) Kat:3, Licht: 2,60313,3,3,5,01,22,5,1,2,0,1,0,0,,0
"POINT (13.605643324000027 51.058798217000060)",Unfall 60321 (2017) Kat:3, Licht: 0,60321,3,6,2,01,07,4,0,0,0,1,0,0,,1
"POINT (13.682543150000072 51.061827618000052)",Unfall 60327 (2017) Kat:3, Licht: 0,60327,3,3,3,01,15,3,1,0,0,1,0,0,,0
"POINT (13.740195912000047 51.064842409000050)",Unfall 60328 (2017) Kat:3, Licht: 2,60328,3,6,2,01,21,3,2,2,0,1,0,0,,0
"POINT (13.652896840000039 51.071440440000060)",Unfall 60329 (2017) Kat:2, Licht: 0,60329,2,1,9,01,13,3,1,0,0,1,0,0,,0
"POINT (13.759289497000054 51.023823632000074)",Unfall 60345 (2017) Kat:3, Licht: 2,60345,3,6,2,01,16,2,0,2,0,1,0,0,,0
"POINT (13.875710344000026 51.060369161000040)",Unfall 60371 (2017) Kat:3, Licht: 0,60371,3,6,2,01,08,6,1,0,0,1,0,0,,0
"POINT (13.738635827000053 51.044339065000031)",Unfall 60380 (2017) Kat:3, Licht: 2,60380,3,6,2,01,21,5,1,2,0,1,0,0,,0
"POINT (13.730805800000041 51.029922547000069)",Unfall 60395 (2017) Kat:3, Licht: 0,60395,3,6,2,01,08,4,1,0,0,1,0,0,,0
"POINT (13.681108098000038 51.061888319000047)",Unfall 60404 (2017) Kat:3, Licht: 0,60404,3,6,1,01,16,3,2,0,0,1,0,0,,1
"POINT (13.748111946000051 51.063480211000069)",Unfall 60417 (2017) Kat:3, Licht: 2,60417,3,1,9,01,02,2,2,2,0,1,0,0,,0
"POINT (13.723600349000037 51.033212123000055)",Unfall 60418 (2017) Kat:3, Licht: 0,60418,3,6,2,01,07,2,2,0,0,1,0,0,,0
"POINT (13.644930725000052 51.035502627000028)",Unfall 60431 (2017) Kat:2, Licht: 2,60431,2,1,8,01,18,1,2,2,0,1,0,0,,0
"POINT (13.742021522000073 51.064675134000026)",Unfall 60451 (2017) Kat:3, Licht: 2,60451,3,3,5,01,16,6,1,2,1,1,0,0,,0
"POINT (13.719107022000060 51.102265096000053)",Unfall 60452 (2017) Kat:3, Licht: 2,60452,3,6,2,01,18,6,1,2,0,1,0,0,,0
"POINT (13.703677103000075 51.050648078000052)",Unfall 60464 (2017) Kat:3, Licht: 2,60464,3,6,2,01,17,5,1,2,0,1,0,0,,0
"POINT (13.722187781000059 51.054073777000042)",Unfall 60465 (2017) Kat:3, Licht: 0,60465,3,3,5,01,07,5,1,0,0,1,0,0,,1
"POINT (13.747519345000057 51.051646992000030)",Unfall 60483 (2017) Kat:3, Licht: 0,60483,3,6,2,01,10,4,2,0,0,1,0,0,,0
"POINT (13.647878284000058 51.071552973000053)",Unfall 60484 (2017) Kat:3, Licht: 2,60484,3,6,2,01,05,4,0,2,0,0,0,0,,1
"POINT (13.823638807000066 51.057711514000061)",Unfall 60498 (2017) Kat:3, Licht: 0,60498,3,6,2,01,15,3,1,0,0,1,0,0,,0
"POINT (13.793797411000071 51.001797243000055)",Unfall 60514 (2017) Kat:3, Licht: 2,60514,3,2,5,01,05,2,1,2,0,1,0,0,,0
"POINT (13.685698270000046 51.062313630000062)",Unfall 60523 (2017) Kat:3, Licht: 0,60523,3,1,8,01,14,1,2,0,0,1,0,0,,0
"POINT (13.703427800000043 51.088588668000057)",Unfall 60524 (2017) Kat:3, Licht: 2,60524,3,3,5,01,17,1,2,2,0,1,0,0,,1
"POINT (13.756963575000043 51.025510085000064)",Unfall 60559 (2017) Kat:3, Licht: 0,60559,3,3,5,01,12,5,1,0,0,1,0,0,,0
"POINT (13.741235101000029 51.046331955000028)",Unfall 60560 (2017) Kat:3, Licht: 0,60560,3,6,2,01,11,5,1,0,0,1,0,0,,0
"POINT (13.714717164000035 51.100056868000081)",Unfall 60581 (2017) Kat:2, Licht: 2,60581,2,3,5,01,06,4,1,2,0,1,0,0,,0
"POINT (13.861639209000032 51.108743930000060)",Unfall 60582 (2017) Kat:3, Licht: 1,60582,3,1,2,01,16,4,2,1,0,1,0,0,,1
"POINT (13.729093362000071 51.070561187000067)",Unfall 60602 (2017) Kat:2, Licht: 0,60602,2,4,6,01,16,3,1,0,0,1,1,0,,0
"POINT (13.738149052000040 51.069562212000051)",Unfall 60603 (2017) Kat:2, Licht: 0,60603,2,4,6,01,13,3,1,0,0,1,1,0,,0
"POINT (13.614806911000073 51.038492370000029)",Unfall 60629 (2017) Kat:2, Licht: 2,60629,2,2,5,02,06,5,1,2,0,1,0,0,,0
"POINT (13.702332149000028 51.043755695000073)",Unfall 60663 (2017) Kat:3, Licht: 0,60663,3,2,5,03,07,6,0,0,1,1,0,0,,0
"POINT (13.740343594000024 51.064711052000064)",Unfall 60667 (2017) Kat:2, Licht: 0,60667,2,3,5,02,16,1,0,0,0,1,0,0,,1
"POINT (13.633580133000066 51.035463985000035)",Unfall 60685 (2017) Kat:3, Licht: 0,60685,3,6,2,02,15,3,0,0,0,1,0,0,,1
"POINT (13.824628919000077 51.057960105000063)",Unfall 60686 (2017) Kat:3, Licht: 0,60686,3,2,4,03,07,4,0,0,1,1,0,0,,0
"POINT (13.743814714000052 51.047143256000027)",Unfall 60697 (2017) Kat:3, Licht: 0,60697,3,6,3,02,07,6,1,0,0,0,0,1,,1
"POINT (13.715556136000032 51.099214785000072)",Unfall 60716 (2017) Kat:3, Licht: 0,60716,3,2,4,02,15,2,0,0,0,1,0,0,,1
"POINT (13.704374406000056 51.061474193000038)",Unfall 60717 (2017) Kat:3, Licht: 0,60717,3,6,2,02,07,2,0,0,0,1,0,0,,0
"POINT (13.693529103000060 51.061065547000055)",Unfall 60720 (2017) Kat:3, Licht: 0,60720,3,2,5,02,16,2,0,0,1,0,0,0,,1
"POINT (13.748810904000038 51.129586145000076)",Unfall 60723 (2017) Kat:3, Licht: 2,60723,3,6,3,02,06,2,1,2,0,1,0,0,,1
"POINT (13.691962084000068 51.084352442000068)",Unfall 60764 (2017) Kat:3, Licht: 2,60764,3,3,5,02,19,3,0,2,0,1,0,0,,0
"POINT (13.742020348000040 51.064675241000032)",Unfall 60765 (2017) Kat:3, Licht: 2,60765,3,3,5,02,06,3,0,2,1,1,0,0,,0
"POINT (13.748810859000059 51.129586004000032)",Unfall 60767 (2017) Kat:3, Licht: 0,60767,3,6,3,02,09,3,0,0,0,1,0,0,,1
"POINT (13.727930845000060 51.060199922000038)",Unfall 60791 (2017) Kat:3, Licht: 0,60791,3,1,3,02,08,2,2,0,0,1,0,0,,0
"POINT (13.766965180000057 51.020631455000057)",Unfall 60793 (2017) Kat:3, Licht: 0,60793,3,3,5,02,14,2,0,0,0,1,0,0,,1
"POINT (13.813660158000062 51.063819076000073)",Unfall 60794 (2017) Kat:2, Licht: 2,60794,2,1,0,02,22,2,1,2,0,0,0,1,,0
"POINT (13.741221582000037 51.046325692000039)",Unfall 60796 (2017) Kat:3, Licht: 0,60796,3,3,5,02,07,2,0,0,0,1,0,0,,0
"POINT (13.748412264000024 51.128250714000046)",Unfall 60798 (2017) Kat:3, Licht: 2,60798,3,6,3,02,18,2,0,2,0,1,0,0,,1
"POINT (13.632441461000042 51.087678985000082)",Unfall 60849 (2017) Kat:3, Licht: 1,60849,3,6,3,02,06,6,0,1,0,1,0,0,,1
"POINT (13.720616940000070 51.049253447000069)",Unfall 60855 (2017) Kat:3, Licht: 0,60855,3,4,6,03,12,6,0,0,0,1,1,0,,0
"POINT (13.796113909000042 50.996197402000064)",Unfall 60890 (2017) Kat:3, Licht: 0,60890,3,6,2,02,07,3,0,0,0,1,0,0,,0
"POINT (13.776358661000074 51.067402023000056)",Unfall 60891 (2017) Kat:3, Licht: 2,60891,3,2,5,02,07,3,1,2,1,1,0,0,,0