WKT,Name,OBJECTID,UKATEGORIE,UTYP1,UART,UMONAT,USTUNDE,UWOCHENTAG,STRZUSTAND,ULICHTVERH,ISTRAD,ISTPKW,ISTFUSS,ISTKRAD,ISTGKFZ,ISTSONSTIG
"POINT (13.739148609000040 51.064259749000030)",Unfall 60893 (2017) Kat:3, Licht: 0,60893,3,2,5,02,08,3,2,0,1,1,0,0,,0
"POINT (13.748541296000042 51.128716959000030)",Unfall 60912 (2017) Kat:3, Licht: 1,60912,3,6,3,02,05,2,1,1,0,1,0,0,,1
"POINT (13.690073504000054 51.062165214000061)",Unfall 60928 (2017) Kat:3, Licht: 0,60928,3,6,1,02,17,3,0,0,0,1,0,0,,0
"POINT (13.786208161000047 51.067961495000077)",Unfall 60929 (2017) Kat:3, Licht: 0,60929,3,6,2,03,16,4,1,0,0,1,0,0,,1
"POINT (13.713847263000048 51.080401275000042)",Unfall 60938 (2017) Kat:3, Licht: 0,60938,3,4,6,02,14,7,0,0,0,1,1,0,,0
"POINT (13.845545549000065 51.128284790000066)",Unfall 60939 (2017) Kat:2, Licht: 0,60939,2,1,0,02,08,7,2,0,1,0,0,0,,0
"POINT (13.722080008000034 51.046519902000057)",Unfall 60959 (2017) Kat:2, Licht: 0,60959,2,6,3,03,17,6,0,0,0,1,0,1,,0
"POINT (13.634241582000072 51.087392421000061)",Unfall 60981 (2017) Kat:3, Licht: 2,60981,3,1,4,02,05,4,2,2,0,1,0,0,,1
"POINT (13.622827810000047 51.038276490000044)",Unfall 60994 (2017) Kat:3, Licht: 0,60994,3,6,2,03,07,5,0,0,0,1,0,0,,0
"POINT (13.819784125000069 51.050936685000067)",Unfall 61004 (2017) Kat:3, Licht: 2,61004,3,4,6,03,18,4,1,2,0,0,1,0,,1
"POINT (13.729833410000026 51.082688954000048)",Unfall 61006 (2017) Kat:3, Licht: 2,61006,3,3,5,01,05,3,1,2,0,1,0,0,,0
"POINT (13.771651479000070 51.105484638000064)",Unfall 61007 (2017) Kat:3, Licht: 0,61007,3,1,9,01,07,3,1,0,0,1,0,0,,0
"POINT (13.769587982000075 51.116635095000049)",Unfall 61008 (2017) Kat:3, Licht: 0,61008,3,6,2,01,14,3,2,0,0,1,0,0,,0
"POINT (13.628677865000043 51.086810507000052)",Unfall 61012 (2017) Kat:3, Licht: 0,61012,3,7,6,02,08,6,0,0,0,1,1,0,,0
"POINT (13.713411617000077 51.062870937000071)",Unfall 61019 (2017) Kat:3, Licht: 2,61019,3,1,8,03,22,4,1,2,0,1,0,0,,0
"POINT (13.895613576000073 51.064684361000047)",Unfall 61023 (2017) Kat:3, Licht: 2,61023,3,7,6,02,21,6,1,2,0,1,0,0,,1
"POINT (13.694355372000075 51.043116796000049)",Unfall 61036 (2017) Kat:3, Licht: 0,61036,3,6,2,01,08,2,2,0,0,1,0,0,,0
"POINT (13.701948513000048 51.059161626000048)",Unfall 61037 (2017) Kat:3, Licht: 0,61037,3,7,1,03,11,6,0,0,0,1,0,0,,0
"POINT (13.793619284000044 51.001772964000054)",Unfall 61038 (2017) Kat:3, Licht: 0,61038,3,6,1,01,11,2,0,0,0,1,0,0,,1
"POINT (13.662074780000069 51.035488914000041)",Unfall 61039 (2017) Kat:2, Licht: 0,61039,2,1,8,01,16,2,2,0,0,1,0,0,,0
"POINT (13.748541244000023 51.128716791000045)",Unfall 61044 (2017) Kat:3, Licht: 0,61044,3,1,7,02,14,6,0,0,0,1,0,0,,0
"POINT (13.921775459000060 51.061028439000040)",Unfall 61045 (2017) Kat:2, Licht: 2,61045,2,1,8,02,19,6,2,2,0,1,0,0,,0
"POINT (13.690100120000068 51.061724162000075)",Unfall 61046 (2017) Kat:3, Licht: 1,61046,3,6,2,03,17,4,1,1,0,1,0,0,,0
"POINT (13.739178824000021 51.065707652000071)",Unfall 61063 (2017) Kat:2, Licht: 2,61063,2,1,8,01,23,7,0,2,0,1,0,0,,0
"POINT (13.622829098000068 51.038276303000032)",Unfall 61066 (2017) Kat:3, Licht: 0,61066,3,6,2,03,07,5,0,0,0,1,0,0,,0
"POINT (13.734706580000022 51.107719922000058)",Unfall 61086 (2017) Kat:3, Licht: 2,61086,3,6,2,04,22,6,0,2,0,1,0,0,,0
"POINT (13.735897152000064 51.098806787000058)",Unfall 61096 (2017) Kat:2, Licht: 0,61096,2,6,3,04,07,6,1,0,0,1,0,0,,0
"POINT (13.735902570000064 51.098775621000073)",Unfall 61098 (2017) Kat:2, Licht: 0,61098,2,6,2,04,07,6,1,0,0,1,0,0,,0
"POINT (13.583965367000076 51.062192375000052)",Unfall 61099 (2017) Kat:3, Licht: 0,61099,3,6,3,03,19,1,0,0,0,1,0,0,,0
"POINT (13.716490181000040 51.077620251000042)",Unfall 61100 (2017) Kat:3, Licht: 0,61100,3,3,5,03,14,1,0,0,1,1,0,0,,0
"POINT (13.746162360000028 51.057477939000080)",Unfall 61120 (2017) Kat:3, Licht: 0,61120,3,6,2,04,08,2,0,0,0,1,0,1,,0
"POINT (13.877224191000039 51.060086123000076)",Unfall 61124 (2017) Kat:3, Licht: 0,61124,3,6,2,03,17,7,0,0,0,1,0,0,,1
"POINT (13.768317688000025 51.019786883000052)",Unfall 61135 (2017) Kat:2, Licht: 0,61135,2,6,2,04,10,2,0,0,0,1,0,0,,0
"POINT (13.708445273000052 51.061606440000048)",Unfall 61136 (2017) Kat:3, Licht: 0,61136,3,3,5,03,15,4,0,0,0,1,0,0,,0
"POINT (13.766267895000055 51.020786694000037)",Unfall 61139 (2017) Kat:3, Licht: 0,61139,3,3,5,03,11,4,0,0,0,1,0,0,,1
"POINT (13.838824738000028 51.062259186000063)",Unfall 61156 (2017) Kat:2, Licht: 0,61156,2,6,6,03,15,6,0,0,1,1,1,0,,0
"POINT (13.838653554000075 51.033606917000043)",Unfall 61161 (2017) Kat:2, Licht: 2,61161,2,2,5,03,19,6,0,2,0,1,0,0,,0
"POINT (13.689327359000060 51.067902485000047)",Unfall 61170 (2017) Kat:3, Licht: 0,61170,3,6,2,03,11,4,0,0,0,1,0,0,,0
"POINT (13.721435387000042 51.034374344000071)",Unfall 61178 (2017) Kat:3, Licht: 2,61178,3,3,5,03,20,5,0,2,1,1,0,0,,0
"POINT (13.737168738000037 51.063252110000064)",Unfall 61194 (2017) Kat:3, Licht: 0,61194,3,2,5,03,14,4,0,0,1,1,0,0,,0
"POINT (13.676607574000059 51.064773186000082)",Unfall 61197 (2017) Kat:3, Licht: 0,61197,3,3,5,03,14,4,0,0,1,1,0,0,,0
"POINT (13.734724560000075 51.061751529000048)",Unfall 61225 (2017) Kat:2, Licht: 0,61225,2,1,9,04,17,4,0,0,0,1,1,0,,0
"POINT (13.677054507000037 51.064356192000048)",Unfall 61227 (2017) Kat:3, Licht: 0,61227,3,6,1,04,14,5,0,0,0,1,0,0,,0
"POINT (13.768168774000060 51.015858007000077)",Unfall 61230 (2017) Kat:2, Licht: 0,61230,2,3,5,04,11,5,0,0,1,1,0,0,,0
"POINT (13.723641688000043 51.045314241000028)",Unfall 61233 (2017) Kat:2, Licht: 0,61233,2,2,2,04,06,5,0,0,1,0,0,0,,0
"POINT (13.721484250000060 51.041905114000031)",Unfall 61235 (2017) Kat:3, Licht: 0,61235,3,3,5,03,10,3,0,0,1,1,0,0,,0
"POINT (13.720619510000063 51.049232518000053)",Unfall 61236 (2017) Kat:3, Licht: 0,61236,3,3,2,03,07,3,0,0,1,1,0,0,,0
"POINT (13.715862045000051 51.101519255000028)",Unfall 61237 (2017) Kat:2, Licht: 0,61237,2,1,9,03,13,3,0,0,0,1,0,0,,0
"POINT (13.722897362000026 51.074637868000082)",Unfall 61244 (2017) Kat:3, Licht: 0,61244,3,6,2,04,11,1,0,0,0,1,0,0,,0
"POINT (13.686421000000053 51.022358203000067)",Unfall 61250 (2017) Kat:3, Licht: 0,61250,3,2,2,04,15,2,0,0,0,1,0,0,,1
"POINT (13.702690232000066 51.061370825000040)",Unfall 61278 (2017) Kat:3, Licht: 2,61278,3,1,7,04,23,7,0,2,1,0,0,0,,0
"POINT (13.739053702000035 51.073932602000070)",Unfall 61283 (2017) Kat:3, Licht: 0,61283,3,2,5,03,15,2,0,0,1,1,0,0,,0
"POINT (13.746977642000047 51.066038810000066)",Unfall 61285 (2017) Kat:3, Licht: 0,61285,3,3,5,03,10,2,1,0,1,1,0,0,,0
"POINT (13.672872706000021 51.073492963000035)",Unfall 61286 (2017) Kat:2, Licht: 0,61286,2,6,2,03,16,2,0,0,0,0,0,0,,1
"POINT (13.753013975000044 51.073932780000064)",Unfall 61287 (2017) Kat:2, Licht: 0,61287,2,4,6,03,15,2,0,0,0,1,1,0,,0
"POINT (13.825798879000047 51.062314723000043)",Unfall 61299 (2017) Kat:3, Licht: 0,61299,3,1,9,03,16,1,1,0,0,1,0,0,,0
"POINT (13.717042820000074 51.077375201000052)",Unfall 61324 (2017) Kat:3, Licht: 2,61324,3,4,6,04,22,4,1,2,0,1,1,0,,0
"POINT (13.691951664000044 51.084361327000067)",Unfall 61331 (2017) Kat:2, Licht: 0,61331,2,3,5,03,16,7,0,0,0,1,0,0,,0
"POINT (13.694162046000031 51.043092808000040)",Unfall 61332 (2017) Kat:3, Licht: 2,61332,3,6,2,03,20,7,0,2,0,1,0,0,,0
"POINT (13.713290218000054 51.081199102000028)",Unfall 61342 (2017) Kat:3, Licht: 0,61342,3,2,5,04,08,4,0,0,1,0,0,0,,1
"POINT (13.768370146000052 51.014979679000078)",Unfall 61345 (2017) Kat:3, Licht: 0,61345,3,1,1,04,13,4,0,0,0,1,0,0,,0
"POINT (13.702532675000043 51.090334672000040)",Unfall 61346 (2017) Kat:3, Licht: 0,61346,3,1,0,03,16,6,1,0,1,0,0,0,,0
"POINT (13.759864774000050 51.081335005000028)",Unfall 61348 (2017) Kat:2, Licht: 0,61348,2,3,5,03,15,6,0,0,1,1,0,0,,0
"POINT (13.734583370000053 51.061689896000075)",Unfall 61352 (2017) Kat:3, Licht: 0,61352,3,1,4,04,07,6,1,0,0,1,0,0,,0
"POINT (13.774185855000042 51.109367240000040)",Unfall 61368 (2017) Kat:3, Licht: 0,61368,3,2,5,03,07,5,1,0,1,0,0,0,,1
"POINT (13.783985193000035 51.155686153000033)",Unfall 61372 (2017) Kat:2, Licht: 0,61372,2,6,2,03,14,6,0,0,0,1,0,0,,0
"POINT (13.746800428000029 51.051503145000027)",Unfall 61390 (2017) Kat:3, Licht: 2,61390,3,6,2,03,19,5,0,2,0,1,0,1,,0
"POINT (13.739420969000037 51.044728273000032)",Unfall 61391 (2017) Kat:3, Licht: 0,61391,3,6,1,03,12,5,0,0,0,1,0,0,,0
"POINT (13.798364473000049 51.164468087000046)",Unfall 61431 (2017) Kat:3, Licht: 0,61431,3,6,2,03,14,4,0,0,0,1,0,0,,0
"POINT (13.599898256000074 51.104227062000064)",Unfall 61436 (2017) Kat:3, Licht: 0,61436,3,3,5,03,17,4,0,0,0,1,0,0,,0
"POINT (13.736942494000061 51.093257001000040)",Unfall 61443 (2017) Kat:3, Licht: 0,61443,3,6,2,03,16,5,0,0,1,1,0,0,,0
"POINT (13.694759826000052 51.060885373000076)",Unfall 61445 (2017) Kat:3, Licht: 0,61445,3,6,2,03,16,4,0,0,0,1,0,0,,0
"POINT (13.713290218000054 51.081199102000028)",Unfall 61446 (2017) Kat:2, Licht: 0,61446,2,2,5,03,07,4,0,0,1,1,0,0,,0
"POINT (13.720530171000064 51.093032373000028)",Unfall 61467 (2017) Kat:3, Licht: 0,61467,3,3,5,04,13,2,0,0,1,0,0,1,,0
"POINT (13.730398396000055 51.069293687000027)",Unfall 61474 (2017) Kat:3, Licht: 2,61474,3,3,5,03,20,3,0,2,0,1,0,0,,0
"POINT (13.722701029000063 51.127924598000050)",Unfall 61475 (2017) Kat:3, Licht: 0,61475,3,6,2,03,08,3,0,0,0,1,0,0,,0
"POINT (13.689524092000056 51.069295442000055)",Unfall 61487 (2017) Kat:3, Licht: 0,61487,3,6,0,03,12,2,0,0,0,1,0,0,,1
"POINT (13.718068995000067 51.035881818000064)",Unfall 61488 (2017) Kat:3, Licht: 0,61488,3,2,5,03,17,2,0,0,1,1,0,0,,0
"POINT (13.634116278000022 51.069582051000054)",Unfall 61489 (2017) Kat:3, Licht: 0,61489,3,6,3,03,13,2,0,0,0,1,0,0,,1
"POINT (13.808822146000068 50.977521420000073)",Unfall 61490 (2017) Kat:3, Licht: 2,61490,3,2,5,03,05,2,0,2,0,1,0,0,,0
"POINT (13.737320649000026 51.085381511000037)",Unfall 61491 (2017) Kat:2, Licht: 0,61491,2,3,5,03,13,2,0,0,0,1,0,0,,1
"POINT (13.848096219000070 51.061826909000047)",Unfall 61497 (2017) Kat:3, Licht: 0,61497,3,3,5,04,09,1,0,0,0,1,0,0,,0
"POINT (13.736382645000049 51.095971438000049)",Unfall 61515 (2017) Kat:2, Licht: 0,61515,2,6,2,03,14,1,0,0,0,1,0,0,,0
"POINT (13.727951668000060 51.043376973000079)",Unfall 61519 (2017) Kat:3, Licht: 0,61519,3,3,3,03,08,3,0,0,1,0,0,0,,1
"POINT (13.737050988000021 51.063199520000069)",Unfall 61542 (2017) Kat:3, Licht: 0,61542,3,6,2,03,16,5,0,0,0,1,0,0,,0
"POINT (13.729377045000035 51.070396787000050)",Unfall 61549 (2017) Kat:2, Licht: 0,61549,2,3,5,04,06,2,0,0,0,1,0,1,,0
"POINT (13.710081338000066 51.061590622000040)",Unfall 61567 (2017) Kat:3, Licht: 0,61567,3,3,5,03,13,6,1,0,0,1,0,0,,0
"POINT (13.713778172000048 51.080493929000056)",Unfall 61589 (2017) Kat:3, Licht: 0,61589,3,1,0,04,12,3,1,0,0,0,0,1,,0
"POINT (13.768280339000057 51.019833135000056)",Unfall 61590 (2017) Kat:3, Licht: 0,61590,3,2,5,04,13,3,0,0,0,1,0,1,,0
"POINT (13.755347152000070 51.076452840000059)",Unfall 61610 (2017) Kat:3, Licht: 0,61610,3,6,0,04,12,3,1,0,0,0,0,1,,1
"POINT (13.821765934000041 51.085409103000075)",Unfall 61614 (2017) Kat:3, Licht: 0,61614,3,1,9,03,07,5,1,0,0,0,0,1,,0
"POINT (13.683070958000030 51.061830196000074)",Unfall 61635 (2017) Kat:3, Licht: 0,61635,3,6,3,03,15,4,1,0,1,0,0,0,,0
"POINT (13.756247450000046 51.025857041000052)",Unfall 61638 (2017) Kat:3, Licht: 1,61638,3,7,0,03,17,4,0,1,1,0,0,0,,0
"POINT (13.772844542000030 51.066797574000077)",Unfall 61641 (2017) Kat:2, Licht: 0,61641,2,2,5,03,17,4,0,0,1,1,0,0,,0
"POINT (13.806328362000045 51.080372278000027)",Unfall 61644 (2017) Kat:2, Licht: 0,61644,2,4,6,03,15,4,0,0,0,1,1,0,,0
"POINT (13.836513577000062 51.088467694000030)",Unfall 61647 (2017) Kat:3, Licht: 0,61647,3,1,4,03,12,4,0,0,0,1,0,0,,0
"POINT (13.721341903000052 51.041811085000063)",Unfall 61662 (2017) Kat:3, Licht: 0,61662,3,6,2,03,07,3,1,0,0,1,0,0,,0
"POINT (13.763255549000064 51.120653187000073)",Unfall 61674 (2017) Kat:3, Licht: 2,61674,3,6,4,03,05,2,0,2,1,0,0,0,,0
"POINT (13.844682041000056 51.061876374000065)",Unfall 61675 (2017) Kat:3, Licht: 0,61675,3,6,2,03,08,2,0,0,0,1,0,0,,0
"POINT (13.756968779000033 51.025506404000055)",Unfall 61676 (2017) Kat:2, Licht: 2,61676,2,3,5,03,21,2,0,2,0,1,0,0,,1
"POINT (13.718959559000041 51.096614749000082)",Unfall 61686 (2017) Kat:3, Licht: 0,61686,3,4,6,03,16,2,1,0,0,1,1,0,,0
"POINT (13.701943343000039 51.059162289000028)",Unfall 61687 (2017) Kat:3, Licht: 0,61687,3,7,0,03,12,2,1,0,1,1,0,0,,0
"POINT (13.777179681000064 51.067569798000079)",Unfall 61688 (2017) Kat:3, Licht: 0,61688,3,2,3,03,12,2,1,0,0,1,0,0,,0
"POINT (13.729357544000038 51.083157861000075)",Unfall 61690 (2017) Kat:3, Licht: 0,61690,3,3,5,03,08,2,0,0,1,0,0,0,,1
"POINT (13.786819931000025 51.157600406000029)",Unfall 61691 (2017) Kat:3, Licht: 0,61691,3,6,2,04,09,2,0,0,0,0,0,0,,1
"POINT (13.816676565000023 51.054767250000054)",Unfall 61711 (2017) Kat:3, Licht: 0,61711,3,6,2,03,10,6,0,0,0,1,0,0,,0
"POINT (13.816639312000063 51.054654392000032)",Unfall 61753 (2017) Kat:2, Licht: 0,61753,2,1,9,04,14,4,1,0,1,0,0,0,,0
"POINT (13.795585185000050 51.150138280000078)",Unfall 61757 (2017) Kat:3, Licht: 0,61757,3,6,4,04,17,4,0,0,0,1,0,0,,1
"POINT (13.747209861000044 51.051211457000079)",Unfall 61772 (2017) Kat:3, Licht: 0,61772,3,6,2,06,19,7,1,0,0,1,0,0,,0
"POINT (13.742018586000029 51.064675400000056)",Unfall 61841 (2017) Kat:2, Licht: 0,61841,2,3,5,05,15,6,0,0,1,1,0,0,,0
"POINT (13.740311800000029 51.064698579000037)",Unfall 61842 (2017) Kat:3, Licht: 0,61842,3,3,5,05,15,6,0,0,0,1,0,0,,0
"POINT (13.620969213000024 51.066499323000073)",Unfall 61844 (2017) Kat:3, Licht: 0,61844,3,6,3,05,07,6,0,0,0,1,0,0,,1
"POINT (13.861504879000051 51.015122926000060)",Unfall 61846 (2017) Kat:2, Licht: 0,61846,2,1,1,05,10,6,0,0,1,0,0,0,,1
"POINT (13.726777271000060 51.085660289000032)",Unfall 61911 (2017) Kat:3, Licht: 0,61911,3,2,0,05,08,5,0,0,0,0,0,0,,1
"POINT (13.740277453000033 51.064769881000075)",Unfall 61914 (2017) Kat:3, Licht: 0,61914,3,2,2,05,17,5,0,0,0,1,0,0,,0
"POINT (13.722182147000069 51.054062276000082)",Unfall 61916 (2017) Kat:3, Licht: 0,61916,3,1,0,05,11,5,0,0,1,0,0,0,,0
"POINT (13.722559595000064 51.090752629000065)",Unfall 61917 (2017) Kat:2, Licht: 0,61917,2,2,5,05,14,5,0,0,0,1,0,0,,1
"POINT (13.715542227000071 51.099228151000034)",Unfall 61932 (2017) Kat:3, Licht: 0,61932,3,3,5,04,18,2,0,0,0,1,0,1,,0
"POINT (13.723199049000073 51.045539706000056)",Unfall 61934 (2017) Kat:3, Licht: 0,61934,3,6,3,04,16,2,0,0,0,1,0,1,,0
"POINT (13.632443136000063 51.039702116000058)",Unfall 61936 (2017) Kat:2, Licht: 0,61936,2,3,5,04,10,2,0,0,0,1,0,0,,1
"POINT (13.734004259000073 51.074982855000030)",Unfall 61937 (2017) Kat:3, Licht: 0,61937,3,2,5,04,13,2,0,0,1,1,0,0,,0
"POINT (13.869905778000032 51.048204899000041)",Unfall 61987 (2017) Kat:2, Licht: 0,61987,2,3,5,06,19,5,0,0,1,1,0,0,,0
"POINT (13.779538145000060 51.066933739000035)",Unfall 62016 (2017) Kat:2, Licht: 0,62016,2,3,5,05,15,2,0,0,1,1,0,0,,0
"POINT (13.671287987000028 51.070897683000055)",Unfall 62018 (2017) Kat:2, Licht: 0,62018,2,1,0,05,19,4,0,0,1,0,0,0,,0
"POINT (13.745708156000035 51.049398668000038)",Unfall 62019 (2017) Kat:3, Licht: 0,62019,3,1,0,05,08,4,0,0,0,0,0,1,,0
"POINT (13.713131096000041 51.081434264000052)",Unfall 62039 (2017) Kat:3, Licht: 0,62039,3,6,2,05,19,2,0,0,0,1,0,0,,0
"POINT (13.776903453000045 51.013099631000046)",Unfall 62088 (2017) Kat:3, Licht: 0,62088,3,6,4,05,13,2,0,0,1,0,0,0,,0
"POINT (13.736406771000077 51.063834811000049)",Unfall 62091 (2017) Kat:3, Licht: 0,62091,3,2,2,05,15,2,0,0,0,1,0,0,,0
"POINT (13.761298080000074 51.083374798000079)",Unfall 62092 (2017) Kat:3, Licht: 0,62092,3,1,0,05,16,6,0,0,1,0,0,0,,0
"POINT (13.732030412000029 51.036140618000047)",Unfall 62100 (2017) Kat:3, Licht: 0,62100,3,6,1,05,08,3,0,0,0,1,0,0,,0
"POINT (13.768258139000068 51.019859092000047)",Unfall 62107 (2017) Kat:3, Licht: 0,62107,3,2,5,05,07,3,0,0,1,1,0,0,,0
"POINT (13.739365161000023 51.078705453000055)",Unfall 62108 (2017) Kat:2, Licht: 0,62108,2,3,5,05,06,6,0,0,1,0,0,0,,0
"POINT (13.748813217000077 51.129593604000036)",Unfall 62109 (2017) Kat:3, Licht: 0,62109,3,6,3,05,08,3,0,0,0,1,0,0,,1
"POINT (13.746698737000031 51.051383032000047)",Unfall 62111 (2017) Kat:3, Licht: 0,62111,3,3,5,05,12,3,0,0,0,1,0,0,,0
"POINT (13.701706831000024 51.031052280000040)",Unfall 62135 (2017) Kat:3, Licht: 0,62135,3,6,2,04,13,1,0,0,0,1,0,0,,0
"POINT (13.759395740000059 51.063617530000045)",Unfall 62138 (2017) Kat:2, Licht: 0,62138,2,7,0,04,17,1,0,0,0,1,0,1,,0
"POINT (13.692830878000052 51.042921271000068)",Unfall 62148 (2017) Kat:3, Licht: 0,62148,3,7,0,05,16,2,0,0,1,0,0,0,,0
"POINT (13.733049656000048 51.066610799000046)",Unfall 62150 (2017) Kat:3, Licht: 0,62150,3,6,3,06,09,5,0,0,1,1,0,0,,0
"POINT (13.760466981000036 51.082178925000051)",Unfall 62151 (2017) Kat:3, Licht: 0,62151,3,1,0,05,09,2,0,0,1,0,0,0,,0
"POINT (13.745419959000060 51.049065239000072)",Unfall 62153 (2017) Kat:3, Licht: 0,62153,3,6,3,05,08,4,0,0,1,0,0,0,,0
"POINT (13.875705226000036 51.060370093000074)",Unfall 62156 (2017) Kat:3, Licht: 0,62156,3,5,3,04,13,6,0,0,0,1,0,0,,0
"POINT (13.647895066000046 51.071553912000070)",Unfall 62160 (2017) Kat:2, Licht: 0,62160,2,1,9,04,09,6,0,0,0,0,0,0,,1
"POINT (13.736862945000041 51.063105242000063)",Unfall 62177 (2017) Kat:3, Licht: 0,62177,3,4,6,04,14,5,0,0,0,1,1,0,,0
"POINT (13.738957786000071 51.066988867000077)",Unfall 62184 (2017) Kat:3, Licht: 0,62184,3,6,2,05,16,2,0,0,0,1,0,0,,0
"POINT (13.746698737000031 51.051383032000047)",Unfall 62186 (2017) Kat:3, Licht: 0,62186,3,3,5,05,09,2,0,0,0,1,0,0,,0
"POINT (13.721814113000050 51.102892513000029)",Unfall 62188 (2017) Kat:3, Licht: 0,62188,3,6,2,05,06,2,0,0,0,1,0,0,,1
"POINT (13.760158382000043 51.023297544000059)",Unfall 62190 (2017) Kat:3, Licht: 0,62190,3,2,5,05,11,2,0,0,1,1,0,0,,0
"POINT (13.698989660000052 51.059569061000047)",Unfall 62191 (2017) Kat:3, Licht: 0,62191,3,2,5,05,14,2,0,0,1,1,0,0,,0
"POINT (13.783881484000062 51.114206815000045)",Unfall 62218 (2017) Kat:2, Licht: 0,62218,2,7,0,06,07,6,0,0,1,1,0,0,,0
"POINT (13.723210764000044 51.089837945000056)",Unfall 62234 (2017) Kat:3, Licht: 0,62234,3,2,5,06,14,6,0,0,1,0,0,0,,1
"POINT (13.713832988000036 51.080420418000074)",Unfall 62244 (2017) Kat:3, Licht: 1,62244,3,1,0,04,20,4,0,1,1,0,0,0,,0
"POINT (13.804438298000036 50.994574760000035)",Unfall 62246 (2017) Kat:3, Licht: 0,62246,3,6,2,05,15,6,0,0,0,1,0,0,,0
"POINT (13.733357837000028 51.038916916000062)",Unfall 62247 (2017) Kat:3, Licht: 0,62247,3,2,5,04,18,4,0,0,1,1,0,0,,0
"POINT (13.652210560000071 51.071529728000030)",Unfall 62249 (2017) Kat:3, Licht: 0,62249,3,6,2,04,13,4,0,0,0,1,0,0,,1
"POINT (13.720369747000063 51.093245895000052)",Unfall 62261 (2017) Kat:3, Licht: 0,62261,3,2,3,05,16,6,0,0,1,1,0,0,,0
"POINT (13.696861930000068 51.043373602000031)",Unfall 62262 (2017) Kat:3, Licht: 0,62262,3,1,0,05,14,1,1,0,0,0,0,1,,0
"POINT (13.688472026000056 51.022825560000058)",Unfall 62264 (2017) Kat:3, Licht: 0,62264,3,1,8,05,16,1,0,0,0,0,0,1,,0
"POINT (13.862048374000040 51.103103154000053)",Unfall 62265 (2017) Kat:2, Licht: 0,62265,2,1,8,05,14,7,0,0,0,1,0,0,,0
"POINT (13.806301092000069 51.065481966000050)",Unfall 62266 (2017) Kat:3, Licht: 0,62266,3,1,3,05,13,1,1,0,0,1,0,0,,1
"POINT (13.719437491000065 51.076372332000062)",Unfall 62268 (2017) Kat:3, Licht: 0,62268,3,4,6,05,14,1,1,0,0,1,1,0,,0
"POINT (13.739308193000056 51.073961541000074)",Unfall 62277 (2017) Kat:3, Licht: 0,62277,3,3,5,06,09,5,0,0,1,1,0,0,,0
"POINT (13.735191523000026 51.073389808000059)",Unfall 62282 (2017) Kat:3, Licht: 0,62282,3,2,5,05,15,4,0,0,1,1,0,0,,0
"POINT (13.688293472000055 51.040750354000068)",Unfall 62304 (2017) Kat:3, Licht: 2,62304,3,3,5,06,22,5,0,2,1,1,0,0,,0
"POINT (13.698276609000061 51.093447816000037)",Unfall 62306 (2017) Kat:3, Licht: 0,62306,3,7,0,05,15,4,0,0,1,0,0,0,,0
"POINT (13.702024549000043 51.090783263000048)",Unfall 62311 (2017) Kat:2, Licht: 0,62311,2,1,0,05,21,1,0,0,1,0,0,0,,0
"POINT (13.644469210000068 51.085434906000046)",Unfall 62329 (2017) Kat:3, Licht: 0,62329,3,6,2,05,10,5,0,0,0,1,0,0,,0
"POINT (13.701574004000065 51.030591882000067)",Unfall 62334 (2017) Kat:3, Licht: 0,62334,3,3,5,05,09,7,0,0,1,1,0,0,,0
"POINT (13.745361212000034 51.049000240000055)",Unfall 62335 (2017) Kat:3, Licht: 0,62335,3,3,5,05,10,7,0,0,0,1,0,0,,0
"POINT (13.722210397000026 51.054094086000077)",Unfall 62364 (2017) Kat:3, Licht: 0,62364,3,2,5,05,07,4,0,0,0,1,0,0,,0
"POINT (13.855091751000032 51.061376809000080)",Unfall 62366 (2017) Kat:3, Licht: 0,62366,3,7,0,06,07,5,1,0,0,0,0,1,,0
"POINT (13.706541082000058 51.028698785000074)",Unfall 62370 (2017) Kat:3, Licht: 0,62370,3,3,5,04,10,3,0,0,1,1,0,0,,0
"POINT (13.678128710000067 51.049354941000047)",Unfall 62372 (2017) Kat:3, Licht: 0,62372,3,2,2,04,16,6,1,0,0,1,0,0,,0
"POINT (13.741206567000063 51.046313418000068)",Unfall 62374 (2017) Kat:3, Licht: 0,62374,3,2,5,04,15,3,1,0,1,0,0,0,,1
"POINT (13.652902256000061 51.082374898000069)",Unfall 62395 (2017) Kat:3, Licht: 0,62395,3,3,5,05,08,6,0,0,0,1,0,0,,1
"POINT (13.705626439000071 51.051118838000036)",Unfall 62397 (2017) Kat:3, Licht: 0,62397,3,6,2,05,07,6,0,0,0,1,0,1,,0
"POINT (13.737491276000071 51.087110129000052)",Unfall 62399 (2017) Kat:2, Licht: 0,62399,2,1,2,05,18,6,1,0,1,1,0,0,,0
"POINT (13.751912765000043 51.062971314000038)",Unfall 62401 (2017) Kat:3, Licht: 0,62401,3,2,4,05,09,6,0,0,1,1,0,0,,0
"POINT (13.871953232000067 51.012148714000034)",Unfall 62405 (2017) Kat:3, Licht: 0,62405,3,7,7,04,11,6,0,0,0,0,0,0,,1
"POINT (13.758983579000073 51.080032172000074)",Unfall 62424 (2017) Kat:3, Licht: 0,62424,3,6,2,04,16,6,0,0,0,1,0,0,,0
"POINT (13.788555880000047 51.070224585000062)",Unfall 62426 (2017) Kat:3, Licht: 0,62426,3,2,5,04,10,6,0,0,1,1,0,0,,0
"POINT (13.759090888000060 51.024078824000071)",Unfall 62435 (2017) Kat:2, Licht: 0,62435,2,7,0,04,07,6,0,0,1,1,0,0,,0