WKT,Name,OBJECTID,UKATEGORIE,UTYP1,UART,UMONAT,USTUNDE,UWOCHENTAG,STRZUSTAND,ULICHTVERH,ISTRAD,ISTPKW,ISTFUSS,ISTKRAD,ISTGKFZ,ISTSONSTIG
"POINT (13.750694152000051 51.071375738000029)",Unfall 62439 (2017) Kat:3, Licht: 0,62439,3,2,5,04,16,6,0,0,1,1,0,0,,0
"POINT (13.722585915000025 51.014275754000039)",Unfall 62447 (2017) Kat:3, Licht: 0,62447,3,6,2,05,10,1,0,0,0,1,0,0,,0
"POINT (13.727621749000036 51.104662034000057)",Unfall 62455 (2017) Kat:3, Licht: 0,62455,3,6,2,05,12,2,0,0,0,1,0,0,,0
"POINT (13.750142641000025 51.132860552000068)",Unfall 62469 (2017) Kat:2, Licht: 0,62469,2,6,3,05,13,2,0,0,0,0,0,1,,1
"POINT (13.614373436000051 51.038334073000044)",Unfall 62494 (2017) Kat:3, Licht: 0,62494,3,6,2,05,16,5,0,0,0,1,0,0,,0
"POINT (13.737522279000075 51.087199761000079)",Unfall 62495 (2017) Kat:3, Licht: 2,62495,3,1,0,05,01,4,0,2,1,0,0,0,,0
"POINT (13.766918415000077 51.020644939000078)",Unfall 62496 (2017) Kat:3, Licht: 0,62496,3,6,3,05,13,5,0,0,0,0,0,1,,1
"POINT (13.735032599000021 51.104812624000033)",Unfall 62499 (2017) Kat:3, Licht: 0,62499,3,6,2,05,14,3,0,0,0,1,0,0,,1
"POINT (13.703441145000056 51.088558792000072)",Unfall 62501 (2017) Kat:2, Licht: 0,62501,2,3,5,05,19,5,0,0,0,0,0,1,,1
"POINT (13.680998668000029 51.048638679000078)",Unfall 62512 (2017) Kat:2, Licht: 0,62512,2,3,5,04,15,7,1,0,0,1,0,0,,1
"POINT (13.703581642000074 51.034618521000027)",Unfall 62526 (2017) Kat:2, Licht: 0,62526,2,2,5,06,19,5,0,0,1,1,0,0,,0
"POINT (13.745627409000065 51.049298088000057)",Unfall 62530 (2017) Kat:3, Licht: 0,62530,3,3,5,05,15,4,0,0,0,1,0,0,,0
"POINT (13.719200627000077 51.076465998000060)",Unfall 62568 (2017) Kat:3, Licht: 0,62568,3,3,5,05,16,4,0,0,0,1,0,0,,0
"POINT (13.739943815000061 51.064554224000062)",Unfall 62569 (2017) Kat:3, Licht: 0,62569,3,2,5,05,17,4,0,0,1,1,0,0,,0
"POINT (13.747397913000043 51.052633264000065)",Unfall 62570 (2017) Kat:3, Licht: 0,62570,3,1,0,05,17,4,0,0,0,0,0,1,,0
"POINT (13.747134827000025 51.054453649000038)",Unfall 62612 (2017) Kat:3, Licht: 0,62612,3,1,0,04,18,6,0,0,1,0,0,0,,0
"POINT (13.761247239000056 51.063929894000069)",Unfall 62618 (2017) Kat:3, Licht: 0,62618,3,3,5,04,14,6,0,0,1,1,0,0,,0
"POINT (13.718549167000049 51.039296873000069)",Unfall 62623 (2017) Kat:3, Licht: 0,62623,3,5,1,05,10,2,0,0,0,1,0,0,,1
"POINT (13.702237888000070 51.043758319000062)",Unfall 62630 (2017) Kat:3, Licht: 0,62630,3,4,0,05,06,3,0,0,0,0,1,0,,1
"POINT (13.692999261000068 51.022681596000041)",Unfall 62631 (2017) Kat:2, Licht: 0,62631,2,6,3,05,17,3,0,0,0,1,0,0,,0
"POINT (13.722988253000040 51.033332797000071)",Unfall 62632 (2017) Kat:3, Licht: 0,62632,3,5,1,05,16,3,0,0,1,1,0,0,,0
"POINT (13.836517777000040 51.088475193000079)",Unfall 62635 (2017) Kat:2, Licht: 2,62635,2,6,6,05,22,3,1,2,0,0,1,0,,1
"POINT (13.734378056000025 51.061616013000048)",Unfall 62639 (2017) Kat:2, Licht: 0,62639,2,7,3,05,13,3,0,0,1,1,0,0,,0
"POINT (13.741882743000076 51.046175704000063)",Unfall 62640 (2017) Kat:3, Licht: 0,62640,3,7,0,05,15,3,0,0,0,1,0,0,,1
"POINT (13.721484820000057 51.041905337000060)",Unfall 62644 (2017) Kat:3, Licht: 0,62644,3,3,5,05,17,2,0,0,1,1,0,0,,0
"POINT (13.748303307000072 51.127817911000079)",Unfall 62647 (2017) Kat:3, Licht: 0,62647,3,6,3,05,12,3,0,0,0,1,0,0,,1
"POINT (13.686153228000023 51.062249934000079)",Unfall 62657 (2017) Kat:2, Licht: 0,62657,2,4,6,05,14,6,0,0,0,0,1,1,,0
"POINT (13.745792395000024 51.124237184000037)",Unfall 62670 (2017) Kat:3, Licht: 0,62670,3,3,5,05,11,2,1,0,0,1,0,0,,0
"POINT (13.731215461000033 51.034340225000051)",Unfall 62675 (2017) Kat:3, Licht: 0,62675,3,2,2,05,07,2,0,0,1,1,0,0,,0
"POINT (13.716169765000075 51.037366611000039)",Unfall 62690 (2017) Kat:3, Licht: 0,62690,3,1,9,05,15,6,0,0,1,0,0,0,,0
"POINT (13.731089784000062 51.024671724000029)",Unfall 62695 (2017) Kat:3, Licht: 2,62695,3,7,1,05,00,1,0,2,0,1,0,0,,1
"POINT (13.786455039000032 51.068332035000026)",Unfall 62711 (2017) Kat:3, Licht: 0,62711,3,6,2,04,15,5,0,0,0,1,0,0,,0
"POINT (13.854854832000058 51.061886131000051)",Unfall 62712 (2017) Kat:3, Licht: 0,62712,3,6,2,04,13,5,1,0,0,1,0,0,,0
"POINT (13.774784806000071 51.013685550000048)",Unfall 62720 (2017) Kat:3, Licht: 0,62720,3,6,2,05,06,5,0,0,0,1,0,0,,1
"POINT (13.713655365000022 51.080664709000075)",Unfall 62732 (2017) Kat:3, Licht: 0,62732,3,2,5,05,19,1,0,0,0,1,0,0,,0
"POINT (13.743458028000077 51.047592669000039)",Unfall 62734 (2017) Kat:3, Licht: 0,62734,3,3,5,05,12,1,0,0,1,1,0,0,,0
"POINT (13.836566706000042 51.088563460000046)",Unfall 62741 (2017) Kat:3, Licht: 0,62741,3,1,8,04,09,5,1,0,0,1,0,0,,0
"POINT (13.748913656000070 51.170975840000040)",Unfall 62756 (2017) Kat:3, Licht: 0,62756,3,6,2,04,13,5,0,0,0,1,0,0,,0
"POINT (13.682929878000039 51.061825611000074)",Unfall 62758 (2017) Kat:3, Licht: 0,62758,3,3,5,06,12,5,0,0,0,1,0,0,,0
"POINT (13.708797835000041 51.084352016000082)",Unfall 62759 (2017) Kat:2, Licht: 1,62759,2,1,0,06,22,5,0,1,1,0,0,0,,0
"POINT (13.747519345000057 51.051646992000030)",Unfall 62760 (2017) Kat:2, Licht: 0,62760,2,3,5,06,11,5,0,0,1,1,0,0,,0
"POINT (13.736406973000044 51.063834631000077)",Unfall 62761 (2017) Kat:3, Licht: 0,62761,3,3,5,06,15,5,0,0,1,0,0,0,,1
"POINT (13.842851180000025 51.061999416000049)",Unfall 62762 (2017) Kat:2, Licht: 2,62762,2,2,5,06,06,5,0,2,0,1,0,1,,0
"POINT (13.866447557000072 51.103873184000065)",Unfall 62794 (2017) Kat:3, Licht: 0,62794,3,6,2,06,15,4,0,0,0,1,0,0,,0
"POINT (13.747022624000067 51.051765588000080)",Unfall 62795 (2017) Kat:3, Licht: 0,62795,3,6,2,06,12,4,0,0,0,1,0,0,,0
"POINT (13.735740699000075 51.099720554000044)",Unfall 62818 (2017) Kat:3, Licht: 0,62818,3,3,5,06,12,3,0,0,1,1,0,0,,0
"POINT (13.713819330000035 51.080438735000030)",Unfall 62819 (2017) Kat:3, Licht: 0,62819,3,6,3,06,09,3,0,0,1,0,0,0,,1
"POINT (13.704909669000074 51.036410183000044)",Unfall 62830 (2017) Kat:3, Licht: 0,62830,3,7,8,06,07,5,0,0,0,1,0,0,,0
"POINT (13.763468042000056 51.000095273000056)",Unfall 62843 (2017) Kat:3, Licht: 0,62843,3,2,5,06,08,2,0,0,0,1,0,0,,0
"POINT (13.733337148000032 51.061301167000067)",Unfall 62844 (2017) Kat:3, Licht: 0,62844,3,6,2,06,16,2,0,0,0,1,0,0,,0
"POINT (13.815252748000034 51.053883460000065)",Unfall 62845 (2017) Kat:3, Licht: 0,62845,3,1,0,06,07,2,1,0,0,0,0,1,,0
"POINT (13.822307063000039 51.063538002000030)",Unfall 62869 (2017) Kat:3, Licht: 0,62869,3,7,5,06,08,6,0,0,0,1,0,0,,1
"POINT (13.803973184000029 50.995206342000074)",Unfall 62892 (2017) Kat:3, Licht: 0,62892,3,6,2,06,19,7,0,0,0,1,0,0,,0
"POINT (13.726023853000072 51.057013882000035)",Unfall 62893 (2017) Kat:3, Licht: 2,62893,3,3,5,06,01,7,1,2,0,1,0,0,,0
"POINT (13.689523565000059 51.083608911000056)",Unfall 62894 (2017) Kat:3, Licht: 0,62894,3,6,2,06,19,7,0,0,0,1,0,0,,0
"POINT (13.738397404000068 51.059877752000034)",Unfall 62911 (2017) Kat:3, Licht: 0,62911,3,1,0,06,12,6,0,0,1,0,0,0,,0
"POINT (13.731654201000026 51.035302172000058)",Unfall 62912 (2017) Kat:2, Licht: 0,62912,2,4,6,06,07,6,0,0,0,1,1,0,,0
"POINT (13.720618245000026 51.049242818000039)",Unfall 62925 (2017) Kat:3, Licht: 0,62925,3,3,5,06,17,6,0,0,1,0,0,0,,0
"POINT (13.736870824000050 51.063109193000059)",Unfall 62936 (2017) Kat:3, Licht: 0,62936,3,2,5,06,20,5,0,0,1,1,0,0,,0
"POINT (13.594294388000037 51.062502420000044)",Unfall 62937 (2017) Kat:2, Licht: 0,62937,2,6,2,06,10,5,0,0,0,1,0,0,,0
"POINT (13.690959254000063 51.078454791000070)",Unfall 62960 (2017) Kat:2, Licht: 0,62960,2,1,0,06,14,4,0,0,1,0,0,0,,0
"POINT (13.751889204000065 51.062973325000030)",Unfall 62961 (2017) Kat:3, Licht: 0,62961,3,4,6,06,07,4,0,0,1,0,1,0,,0
"POINT (13.727335125000025 51.057967389000055)",Unfall 62964 (2017) Kat:3, Licht: 0,62964,3,3,5,06,06,4,0,0,1,1,0,0,,0
"POINT (13.759860639000067 51.081329150000045)",Unfall 62995 (2017) Kat:3, Licht: 2,62995,3,3,5,06,21,3,0,2,0,1,0,0,,0
"POINT (13.701735161000045 51.090981784000064)",Unfall 63025 (2017) Kat:3, Licht: 2,63025,3,1,0,06,22,2,0,2,1,0,0,0,,0
"POINT (13.766897305000043 51.094405054000049)",Unfall 63026 (2017) Kat:3, Licht: 0,63026,3,3,5,06,15,2,0,0,1,1,0,0,,0
"POINT (13.739377785000045 51.044876939000062)",Unfall 63053 (2017) Kat:2, Licht: 0,63053,2,6,2,06,14,1,1,0,0,1,0,1,,0
"POINT (13.714939572000048 51.079011319000074)",Unfall 63054 (2017) Kat:3, Licht: 0,63054,3,1,0,06,21,1,0,0,1,0,0,0,,0
"POINT (13.768107394000026 51.015758303000041)",Unfall 63080 (2017) Kat:3, Licht: 0,63080,3,3,5,06,15,4,0,0,0,1,0,1,,0
"POINT (13.839740192000022 51.126039539000033)",Unfall 63081 (2017) Kat:3, Licht: 0,63081,3,3,5,06,17,4,0,0,1,1,0,0,,0
"POINT (13.783828154000048 51.009678706000045)",Unfall 63082 (2017) Kat:3, Licht: 0,63082,3,2,3,06,14,4,0,0,1,1,0,0,,0
"POINT (13.727225584000053 51.058010004000039)",Unfall 63102 (2017) Kat:2, Licht: 2,63102,2,3,5,06,22,3,0,2,1,0,0,0,,0
"POINT (13.744795785000065 51.049165960000039)",Unfall 63103 (2017) Kat:2, Licht: 0,63103,2,3,5,06,16,3,0,0,0,1,0,1,,0
"POINT (13.725899954000056 51.072397136000063)",Unfall 63126 (2017) Kat:3, Licht: 0,63126,3,6,2,06,07,2,0,0,0,1,0,0,,0
"POINT (13.801852948000032 51.065848245000041)",Unfall 63127 (2017) Kat:2, Licht: 2,63127,2,1,0,06,01,2,1,2,1,0,0,0,,0
"POINT (13.732509836000077 51.077948134000053)",Unfall 63129 (2017) Kat:3, Licht: 0,63129,3,3,5,06,16,2,0,0,1,1,0,0,,0
"POINT (13.747314853000034 51.063627266000026)",Unfall 63150 (2017) Kat:3, Licht: 2,63150,3,1,0,06,04,1,0,2,1,0,0,0,,0
"POINT (13.614504510000074 51.038358871000071)",Unfall 63163 (2017) Kat:2, Licht: 0,63163,2,4,6,07,11,7,0,0,0,0,1,0,,1
"POINT (13.731792458000029 51.025267481000071)",Unfall 63177 (2017) Kat:3, Licht: 1,63177,3,2,5,06,21,7,0,1,1,1,0,0,,0
"POINT (13.869946994000031 51.048179212000036)",Unfall 63184 (2017) Kat:3, Licht: 0,63184,3,3,5,06,13,7,0,0,1,0,0,0,,1
"POINT (13.736288446000060 51.096533572000055)",Unfall 63185 (2017) Kat:3, Licht: 0,63185,3,6,3,07,10,1,0,0,1,0,0,0,,0
"POINT (13.766897513000060 51.094405523000034)",Unfall 63212 (2017) Kat:3, Licht: 0,63212,3,3,5,06,14,6,0,0,1,1,0,0,,0
"POINT (13.812901991000047 51.063709189000065)",Unfall 63213 (2017) Kat:3, Licht: 0,63213,3,6,8,06,16,6,0,0,0,1,0,1,,0
"POINT (13.743089601000065 51.124791147000053)",Unfall 63214 (2017) Kat:3, Licht: 0,63214,3,2,5,06,19,6,0,0,0,1,0,0,,0
"POINT (13.745361003000028 51.048999965000064)",Unfall 63225 (2017) Kat:2, Licht: 0,63225,2,3,5,06,08,5,1,0,0,1,0,0,,0
"POINT (13.706628082000066 51.019591232000039)",Unfall 63252 (2017) Kat:3, Licht: 0,63252,3,1,0,06,15,5,0,0,1,0,0,0,,0
"POINT (13.726704581000035 51.126930532000074)",Unfall 63253 (2017) Kat:3, Licht: 0,63253,3,6,2,06,13,5,0,0,0,1,0,0,,0
"POINT (13.747034239000072 51.066570124000066)",Unfall 63254 (2017) Kat:3, Licht: 2,63254,3,3,5,06,22,5,1,2,1,1,0,0,,0
"POINT (13.952818191000063 51.029609331000074)",Unfall 63278 (2017) Kat:2, Licht: 1,63278,2,6,4,06,18,4,0,1,0,1,0,1,,0
"POINT (13.779537278000078 51.066933976000030)",Unfall 63280 (2017) Kat:3, Licht: 0,63280,3,3,5,06,10,4,0,0,1,1,0,0,,0
"POINT (13.720583421000072 51.049422225000058)",Unfall 63281 (2017) Kat:3, Licht: 0,63281,3,6,3,06,15,4,0,0,0,1,0,1,,0
"POINT (13.728976378000027 51.059314544000074)",Unfall 63298 (2017) Kat:3, Licht: 0,63298,3,2,5,06,19,5,1,0,1,1,0,0,,0
"POINT (13.731894386000022 51.126375686000074)",Unfall 63304 (2017) Kat:3, Licht: 0,63304,3,2,5,07,18,7,0,0,0,1,0,0,,0
"POINT (13.760467447000053 51.082179596000060)",Unfall 63309 (2017) Kat:3, Licht: 0,63309,3,7,0,06,16,5,1,0,1,0,0,0,,0
"POINT (13.794954137000047 51.133031412000037)",Unfall 63312 (2017) Kat:3, Licht: 0,63312,3,2,2,06,16,6,0,0,0,1,0,0,,1
"POINT (13.697981612000035 51.022571602000028)",Unfall 63345 (2017) Kat:3, Licht: 0,63345,3,1,0,06,07,3,0,0,1,0,0,0,,0
"POINT (13.798203764000050 51.139827641000068)",Unfall 63346 (2017) Kat:2, Licht: 0,63346,2,2,6,06,15,3,0,0,0,1,1,0,,0
"POINT (13.738150064000024 51.043944116000034)",Unfall 63348 (2017) Kat:3, Licht: 0,63348,3,6,2,06,11,3,0,0,0,1,0,0,,0
"POINT (13.942394887000034 51.035535853000056)",Unfall 63370 (2017) Kat:3, Licht: 2,63370,3,1,0,07,22,6,1,2,0,0,0,1,,0
"POINT (13.750725541000065 51.071406218000050)",Unfall 63408 (2017) Kat:3, Licht: 0,63408,3,2,5,06,18,2,0,0,1,1,0,0,,0
"POINT (13.713978686000075 51.102617182000074)",Unfall 63411 (2017) Kat:3, Licht: 0,63411,3,7,0,06,12,2,0,0,0,1,0,0,,1
"POINT (13.703580191000071 51.034616702000051)",Unfall 63412 (2017) Kat:3, Licht: 0,63412,3,3,5,06,08,5,0,0,0,1,0,0,,0
"POINT (13.747429562000036 51.052737446000037)",Unfall 63431 (2017) Kat:3, Licht: 0,63431,3,1,0,07,09,4,0,0,1,0,0,0,,0
"POINT (13.736794215000032 51.071542221000072)",Unfall 63433 (2017) Kat:3, Licht: 0,63433,3,3,5,07,14,4,0,0,1,1,0,0,,0
"POINT (13.715549077000048 51.099221569000065)",Unfall 63434 (2017) Kat:3, Licht: 0,63434,3,3,5,07,15,4,0,0,1,0,0,0,,1
"POINT (13.749199812000029 51.123033615000054)",Unfall 63459 (2017) Kat:3, Licht: 0,63459,3,3,5,06,16,1,0,0,0,1,0,0,,0
"POINT (13.592874660000064 51.062457780000045)",Unfall 63460 (2017) Kat:2, Licht: 0,63460,2,6,2,06,17,1,0,0,0,1,0,0,,0
"POINT (13.726034864000042 51.057021376000080)",Unfall 63462 (2017) Kat:3, Licht: 2,63462,3,2,2,06,23,1,0,2,1,1,0,0,,0
"POINT (13.692338139000071 51.009889467000050)",Unfall 63472 (2017) Kat:3, Licht: 0,63472,3,1,0,07,06,3,1,0,1,0,0,0,,0
"POINT (13.893098967000071 51.067266883000059)",Unfall 63473 (2017) Kat:3, Licht: 0,63473,3,7,9,07,07,3,0,0,0,1,0,0,,0
"POINT (13.748411920000024 51.128249349000043)",Unfall 63475 (2017) Kat:3, Licht: 0,63475,3,6,3,07,11,3,0,0,0,1,0,0,,1
"POINT (13.703596002000040 51.034636542000044)",Unfall 63511 (2017) Kat:3, Licht: 0,63511,3,2,4,06,14,7,0,0,0,1,0,0,,1
"POINT (13.734977960000037 51.061890831000028)",Unfall 63512 (2017) Kat:3, Licht: 0,63512,3,6,3,06,06,7,0,0,0,1,0,0,,0
"POINT (13.710802034000039 51.083462933000078)",Unfall 63529 (2017) Kat:3, Licht: 2,63529,3,2,4,07,22,2,0,2,0,1,0,1,,0
"POINT (13.705136356000025 51.038322406000077)",Unfall 63530 (2017) Kat:3, Licht: 0,63530,3,3,5,07,17,2,0,0,1,1,0,0,,0
"POINT (13.749940660000050 51.063226375000056)",Unfall 63531 (2017) Kat:3, Licht: 0,63531,3,6,2,07,17,2,0,0,0,1,0,0,,0
"POINT (13.824035867000077 51.085283392000065)",Unfall 63533 (2017) Kat:2, Licht: 0,63533,2,6,2,07,09,2,0,0,0,1,0,1,,0
"POINT (13.727777908000064 51.084666962000028)",Unfall 63555 (2017) Kat:3, Licht: 0,63555,3,6,2,06,07,6,0,0,0,1,0,1,,0
"POINT (13.706102796000039 51.046393786000067)",Unfall 63556 (2017) Kat:3, Licht: 0,63556,3,3,5,06,11,6,1,0,0,1,0,0,,0
"POINT (13.854361413000049 51.062087871000074)",Unfall 63557 (2017) Kat:3, Licht: 0,63557,3,6,2,06,12,6,0,0,0,1,0,0,,0
"POINT (13.691164949000040 51.078625699000042)",Unfall 63560 (2017) Kat:3, Licht: 0,63560,3,6,2,07,06,3,1,0,0,1,0,0,,1
"POINT (13.619485058000066 51.044138097000030)",Unfall 63561 (2017) Kat:3, Licht: 0,63561,3,7,1,07,18,3,0,0,1,1,0,0,,0
"POINT (13.758276936000073 51.024641237000026)",Unfall 63581 (2017) Kat:3, Licht: 0,63581,3,6,2,08,18,3,0,0,0,1,0,0,,0
"POINT (13.733835954000028 51.039459495000074)",Unfall 63583 (2017) Kat:3, Licht: 0,63583,3,6,2,08,16,3,0,0,0,1,0,0,,1
"POINT (13.955024056000070 51.036285531000033)",Unfall 63588 (2017) Kat:2, Licht: 2,63588,2,7,7,07,03,2,0,2,0,1,0,0,,1
"POINT (13.827243636000048 51.058273007000082)",Unfall 63592 (2017) Kat:3, Licht: 0,63592,3,6,2,07,16,2,0,0,0,1,0,0,,1
"POINT (13.672242472000050 51.050253903000055)",Unfall 63594 (2017) Kat:2, Licht: 0,63594,2,2,0,07,06,2,0,0,1,1,0,0,,0
"POINT (13.698134440000047 51.031477120000034)",Unfall 63595 (2017) Kat:3, Licht: 0,63595,3,7,9,07,10,2,0,0,0,1,0,0,,0
"POINT (13.730443732000026 51.022218710000061)",Unfall 63597 (2017) Kat:3, Licht: 0,63597,3,3,5,08,19,3,0,0,1,1,0,0,,0
"POINT (13.745646383000064 51.049321722000059)",Unfall 63598 (2017) Kat:3, Licht: 0,63598,3,7,5,08,07,3,0,0,1,1,0,0,,0
"POINT (13.800607327000023 51.065914366000072)",Unfall 63639 (2017) Kat:3, Licht: 0,63639,3,6,2,07,17,1,0,0,0,1,0,0,,0
"POINT (13.736434407000047 51.063810054000044)",Unfall 63640 (2017) Kat:2, Licht: 2,63640,2,1,0,07,21,1,0,2,1,0,0,0,,0
"POINT (13.614780924000058 51.038488334000078)",Unfall 63641 (2017) Kat:2, Licht: 0,63641,2,2,5,07,13,1,0,0,0,1,0,0,,0
"POINT (13.710506486000043 51.061586507000072)",Unfall 63666 (2017) Kat:2, Licht: 2,63666,2,1,1,08,01,1,1,2,1,1,0,0,,0
"POINT (13.739450007000073 51.062780173000078)",Unfall 63676 (2017) Kat:3, Licht: 0,63676,3,2,2,07,19,7,0,0,0,1,0,0,,0
"POINT (13.606274151000036 51.063598729000034)",Unfall 63678 (2017) Kat:2, Licht: 0,63678,2,1,8,07,16,7,1,0,0,1,0,0,,0
"POINT (13.709180982000078 51.084319008000080)",Unfall 63679 (2017) Kat:2, Licht: 0,63679,2,1,4,07,16,7,1,0,0,1,0,0,,0
"POINT (13.803613534000021 50.995315227000049)",Unfall 63709 (2017) Kat:3, Licht: 0,63709,3,3,5,08,12,7,0,0,0,1,0,1,,0
"POINT (13.768127525000068 51.065786522000053)",Unfall 63710 (2017) Kat:3, Licht: 0,63710,3,3,5,08,18,7,0,0,1,1,0,0,,0
"POINT (13.750558152000053 51.133736581000051)",Unfall 63711 (2017) Kat:3, Licht: 0,63711,3,1,8,08,18,7,0,0,0,1,0,0,,0
"POINT (13.887318095000069 51.063451999000051)",Unfall 63712 (2017) Kat:3, Licht: 0,63712,3,1,4,08,18,7,0,0,0,1,0,1,,0
"POINT (13.719196884000041 51.076467465000064)",Unfall 63776 (2017) Kat:3, Licht: 0,63776,3,3,5,08,18,6,0,0,1,1,0,0,,0
"POINT (13.729816355000025 51.082705828000030)",Unfall 63777 (2017) Kat:3, Licht: 0,63777,3,6,2,08,18,6,0,0,0,1,0,0,,0
"POINT (13.731209312000033 51.034329187000026)",Unfall 63778 (2017) Kat:3, Licht: 0,63778,3,1,0,08,16,6,0,0,1,0,0,0,,0
"POINT (13.704454653000028 51.050844334000033)",Unfall 63782 (2017) Kat:3, Licht: 0,63782,3,3,5,08,11,6,0,0,0,0,0,0,,1
"POINT (13.723200977000033 51.033944077000058)",Unfall 63783 (2017) Kat:3, Licht: 0,63783,3,3,5,08,06,6,0,0,1,1,0,0,,0
"POINT (13.746049957000025 51.057474795000076)",Unfall 63789 (2017) Kat:3, Licht: 2,63789,3,1,0,07,00,5,0,2,1,0,0,0,,0
"POINT (13.739053552000030 51.073967236000044)",Unfall 63791 (2017) Kat:3, Licht: 0,63791,3,3,5,07,17,5,0,0,0,1,0,0,,1
"POINT (13.722210844000074 51.054094488000032)",Unfall 63809 (2017) Kat:3, Licht: 2,63809,3,2,5,07,21,4,0,2,0,1,0,1,,0
"POINT (13.748541362000026 51.128717173000041)",Unfall 63810 (2017) Kat:3, Licht: 0,63810,3,6,3,07,19,4,0,0,0,1,0,0,,1
"POINT (13.714638286000024 51.079442019000055)",Unfall 63811 (2017) Kat:3, Licht: 2,63811,3,1,4,07,00,4,0,2,0,1,0,0,,0
"POINT (13.762409266000077 51.064197950000050)",Unfall 63828 (2017) Kat:3, Licht: 0,63828,3,1,0,08,11,5,1,0,0,0,0,1,,0
"POINT (13.753787889000023 51.062882234000028)",Unfall 63829 (2017) Kat:3, Licht: 0,63829,3,2,5,08,17,5,0,0,1,1,0,0,,0
"POINT (13.738091362000034 51.029017623000072)",Unfall 63830 (2017) Kat:3, Licht: 0,63830,3,6,4,08,13,5,0,0,1,0,0,0,,0
"POINT (13.905982129000051 51.089414427000065)",Unfall 63843 (2017) Kat:2, Licht: 0,63843,2,1,8,07,18,3,0,0,0,0,0,1,,0
"POINT (13.884814298000038 51.060929063000060)",Unfall 63854 (2017) Kat:2, Licht: 0,63854,2,2,5,07,08,3,0,0,1,0,0,0,,1
"POINT (13.679601184000035 51.062620764000030)",Unfall 63867 (2017) Kat:3, Licht: 0,63867,3,3,1,08,06,5,0,0,1,1,0,0,,0
"POINT (13.739455983000028 51.062789784000074)",Unfall 63899 (2017) Kat:3, Licht: 0,63899,3,2,5,08,11,4,0,0,0,1,0,0,,0
"POINT (13.774207462000049 51.067036683000026)",Unfall 63900 (2017) Kat:3, Licht: 0,63900,3,3,5,08,09,4,0,0,1,1,0,0,,0
"POINT (13.730734674000075 51.030231964000052)",Unfall 63901 (2017) Kat:3, Licht: 0,63901,3,2,3,08,14,4,0,0,1,1,0,0,,0
"POINT (13.689729343000067 51.061778332000074)",Unfall 63907 (2017) Kat:3, Licht: 0,63907,3,6,1,07,12,2,0,0,0,1,0,1,,0
"POINT (13.800556273000041 51.148105916000077)",Unfall 63922 (2017) Kat:3, Licht: 0,63922,3,6,2,08,16,4,0,0,0,1,0,0,,1
"POINT (13.774990105000029 51.013520636000067)",Unfall 63951 (2017) Kat:3, Licht: 0,63951,3,7,6,07,14,7,0,0,1,0,1,0,,0
"POINT (13.795991002000051 50.996079506000058)",Unfall 63952 (2017) Kat:3, Licht: 0,63952,3,3,5,07,09,7,0,0,1,1,0,0,,0
"POINT (13.701824501000033 51.030672340000081)",Unfall 63970 (2017) Kat:3, Licht: 2,63970,3,1,0,07,21,6,1,2,1,0,0,0,,0
"POINT (13.728208023000036 51.071100571000045)",Unfall 63971 (2017) Kat:3, Licht: 0,63971,3,1,1,07,07,6,0,0,1,1,0,0,,0
"POINT (13.746952615000055 51.051682900000060)",Unfall 63972 (2017) Kat:3, Licht: 1,63972,3,2,2,07,20,6,1,1,0,1,0,0,,0
"POINT (13.733618302000025 51.066144928000028)",Unfall 63974 (2017) Kat:2, Licht: 0,63974,2,2,5,07,14,6,0,0,0,1,0,1,,0
"POINT (13.709066380000024 51.084340145000056)",Unfall 63980 (2017) Kat:3, Licht: 2,63980,3,3,2,07,22,2,0,2,1,1,0,0,,0
"POINT (13.716869903000031 51.077444184000058)",Unfall 63981 (2017) Kat:2, Licht: 2,63981,2,1,0,07,00,2,0,2,1,0,0,0,,0
"POINT (13.736446109000042 51.042337659000054)",Unfall 63982 (2017) Kat:3, Licht: 0,63982,3,3,5,07,13,2,0,0,1,1,0,0,,0
"POINT (13.747475372000054 51.067682347000073)",Unfall 63983 (2017) Kat:3, Licht: 2,63983,3,4,6,07,22,2,0,2,0,0,1,0,,1
"POINT (13.679600729000072 51.062621074000049)",Unfall 63984 (2017) Kat:2, Licht: 0,63984,2,3,5,07,08,2,0,0,1,0,0,0,,1
"POINT (13.734351091000065 51.065559425000060)",Unfall 63987 (2017) Kat:2, Licht: 0,63987,2,7,3,07,06,6,0,0,0,1,0,1,,0
"POINT (13.766515544000072 51.118682033000027)",Unfall 63988 (2017) Kat:3, Licht: 2,63988,3,2,5,07,22,6,1,2,0,1,0,1,,0
"POINT (13.723744236000073 51.045389094000029)",Unfall 64008 (2017) Kat:3, Licht: 0,64008,3,3,5,07,16,5,0,0,1,1,0,0,,0
"POINT (13.680868151000027 51.048669751000034)",Unfall 64010 (2017) Kat:3, Licht: 0,64010,3,2,5,07,16,5,0,0,1,1,0,0,,1
"POINT (13.761330120000025 51.022672282000030)",Unfall 64037 (2017) Kat:3, Licht: 1,64037,3,2,5,07,20,4,1,1,1,1,0,0,,0
"POINT (13.768490909000036 51.019571242000040)",Unfall 64039 (2017) Kat:3, Licht: 0,64039,3,6,3,07,14,4,0,0,0,1,0,0,,1
"POINT (13.740032596000049 51.058244380000076)",Unfall 64041 (2017) Kat:3, Licht: 0,64041,3,6,2,07,16,4,1,0,0,1,0,0,,0