WKT,Name,OBJECTID,UKATEGORIE,UTYP1,UART,UMONAT,USTUNDE,UWOCHENTAG,STRZUSTAND,ULICHTVERH,ISTRAD,ISTPKW,ISTFUSS,ISTKRAD,ISTGKFZ,ISTSONSTIG
"POINT (13.739538097000036 51.058563786000036)",Unfall 64082 (2017) Kat:3, Licht: 0,64082,3,1,0,07,15,7,0,0,0,0,0,1,,0
"POINT (13.739276128000029 51.071703105000040)",Unfall 64083 (2017) Kat:3, Licht: 2,64083,3,1,0,07,01,7,0,2,1,0,0,0,,0
"POINT (13.831186059000061 51.061868061000041)",Unfall 64101 (2017) Kat:3, Licht: 0,64101,3,6,2,07,16,3,1,0,0,1,0,0,,0
"POINT (13.901524261000077 51.047167719000072)",Unfall 64102 (2017) Kat:3, Licht: 0,64102,3,1,9,07,12,3,1,0,0,0,0,1,,0
"POINT (13.689854441000023 51.071983491000026)",Unfall 64103 (2017) Kat:2, Licht: 0,64103,2,2,0,07,06,3,0,0,1,1,0,0,,0
"POINT (13.726718569000070 51.059336151000082)",Unfall 64104 (2017) Kat:3, Licht: 0,64104,3,2,5,07,10,3,1,0,1,1,0,0,,1
"POINT (13.714616315000058 51.079472634000069)",Unfall 64106 (2017) Kat:3, Licht: 2,64106,3,4,0,07,04,6,1,2,1,0,1,0,,0
"POINT (13.643703689000063 51.080128579000075)",Unfall 64109 (2017) Kat:3, Licht: 0,64109,3,1,0,07,20,6,0,0,1,0,0,0,,0
"POINT (13.847632754000074 51.060922526000070)",Unfall 64111 (2017) Kat:3, Licht: 0,64111,3,6,2,07,14,6,0,0,0,1,0,0,,0
"POINT (13.744497495000076 51.116406382000037)",Unfall 64112 (2017) Kat:3, Licht: 0,64112,3,6,3,07,10,6,0,0,0,1,0,0,,0
"POINT (13.681211848000032 51.061862543000075)",Unfall 64133 (2017) Kat:3, Licht: 0,64133,3,1,0,07,18,5,1,0,1,0,0,0,,0
"POINT (13.625437181000052 51.040815251000026)",Unfall 64152 (2017) Kat:3, Licht: 0,64152,3,1,8,07,14,2,0,0,1,0,0,0,,0
"POINT (13.781140145000052 51.011480917000029)",Unfall 64153 (2017) Kat:2, Licht: 2,64153,2,6,3,07,02,2,0,2,1,0,0,0,,1
"POINT (13.773534930000039 51.108399814000052)",Unfall 64160 (2017) Kat:2, Licht: 2,64160,2,1,8,07,02,4,0,2,0,1,0,0,,0
"POINT (13.699302737000039 51.031886499000052)",Unfall 64233 (2017) Kat:2, Licht: 0,64233,2,1,0,08,07,3,0,0,1,0,0,0,,0
"POINT (13.816221350000035 51.064580610000064)",Unfall 64235 (2017) Kat:3, Licht: 0,64235,3,7,8,08,06,3,0,0,1,0,0,0,,0
"POINT (13.719231611000055 51.076453797000056)",Unfall 64262 (2017) Kat:3, Licht: 0,64262,3,2,5,09,09,2,0,0,1,1,0,0,,0
"POINT (13.727244572000075 51.058002618000046)",Unfall 64264 (2017) Kat:3, Licht: 0,64264,3,2,4,09,16,2,0,0,1,1,0,0,,0
"POINT (13.715521297000066 51.099248266000075)",Unfall 64265 (2017) Kat:3, Licht: 0,64265,3,2,5,09,07,2,0,0,1,1,0,0,,0
"POINT (13.721342614000037 51.041811985000038)",Unfall 64287 (2017) Kat:2, Licht: 0,64287,2,1,0,09,17,1,1,0,0,0,0,1,,0
"POINT (13.872870409000029 51.012621813000067)",Unfall 64289 (2017) Kat:3, Licht: 0,64289,3,3,5,09,13,1,0,0,1,1,0,0,,0
"POINT (13.862512807000030 51.014493944000037)",Unfall 64292 (2017) Kat:3, Licht: 0,64292,3,7,0,09,11,1,0,0,1,0,0,0,,0
"POINT (13.832415702000048 50.984536751000064)",Unfall 64294 (2017) Kat:3, Licht: 0,64294,3,2,2,09,10,7,0,0,0,1,0,1,,0
"POINT (13.730554874000063 51.058756508000045)",Unfall 64345 (2017) Kat:3, Licht: 0,64345,3,1,9,09,06,7,1,0,0,1,0,0,,0
"POINT (13.830947594000065 51.061897358000067)",Unfall 64346 (2017) Kat:1, Licht: 2,64346,1,4,6,09,20,7,0,2,0,1,1,0,,0
"POINT (13.730687466000063 51.068934184000057)",Unfall 64368 (2017) Kat:3, Licht: 0,64368,3,1,2,08,07,2,0,0,0,1,0,1,,0
"POINT (13.739467852000075 51.062807686000042)",Unfall 64369 (2017) Kat:3, Licht: 0,64369,3,3,5,08,13,2,0,0,0,1,0,0,,0
"POINT (13.756968391000044 51.025506679000046)",Unfall 64370 (2017) Kat:2, Licht: 0,64370,2,3,5,08,13,2,0,0,0,1,0,1,,0
"POINT (13.689682632000029 51.083110525000052)",Unfall 64373 (2017) Kat:2, Licht: 0,64373,2,7,3,08,17,2,0,0,0,1,0,0,,1
"POINT (13.737551106000069 51.087269608000042)",Unfall 64374 (2017) Kat:2, Licht: 0,64374,2,2,5,08,10,2,0,0,0,1,0,0,,0
"POINT (13.666611460000070 51.075381268000058)",Unfall 64394 (2017) Kat:3, Licht: 0,64394,3,2,0,09,15,6,0,0,1,1,0,0,,0
"POINT (13.767015898000068 51.020614010000031)",Unfall 64408 (2017) Kat:3, Licht: 0,64408,3,1,4,09,16,6,1,0,0,1,0,0,,0
"POINT (13.806258967000076 51.065487702000041)",Unfall 64422 (2017) Kat:3, Licht: 0,64422,3,1,9,09,07,5,1,0,0,1,0,0,,0
"POINT (13.759865171000058 51.081335566000064)",Unfall 64424 (2017) Kat:3, Licht: 2,64424,3,3,5,09,05,6,0,2,1,0,0,0,,1
"POINT (13.787288928000066 51.066976441000065)",Unfall 64429 (2017) Kat:3, Licht: 0,64429,3,5,0,08,18,1,0,0,1,1,0,0,,0
"POINT (13.615287633000037 51.065170042000034)",Unfall 64430 (2017) Kat:2, Licht: 0,64430,2,6,2,08,09,1,0,0,0,1,0,0,,0
"POINT (13.718038847000059 51.035895425000035)",Unfall 64437 (2017) Kat:3, Licht: 0,64437,3,3,5,09,08,4,0,0,1,1,0,0,,0
"POINT (13.771729026000060 50.995123429000046)",Unfall 64442 (2017) Kat:2, Licht: 2,64442,2,6,4,09,20,6,0,2,0,1,0,0,,0
"POINT (13.796857943000077 51.135980460000042)",Unfall 64443 (2017) Kat:3, Licht: 0,64443,3,3,5,09,15,5,0,0,0,1,0,0,,1
"POINT (13.690047981000077 51.073842331000037)",Unfall 64485 (2017) Kat:3, Licht: 0,64485,3,6,2,08,11,7,0,0,0,1,0,0,,0
"POINT (13.725306974000034 51.043789282000034)",Unfall 64486 (2017) Kat:3, Licht: 2,64486,3,7,0,09,20,3,0,2,1,0,0,0,,0
"POINT (13.727375464000033 51.057996533000050)",Unfall 64487 (2017) Kat:2, Licht: 2,64487,2,4,6,08,01,7,0,2,0,1,1,0,,0
"POINT (13.690102264000075 51.072722363000082)",Unfall 64488 (2017) Kat:2, Licht: 0,64488,2,3,5,08,11,7,0,0,0,1,0,0,,0
"POINT (13.739260997000031 51.070010199000080)",Unfall 64490 (2017) Kat:3, Licht: 0,64490,3,6,3,08,13,7,0,0,0,0,0,1,,1
"POINT (13.703422088000025 51.042272762000039)",Unfall 64500 (2017) Kat:2, Licht: 2,64500,2,4,6,08,21,5,1,2,0,1,1,0,,0
"POINT (13.802959755000074 50.986552212000049)",Unfall 64501 (2017) Kat:3, Licht: 0,64501,3,2,0,08,10,5,0,0,0,1,0,0,,1
"POINT (13.733193728000060 51.038994816000070)",Unfall 64502 (2017) Kat:3, Licht: 2,64502,3,3,5,08,04,5,1,2,0,1,0,0,,0
"POINT (13.754788304000044 51.062896959000057)",Unfall 64503 (2017) Kat:3, Licht: 2,64503,3,4,6,08,22,5,1,2,0,1,1,0,,0
"POINT (13.828873045000023 51.062111436000066)",Unfall 64504 (2017) Kat:3, Licht: 0,64504,3,4,6,08,09,5,0,0,1,0,1,0,,0
"POINT (13.791059208000036 51.121507172000065)",Unfall 64505 (2017) Kat:3, Licht: 1,64505,3,3,5,09,05,3,0,1,1,1,0,0,,0
"POINT (13.723594731000048 51.055193267000050)",Unfall 64507 (2017) Kat:3, Licht: 0,64507,3,7,0,08,18,5,1,0,1,0,0,0,,0
"POINT (13.747429562000036 51.052737446000037)",Unfall 64525 (2017) Kat:3, Licht: 0,64525,3,3,5,08,11,6,0,0,1,0,0,0,,1
"POINT (13.806231637000053 50.992882085000076)",Unfall 64557 (2017) Kat:3, Licht: 0,64557,3,6,2,09,14,6,0,0,0,1,0,0,,1
"POINT (13.695737969000049 51.043252905000031)",Unfall 64558 (2017) Kat:3, Licht: 0,64558,3,3,0,09,08,5,0,0,1,1,0,0,,0
"POINT (13.816827169000021 51.064613765000047)",Unfall 64580 (2017) Kat:3, Licht: 0,64580,3,1,3,09,11,4,1,0,0,1,0,0,,0
"POINT (13.722619096000074 51.033476544000052)",Unfall 64585 (2017) Kat:3, Licht: 0,64585,3,3,5,09,07,5,0,0,1,1,0,0,,0
"POINT (13.756149033000042 51.063095986000064)",Unfall 64588 (2017) Kat:2, Licht: 0,64588,2,4,6,09,08,5,0,0,0,1,1,0,,0
"POINT (13.740133794000030 51.064897660000042)",Unfall 64602 (2017) Kat:3, Licht: 0,64602,3,6,2,09,09,5,0,0,0,1,0,0,,1
"POINT (13.730062680000060 51.082460230000038)",Unfall 64605 (2017) Kat:3, Licht: 0,64605,3,1,0,08,18,5,0,0,1,0,0,0,,0
"POINT (13.719698205000043 51.094320905000075)",Unfall 64606 (2017) Kat:3, Licht: 0,64606,3,2,4,08,18,5,0,0,1,1,0,0,,0
"POINT (13.760486371000070 51.082206826000061)",Unfall 64607 (2017) Kat:3, Licht: 0,64607,3,3,5,08,19,5,0,0,1,1,0,0,,0
"POINT (13.724885094000058 51.073155424000049)",Unfall 64618 (2017) Kat:3, Licht: 0,64618,3,2,5,08,16,4,0,0,1,1,0,0,,0
"POINT (13.711962847000052 51.039599175000035)",Unfall 64621 (2017) Kat:3, Licht: 0,64621,3,1,7,08,11,4,0,0,1,0,0,0,,0
"POINT (13.737537498000052 51.087236635000068)",Unfall 64622 (2017) Kat:2, Licht: 0,64622,2,3,5,08,16,4,0,0,0,1,0,1,,0
"POINT (13.848242275000075 51.061829382000042)",Unfall 64623 (2017) Kat:3, Licht: 0,64623,3,6,0,08,08,4,0,0,0,1,0,0,,1
"POINT (13.690486282000052 51.061406124000030)",Unfall 64634 (2017) Kat:3, Licht: 0,64634,3,3,5,08,16,5,0,0,0,1,0,1,,0
"POINT (13.694969825000044 51.043176073000041)",Unfall 64638 (2017) Kat:3, Licht: 0,64638,3,6,2,09,17,3,1,0,0,0,0,1,,1
"POINT (13.666945802000043 51.023272907000035)",Unfall 64672 (2017) Kat:3, Licht: 0,64672,3,3,5,08,15,4,0,0,0,1,0,0,,0
"POINT (13.788038194000023 51.005635309000070)",Unfall 64674 (2017) Kat:3, Licht: 0,64674,3,7,0,08,19,4,0,0,1,0,0,0,,0
"POINT (13.782735866000053 51.067026441000053)",Unfall 64675 (2017) Kat:3, Licht: 0,64675,3,6,2,08,17,4,0,0,0,1,0,0,,0
"POINT (13.761484759000041 51.063973915000076)",Unfall 64676 (2017) Kat:3, Licht: 0,64676,3,1,0,08,14,4,1,0,1,0,0,0,,0
"POINT (13.701252283000031 51.097409060000075)",Unfall 64677 (2017) Kat:2, Licht: 0,64677,2,6,2,08,08,4,0,0,0,1,0,0,,0
"POINT (13.703475737000076 51.088481342000080)",Unfall 64697 (2017) Kat:3, Licht: 0,64697,3,4,6,08,08,3,0,0,1,0,1,0,,0
"POINT (13.725619162000044 51.056722457000035)",Unfall 64698 (2017) Kat:3, Licht: 0,64698,3,6,2,08,16,3,0,0,0,1,0,0,,0
"POINT (13.743448881000063 51.047581801000035)",Unfall 64731 (2017) Kat:3, Licht: 0,64731,3,3,5,09,09,3,0,0,0,1,0,1,,0
"POINT (13.730399086000034 51.069292831000041)",Unfall 64737 (2017) Kat:3, Licht: 0,64737,3,3,0,08,14,3,0,0,1,1,0,0,,0
"POINT (13.766733332000058 51.094062380000082)",Unfall 64738 (2017) Kat:3, Licht: 0,64738,3,3,5,08,15,3,0,0,1,1,0,0,,0
"POINT (13.729440011000065 51.070344428000055)",Unfall 64740 (2017) Kat:3, Licht: 0,64740,3,6,1,08,12,3,0,0,0,1,0,0,,0
"POINT (13.668938064000031 51.031990032000067)",Unfall 64742 (2017) Kat:2, Licht: 0,64742,2,6,2,08,08,3,0,0,0,1,0,0,,1
"POINT (13.745106468000074 51.118215355000075)",Unfall 64744 (2017) Kat:3, Licht: 0,64744,3,6,3,08,07,3,0,0,0,1,0,0,,1
"POINT (13.759409923000021 51.023743854000031)",Unfall 64756 (2017) Kat:2, Licht: 0,64756,2,6,2,09,17,5,0,0,0,1,0,1,,0
"POINT (13.732696550000071 51.037523720000081)",Unfall 64781 (2017) Kat:3, Licht: 0,64781,3,2,2,08,17,2,0,0,0,1,0,1,,0
"POINT (13.704935215000035 51.039374551000037)",Unfall 64785 (2017) Kat:3, Licht: 0,64785,3,2,5,09,18,2,0,0,1,1,0,0,,0
"POINT (13.720779327000059 51.034666897000079)",Unfall 64805 (2017) Kat:3, Licht: 0,64805,3,6,2,08,15,2,0,0,0,1,0,0,,0
"POINT (13.771383801000070 51.011046019000048)",Unfall 64806 (2017) Kat:2, Licht: 0,64806,2,1,8,08,08,2,0,0,1,0,0,0,,0
"POINT (13.741882743000076 51.046175704000063)",Unfall 64807 (2017) Kat:3, Licht: 0,64807,3,6,2,08,12,2,0,0,1,1,0,0,,0
"POINT (13.725999085000069 51.056997023000065)",Unfall 64808 (2017) Kat:3, Licht: 0,64808,3,3,5,08,13,2,0,0,0,1,0,0,,1
"POINT (13.582493746000068 51.062150104000068)",Unfall 64826 (2017) Kat:3, Licht: 0,64826,3,6,2,09,07,3,0,0,0,1,0,0,,0
"POINT (13.950538400000028 51.036312104000046)",Unfall 64840 (2017) Kat:3, Licht: 0,64840,3,1,8,08,15,1,0,0,1,0,0,0,,0
"POINT (13.812162399000044 51.064094667000063)",Unfall 64841 (2017) Kat:3, Licht: 2,64841,3,1,9,08,01,1,1,2,0,1,0,0,,0
"POINT (13.669092671000044 51.072711047000041)",Unfall 64862 (2017) Kat:2, Licht: 0,64862,2,6,2,08,17,1,0,0,0,1,0,0,,0
"POINT (13.731223606000071 51.034354846000042)",Unfall 64875 (2017) Kat:3, Licht: 0,64875,3,2,3,08,16,7,0,0,1,1,0,0,,0
"POINT (13.699725670000078 51.015790003000063)",Unfall 64913 (2017) Kat:3, Licht: 2,64913,3,7,3,08,01,7,0,2,0,1,0,0,,0
"POINT (13.678527590000044 51.027769108000030)",Unfall 64914 (2017) Kat:2, Licht: 0,64914,2,7,0,08,09,7,0,0,0,1,0,0,,0
"POINT (13.738732435000031 51.068659551000053)",Unfall 64916 (2017) Kat:3, Licht: 2,64916,3,1,0,08,02,7,1,2,1,0,0,0,,0
"POINT (13.606278732000021 51.092115907000050)",Unfall 64922 (2017) Kat:3, Licht: 0,64922,3,2,5,09,11,4,0,0,0,1,0,0,,0
"POINT (13.757033135000029 51.077858404000040)",Unfall 64936 (2017) Kat:3, Licht: 0,64936,3,1,0,08,15,6,1,0,0,0,0,1,,0
"POINT (13.746919594000076 51.063719555000034)",Unfall 64938 (2017) Kat:3, Licht: 0,64938,3,6,2,08,14,6,1,0,0,1,0,0,,1
"POINT (13.783124429000054 51.155120027000066)",Unfall 64939 (2017) Kat:3, Licht: 0,64939,3,6,2,08,13,6,1,0,0,1,0,0,,0
"POINT (13.614976711000054 51.038518739000040)",Unfall 64941 (2017) Kat:3, Licht: 0,64941,3,1,9,08,17,6,1,0,0,1,0,0,,0
"POINT (13.735618428000066 51.100504190000038)",Unfall 64953 (2017) Kat:3, Licht: 0,64953,3,6,2,09,07,5,1,0,0,1,0,0,,0
"POINT (13.785877796000022 51.007978065000032)",Unfall 64956 (2017) Kat:3, Licht: 0,64956,3,2,5,09,08,4,0,0,1,1,0,0,,0
"POINT (13.767372954000052 50.993317375000061)",Unfall 64969 (2017) Kat:3, Licht: 0,64969,3,6,2,08,14,6,0,0,0,1,0,0,,0
"POINT (13.722187781000059 51.054073777000042)",Unfall 64976 (2017) Kat:3, Licht: 0,64976,3,3,5,08,07,6,0,0,0,1,0,0,,0
"POINT (13.692033932000072 51.084291175000033)",Unfall 65006 (2017) Kat:3, Licht: 0,65006,3,6,2,09,10,4,0,0,0,1,0,0,,0
"POINT (13.750318991000029 51.070970056000078)",Unfall 65008 (2017) Kat:2, Licht: 0,65008,2,4,6,08,09,5,0,0,0,1,1,0,,0
"POINT (13.742019427000059 51.064675325000053)",Unfall 65009 (2017) Kat:3, Licht: 0,65009,3,3,5,08,07,5,0,0,1,1,0,0,,0
"POINT (13.851005677000046 51.061633337000046)",Unfall 65010 (2017) Kat:3, Licht: 0,65010,3,2,2,08,07,5,1,0,0,1,0,1,,0
"POINT (13.689706815000022 51.061782918000063)",Unfall 65018 (2017) Kat:3, Licht: 0,65018,3,3,5,09,18,4,1,0,1,1,0,0,,0
"POINT (13.777584479000041 51.012861729000065)",Unfall 65038 (2017) Kat:3, Licht: 0,65038,3,6,2,08,17,5,0,0,0,1,0,0,,0
"POINT (13.733129814000051 51.076330638000059)",Unfall 65075 (2017) Kat:3, Licht: 0,65075,3,3,5,08,12,4,0,0,1,1,0,0,,0
"POINT (13.705204086000037 51.085102531000075)",Unfall 65076 (2017) Kat:3, Licht: 0,65076,3,3,5,08,17,4,0,0,1,0,0,1,,0
"POINT (13.851018231000069 51.026091714000074)",Unfall 65077 (2017) Kat:3, Licht: 1,65077,3,7,8,08,05,4,1,1,0,1,0,0,,0
"POINT (13.822502062000069 51.063492488000065)",Unfall 65078 (2017) Kat:3, Licht: 0,65078,3,6,2,08,09,4,0,0,0,1,0,0,,1
"POINT (13.737293871000077 51.085435449000045)",Unfall 65079 (2017) Kat:3, Licht: 0,65079,3,2,3,08,16,4,0,0,1,1,0,0,,0
"POINT (13.736788707000073 51.063062251000076)",Unfall 65080 (2017) Kat:3, Licht: 0,65080,3,4,6,08,18,4,0,0,1,0,1,0,,0
"POINT (13.752955104000023 51.073867008000036)",Unfall 65081 (2017) Kat:2, Licht: 0,65081,2,3,5,08,17,4,0,0,1,0,0,0,,1
"POINT (13.731060373000048 51.034411841000065)",Unfall 65082 (2017) Kat:3, Licht: 0,65082,3,2,4,08,06,4,0,0,0,1,0,0,,1
"POINT (13.725798774000054 51.032428002000074)",Unfall 65096 (2017) Kat:3, Licht: 0,65096,3,3,4,08,08,4,0,0,1,0,0,0,,0
"POINT (13.747519345000057 51.051646992000030)",Unfall 65097 (2017) Kat:3, Licht: 0,65097,3,3,5,08,07,4,0,0,1,1,0,0,,0
"POINT (13.692365692000067 51.088237441000047)",Unfall 65099 (2017) Kat:2, Licht: 0,65099,2,3,5,08,10,4,0,0,0,1,0,0,,1
"POINT (13.755522123000048 51.076628775000074)",Unfall 65100 (2017) Kat:3, Licht: 0,65100,3,1,0,08,17,4,0,0,0,0,0,1,,0
"POINT (13.725130892000038 51.087505641000064)",Unfall 65116 (2017) Kat:3, Licht: 0,65116,3,1,0,09,06,4,0,0,1,0,0,0,,1
"POINT (13.787391660000026 51.006197717000077)",Unfall 65130 (2017) Kat:2, Licht: 0,65130,2,3,5,10,14,2,0,0,1,1,0,0,,0
"POINT (13.762453061000031 51.085035693000066)",Unfall 65134 (2017) Kat:3, Licht: 2,65134,3,3,5,10,19,2,1,2,1,1,0,0,,0
"POINT (13.727946631000066 51.126762136000082)",Unfall 65144 (2017) Kat:2, Licht: 2,65144,2,4,6,10,21,1,0,2,0,1,1,0,,0
"POINT (13.746690778000072 51.051373632000036)",Unfall 65146 (2017) Kat:3, Licht: 0,65146,3,3,5,11,11,6,0,0,0,1,0,0,,0
"POINT (13.612725068000032 51.038095602000055)",Unfall 65147 (2017) Kat:3, Licht: 0,65147,3,6,2,11,12,6,0,0,0,1,0,0,,1
"POINT (13.748810117000062 51.129583611000044)",Unfall 65172 (2017) Kat:2, Licht: 2,65172,2,6,3,11,17,4,0,2,0,1,0,0,,1
"POINT (13.798257291000027 51.139485402000048)",Unfall 65178 (2017) Kat:3, Licht: 0,65178,3,3,5,10,10,2,0,0,1,1,0,0,,0
"POINT (13.745627409000065 51.049298088000057)",Unfall 65192 (2017) Kat:3, Licht: 0,65192,3,3,5,11,14,7,0,0,0,1,0,0,,0
"POINT (13.849481860000026 51.061834440000041)",Unfall 65217 (2017) Kat:3, Licht: 0,65217,3,3,5,11,08,5,1,0,0,1,0,0,,0
"POINT (13.757182204000060 51.025205731000028)",Unfall 65218 (2017) Kat:2, Licht: 2,65218,2,7,0,11,17,5,0,2,1,0,0,0,,0
"POINT (13.720931550000046 51.092495737000036)",Unfall 65219 (2017) Kat:3, Licht: 2,65219,3,3,5,11,05,5,0,2,0,1,0,1,,0
"POINT (13.747195345000023 51.124052413000072)",Unfall 65221 (2017) Kat:2, Licht: 0,65221,2,6,3,11,14,5,0,0,0,1,0,0,,1
"POINT (13.732233050000048 51.079083995000076)",Unfall 65235 (2017) Kat:2, Licht: 0,65235,2,4,6,11,09,2,1,0,0,1,1,0,,0
"POINT (13.731589183000040 51.122084011000027)",Unfall 65260 (2017) Kat:3, Licht: 2,65260,3,6,4,11,18,2,1,2,1,0,0,0,,0
"POINT (13.796353815000032 51.000127093000060)",Unfall 65268 (2017) Kat:2, Licht: 0,65268,2,7,8,11,10,3,1,0,0,1,0,0,,0
"POINT (13.658788833000074 51.079768939000076)",Unfall 65302 (2017) Kat:3, Licht: 0,65302,3,3,5,11,13,4,1,0,1,1,0,0,,0
"POINT (13.720671784000047 51.049281480000047)",Unfall 65307 (2017) Kat:3, Licht: 1,65307,3,3,5,11,07,4,1,1,1,1,0,0,,0
"POINT (13.741411595000045 51.045952363000026)",Unfall 65315 (2017) Kat:2, Licht: 0,65315,2,6,2,11,16,2,1,0,0,1,0,0,,0
"POINT (13.596473166000067 51.062570450000067)",Unfall 65335 (2017) Kat:3, Licht: 2,65335,3,6,3,10,20,3,0,2,0,1,0,0,,0
"POINT (13.787947751000047 51.005698956000060)",Unfall 65341 (2017) Kat:3, Licht: 0,65341,3,6,2,10,10,3,0,0,0,1,0,0,,0
"POINT (13.761481781000043 51.063973364000049)",Unfall 65354 (2017) Kat:3, Licht: 2,65354,3,3,5,11,17,2,1,2,0,0,0,0,,1
"POINT (13.732865835000041 51.066778745000079)",Unfall 65372 (2017) Kat:2, Licht: 0,65372,2,6,3,10,15,2,1,0,0,1,0,1,,0
"POINT (13.718538334000073 51.097428024000067)",Unfall 65375 (2017) Kat:3, Licht: 0,65375,3,6,3,10,16,1,0,0,0,0,0,1,,1
"POINT (13.886054532000060 51.070739215000060)",Unfall 65377 (2017) Kat:2, Licht: 0,65377,2,1,8,10,12,2,0,0,0,1,0,0,,0
"POINT (13.730203242000073 51.032933037000078)",Unfall 65380 (2017) Kat:2, Licht: 2,65380,2,4,6,11,18,2,1,2,0,0,1,0,,1
"POINT (13.711873358000048 51.100769775000060)",Unfall 65381 (2017) Kat:3, Licht: 0,65381,3,6,2,10,13,2,0,0,0,1,0,0,,1
"POINT (13.727481246000025 51.044818453000062)",Unfall 65382 (2017) Kat:3, Licht: 0,65382,3,6,2,10,12,2,0,0,0,1,0,0,,0
"POINT (13.719707417000052 51.094295780000039)",Unfall 65386 (2017) Kat:3, Licht: 2,65386,3,2,0,09,00,7,0,2,1,1,0,0,,0
"POINT (13.738970172000052 51.044573614000058)",Unfall 65387 (2017) Kat:2, Licht: 0,65387,2,7,0,09,11,7,0,0,1,1,0,0,,0
"POINT (13.655394819000037 51.048230697000065)",Unfall 65390 (2017) Kat:3, Licht: 0,65390,3,6,2,09,15,7,0,0,0,1,0,0,,0
"POINT (13.786123068000052 51.157001703000049)",Unfall 65406 (2017) Kat:3, Licht: 0,65406,3,6,2,10,15,2,0,0,0,1,0,0,,1
"POINT (13.732297182000025 51.036694983000075)",Unfall 65426 (2017) Kat:2, Licht: 2,65426,2,1,0,11,17,3,0,2,1,0,0,0,,0
"POINT (13.735868855000035 51.099916390000033)",Unfall 65431 (2017) Kat:3, Licht: 2,65431,3,7,7,11,20,3,0,2,0,1,0,0,,0
"POINT (13.735730187000058 51.099790548000044)",Unfall 65436 (2017) Kat:3, Licht: 0,65436,3,6,2,10,15,2,1,0,0,1,0,0,,0
"POINT (13.744486532000053 51.064313566000067)",Unfall 65437 (2017) Kat:3, Licht: 0,65437,3,7,0,11,15,3,0,0,0,1,0,0,,1
"POINT (13.628608098000029 51.088309672000037)",Unfall 65453 (2017) Kat:3, Licht: 0,65453,3,4,6,11,13,3,0,0,0,1,1,0,,0
"POINT (13.808821110000054 50.977526661000070)",Unfall 65463 (2017) Kat:3, Licht: 0,65463,3,2,5,10,10,7,0,0,0,1,0,0,,0
"POINT (13.655886232000057 51.081148146000032)",Unfall 65474 (2017) Kat:3, Licht: 2,65474,3,7,7,10,23,7,1,2,1,0,0,0,,0
"POINT (13.703501251000034 51.088424220000036)",Unfall 65479 (2017) Kat:3, Licht: 2,65479,3,4,6,10,21,7,1,2,0,1,1,0,,0
"POINT (13.751923377000026 51.072734150000031)",Unfall 65494 (2017) Kat:3, Licht: 0,65494,3,3,5,09,16,6,0,0,0,1,0,1,,0
"POINT (13.725820421000037 51.056872120000037)",Unfall 65495 (2017) Kat:3, Licht: 0,65495,3,6,2,09,16,6,0,0,0,1,0,0,,0
"POINT (13.748916782000038 51.027819148000049)",Unfall 65496 (2017) Kat:2, Licht: 1,65496,2,3,5,11,07,3,1,1,1,1,0,0,,0
"POINT (13.770451360000038 51.017102733000058)",Unfall 65501 (2017) Kat:3, Licht: 0,65501,3,6,2,10,16,7,0,0,0,1,0,0,,0
"POINT (13.689376293000066 51.041461452000078)",Unfall 65505 (2017) Kat:3, Licht: 0,65505,3,3,5,10,08,7,0,0,0,1,0,0,,0
"POINT (13.767003384000077 51.145723460000056)",Unfall 65516 (2017) Kat:2, Licht: 0,65516,2,6,2,09,12,6,0,0,0,1,0,0,,0
"POINT (13.734713755000030 51.074033848000056)",Unfall 65518 (2017) Kat:3, Licht: 2,65518,3,2,5,11,17,2,1,2,1,1,0,0,,0
"POINT (13.747006491000036 51.066309639000053)",Unfall 65531 (2017) Kat:3, Licht: 2,65531,3,6,2,11,17,3,0,2,0,1,0,0,,0
"POINT (13.722263961000067 51.128042184000037)",Unfall 65549 (2017) Kat:3, Licht: 2,65549,3,1,8,11,05,1,1,2,0,0,0,0,,1
"POINT (13.735205266000037 51.073371278000081)",Unfall 65567 (2017) Kat:3, Licht: 1,65567,3,6,2,10,17,3,1,1,0,1,0,0,,0
"POINT (13.733226226000056 51.039044330000081)",Unfall 65569 (2017) Kat:3, Licht: 0,65569,3,6,2,11,10,2,1,0,0,1,0,0,,0
"POINT (13.703093224000042 51.089252265000027)",Unfall 65607 (2017) Kat:3, Licht: 1,65607,3,1,0,11,16,1,1,1,0,0,0,1,,0
"POINT (13.670278177000057 51.071855569000036)",Unfall 65611 (2017) Kat:3, Licht: 0,65611,3,6,2,10,11,6,0,0,0,1,0,0,,0
"POINT (13.701943787000062 51.059162231000073)",Unfall 65613 (2017) Kat:3, Licht: 2,65613,3,3,5,10,05,6,1,2,0,1,0,1,,0
"POINT (13.653836119000061 51.081998180000028)",Unfall 65616 (2017) Kat:3, Licht: 0,65616,3,6,2,10,13,6,0,0,0,1,0,0,,0
"POINT (13.746062732000041 51.057161990000054)",Unfall 65617 (2017) Kat:3, Licht: 0,65617,3,3,5,10,13,6,1,0,0,1,0,1,,0
"POINT (13.746690778000072 51.051373632000036)",Unfall 65618 (2017) Kat:3, Licht: 0,65618,3,3,5,10,11,6,0,0,0,1,0,0,,0
"POINT (13.745539742000062 51.049196754000036)",Unfall 65619 (2017) Kat:3, Licht: 0,65619,3,1,0,10,10,6,1,0,0,0,0,1,,0
"POINT (13.735206592000054 51.073369491000051)",Unfall 65622 (2017) Kat:3, Licht: 0,65622,3,4,6,10,10,7,0,0,0,1,1,0,,0