WKT,Name,OBJECTID,UKATEGORIE,UTYP1,UART,UMONAT,USTUNDE,UWOCHENTAG,STRZUSTAND,ULICHTVERH,ISTRAD,ISTPKW,ISTFUSS,ISTKRAD,ISTGKFZ,ISTSONSTIG
"POINT (13.748672143000022 51.129138801000067)",Unfall 65626 (2017) Kat:2, Licht: 2,65626,2,6,3,11,05,5,0,2,0,1,0,0,,1
"POINT (13.799617342000033 51.144065464000050)",Unfall 65627 (2017) Kat:3, Licht: 0,65627,3,6,4,10,17,7,1,0,1,0,0,0,,0
"POINT (13.841653809000036 51.062079220000044)",Unfall 65630 (2017) Kat:3, Licht: 0,65630,3,6,2,10,14,7,0,0,0,1,0,0,,0
"POINT (13.746739200000036 51.051430824000079)",Unfall 65635 (2017) Kat:3, Licht: 0,65635,3,6,2,10,16,7,1,0,0,1,0,0,,0
"POINT (13.690471613000057 51.061410458000069)",Unfall 65642 (2017) Kat:3, Licht: 0,65642,3,2,2,09,11,5,0,0,0,1,0,0,,1
"POINT (13.721342108000044 51.041811344000052)",Unfall 65644 (2017) Kat:3, Licht: 0,65644,3,6,2,09,08,5,0,0,0,1,0,0,,1
"POINT (13.732212514000025 51.029529243000070)",Unfall 65645 (2017) Kat:3, Licht: 0,65645,3,3,0,09,09,5,0,0,1,0,0,0,,1
"POINT (13.888360030000058 51.064084828000034)",Unfall 65647 (2017) Kat:3, Licht: 0,65647,3,7,8,09,10,5,0,0,1,0,0,0,,0
"POINT (13.737532308000027 51.087224061000029)",Unfall 65648 (2017) Kat:3, Licht: 0,65648,3,2,5,09,12,5,0,0,0,1,0,0,,1
"POINT (13.748704320000058 51.063383156000043)",Unfall 65650 (2017) Kat:3, Licht: 2,65650,3,3,5,09,19,5,0,2,1,0,0,0,,1
"POINT (13.713634057000036 51.080695799000068)",Unfall 65678 (2017) Kat:3, Licht: 2,65678,3,3,5,10,18,7,1,2,1,1,0,0,,0
"POINT (13.727604814000074 51.058162625000080)",Unfall 65710 (2017) Kat:3, Licht: 0,65710,3,1,0,11,08,2,1,0,1,0,0,0,,0
"POINT (13.745021292000047 51.049429035000060)",Unfall 65727 (2017) Kat:3, Licht: 0,65727,3,3,5,11,11,2,1,0,0,1,0,0,,0
"POINT (13.725797371000056 51.032428627000058)",Unfall 65735 (2017) Kat:2, Licht: 0,65735,2,3,5,10,12,6,0,0,1,1,0,0,,0
"POINT (13.739262573000076 51.109975846000054)",Unfall 65759 (2017) Kat:2, Licht: 0,65759,2,6,3,11,14,2,0,0,0,1,0,0,,1
"POINT (13.740263017000075 51.064782723000064)",Unfall 65767 (2017) Kat:3, Licht: 0,65767,3,2,1,11,09,3,0,0,0,1,0,0,,0
"POINT (13.686041128000056 51.062297578000027)",Unfall 65772 (2017) Kat:3, Licht: 0,65772,3,3,5,09,16,4,0,0,0,1,0,0,,0
"POINT (13.718081354000049 51.035876240000050)",Unfall 65773 (2017) Kat:3, Licht: 0,65773,3,2,5,09,15,4,0,0,1,1,0,0,,0
"POINT (13.739273709000031 51.071955669000033)",Unfall 65774 (2017) Kat:3, Licht: 0,65774,3,3,5,09,14,4,0,0,1,1,0,0,,0
"POINT (13.745634177000056 51.049306518000037)",Unfall 65775 (2017) Kat:3, Licht: 0,65775,3,6,2,09,16,4,0,0,0,1,0,0,,0
"POINT (13.934690950000061 51.040410617000077)",Unfall 65787 (2017) Kat:2, Licht: 2,65787,2,4,6,11,17,1,1,2,0,1,1,0,,0
"POINT (13.710743165000054 51.104286975000036)",Unfall 65801 (2017) Kat:3, Licht: 2,65801,3,2,3,10,18,5,1,2,1,1,0,0,,0
"POINT (13.760126709000076 51.023305577000031)",Unfall 65803 (2017) Kat:3, Licht: 0,65803,3,2,3,10,08,5,0,0,1,0,0,0,,1
"POINT (13.701904978000073 51.032108008000080)",Unfall 65814 (2017) Kat:2, Licht: 2,65814,2,4,6,10,19,2,0,2,0,1,1,0,,0
"POINT (13.669555183000057 51.072276106000061)",Unfall 65824 (2017) Kat:3, Licht: 2,65824,3,1,4,11,21,7,0,2,0,1,0,0,,0
"POINT (13.731822550000061 51.126277178000066)",Unfall 65842 (2017) Kat:3, Licht: 2,65842,3,3,5,10,23,6,1,2,0,1,0,0,,0
"POINT (13.742018586000029 51.064675400000056)",Unfall 65845 (2017) Kat:3, Licht: 0,65845,3,3,5,10,09,6,0,0,1,1,0,0,,0
"POINT (13.736993030000065 51.063170461000027)",Unfall 65847 (2017) Kat:3, Licht: 0,65847,3,2,5,10,14,7,0,0,1,1,0,0,,0
"POINT (13.702882513000077 51.043738741000027)",Unfall 65848 (2017) Kat:3, Licht: 2,65848,3,1,0,11,05,4,0,2,1,0,0,0,,0
"POINT (13.793607108000060 51.129189738000036)",Unfall 65852 (2017) Kat:2, Licht: 0,65852,2,3,5,11,07,5,0,0,1,1,0,0,,1
"POINT (13.730967882000073 51.024733804000050)",Unfall 65862 (2017) Kat:3, Licht: 0,65862,3,6,3,09,08,3,0,0,1,1,0,0,,0
"POINT (13.730727378000040 51.068884845000071)",Unfall 65864 (2017) Kat:2, Licht: 2,65864,2,2,4,09,18,3,0,2,0,1,0,1,,0
"POINT (13.622596896000061 51.066876456000045)",Unfall 65866 (2017) Kat:3, Licht: 0,65866,3,6,2,09,16,3,0,0,0,0,0,0,,1
"POINT (13.730077874000074 51.032556540000030)",Unfall 65867 (2017) Kat:3, Licht: 2,65867,3,1,4,09,06,3,1,2,0,1,0,0,,0
"POINT (13.714393027000028 51.079763429000081)",Unfall 65869 (2017) Kat:2, Licht: 0,65869,2,6,2,11,10,3,1,0,0,1,0,0,,0
"POINT (13.882741591000070 51.037691699000050)",Unfall 65871 (2017) Kat:1, Licht: 2,65871,1,3,5,09,19,3,0,2,0,1,0,1,,0
"POINT (13.770442940000066 51.102553960000080)",Unfall 65897 (2017) Kat:2, Licht: 0,65897,2,1,0,09,17,2,1,0,1,0,0,0,,0
"POINT (13.800371748000032 51.146415595000065)",Unfall 65899 (2017) Kat:3, Licht: 0,65899,3,6,2,09,18,2,1,0,0,1,0,0,,0
"POINT (13.746953540000050 51.051683991000061)",Unfall 65919 (2017) Kat:2, Licht: 1,65919,2,3,5,11,06,6,0,1,1,0,0,0,,1
"POINT (13.886752874000024 51.062895478000030)",Unfall 65923 (2017) Kat:3, Licht: 0,65923,3,3,5,11,11,2,0,0,1,1,0,0,,0
"POINT (13.692586301000063 51.083062501000029)",Unfall 65948 (2017) Kat:3, Licht: 2,65948,3,6,3,11,17,3,1,2,0,1,0,0,,1
"POINT (13.697980882000024 51.022571516000028)",Unfall 65959 (2017) Kat:3, Licht: 0,65959,3,3,5,09,18,1,0,0,1,1,0,0,,0
"POINT (13.745456977000060 51.123383815000068)",Unfall 65961 (2017) Kat:3, Licht: 0,65961,3,1,8,09,12,1,1,0,0,1,0,0,,0
"POINT (13.745023424000067 51.049431370000036)",Unfall 65962 (2017) Kat:3, Licht: 0,65962,3,3,5,09,09,1,1,0,0,1,0,0,,0
"POINT (13.734543470000062 51.061675538000031)",Unfall 65971 (2017) Kat:3, Licht: 2,65971,3,1,8,11,18,2,1,2,0,1,0,0,,0
"POINT (13.768223679000073 51.019899384000041)",Unfall 65976 (2017) Kat:3, Licht: 0,65976,3,2,3,10,12,3,0,0,1,0,0,0,,1
"POINT (13.766537289000041 51.118667909000067)",Unfall 65977 (2017) Kat:2, Licht: 2,65977,2,3,5,10,19,3,1,2,0,1,0,0,,0
"POINT (13.748849035000035 51.063364141000079)",Unfall 65978 (2017) Kat:3, Licht: 0,65978,3,7,0,10,12,3,0,0,0,1,0,0,,1
"POINT (13.740343594000024 51.064711052000064)",Unfall 65979 (2017) Kat:3, Licht: 0,65979,3,2,5,10,13,3,0,0,1,1,0,0,,0
"POINT (13.652902256000061 51.082374898000069)",Unfall 65986 (2017) Kat:2, Licht: 2,65986,2,3,5,10,06,3,1,2,0,1,0,0,,1
"POINT (13.709067622000077 51.084339916000033)",Unfall 66003 (2017) Kat:3, Licht: 0,66003,3,3,5,10,15,5,1,0,1,1,0,0,,0
"POINT (13.627352871000028 51.036963898000067)",Unfall 66020 (2017) Kat:3, Licht: 0,66020,3,6,3,09,13,7,0,0,0,1,0,0,,0
"POINT (13.741797911000049 51.028902864000031)",Unfall 66031 (2017) Kat:3, Licht: 1,66031,3,3,5,10,06,5,1,1,1,1,0,0,,0
"POINT (13.779484945000036 51.066948218000050)",Unfall 66034 (2017) Kat:3, Licht: 0,66034,3,1,8,10,14,5,1,0,0,1,0,0,,0
"POINT (13.737314838000032 51.085391830000049)",Unfall 66053 (2017) Kat:3, Licht: 0,66053,3,3,5,11,13,2,1,0,0,1,0,0,,1
"POINT (13.712844340000061 51.061587599000063)",Unfall 66058 (2017) Kat:2, Licht: 0,66058,2,2,5,11,09,3,1,0,0,1,0,0,,0
"POINT (13.614676218000056 51.038471689000062)",Unfall 66075 (2017) Kat:3, Licht: 0,66075,3,7,2,11,10,7,1,0,0,1,0,0,,0
"POINT (13.787390738000056 51.006198592000032)",Unfall 66079 (2017) Kat:3, Licht: 0,66079,3,7,6,11,13,7,0,0,0,1,1,0,,0
"POINT (13.818040314000029 51.052444025000057)",Unfall 66088 (2017) Kat:3, Licht: 2,66088,3,3,5,11,07,3,1,2,0,1,0,0,,0
"POINT (13.696480976000032 51.043331450000039)",Unfall 66098 (2017) Kat:3, Licht: 2,66098,3,1,0,10,05,7,0,2,1,0,0,0,,0
"POINT (13.792414624000060 51.119824823000044)",Unfall 66102 (2017) Kat:3, Licht: 0,66102,3,6,6,11,12,5,0,0,1,0,1,0,,0
"POINT (13.757621437000068 51.063328963000060)",Unfall 66139 (2017) Kat:2, Licht: 0,66139,2,3,5,10,15,2,1,0,1,0,0,1,,0
"POINT (13.679061246000060 51.062988121000046)",Unfall 66141 (2017) Kat:3, Licht: 1,66141,3,6,1,10,17,2,0,1,0,1,0,0,,0
"POINT (13.693059918000074 51.090063673000031)",Unfall 66144 (2017) Kat:3, Licht: 2,66144,3,1,8,09,20,6,0,2,0,1,0,0,,0
"POINT (13.851307186000042 51.025784038000040)",Unfall 66145 (2017) Kat:2, Licht: 0,66145,2,1,4,09,14,6,0,0,0,1,0,0,,0
"POINT (13.817734736000034 50.986781276000045)",Unfall 66158 (2017) Kat:3, Licht: 0,66158,3,1,4,11,15,1,0,0,0,1,0,0,,0
"POINT (13.711954267000067 51.025569851000057)",Unfall 66159 (2017) Kat:3, Licht: 0,66159,3,3,5,11,14,6,0,0,0,1,0,1,,0
"POINT (13.819822665000061 51.050871584000049)",Unfall 66177 (2017) Kat:3, Licht: 0,66177,3,2,0,10,14,1,0,0,1,0,0,0,,0
"POINT (13.735400811000034 51.041279775000078)",Unfall 66179 (2017) Kat:3, Licht: 2,66179,3,1,8,10,18,1,0,2,1,0,0,0,,0
"POINT (13.735814662000053 51.041696666000064)",Unfall 66182 (2017) Kat:3, Licht: 0,66182,3,1,0,10,08,1,1,0,1,0,0,0,,0
"POINT (13.737554099000022 51.087276859000042)",Unfall 66204 (2017) Kat:3, Licht: 2,66204,3,2,5,10,00,1,0,2,1,1,0,0,,0
"POINT (13.756855932000065 51.025423081000042)",Unfall 66207 (2017) Kat:3, Licht: 0,66207,3,3,5,11,11,2,0,0,0,1,0,0,,0
"POINT (13.782160927000064 51.113433037000050)",Unfall 66209 (2017) Kat:3, Licht: 2,66209,3,2,5,11,16,3,1,2,1,1,0,0,,0
"POINT (13.593610975000047 51.062481000000048)",Unfall 66210 (2017) Kat:3, Licht: 0,66210,3,6,3,09,17,5,0,0,0,1,0,0,,1
"POINT (13.719711622000034 51.094284355000070)",Unfall 66213 (2017) Kat:3, Licht: 0,66213,3,3,0,09,10,5,0,0,1,0,0,0,,1
"POINT (13.734010383000054 51.040037373000075)",Unfall 66214 (2017) Kat:3, Licht: 2,66214,3,4,0,11,16,4,1,2,0,0,1,0,,1
"POINT (13.729377045000035 51.070396787000050)",Unfall 66232 (2017) Kat:3, Licht: 0,66232,3,3,5,11,10,3,1,0,1,1,0,0,,0
"POINT (13.743958280000072 51.047290423000049)",Unfall 66235 (2017) Kat:3, Licht: 2,66235,3,2,5,11,17,4,0,2,1,1,0,0,,0
"POINT (13.722014959000035 51.075145864000035)",Unfall 66263 (2017) Kat:2, Licht: 0,66263,2,4,6,10,12,3,0,0,0,1,1,0,,0
"POINT (13.820607202000076 51.063968518000081)",Unfall 66281 (2017) Kat:3, Licht: 0,66281,3,3,5,11,11,3,1,0,0,1,0,0,,0
"POINT (13.745371027000033 51.049013140000056)",Unfall 66286 (2017) Kat:3, Licht: 0,66286,3,2,3,09,08,4,0,0,0,1,0,0,,0
"POINT (13.749327980000032 51.130439698000032)",Unfall 66290 (2017) Kat:3, Licht: 0,66290,3,6,3,09,14,4,0,0,0,1,0,0,,1
"POINT (13.750833193000062 51.071510754000030)",Unfall 66291 (2017) Kat:3, Licht: 2,66291,3,4,6,09,20,4,0,2,0,1,1,0,,0
"POINT (13.893433582000057 51.002506963000030)",Unfall 66297 (2017) Kat:3, Licht: 2,66297,3,1,8,10,21,7,1,2,0,1,0,0,,0
"POINT (13.689887464000037 51.071025391000035)",Unfall 66298 (2017) Kat:3, Licht: 2,66298,3,3,5,10,20,1,0,2,1,1,0,0,,0
"POINT (13.734632008000062 51.106578033000062)",Unfall 66299 (2017) Kat:3, Licht: 0,66299,3,6,2,10,13,7,0,0,0,1,0,0,,0
"POINT (13.834446849000074 51.062021448000053)",Unfall 66315 (2017) Kat:2, Licht: 0,66315,2,4,6,11,08,3,1,0,0,1,1,0,,0
"POINT (13.740301672000044 51.064694606000046)",Unfall 66349 (2017) Kat:3, Licht: 1,66349,3,6,2,09,18,3,0,1,1,1,0,0,,0
"POINT (13.832888052000044 51.059350945000062)",Unfall 66350 (2017) Kat:3, Licht: 0,66350,3,6,2,09,09,3,0,0,0,1,0,0,,0
"POINT (13.724264941000058 51.043567231000054)",Unfall 66364 (2017) Kat:3, Licht: 2,66364,3,1,0,11,01,7,0,2,1,0,0,0,,0
"POINT (13.688175779000062 51.047385632000044)",Unfall 66375 (2017) Kat:3, Licht: 0,66375,3,6,2,10,12,6,0,0,0,1,0,0,,1
"POINT (13.730983175000063 51.024738345000060)",Unfall 66379 (2017) Kat:3, Licht: 0,66379,3,3,5,10,09,6,0,0,0,1,0,0,,0
"POINT (13.784219041000028 51.066978679000044)",Unfall 66384 (2017) Kat:3, Licht: 2,66384,3,1,0,10,20,6,0,2,1,0,0,0,,0
"POINT (13.707358710000051 51.051697177000051)",Unfall 66386 (2017) Kat:2, Licht: 0,66386,2,3,5,10,07,4,0,0,0,1,0,0,,0
"POINT (13.747034432000078 51.123529965000046)",Unfall 66387 (2017) Kat:3, Licht: 1,66387,3,6,2,11,08,2,1,1,0,1,0,0,,1
"POINT (13.847938519000024 51.061827522000044)",Unfall 66390 (2017) Kat:3, Licht: 0,66390,3,6,2,10,10,6,0,0,0,1,0,0,,0
"POINT (13.723167334000038 51.074439228000074)",Unfall 66393 (2017) Kat:2, Licht: 2,66393,2,4,6,10,18,6,0,2,0,1,1,0,,0
"POINT (13.746102902000075 51.057144603000040)",Unfall 66424 (2017) Kat:3, Licht: 0,66424,3,3,5,10,16,3,1,0,0,1,0,0,,0
"POINT (13.733358152000051 51.038917553000033)",Unfall 66447 (2017) Kat:3, Licht: 2,66447,3,3,5,11,16,3,1,2,1,1,0,0,,0
"POINT (13.741882743000076 51.046175704000063)",Unfall 66471 (2017) Kat:3, Licht: 0,66471,3,2,5,10,14,2,0,0,1,1,0,0,,0
"POINT (13.745250701000032 51.028498544000058)",Unfall 66486 (2017) Kat:3, Licht: 2,66486,3,6,2,10,06,3,1,2,0,1,0,0,,0
"POINT (13.714904843000056 51.079062393000072)",Unfall 66489 (2017) Kat:3, Licht: 0,66489,3,1,0,09,07,2,0,0,1,0,0,0,,0
"POINT (13.760127532000070 51.023305368000081)",Unfall 66490 (2017) Kat:3, Licht: 0,66490,3,2,3,09,15,2,0,0,1,1,0,0,,0
"POINT (13.747716152000066 51.068033350000064)",Unfall 66492 (2017) Kat:3, Licht: 0,66492,3,2,5,09,14,2,0,0,1,1,0,0,,0
"POINT (13.739105279000057 51.069119891000071)",Unfall 66493 (2017) Kat:3, Licht: 0,66493,3,2,5,09,08,2,0,0,1,0,0,0,,1
"POINT (13.715065931000026 51.078820710000059)",Unfall 66499 (2017) Kat:3, Licht: 2,66499,3,2,5,11,18,6,1,2,1,1,0,0,,0
"POINT (13.804229487000043 50.994777016000057)",Unfall 66510 (2017) Kat:3, Licht: 0,66510,3,3,5,10,07,3,0,0,1,1,0,0,,0
"POINT (13.635424664000027 51.069868617000054)",Unfall 66512 (2017) Kat:3, Licht: 1,66512,3,6,3,10,07,3,1,1,0,1,0,0,,0
"POINT (13.730943955000043 51.118070995000039)",Unfall 66528 (2017) Kat:3, Licht: 1,66528,3,2,5,11,06,3,1,1,0,1,0,0,,0
"POINT (13.728900106000026 51.059368598000049)",Unfall 66546 (2017) Kat:2, Licht: 2,66546,2,6,4,11,21,6,1,2,0,1,0,0,,1
"POINT (13.841235800000049 51.124531208000064)",Unfall 66548 (2017) Kat:2, Licht: 0,66548,2,1,8,11,13,2,0,0,0,0,0,1,,0
"POINT (13.724061587000051 51.073759479000046)",Unfall 66569 (2017) Kat:3, Licht: 2,66569,3,4,6,11,17,6,0,2,0,1,1,0,,0
"POINT (13.760644902000024 51.082434943000067)",Unfall 66588 (2017) Kat:3, Licht: 2,66588,3,6,3,11,05,6,1,2,1,1,0,0,,0
"POINT (13.749501017000057 51.063282269000069)",Unfall 66595 (2017) Kat:3, Licht: 0,66595,3,6,0,10,17,4,0,0,0,0,0,0,,1
"POINT (13.742015684000023 51.064675664000049)",Unfall 66596 (2017) Kat:3, Licht: 0,66596,3,3,5,10,07,4,0,0,1,1,0,0,,0
"POINT (13.733378844000072 51.038959513000066)",Unfall 66598 (2017) Kat:3, Licht: 1,66598,3,2,2,10,19,4,0,1,1,1,0,0,,0
"POINT (13.727951824000058 51.043376287000058)",Unfall 66600 (2017) Kat:3, Licht: 1,66600,3,3,5,10,07,4,0,1,1,1,0,0,,0
"POINT (13.734476265000069 51.065463728000054)",Unfall 66620 (2017) Kat:3, Licht: 0,66620,3,3,5,10,12,4,0,0,1,1,0,0,,0
"POINT (13.815435100000059 51.053792791000035)",Unfall 66621 (2017) Kat:3, Licht: 1,66621,3,6,3,11,06,2,1,1,0,1,0,0,,0
"POINT (13.738051903000041 51.069725618000064)",Unfall 66626 (2017) Kat:3, Licht: 1,66626,3,5,1,11,08,3,1,1,0,1,0,1,,0
"POINT (13.760394277000046 51.082081861000063)",Unfall 66633 (2017) Kat:2, Licht: 0,66633,2,4,6,09,15,7,0,0,0,1,1,0,,0
"POINT (13.758661476000043 51.063498115000073)",Unfall 66646 (2017) Kat:3, Licht: 0,66646,3,1,8,09,16,7,0,0,1,0,0,0,,0
"POINT (13.735597653000070 51.100627691000057)",Unfall 66650 (2017) Kat:3, Licht: 0,66650,3,6,2,09,10,7,0,0,0,1,0,0,,0
"POINT (13.688346337000041 51.040788150000026)",Unfall 66674 (2017) Kat:3, Licht: 2,66674,3,3,5,12,18,7,1,2,0,1,0,0,,0
"POINT (13.777863857000057 50.987037848000057)",Unfall 66676 (2017) Kat:3, Licht: 2,66676,3,1,8,12,22,7,1,2,0,1,0,0,,0
"POINT (13.760233839000023 51.081857524000043)",Unfall 66677 (2017) Kat:2, Licht: 2,66677,2,4,6,12,23,7,1,2,0,1,1,0,,0
"POINT (13.776591871000051 51.067482215000041)",Unfall 66760 (2017) Kat:3, Licht: 0,66760,3,4,6,12,13,6,0,0,0,1,1,0,,0
"POINT (13.714276290000043 51.079889026000046)",Unfall 66762 (2017) Kat:2, Licht: 0,66762,2,4,6,12,13,6,1,0,0,1,1,0,,0
"POINT (13.769919096000024 51.116408845000080)",Unfall 66804 (2017) Kat:2, Licht: 0,66804,2,2,6,12,10,5,1,0,0,1,1,0,,0
"POINT (13.737299925000059 51.085418312000058)",Unfall 66806 (2017) Kat:3, Licht: 0,66806,3,3,5,12,15,5,1,0,0,1,0,0,,0
"POINT (13.744752607000066 51.049117178000074)",Unfall 66854 (2017) Kat:3, Licht: 0,66854,3,6,2,12,11,3,0,0,0,1,0,0,,0
"POINT (13.744416713000021 51.048734604000060)",Unfall 66857 (2017) Kat:2, Licht: 0,66857,2,4,0,12,15,3,0,0,0,0,1,0,,1
"POINT (13.723166996000032 51.033958629000040)",Unfall 66887 (2017) Kat:2, Licht: 2,66887,2,3,5,12,21,2,1,2,0,1,0,0,,0
"POINT (13.807054902000061 51.065335938000032)",Unfall 66888 (2017) Kat:3, Licht: 0,66888,3,1,0,12,09,2,1,0,0,0,0,1,,0
"POINT (13.731640773000038 51.026522166000063)",Unfall 66956 (2017) Kat:2, Licht: 0,66956,2,2,5,12,15,1,0,0,1,1,0,0,,0
"POINT (13.694052980000038 51.043078266000066)",Unfall 66963 (2017) Kat:3, Licht: 2,66963,3,7,0,12,17,6,0,2,0,1,0,0,,0
"POINT (13.820967819000032 51.085394747000066)",Unfall 66964 (2017) Kat:3, Licht: 1,66964,3,1,8,12,16,6,0,1,0,1,0,0,,0
"POINT (13.662789476000057 51.049456863000046)",Unfall 66971 (2017) Kat:2, Licht: 0,66971,2,1,0,12,07,7,2,0,1,0,0,0,,0
"POINT (13.723752742000045 51.089070274000051)",Unfall 66992 (2017) Kat:2, Licht: 0,66992,2,4,6,12,13,5,1,0,0,0,1,0,,1
"POINT (13.776417599000069 51.067412024000078)",Unfall 66994 (2017) Kat:3, Licht: 0,66994,3,6,2,12,11,5,1,0,0,1,0,0,,0
"POINT (13.655485858000077 51.048350430000028)",Unfall 67007 (2017) Kat:3, Licht: 0,67007,3,3,5,12,12,6,0,0,0,1,0,0,,0
"POINT (13.874754186000075 51.060543206000034)",Unfall 67008 (2017) Kat:3, Licht: 0,67008,3,3,5,12,10,6,0,0,1,1,0,0,,0
"POINT (13.740458202000070 51.064743630000066)",Unfall 67028 (2017) Kat:3, Licht: 0,67028,3,7,0,12,15,4,0,0,1,1,0,0,,0
"POINT (13.724938418000022 51.043950432000031)",Unfall 67055 (2017) Kat:3, Licht: 2,67055,3,3,5,12,17,3,1,2,1,1,0,0,,0
"POINT (13.851831915000048 51.061801948000038)",Unfall 67064 (2017) Kat:3, Licht: 2,67064,3,6,2,12,17,5,0,2,0,1,0,0,,0
"POINT (13.772325569000031 51.106955659000050)",Unfall 67065 (2017) Kat:3, Licht: 0,67065,3,6,2,12,11,5,0,0,0,1,0,0,,0
"POINT (13.769871276000060 51.116441610000038)",Unfall 67066 (2017) Kat:3, Licht: 2,67066,3,3,5,12,17,5,0,2,0,1,0,0,,0
"POINT (13.713831687000038 51.080422162000048)",Unfall 67084 (2017) Kat:3, Licht: 0,67084,3,2,5,12,16,1,0,0,1,1,0,0,,0
"POINT (13.679421414000046 51.074861638000073)",Unfall 67092 (2017) Kat:3, Licht: 2,67092,3,6,2,12,00,7,0,2,0,1,0,0,,0
"POINT (13.619293598000070 51.065916690000051)",Unfall 67113 (2017) Kat:3, Licht: 0,67113,3,1,9,12,09,4,0,0,0,1,0,0,,0
"POINT (13.786773677000042 51.066926401000046)",Unfall 67114 (2017) Kat:3, Licht: 0,67114,3,3,5,12,09,4,0,0,0,1,0,0,,0
"POINT (13.737805146000028 51.043678544000045)",Unfall 67137 (2017) Kat:3, Licht: 2,67137,3,4,0,12,18,6,0,2,0,0,1,0,,1
"POINT (13.769008700000029 51.146680281000044)",Unfall 67138 (2017) Kat:2, Licht: 0,67138,2,6,2,12,11,6,0,0,0,1,0,0,,0
"POINT (13.690692697000031 51.078343128000029)",Unfall 67147 (2017) Kat:3, Licht: 2,67147,3,2,1,12,18,3,0,2,0,1,0,0,,0
"POINT (13.791799723000054 51.125560907000079)",Unfall 67148 (2017) Kat:3, Licht: 2,67148,3,6,2,12,06,3,1,2,0,1,0,0,,0
"POINT (13.799584059000040 50.998634544000026)",Unfall 67193 (2017) Kat:3, Licht: 2,67193,3,3,5,12,20,2,1,2,0,1,0,0,,0
"POINT (13.710539940000046 51.083607096000037)",Unfall 67196 (2017) Kat:3, Licht: 0,67196,3,7,1,12,09,2,1,0,0,1,0,0,,0
"POINT (13.703058668000040 51.089320649000058)",Unfall 67202 (2017) Kat:3, Licht: 0,67202,3,7,6,12,13,5,1,0,0,0,1,0,,1
"POINT (13.672280629000056 51.017207558000052)",Unfall 67203 (2017) Kat:2, Licht: 0,67203,2,7,4,12,09,5,1,0,0,1,0,0,,0
"POINT (13.752942350000069 51.073852975000079)",Unfall 67240 (2017) Kat:3, Licht: 2,67240,3,3,5,12,16,4,1,2,0,1,0,0,,0
"POINT (13.816888689000052 50.987101238000037)",Unfall 67241 (2017) Kat:2, Licht: 0,67241,2,4,6,12,15,4,1,0,0,1,1,0,,0
"POINT (13.738341040000023 51.069239285000037)",Unfall 67272 (2017) Kat:2, Licht: 2,67272,2,1,8,12,22,7,0,2,0,1,0,0,,0
"POINT (13.760394710000071 51.082082431000060)",Unfall 67298 (2017) Kat:3, Licht: 2,67298,3,4,6,12,17,3,1,2,0,1,1,0,,0
"POINT (13.741402462000053 51.045948790000068)",Unfall 67300 (2017) Kat:3, Licht: 0,67300,3,6,2,12,14,3,1,0,0,1,0,0,,0
"POINT (13.894886961000054 51.033205751000025)",Unfall 67302 (2017) Kat:3, Licht: 0,67302,3,4,6,12,13,3,1,0,0,1,1,0,,0
"POINT (13.780201623000039 51.154509154000039)",Unfall 67353 (2017) Kat:2, Licht: 2,67353,2,1,8,12,23,6,0,2,0,1,0,0,,0
"POINT (13.777774065000074 51.067533912000044)",Unfall 67354 (2017) Kat:2, Licht: 0,67354,2,4,6,12,10,6,0,0,0,1,1,0,,0
"POINT (13.686516814000072 51.079515114000060)",Unfall 67371 (2017) Kat:2, Licht: 0,67371,2,7,9,11,11,5,0,0,0,1,0,0,,0
"POINT (13.874606859000039 51.009778397000048)",Unfall 67383 (2017) Kat:3, Licht: 0,67383,3,7,0,12,12,2,0,0,1,1,0,0,,0
"POINT (13.699736261000055 51.077269434000073)",Unfall 158669 (2017) Kat:3, Licht: 2,158669,3,1,8,01,06,4,1,2,0,1,0,0,,0
"POINT (13.783111237000071 51.029883314000074)",Unfall 158670 (2017) Kat:3, Licht: 0,158670,3,3,5,01,08,4,1,0,1,1,0,0,,0
"POINT (13.724421697000025 51.057846123000047)",Unfall 158671 (2017) Kat:3, Licht: 1,158671,3,2,5,01,16,4,1,1,1,1,0,0,,0
"POINT (13.700312820000022 51.044957086000068)",Unfall 158690 (2017) Kat:2, Licht: 2,158690,2,3,5,01,17,3,1,2,1,1,0,0,,0
"POINT (13.752656919000060 51.060466156000075)",Unfall 158691 (2017) Kat:3, Licht: 2,158691,3,3,5,01,16,3,1,2,0,1,0,0,,0
"POINT (13.805861027000049 51.049582996000026)",Unfall 158703 (2017) Kat:3, Licht: 0,158703,3,3,5,01,10,1,0,0,0,1,0,0,,0
"POINT (13.700876915000038 51.036193688000026)",Unfall 158942 (2017) Kat:3, Licht: 2,158942,3,7,6,02,21,4,2,2,0,1,1,0,,0
"POINT (13.715774004000025 51.056185206000066)",Unfall 158943 (2017) Kat:2, Licht: 0,158943,2,4,6,02,08,4,2,0,0,1,1,0,,0
"POINT (13.748234107000030 51.117740078000054)",Unfall 158958 (2017) Kat:3, Licht: 1,158958,3,3,5,01,17,3,2,1,1,1,0,0,,0
"POINT (13.732306488000063 51.060980740000048)",Unfall 158969 (2017) Kat:2, Licht: 0,158969,2,1,9,01,15,2,1,0,0,1,0,0,,0
"POINT (13.782362397000043 51.047639979000053)",Unfall 158970 (2017) Kat:3, Licht: 0,158970,3,3,2,01,08,2,0,0,0,1,0,0,,0
"POINT (13.738273615000026 51.039238743000055)",Unfall 158971 (2017) Kat:3, Licht: 0,158971,3,1,1,01,16,2,2,0,0,1,0,0,,0