WKT,Name,OBJECTID,UKATEGORIE,UTYP1,UART,UMONAT,USTUNDE,UWOCHENTAG,STRZUSTAND,ULICHTVERH,ISTRAD,ISTPKW,ISTFUSS,ISTKRAD,ISTGKFZ,ISTSONSTIG
"POINT (13.777868504000025 51.053964868000037)",Unfall 158972 (2017) Kat:3, Licht: 2,158972,3,2,2,01,19,2,2,2,1,1,0,0,,0
"POINT (13.721376564000025 51.049521428000048)",Unfall 158973 (2017) Kat:2, Licht: 0,158973,2,7,6,01,13,2,0,0,0,1,1,0,,0
"POINT (13.742163166000068 51.089634484000044)",Unfall 158974 (2017) Kat:3, Licht: 0,158974,3,3,5,01,15,2,1,0,0,1,0,0,,1
"POINT (13.808256649000043 51.033463985000026)",Unfall 158981 (2017) Kat:3, Licht: 0,158981,3,3,5,01,10,7,0,0,0,1,0,0,,0
"POINT (13.751147420000052 51.042382120000070)",Unfall 158982 (2017) Kat:3, Licht: 0,158982,3,6,2,01,13,7,0,0,0,1,0,0,,0
"POINT (13.783959194000033 51.034583968000049)",Unfall 158983 (2017) Kat:3, Licht: 2,158983,3,3,5,01,17,7,0,2,0,0,0,0,,1
"POINT (13.789525495000078 51.018317286000070)",Unfall 158993 (2017) Kat:3, Licht: 2,158993,3,3,5,01,05,6,0,2,1,1,0,0,,0
"POINT (13.803032493000046 51.051994895000064)",Unfall 158994 (2017) Kat:2, Licht: 2,158994,2,4,6,01,19,6,0,2,0,1,1,0,,0
"POINT (13.726799362000065 51.052705263000064)",Unfall 158995 (2017) Kat:3, Licht: 0,158995,3,7,6,01,14,6,0,0,0,1,1,0,,0
"POINT (13.719223970000030 51.054113280000081)",Unfall 159006 (2017) Kat:3, Licht: 2,159006,3,2,3,01,19,5,0,2,0,1,0,0,,0
"POINT (13.714571393000028 51.079535228000054)",Unfall 159011 (2017) Kat:3, Licht: 0,159011,3,6,2,01,13,4,1,0,1,0,0,0,,1
"POINT (13.802282235000064 51.001066881000042)",Unfall 159012 (2017) Kat:2, Licht: 2,159012,2,1,9,01,00,4,1,2,0,1,0,0,,0
"POINT (13.758722953000074 51.049533216000043)",Unfall 159013 (2017) Kat:2, Licht: 0,159013,2,3,5,01,11,4,1,0,1,0,0,0,,1
"POINT (13.743737458000055 51.049633142000062)",Unfall 159014 (2017) Kat:3, Licht: 0,159014,3,4,6,01,13,4,1,0,0,0,1,0,,1
"POINT (13.775309974000038 51.032976475000055)",Unfall 159022 (2017) Kat:3, Licht: 2,159022,3,3,5,01,18,3,2,2,0,1,0,0,,0
"POINT (13.725845056000026 51.076870006000036)",Unfall 159036 (2017) Kat:2, Licht: 0,159036,2,4,6,01,07,2,1,0,0,1,1,0,,0
"POINT (13.778484924000054 51.020536853000067)",Unfall 159037 (2017) Kat:3, Licht: 0,159037,3,3,5,01,09,2,0,0,1,1,0,0,,0
"POINT (13.815498463000040 51.027986962000057)",Unfall 159038 (2017) Kat:3, Licht: 1,159038,3,1,0,01,16,2,2,1,1,0,0,0,,0
"POINT (13.766360307000070 51.051418460000036)",Unfall 159039 (2017) Kat:2, Licht: 0,159039,2,1,0,01,15,2,2,0,1,0,0,0,,0
"POINT (13.724094271000070 51.084455510000055)",Unfall 159053 (2017) Kat:3, Licht: 0,159053,3,6,3,01,13,7,0,0,1,1,0,0,,0
"POINT (13.736500315000058 51.055007519000071)",Unfall 159060 (2017) Kat:3, Licht: 0,159060,3,6,2,01,15,6,0,0,0,1,0,0,,0
"POINT (13.799942464000026 51.052831646000072)",Unfall 159070 (2017) Kat:2, Licht: 0,159070,2,7,0,01,11,5,0,0,0,1,0,0,,1
"POINT (13.747862424000061 51.051509774000067)",Unfall 159071 (2017) Kat:3, Licht: 0,159071,3,2,5,01,16,5,0,0,1,1,0,0,,0
"POINT (13.794201650000048 51.043959972000039)",Unfall 159072 (2017) Kat:2, Licht: 2,159072,2,4,6,01,20,5,2,2,0,1,1,0,,0
"POINT (13.720326520000071 51.054683595000029)",Unfall 159073 (2017) Kat:3, Licht: 2,159073,3,2,2,01,06,5,0,2,0,1,0,0,,0
"POINT (13.719036849000076 51.059618520000072)",Unfall 159074 (2017) Kat:3, Licht: 0,159074,3,5,0,01,09,5,1,0,0,1,0,0,,1
"POINT (13.731323255000063 51.077120239000067)",Unfall 159081 (2017) Kat:2, Licht: 2,159081,2,4,6,01,18,4,1,2,0,1,1,0,,0
"POINT (13.842847638000023 51.050516327000082)",Unfall 159082 (2017) Kat:3, Licht: 0,159082,3,4,6,01,14,4,1,0,0,1,1,0,,0
"POINT (13.800380750000045 51.027253430000030)",Unfall 159089 (2017) Kat:2, Licht: 2,159089,2,4,6,01,17,3,1,2,0,1,1,0,,0
"POINT (13.729136469000025 51.050811986000042)",Unfall 159094 (2017) Kat:3, Licht: 2,159094,3,7,0,01,16,2,1,2,0,1,0,0,,1
"POINT (13.800920703000031 51.027925814000071)",Unfall 159112 (2017) Kat:2, Licht: 0,159112,2,2,5,01,14,6,1,0,0,1,0,0,,0
"POINT (13.809004426000058 51.023414330000037)",Unfall 159113 (2017) Kat:3, Licht: 0,159113,3,7,5,01,08,6,1,0,0,1,0,0,,1
"POINT (13.706161599000040 51.046413267000048)",Unfall 159114 (2017) Kat:2, Licht: 0,159114,2,3,5,01,13,6,1,0,0,1,0,0,,1
"POINT (13.701739292000070 51.038159707000034)",Unfall 159141 (2017) Kat:3, Licht: 2,159141,3,3,5,01,16,3,1,2,0,1,0,0,,1
"POINT (13.750660824000022 51.079101653000066)",Unfall 159142 (2017) Kat:3, Licht: 0,159142,3,6,2,01,15,3,1,0,0,1,0,0,,0
"POINT (13.818322765000062 50.998373585000081)",Unfall 159163 (2017) Kat:3, Licht: 0,159163,3,1,1,01,11,7,2,0,0,1,0,0,,0
"POINT (13.783535076000021 51.034236360000079)",Unfall 159164 (2017) Kat:2, Licht: 2,159164,2,4,6,01,18,7,2,2,0,1,1,0,,0
"POINT (13.724910039000065 51.077038940000079)",Unfall 159172 (2017) Kat:3, Licht: 0,159172,3,4,6,01,13,6,1,0,0,1,1,0,,0
"POINT (13.710783057000071 51.084403442000053)",Unfall 159173 (2017) Kat:3, Licht: 0,159173,3,1,0,01,15,6,2,0,1,0,0,0,,0
"POINT (13.783881336000036 51.014595299000064)",Unfall 159174 (2017) Kat:3, Licht: 0,159174,3,3,0,01,11,6,2,0,0,1,0,0,,1
"POINT (13.809777333000056 51.057997609000040)",Unfall 159175 (2017) Kat:3, Licht: 0,159175,3,7,0,01,09,6,0,0,0,1,1,0,,0
"POINT (13.732362953000063 51.052256974000045)",Unfall 159177 (2017) Kat:3, Licht: 0,159177,3,2,5,01,14,6,1,0,1,1,0,0,,0
"POINT (13.737006965000035 51.037739518000080)",Unfall 159186 (2017) Kat:3, Licht: 2,159186,3,3,5,01,17,5,2,2,0,1,0,0,,0
"POINT (13.701485037000054 51.039948330000072)",Unfall 159208 (2017) Kat:3, Licht: 0,159208,3,7,0,02,14,6,1,0,0,1,0,0,,1
"POINT (13.755345384000066 51.063580774000059)",Unfall 159209 (2017) Kat:3, Licht: 0,159209,3,3,5,02,12,6,2,0,1,1,0,0,,0
"POINT (13.714688263000028 51.092735039000047)",Unfall 159215 (2017) Kat:2, Licht: 0,159215,2,3,5,02,09,5,2,0,0,1,0,0,,0
"POINT (13.698649670000066 51.082169347000047)",Unfall 159216 (2017) Kat:3, Licht: 2,159216,3,6,2,02,18,5,1,2,0,1,0,0,,1
"POINT (13.746167983000078 51.059606466000048)",Unfall 159229 (2017) Kat:2, Licht: 2,159229,2,3,5,03,22,5,1,2,0,1,0,0,,0
"POINT (13.776288215000022 51.067991701000039)",Unfall 159230 (2017) Kat:3, Licht: 1,159230,3,6,3,03,18,5,0,1,1,1,0,0,,0
"POINT (13.791582623000068 50.998937526000077)",Unfall 159240 (2017) Kat:3, Licht: 0,159240,3,5,6,03,15,4,0,0,0,1,0,0,,1
"POINT (13.758743364000054 51.061296432000063)",Unfall 159241 (2017) Kat:3, Licht: 0,159241,3,2,4,03,08,4,0,0,1,1,0,0,,0
"POINT (13.779057850000072 51.058878827000058)",Unfall 159242 (2017) Kat:3, Licht: 0,159242,3,7,6,03,11,4,0,0,0,1,1,0,,0
"POINT (13.700308322000069 51.044965678000040)",Unfall 159252 (2017) Kat:3, Licht: 0,159252,3,3,5,02,11,3,0,0,0,1,0,1,,0
"POINT (13.730655147000050 51.046297347000063)",Unfall 159253 (2017) Kat:3, Licht: 2,159253,3,6,3,02,00,3,0,2,0,1,0,0,,0
"POINT (13.807513475000064 51.034976789000041)",Unfall 159265 (2017) Kat:3, Licht: 0,159265,3,2,2,02,07,2,0,0,0,1,0,0,,0
"POINT (13.760605993000070 51.043821402000049)",Unfall 159266 (2017) Kat:3, Licht: 1,159266,3,3,5,02,17,2,0,1,1,1,0,0,,0
"POINT (13.849115296000036 50.995209808000027)",Unfall 159267 (2017) Kat:2, Licht: 0,159267,2,1,1,02,11,2,0,0,0,1,0,0,,1
"POINT (13.690447914000060 51.082457115000068)",Unfall 159268 (2017) Kat:2, Licht: 0,159268,2,3,5,02,09,2,0,0,1,1,0,0,,0
"POINT (13.766009723000025 51.070307117000027)",Unfall 159291 (2017) Kat:3, Licht: 0,159291,3,3,5,02,09,5,1,0,1,1,0,0,,0
"POINT (13.799671652000029 51.046950447000029)",Unfall 159292 (2017) Kat:3, Licht: 0,159292,3,3,5,02,11,5,1,0,1,1,0,0,,0
"POINT (13.802078349000055 51.007233621000069)",Unfall 159293 (2017) Kat:2, Licht: 2,159293,2,4,6,02,18,5,0,2,0,1,1,0,,0
"POINT (13.748964136000041 51.033788297000058)",Unfall 159297 (2017) Kat:3, Licht: 0,159297,3,3,5,02,09,4,0,0,1,1,0,0,,0
"POINT (13.761538452000025 51.051905499000043)",Unfall 159298 (2017) Kat:3, Licht: 1,159298,3,3,5,02,06,4,1,1,1,1,0,0,,0
"POINT (13.816571122000028 51.035705082000050)",Unfall 159304 (2017) Kat:2, Licht: 0,159304,2,1,0,02,15,3,1,0,0,0,0,1,,0
"POINT (13.833962081000038 51.008417829000052)",Unfall 159310 (2017) Kat:3, Licht: 0,159310,3,3,5,02,10,2,0,0,1,0,0,0,,1
"POINT (13.800383211000053 51.027256283000042)",Unfall 159311 (2017) Kat:3, Licht: 2,159311,3,2,5,02,19,2,1,2,0,1,0,0,,1
"POINT (13.743314665000071 51.072778147000065)",Unfall 159312 (2017) Kat:2, Licht: 0,159312,2,7,6,02,16,2,1,0,0,0,1,0,,1
"POINT (13.767951075000042 51.100265244000070)",Unfall 159313 (2017) Kat:2, Licht: 0,159313,2,1,8,02,07,2,1,0,1,0,0,0,,0
"POINT (13.705765896000059 51.090559066000026)",Unfall 159324 (2017) Kat:3, Licht: 0,159324,3,3,5,02,15,7,0,0,0,1,0,0,,0
"POINT (13.849218754000049 50.994666093000035)",Unfall 159325 (2017) Kat:3, Licht: 2,159325,3,1,8,02,05,7,1,2,0,1,0,0,,0
"POINT (13.786944272000028 51.015795889000060)",Unfall 159337 (2017) Kat:3, Licht: 0,159337,3,2,4,02,08,6,1,0,0,1,0,0,,0
"POINT (13.798819725000044 51.043392580000045)",Unfall 159338 (2017) Kat:2, Licht: 2,159338,2,7,5,02,19,6,1,2,1,1,0,0,,0
"POINT (13.775609721000023 51.045423694000078)",Unfall 159339 (2017) Kat:2, Licht: 0,159339,2,2,5,02,07,6,1,0,1,1,0,0,,0
"POINT (13.775188728000046 51.032833482000058)",Unfall 159340 (2017) Kat:3, Licht: 2,159340,3,3,5,02,18,6,1,2,1,1,0,0,,0
"POINT (13.777676877000033 51.069479559000058)",Unfall 159353 (2017) Kat:3, Licht: 2,159353,3,7,6,02,18,5,0,2,0,1,1,0,,0
"POINT (13.754219570000032 51.036130898000067)",Unfall 159354 (2017) Kat:3, Licht: 2,159354,3,3,5,02,18,5,1,2,0,1,0,0,,1
"POINT (13.700540700000033 51.082282802000066)",Unfall 159355 (2017) Kat:3, Licht: 0,159355,3,2,4,02,09,5,0,0,1,1,0,0,,0
"POINT (13.808559651000053 51.027783473000056)",Unfall 159365 (2017) Kat:2, Licht: 0,159365,2,4,6,02,10,4,0,0,0,1,1,0,,0
"POINT (13.752370659000064 51.042027396000037)",Unfall 159366 (2017) Kat:3, Licht: 0,159366,3,6,6,02,15,4,0,0,1,0,1,0,,0
"POINT (13.806576552000024 51.039090693000048)",Unfall 159379 (2017) Kat:3, Licht: 2,159379,3,7,0,02,23,2,0,2,1,0,0,0,,0
"POINT (13.760686607000025 51.049196879000078)",Unfall 159380 (2017) Kat:3, Licht: 0,159380,3,3,0,02,08,2,0,0,1,1,0,0,,0
"POINT (13.769818187000055 51.025028474000067)",Unfall 159381 (2017) Kat:3, Licht: 0,159381,3,6,2,02,09,2,0,0,0,1,0,1,,0
"POINT (13.719099146000076 51.091276263000054)",Unfall 159386 (2017) Kat:3, Licht: 2,159386,3,7,6,02,00,7,0,2,0,1,1,0,,0
"POINT (13.843461694000041 51.038906279000059)",Unfall 159394 (2017) Kat:3, Licht: 0,159394,3,1,4,02,09,6,0,0,0,1,0,0,,0
"POINT (13.777677620000077 51.128698240000062)",Unfall 159399 (2017) Kat:3, Licht: 0,159399,3,1,9,02,11,5,2,0,0,1,0,0,,0
"POINT (13.775770812000076 51.050821598000027)",Unfall 159400 (2017) Kat:3, Licht: 1,159400,3,2,2,02,16,5,0,1,0,1,0,0,,0
"POINT (13.749557994000043 51.072701589000076)",Unfall 159405 (2017) Kat:3, Licht: 0,159405,3,1,0,02,16,4,2,0,1,0,0,0,,0
"POINT (13.796539354000060 51.024480072000074)",Unfall 159406 (2017) Kat:3, Licht: 0,159406,3,2,5,02,16,4,0,0,1,1,0,0,,0
"POINT (13.688979863000043 51.057920310000043)",Unfall 159417 (2017) Kat:3, Licht: 0,159417,3,6,2,02,14,3,0,0,0,1,0,0,,0
"POINT (13.783098066000036 51.043528178000031)",Unfall 159424 (2017) Kat:2, Licht: 0,159424,2,1,8,02,08,2,0,0,0,1,0,0,,0
"POINT (13.778633248000062 51.031533274000026)",Unfall 159428 (2017) Kat:3, Licht: 0,159428,3,6,3,02,14,1,1,0,0,1,0,0,,0
"POINT (13.778597667000042 51.042636699000070)",Unfall 159434 (2017) Kat:3, Licht: 0,159434,3,3,5,02,15,7,0,0,0,1,0,0,,0
"POINT (13.779718150000065 51.044331335000038)",Unfall 159435 (2017) Kat:3, Licht: 0,159435,3,6,2,02,14,7,1,0,0,1,0,0,,0
"POINT (13.750572322000039 51.041807532000064)",Unfall 159436 (2017) Kat:3, Licht: 0,159436,3,6,3,02,11,7,1,0,1,1,0,0,,0
"POINT (13.694037845000025 51.087157308000030)",Unfall 159437 (2017) Kat:3, Licht: 2,159437,3,3,5,02,18,7,1,2,0,1,0,0,,0
"POINT (13.697699506000049 51.032744732000026)",Unfall 159441 (2017) Kat:2, Licht: 2,159441,2,4,6,02,07,6,1,2,0,1,1,0,,0
"POINT (13.793034045000070 51.051796332000038)",Unfall 159458 (2017) Kat:3, Licht: 1,159458,3,7,6,03,06,5,1,1,1,0,1,0,,0
"POINT (13.731685214000038 51.071333479000032)",Unfall 159459 (2017) Kat:3, Licht: 2,159459,3,6,6,03,05,5,0,2,0,1,1,0,,0
"POINT (13.778488140000036 51.020539171000053)",Unfall 159460 (2017) Kat:3, Licht: 0,159460,3,3,5,03,15,5,0,0,1,1,0,0,,0
"POINT (13.749601960000064 51.033590911000033)",Unfall 159461 (2017) Kat:3, Licht: 0,159461,3,3,5,03,07,5,0,0,1,1,0,0,,0
"POINT (13.775608576000025 51.045421706000070)",Unfall 159462 (2017) Kat:3, Licht: 0,159462,3,3,5,03,06,5,0,0,1,1,0,0,,0
"POINT (13.724175155000069 51.080642908000073)",Unfall 159463 (2017) Kat:2, Licht: 0,159463,2,4,6,03,17,5,0,0,0,1,1,0,,0
"POINT (13.835589838000033 51.027026998000053)",Unfall 159464 (2017) Kat:3, Licht: 0,159464,3,3,5,03,07,5,0,0,0,1,0,1,,0
"POINT (13.823509410000042 51.005910456000038)",Unfall 159474 (2017) Kat:3, Licht: 0,159474,3,7,6,03,09,6,0,0,0,1,1,0,,0
"POINT (13.838363689000062 51.023719676000042)",Unfall 159475 (2017) Kat:3, Licht: 0,159475,3,3,5,03,14,6,0,0,1,1,0,0,,0
"POINT (13.721845779000034 51.032757880000077)",Unfall 159489 (2017) Kat:3, Licht: 0,159489,3,5,1,03,17,4,0,0,1,1,0,0,,0
"POINT (13.752243583000052 51.077791731000048)",Unfall 159490 (2017) Kat:2, Licht: 0,159490,2,3,5,03,07,4,1,0,1,1,0,0,,0
"POINT (13.718842160000065 51.051347243000066)",Unfall 159491 (2017) Kat:3, Licht: 0,159491,3,2,3,03,11,4,0,0,1,0,0,0,,0
"POINT (13.747666985000023 51.053457029000072)",Unfall 159492 (2017) Kat:3, Licht: 0,159492,3,2,3,03,11,4,0,0,1,1,0,0,,0
"POINT (13.758755327000074 51.061347498000032)",Unfall 159493 (2017) Kat:3, Licht: 0,159493,3,1,1,03,15,4,0,0,1,1,0,0,,0
"POINT (13.816645206000032 51.010950538000031)",Unfall 159499 (2017) Kat:3, Licht: 0,159499,3,4,6,03,07,3,0,0,0,1,1,0,,0
"POINT (13.719119629000033 51.036799170000052)",Unfall 159500 (2017) Kat:3, Licht: 2,159500,3,1,0,03,19,3,1,2,1,0,0,0,,0
"POINT (13.773575830000027 51.070614865000039)",Unfall 159501 (2017) Kat:3, Licht: 0,159501,3,3,5,03,11,3,0,0,0,1,0,0,,1
"POINT (13.737579262000054 51.053997054000035)",Unfall 159502 (2017) Kat:3, Licht: 2,159502,3,1,0,03,22,3,1,2,1,0,0,0,,0
"POINT (13.686322800000028 51.047136933000047)",Unfall 159503 (2017) Kat:3, Licht: 0,159503,3,4,6,03,13,3,0,0,1,0,1,0,,0
"POINT (13.743633238000029 51.035590181000032)",Unfall 159520 (2017) Kat:3, Licht: 0,159520,3,3,5,03,12,2,0,0,0,1,0,0,,0
"POINT (13.803845111000044 51.022261949000040)",Unfall 159521 (2017) Kat:3, Licht: 0,159521,3,6,1,03,16,2,0,0,0,1,0,0,,0
"POINT (13.771788908000076 51.040831196000056)",Unfall 159522 (2017) Kat:3, Licht: 0,159522,3,3,5,03,08,2,0,0,0,1,0,0,,0
"POINT (13.831401229000051 51.030517850000081)",Unfall 159523 (2017) Kat:3, Licht: 0,159523,3,2,2,03,15,2,0,0,1,1,0,0,,0
"POINT (13.764459423000062 51.015191031000029)",Unfall 159535 (2017) Kat:3, Licht: 0,159535,3,3,5,03,12,7,1,0,0,1,0,0,,1
"POINT (13.769792822000056 51.044779321000078)",Unfall 159536 (2017) Kat:3, Licht: 0,159536,3,3,5,03,14,7,1,0,1,1,0,0,,0
"POINT (13.690371064000033 51.049128956000061)",Unfall 159548 (2017) Kat:3, Licht: 0,159548,3,2,5,03,17,6,1,0,0,1,0,0,,1
"POINT (13.777680474000022 51.055571628000052)",Unfall 159549 (2017) Kat:3, Licht: 0,159549,3,5,3,03,16,6,0,0,0,1,0,0,,0
"POINT (13.720925139000030 51.026343499000063)",Unfall 159550 (2017) Kat:2, Licht: 0,159550,2,4,6,03,09,6,0,0,0,1,1,0,,0
"POINT (13.776931796000042 51.060856257000069)",Unfall 159551 (2017) Kat:3, Licht: 0,159551,3,6,2,03,07,6,0,0,0,1,0,0,,0
"POINT (13.858517331000030 51.009941515000037)",Unfall 159563 (2017) Kat:3, Licht: 0,159563,3,5,1,03,10,5,0,0,1,0,0,0,,1
"POINT (13.842227741000045 51.018920380000054)",Unfall 159564 (2017) Kat:3, Licht: 0,159564,3,3,5,03,12,5,0,0,1,1,0,0,,0
"POINT (13.760619925000071 51.026519957000062)",Unfall 159565 (2017) Kat:3, Licht: 0,159565,3,1,1,03,11,5,0,0,1,1,0,0,,0
"POINT (13.693909730000030 51.043989198000077)",Unfall 159592 (2017) Kat:3, Licht: 0,159592,3,2,5,03,06,2,1,0,0,1,0,1,,0
"POINT (13.760686607000025 51.049196879000078)",Unfall 159593 (2017) Kat:3, Licht: 0,159593,3,3,5,03,06,2,0,0,1,1,0,0,,0
"POINT (13.864880640000024 50.993342495000036)",Unfall 159594 (2017) Kat:2, Licht: 2,159594,2,3,5,03,19,2,0,2,0,1,0,1,,0
"POINT (13.864882555000065 50.993345150000039)",Unfall 159595 (2017) Kat:2, Licht: 2,159595,2,3,5,03,19,2,0,2,0,1,0,1,,0
"POINT (13.835360632000061 50.988306475000059)",Unfall 159613 (2017) Kat:3, Licht: 0,159613,3,5,4,03,14,6,1,0,0,1,0,1,,0
"POINT (13.761074997000037 51.068215647000045)",Unfall 159614 (2017) Kat:3, Licht: 2,159614,3,3,5,03,21,6,0,2,0,1,0,0,,0
"POINT (13.732403694000027 51.050930892000054)",Unfall 159615 (2017) Kat:3, Licht: 0,159615,3,3,5,03,09,6,1,0,1,1,0,0,,0
"POINT (13.824707240000066 50.997874350000075)",Unfall 159616 (2017) Kat:2, Licht: 0,159616,2,2,5,03,12,6,1,0,1,1,0,0,,0
"POINT (13.682724241000074 51.042413098000054)",Unfall 159617 (2017) Kat:2, Licht: 0,159617,2,1,4,03,17,6,0,0,0,1,0,1,,0
"POINT (13.731382692000068 51.027251210000031)",Unfall 159618 (2017) Kat:3, Licht: 0,159618,3,3,5,03,17,6,0,0,0,1,0,0,,0
"POINT (13.762580411000044 51.024256224000055)",Unfall 159630 (2017) Kat:2, Licht: 0,159630,2,5,1,03,08,5,1,0,0,1,0,0,,1
"POINT (13.748336838000057 51.039592727000070)",Unfall 159631 (2017) Kat:3, Licht: 0,159631,3,6,3,03,07,5,1,0,0,1,0,1,,0
"POINT (13.754963775000022 51.015565223000067)",Unfall 159646 (2017) Kat:3, Licht: 0,159646,3,4,0,03,15,4,0,0,0,0,1,0,,1
"POINT (13.780980848000070 51.019192493000048)",Unfall 159647 (2017) Kat:3, Licht: 2,159647,3,2,5,03,21,4,1,2,1,1,0,0,,0
"POINT (13.779854755000031 51.034650164000027)",Unfall 159648 (2017) Kat:3, Licht: 0,159648,3,3,5,03,13,4,0,0,0,1,0,0,,0
"POINT (13.777407798000070 51.058160400000077)",Unfall 159649 (2017) Kat:3, Licht: 0,159649,3,6,3,03,10,4,0,0,1,1,0,0,,0
"POINT (13.772750378000069 51.047782579000057)",Unfall 159650 (2017) Kat:3, Licht: 2,159650,3,3,5,03,22,4,1,2,1,1,0,0,,0
"POINT (13.779034387000024 51.058876944000076)",Unfall 159651 (2017) Kat:3, Licht: 1,159651,3,7,0,03,06,4,1,1,0,1,0,1,,0
"POINT (13.786337959000036 51.028537379000056)",Unfall 159659 (2017) Kat:3, Licht: 0,159659,3,3,5,03,16,3,1,0,1,1,0,0,,0
"POINT (13.749480014000028 51.035681858000032)",Unfall 159660 (2017) Kat:3, Licht: 1,159660,3,1,0,03,18,3,1,1,1,0,0,0,,0
"POINT (13.779080544000067 51.037977495000064)",Unfall 159661 (2017) Kat:3, Licht: 0,159661,3,3,5,03,07,3,1,0,1,1,0,0,,0
"POINT (13.829999823000037 50.999334533000081)",Unfall 159662 (2017) Kat:2, Licht: 0,159662,2,3,5,03,16,3,1,0,1,1,0,0,,0
"POINT (13.698352879000026 51.083288935000041)",Unfall 159674 (2017) Kat:3, Licht: 0,159674,3,1,4,03,14,2,1,0,0,1,0,0,,0
"POINT (13.775195748000044 51.038387610000029)",Unfall 159675 (2017) Kat:2, Licht: 1,159675,2,3,5,03,06,2,1,1,0,0,0,1,,1
"POINT (13.672250619000067 51.092193840000050)",Unfall 159676 (2017) Kat:2, Licht: 0,159676,2,2,2,03,09,2,0,0,0,1,0,0,,1
"POINT (13.711986906000050 51.025570128000027)",Unfall 159677 (2017) Kat:3, Licht: 0,159677,3,3,5,03,14,2,1,0,0,1,0,1,,0
"POINT (13.831488450000052 50.999618595000072)",Unfall 159684 (2017) Kat:2, Licht: 2,159684,2,1,9,03,04,1,0,2,0,1,0,0,,0
"POINT (13.775524744000052 51.069931258000054)",Unfall 159694 (2017) Kat:2, Licht: 2,159694,2,1,8,03,16,7,0,2,0,0,0,1,,0
"POINT (13.720801840000036 51.014340336000032)",Unfall 159695 (2017) Kat:2, Licht: 0,159695,2,3,2,03,15,7,0,0,0,1,0,0,,0
"POINT (13.777089161000049 51.060080580000033)",Unfall 159696 (2017) Kat:3, Licht: 0,159696,3,3,5,03,08,7,0,0,1,1,0,0,,0
"POINT (13.765744358000063 51.022223691000079)",Unfall 159705 (2017) Kat:3, Licht: 2,159705,3,1,0,03,23,6,0,2,1,0,0,0,,0
"POINT (13.738867246000041 51.039213204000077)",Unfall 159706 (2017) Kat:2, Licht: 0,159706,2,4,6,03,17,6,0,0,1,0,1,0,,0
"POINT (13.777516947000038 51.057220144000041)",Unfall 159707 (2017) Kat:3, Licht: 0,159707,3,5,3,03,13,6,0,0,0,1,0,0,,1
"POINT (13.767870605000041 51.066709089000028)",Unfall 159724 (2017) Kat:3, Licht: 0,159724,3,2,5,04,06,3,0,0,0,1,0,1,,0
"POINT (13.814882910000051 51.011388996000051)",Unfall 159727 (2017) Kat:2, Licht: 0,159727,2,3,5,04,15,2,0,0,0,0,0,1,,1
"POINT (13.739662912000028 51.073799555000051)",Unfall 159728 (2017) Kat:3, Licht: 2,159728,3,6,3,04,21,3,0,2,1,0,0,1,,0
"POINT (13.746159144000046 51.072113815000080)",Unfall 159731 (2017) Kat:3, Licht: 0,159731,3,5,3,04,12,2,0,0,0,1,0,0,,0
"POINT (13.768245327000045 51.047971603000065)",Unfall 159732 (2017) Kat:3, Licht: 0,159732,3,3,5,04,07,2,0,0,1,1,0,0,,0
"POINT (13.778916933000062 51.031562810000025)",Unfall 159733 (2017) Kat:3, Licht: 0,159733,3,3,5,04,16,2,0,0,0,1,0,1,,0
"POINT (13.778273457000068 51.036927031000062)",Unfall 159734 (2017) Kat:3, Licht: 0,159734,3,3,5,04,07,2,0,0,1,0,0,0,,1
"POINT (13.729455438000059 51.045707272000072)",Unfall 159737 (2017) Kat:3, Licht: 0,159737,3,2,5,04,07,2,0,0,1,1,0,0,,0
"POINT (13.777192126000045 51.060054014000059)",Unfall 159738 (2017) Kat:3, Licht: 0,159738,3,3,5,04,08,2,0,0,0,1,0,0,,0
"POINT (13.756573182000068 51.055118348000065)",Unfall 159739 (2017) Kat:3, Licht: 2,159739,3,2,5,04,19,2,0,2,1,1,0,0,,0
"POINT (13.792511554000043 51.037298274000079)",Unfall 159747 (2017) Kat:2, Licht: 0,159747,2,3,5,04,12,1,0,0,1,1,0,0,,0
"POINT (13.847224033000032 50.997780036000051)",Unfall 159758 (2017) Kat:3, Licht: 0,159758,3,3,5,04,14,7,0,0,1,1,0,0,,0
"POINT (13.701546414000063 51.046847543000069)",Unfall 159769 (2017) Kat:3, Licht: 0,159769,3,3,5,04,07,6,1,0,0,1,0,1,,0
"POINT (13.759958792000077 51.027295654000056)",Unfall 159770 (2017) Kat:3, Licht: 0,159770,3,2,6,04,12,6,1,0,0,1,1,0,,0
"POINT (13.787284206000038 51.119985805000056)",Unfall 159771 (2017) Kat:3, Licht: 0,159771,3,3,5,04,10,6,1,0,0,1,0,0,,0
"POINT (13.765548938000052 51.073206923000043)",Unfall 159772 (2017) Kat:3, Licht: 0,159772,3,2,5,04,10,6,1,0,1,1,0,0,,0