WKT,Name,OBJECTID,UKATEGORIE,UTYP1,UART,UMONAT,USTUNDE,UWOCHENTAG,STRZUSTAND,ULICHTVERH,ISTRAD,ISTPKW,ISTFUSS,ISTKRAD,ISTGKFZ,ISTSONSTIG
"POINT (13.786337388000049 51.028537606000043)",Unfall 159773 (2017) Kat:3, Licht: 0,159773,3,2,0,04,12,6,1,0,0,1,0,0,,1
"POINT (13.803001881000057 51.040435802000047)",Unfall 159774 (2017) Kat:3, Licht: 0,159774,3,3,5,04,16,6,1,0,0,1,0,0,,1
"POINT (13.798144819000072 51.023836691000042)",Unfall 159775 (2017) Kat:3, Licht: 0,159775,3,2,5,04,11,6,1,0,1,1,0,0,,0
"POINT (13.709352065000076 51.081658111000081)",Unfall 159793 (2017) Kat:3, Licht: 0,159793,3,3,5,04,07,5,0,0,1,1,0,0,,0
"POINT (13.753708871000072 51.066396899000040)",Unfall 159794 (2017) Kat:3, Licht: 2,159794,3,6,3,04,20,5,0,2,1,1,0,0,,0
"POINT (13.800663961000055 51.041275474000031)",Unfall 159795 (2017) Kat:3, Licht: 0,159795,3,2,3,04,17,5,0,0,0,1,0,1,,0
"POINT (13.778916432000074 51.031562309000037)",Unfall 159796 (2017) Kat:3, Licht: 0,159796,3,3,5,04,10,5,0,0,0,1,0,0,,0
"POINT (13.626249289000043 51.061610080000037)",Unfall 159804 (2017) Kat:3, Licht: 0,159804,3,2,5,04,06,4,0,0,1,1,0,0,,0
"POINT (13.711661208000066 51.096150979000072)",Unfall 159805 (2017) Kat:3, Licht: 2,159805,3,7,6,04,05,4,1,2,0,1,1,0,,0
"POINT (13.802056722000032 51.039606988000060)",Unfall 159819 (2017) Kat:3, Licht: 0,159819,3,2,5,04,09,3,1,0,1,1,0,0,,0
"POINT (13.756000414000027 51.055909481000072)",Unfall 159820 (2017) Kat:3, Licht: 0,159820,3,3,5,04,14,3,1,0,0,1,0,0,,0
"POINT (13.791003810000063 51.037876523000079)",Unfall 159821 (2017) Kat:3, Licht: 0,159821,3,2,5,04,11,3,1,0,1,1,0,0,,0
"POINT (13.760686341000053 51.049196116000076)",Unfall 159822 (2017) Kat:3, Licht: 2,159822,3,3,5,04,05,3,0,2,1,1,0,0,,0
"POINT (13.726502651000033 51.014333822000026)",Unfall 159836 (2017) Kat:3, Licht: 0,159836,3,4,6,04,15,2,0,0,0,1,1,0,,0
"POINT (13.786973709000051 51.015770601000042)",Unfall 159837 (2017) Kat:3, Licht: 0,159837,3,3,5,04,15,2,0,0,1,1,0,0,,0
"POINT (13.844001127000070 51.017601691000038)",Unfall 159838 (2017) Kat:3, Licht: 0,159838,3,3,5,04,16,2,0,0,1,1,0,0,,0
"POINT (13.788234964000026 51.035946940000031)",Unfall 159839 (2017) Kat:3, Licht: 0,159839,3,3,5,04,17,2,0,0,1,1,0,0,,0
"POINT (13.701648475000070 51.038809103000062)",Unfall 159844 (2017) Kat:3, Licht: 0,159844,3,3,5,04,12,1,0,0,1,1,0,0,,0
"POINT (13.770209537000028 51.028894056000070)",Unfall 159845 (2017) Kat:3, Licht: 0,159845,3,3,5,04,19,1,0,0,1,1,0,0,,0
"POINT (13.751834582000072 51.067115609000041)",Unfall 159846 (2017) Kat:3, Licht: 2,159846,3,6,4,04,01,1,0,2,1,1,0,0,,0
"POINT (13.809025277000046 51.011945748000073)",Unfall 159875 (2017) Kat:3, Licht: 0,159875,3,6,2,03,16,6,0,0,0,1,0,0,,1
"POINT (13.737054875000069 51.037795827000082)",Unfall 159876 (2017) Kat:3, Licht: 0,159876,3,6,2,03,14,6,0,0,0,1,0,0,,0
"POINT (13.858743444000027 51.009855667000068)",Unfall 159877 (2017) Kat:3, Licht: 0,159877,3,6,6,03,13,6,0,0,1,0,1,0,,0
"POINT (13.711285977000045 51.117303539000034)",Unfall 159878 (2017) Kat:3, Licht: 0,159878,3,3,5,03,14,6,0,0,1,1,0,0,,0
"POINT (13.778648814000064 51.033354079000048)",Unfall 159879 (2017) Kat:3, Licht: 0,159879,3,3,5,03,08,6,0,0,0,1,0,0,,0
"POINT (13.777020526000058 51.047930859000076)",Unfall 159880 (2017) Kat:3, Licht: 0,159880,3,7,5,03,10,6,0,0,1,1,0,0,,0
"POINT (13.756572984000059 51.055118805000063)",Unfall 159881 (2017) Kat:3, Licht: 1,159881,3,2,5,03,06,6,0,1,1,0,0,0,,1
"POINT (13.747242128000039 51.071933253000054)",Unfall 159882 (2017) Kat:2, Licht: 2,159882,2,6,2,03,20,6,0,2,1,1,0,0,,0
"POINT (13.721478909000041 51.041803254000058)",Unfall 159899 (2017) Kat:3, Licht: 0,159899,3,6,1,03,07,5,1,0,0,1,0,0,,0
"POINT (13.797047140000075 51.149410502000080)",Unfall 159900 (2017) Kat:3, Licht: 0,159900,3,1,9,03,12,5,0,0,1,1,0,0,,0
"POINT (13.800842834000036 51.050620689000027)",Unfall 159901 (2017) Kat:3, Licht: 0,159901,3,3,5,03,17,5,0,0,1,0,0,1,,0
"POINT (13.739732738000043 51.046984341000041)",Unfall 159902 (2017) Kat:3, Licht: 0,159902,3,7,0,03,18,5,0,0,1,0,0,0,,0
"POINT (13.771749105000026 51.057544830000040)",Unfall 159903 (2017) Kat:3, Licht: 1,159903,3,2,5,03,07,5,1,1,0,1,0,1,,0
"POINT (13.801315540000076 51.028440885000066)",Unfall 159904 (2017) Kat:3, Licht: 0,159904,3,7,5,03,17,5,0,0,0,1,0,0,,0
"POINT (13.756562334000023 51.055094113000052)",Unfall 159905 (2017) Kat:3, Licht: 1,159905,3,3,5,03,19,5,0,1,1,1,0,0,,0
"POINT (13.789446913000063 51.013870914000051)",Unfall 159920 (2017) Kat:3, Licht: 2,159920,3,1,9,03,03,4,0,2,0,0,0,1,,0
"POINT (13.762566886000059 51.032764322000048)",Unfall 159921 (2017) Kat:3, Licht: 0,159921,3,2,5,03,10,4,0,0,0,1,0,1,,0
"POINT (13.783094353000024 51.043513850000068)",Unfall 159922 (2017) Kat:3, Licht: 0,159922,3,2,3,03,07,4,0,0,1,0,0,0,,1
"POINT (13.640799807000064 51.032765056000073)",Unfall 159936 (2017) Kat:3, Licht: 0,159936,3,7,0,03,13,3,0,0,0,0,0,0,,1
"POINT (13.771868435000044 51.030498113000078)",Unfall 159937 (2017) Kat:3, Licht: 0,159937,3,6,1,03,16,3,0,0,0,1,0,0,,0
"POINT (13.767846340000062 51.059806062000064)",Unfall 159938 (2017) Kat:2, Licht: 0,159938,2,1,0,03,14,3,0,0,1,0,0,0,,0
"POINT (13.767513613000062 51.042565861000071)",Unfall 159939 (2017) Kat:2, Licht: 0,159939,2,3,5,03,18,3,0,0,1,1,0,0,,0
"POINT (13.815993844000047 51.035864194000055)",Unfall 159940 (2017) Kat:3, Licht: 0,159940,3,2,5,03,13,3,0,0,0,1,0,1,,0
"POINT (13.744961151000041 51.072328003000052)",Unfall 159941 (2017) Kat:3, Licht: 0,159941,3,3,5,03,08,3,0,0,1,1,0,0,,0
"POINT (13.673645819000058 51.061760285000048)",Unfall 159960 (2017) Kat:3, Licht: 0,159960,3,4,6,03,16,2,0,0,1,0,1,0,,0
"POINT (13.732509794000066 51.039240238000048)",Unfall 159961 (2017) Kat:3, Licht: 0,159961,3,7,0,03,16,2,0,0,1,1,0,0,,0
"POINT (13.800802505000036 51.041231942000081)",Unfall 159962 (2017) Kat:3, Licht: 0,159962,3,3,5,03,08,2,0,0,1,1,0,0,,0
"POINT (13.779854763000060 51.044274422000058)",Unfall 159964 (2017) Kat:3, Licht: 0,159964,3,2,5,03,16,2,0,0,1,1,0,0,,0
"POINT (13.784382948000030 51.015807535000079)",Unfall 159970 (2017) Kat:3, Licht: 0,159970,3,4,0,03,16,1,0,0,1,0,1,0,,0
"POINT (13.819111537000026 51.065443445000028)",Unfall 159971 (2017) Kat:3, Licht: 0,159971,3,1,8,03,17,1,0,0,1,0,0,0,,0
"POINT (13.711363337000023 51.090332503000070)",Unfall 159983 (2017) Kat:3, Licht: 0,159983,3,3,5,03,11,7,0,0,1,1,0,0,,0
"POINT (13.757613639000056 51.028638474000047)",Unfall 160000 (2017) Kat:3, Licht: 0,160000,3,5,3,05,07,3,0,0,1,1,0,0,,0
"POINT (13.665716371000030 51.040028520000078)",Unfall 160001 (2017) Kat:3, Licht: 0,160001,3,2,2,05,18,3,0,0,0,1,0,0,,0
"POINT (13.848789568000029 50.995935210000027)",Unfall 160002 (2017) Kat:3, Licht: 2,160002,3,1,9,05,23,3,0,2,1,0,0,0,,0
"POINT (13.736728877000075 51.046915289000026)",Unfall 160011 (2017) Kat:3, Licht: 0,160011,3,4,0,05,13,2,0,0,0,0,1,0,,1
"POINT (13.798917660000029 51.004932361000044)",Unfall 160033 (2017) Kat:3, Licht: 0,160033,3,3,5,04,10,7,0,0,0,1,0,0,,0
"POINT (13.786010478000037 51.028667060000032)",Unfall 160034 (2017) Kat:3, Licht: 0,160034,3,7,0,04,19,7,0,0,0,1,0,1,,0
"POINT (13.715213113000061 51.093969506000064)",Unfall 160035 (2017) Kat:3, Licht: 0,160035,3,3,5,04,09,7,0,0,0,1,0,0,,0
"POINT (13.763362214000040 51.023747857000046)",Unfall 160044 (2017) Kat:2, Licht: 0,160044,2,1,0,04,13,6,0,0,1,0,0,0,,0
"POINT (13.817651203000025 51.021209089000081)",Unfall 160045 (2017) Kat:3, Licht: 0,160045,3,2,5,04,11,6,0,0,1,1,0,0,,0
"POINT (13.788908162000041 51.043266828000071)",Unfall 160046 (2017) Kat:3, Licht: 0,160046,3,6,2,04,15,6,0,0,0,1,0,0,,0
"POINT (13.802691965000065 51.039436846000058)",Unfall 160047 (2017) Kat:3, Licht: 0,160047,3,6,3,04,17,6,1,0,0,1,0,1,,0
"POINT (13.768712941000047 51.118939355000066)",Unfall 160057 (2017) Kat:3, Licht: 0,160057,3,6,2,04,15,5,0,0,0,1,0,0,,0
"POINT (13.785361488000035 51.035972930000071)",Unfall 160058 (2017) Kat:3, Licht: 0,160058,3,3,5,04,19,5,0,0,1,1,0,0,,0
"POINT (13.830757435000066 50.987173698000049)",Unfall 160059 (2017) Kat:2, Licht: 2,160059,2,3,0,04,01,5,0,2,1,1,0,0,,0
"POINT (13.679643909000049 51.043571427000074)",Unfall 160060 (2017) Kat:3, Licht: 0,160060,3,3,5,04,09,5,0,0,0,1,0,0,,1
"POINT (13.776573868000071 51.021509322000043)",Unfall 160072 (2017) Kat:3, Licht: 0,160072,3,6,2,04,15,4,0,0,0,1,0,0,,0
"POINT (13.741186097000025 51.062792166000065)",Unfall 160073 (2017) Kat:3, Licht: 0,160073,3,4,0,04,11,4,0,0,0,0,1,1,,0
"POINT (13.790403234000053 51.026915253000027)",Unfall 160074 (2017) Kat:3, Licht: 0,160074,3,6,2,04,08,4,0,0,0,1,0,0,,1
"POINT (13.777299961000040 51.060085908000076)",Unfall 160085 (2017) Kat:3, Licht: 0,160085,3,6,2,04,05,3,0,0,0,1,0,1,,0
"POINT (13.759325038000043 51.116728018000060)",Unfall 160086 (2017) Kat:2, Licht: 0,160086,2,7,4,04,19,3,0,0,1,1,0,0,,1
"POINT (13.678068999000061 51.057607286000064)",Unfall 160104 (2017) Kat:3, Licht: 0,160104,3,6,2,04,07,2,0,0,0,1,0,0,,0
"POINT (13.723628534000056 51.058111556000028)",Unfall 160105 (2017) Kat:3, Licht: 0,160105,3,2,5,04,10,2,0,0,1,1,0,0,,0
"POINT (13.838117729000032 51.018352926000034)",Unfall 160106 (2017) Kat:3, Licht: 0,160106,3,3,5,04,17,2,0,0,1,1,0,0,,0
"POINT (13.765825802000052 51.027107622000074)",Unfall 160113 (2017) Kat:3, Licht: 0,160113,3,1,4,04,13,1,1,0,0,1,0,0,,0
"POINT (13.802733684000032 51.052389403000063)",Unfall 160126 (2017) Kat:3, Licht: 0,160126,3,3,0,04,05,6,0,0,0,1,0,0,,1
"POINT (13.826591911000037 51.004880062000041)",Unfall 160127 (2017) Kat:3, Licht: 0,160127,3,7,2,04,16,6,0,0,0,1,0,0,,0
"POINT (13.793340361000048 51.006876239000064)",Unfall 160153 (2017) Kat:3, Licht: 0,160153,3,3,5,04,16,5,0,0,1,1,0,0,,0
"POINT (13.751580209000053 51.059695088000069)",Unfall 160154 (2017) Kat:3, Licht: 0,160154,3,3,5,04,18,5,0,0,1,1,0,0,,0
"POINT (13.830977377000067 51.009906623000063)",Unfall 160155 (2017) Kat:1, Licht: 0,160155,1,2,5,04,16,5,0,0,1,0,0,0,,1
"POINT (13.777290564000054 51.060085791000063)",Unfall 160162 (2017) Kat:3, Licht: 0,160162,3,3,5,04,18,4,0,0,1,1,0,0,,0
"POINT (13.743387275000032 51.013403567000069)",Unfall 160163 (2017) Kat:2, Licht: 2,160163,2,7,0,04,21,4,0,2,0,0,1,0,,1
"POINT (13.775154186000066 51.038286317000029)",Unfall 160180 (2017) Kat:2, Licht: 0,160180,2,3,5,04,09,2,1,0,0,1,0,0,,1
"POINT (13.767156577000037 51.042159035000054)",Unfall 160184 (2017) Kat:3, Licht: 0,160184,3,6,3,04,12,1,0,0,1,1,0,0,,0
"POINT (13.809546151000063 51.049650607000046)",Unfall 160185 (2017) Kat:3, Licht: 0,160185,3,6,2,04,18,1,0,0,0,1,0,0,,0
"POINT (13.730681870000069 51.038385727000048)",Unfall 160195 (2017) Kat:3, Licht: 0,160195,3,2,2,04,19,7,1,0,0,1,0,0,,0
"POINT (13.882873093000057 51.024395309000056)",Unfall 160196 (2017) Kat:3, Licht: 0,160196,3,4,6,04,12,7,0,0,0,1,1,0,,0
"POINT (13.799319506000074 51.043864484000039)",Unfall 160197 (2017) Kat:3, Licht: 1,160197,3,7,1,04,18,7,1,1,1,1,0,0,,0
"POINT (13.671394204000023 51.053614395000068)",Unfall 160206 (2017) Kat:3, Licht: 0,160206,3,3,4,04,14,6,0,0,1,1,0,0,,0
"POINT (13.812800739000068 51.036749908000047)",Unfall 160221 (2017) Kat:3, Licht: 2,160221,3,4,6,04,05,5,0,2,0,1,1,0,,0
"POINT (13.756561061000070 51.055093575000058)",Unfall 160222 (2017) Kat:3, Licht: 0,160222,3,3,5,04,10,5,0,0,1,1,0,0,,0
"POINT (13.770763671000054 51.039793725000038)",Unfall 160223 (2017) Kat:3, Licht: 0,160223,3,3,5,04,09,5,1,0,0,1,0,0,,0
"POINT (13.693072940000036 51.084555255000055)",Unfall 160224 (2017) Kat:3, Licht: 1,160224,3,3,5,04,05,5,1,1,0,1,0,1,,0
"POINT (13.755050535000066 51.026737929000035)",Unfall 160239 (2017) Kat:3, Licht: 0,160239,3,6,2,04,17,4,0,0,0,1,0,0,,0
"POINT (13.833658801000070 51.022103733000051)",Unfall 160240 (2017) Kat:3, Licht: 0,160240,3,3,5,04,11,4,0,0,0,1,0,0,,0
"POINT (13.745212717000072 51.062834947000056)",Unfall 160241 (2017) Kat:3, Licht: 2,160241,3,3,5,04,05,4,1,2,1,1,0,0,,0
"POINT (13.781932249000022 51.060776770000075)",Unfall 160242 (2017) Kat:2, Licht: 0,160242,2,1,4,04,18,4,0,0,0,1,0,0,,0
"POINT (13.774712106000038 51.049806287000081)",Unfall 160243 (2017) Kat:2, Licht: 2,160243,2,3,5,04,05,4,1,2,1,1,0,0,,0
"POINT (13.746010295000076 51.061753883000051)",Unfall 160245 (2017) Kat:2, Licht: 0,160245,2,7,8,04,11,4,0,0,0,1,0,0,,0
"POINT (13.745212734000063 51.062834947000056)",Unfall 160246 (2017) Kat:3, Licht: 0,160246,3,3,5,04,14,4,0,0,1,1,0,0,,0
"POINT (13.803088260000038 51.047440569000059)",Unfall 160263 (2017) Kat:3, Licht: 0,160263,3,3,5,05,07,5,0,0,0,1,0,1,,0
"POINT (13.775010419000068 51.038133347000041)",Unfall 160264 (2017) Kat:2, Licht: 0,160264,2,3,5,05,18,5,0,0,1,1,0,0,,0
"POINT (13.686673663000022 51.056056068000032)",Unfall 160269 (2017) Kat:3, Licht: 0,160269,3,3,5,05,17,4,0,0,1,1,0,0,,0
"POINT (13.722904375000041 51.077353073000040)",Unfall 160271 (2017) Kat:2, Licht: 0,160271,2,1,0,05,08,4,0,0,1,0,0,0,,0
"POINT (13.827332635000062 50.983331357000054)",Unfall 160274 (2017) Kat:3, Licht: 0,160274,3,7,0,05,20,4,0,0,0,0,0,1,,0
"POINT (13.798918208000032 51.004932769000050)",Unfall 160277 (2017) Kat:3, Licht: 0,160277,3,3,5,05,13,4,0,0,0,1,0,0,,0
"POINT (13.743604138000023 51.035655527000074)",Unfall 160278 (2017) Kat:3, Licht: 0,160278,3,2,5,05,19,4,0,0,1,1,0,0,,0
"POINT (13.776967155000023 51.052091036000036)",Unfall 160279 (2017) Kat:2, Licht: 0,160279,2,4,6,05,08,4,0,0,1,0,1,0,,0
"POINT (13.769908882000038 51.057150965000062)",Unfall 160280 (2017) Kat:3, Licht: 0,160280,3,2,5,05,07,4,0,0,1,1,0,0,,0
"POINT (13.811324448000050 51.028682868000033)",Unfall 160281 (2017) Kat:2, Licht: 0,160281,2,3,5,05,15,4,0,0,1,0,0,0,,0
"POINT (13.683015387000069 51.051797449000048)",Unfall 160307 (2017) Kat:3, Licht: 0,160307,3,7,5,05,18,3,0,0,0,1,0,1,,0
"POINT (13.775835135000023 51.034489475000044)",Unfall 160308 (2017) Kat:3, Licht: 0,160308,3,6,1,05,08,3,0,0,0,1,0,0,,0
"POINT (13.801271066000027 51.028383422000047)",Unfall 160309 (2017) Kat:3, Licht: 0,160309,3,6,3,05,16,3,0,0,0,1,0,0,,0
"POINT (13.652719133000062 51.067807966000032)",Unfall 160310 (2017) Kat:2, Licht: 0,160310,2,3,5,05,06,3,0,0,0,1,0,1,,0
"POINT (13.742269634000024 51.116975609000065)",Unfall 160311 (2017) Kat:2, Licht: 0,160311,2,2,5,05,12,3,0,0,0,1,0,1,,0
"POINT (13.708703133000029 51.077359468000054)",Unfall 160335 (2017) Kat:3, Licht: 0,160335,3,7,0,05,17,2,0,0,1,0,1,0,,0
"POINT (13.715255618000072 51.056358114000034)",Unfall 160336 (2017) Kat:3, Licht: 0,160336,3,3,5,05,08,2,0,0,1,1,0,0,,0
"POINT (13.758369684000058 51.027670752000063)",Unfall 160337 (2017) Kat:3, Licht: 0,160337,3,2,0,05,07,2,0,0,0,1,0,0,,1
"POINT (13.780737943000076 51.059006621000037)",Unfall 160338 (2017) Kat:3, Licht: 0,160338,3,3,5,05,12,2,0,0,0,1,0,0,,1
"POINT (13.800279585000055 51.040260804000070)",Unfall 160339 (2017) Kat:3, Licht: 0,160339,3,3,5,05,17,2,0,0,0,1,0,1,,0
"POINT (13.757360236000068 51.050278562000074)",Unfall 160340 (2017) Kat:3, Licht: 0,160340,3,2,5,05,07,2,0,0,1,1,0,0,,0
"POINT (13.676599843000076 51.041708951000032)",Unfall 160341 (2017) Kat:1, Licht: 0,160341,1,1,8,05,17,2,0,0,0,1,0,0,,0
"POINT (13.772748453000077 51.047783032000041)",Unfall 160342 (2017) Kat:3, Licht: 0,160342,3,3,5,05,07,2,0,0,1,1,0,0,,0
"POINT (13.857824323000045 51.004371856000034)",Unfall 160354 (2017) Kat:3, Licht: 0,160354,3,3,0,05,18,1,0,0,0,1,0,0,,1
"POINT (13.813851920000047 51.036453427000026)",Unfall 160368 (2017) Kat:2, Licht: 0,160368,2,2,6,05,11,7,0,0,0,1,1,0,,0
"POINT (13.695996739000066 51.082006011000033)",Unfall 160381 (2017) Kat:3, Licht: 0,160381,3,4,0,05,14,6,0,0,0,0,1,0,,1
"POINT (13.756689044000041 51.019851401000039)",Unfall 160382 (2017) Kat:3, Licht: 0,160382,3,3,5,05,07,6,0,0,1,1,0,0,,0
"POINT (13.766360163000058 51.015717164000080)",Unfall 160383 (2017) Kat:3, Licht: 0,160383,3,2,2,05,17,6,1,0,1,1,0,0,,0
"POINT (13.739345534000051 51.037013108000053)",Unfall 160384 (2017) Kat:3, Licht: 0,160384,3,3,5,05,15,6,0,0,0,1,0,0,,0
"POINT (13.742526315000077 51.023538613000028)",Unfall 160385 (2017) Kat:3, Licht: 0,160385,3,1,0,05,17,6,1,0,1,0,0,0,,0
"POINT (13.693140386000039 51.008625492000078)",Unfall 160386 (2017) Kat:3, Licht: 0,160386,3,6,3,05,07,6,0,0,1,1,0,0,,0
"POINT (13.744056679000039 51.080794287000060)",Unfall 160387 (2017) Kat:3, Licht: 0,160387,3,3,2,05,09,6,0,0,1,1,0,0,,0
"POINT (13.752041843000029 51.067321284000059)",Unfall 160388 (2017) Kat:3, Licht: 0,160388,3,6,4,05,15,6,0,0,1,0,0,0,,0
"POINT (13.686182508000059 51.030829046000065)",Unfall 160389 (2017) Kat:3, Licht: 0,160389,3,1,4,05,16,6,0,0,1,1,0,0,,0
"POINT (13.748423839000054 51.029860822000046)",Unfall 160415 (2017) Kat:3, Licht: 0,160415,3,7,6,05,10,5,0,0,0,1,1,0,,0
"POINT (13.749602050000021 51.033591605000026)",Unfall 160416 (2017) Kat:3, Licht: 0,160416,3,2,5,05,07,5,0,0,1,1,0,0,,0
"POINT (13.757179381000071 51.031816408000054)",Unfall 160417 (2017) Kat:3, Licht: 0,160417,3,3,5,05,13,5,0,0,1,1,0,0,,0
"POINT (13.751032590000023 51.035176388000082)",Unfall 160418 (2017) Kat:3, Licht: 0,160418,3,6,2,05,16,5,0,0,0,1,0,0,,0
"POINT (13.800223905000053 51.034199090000072)",Unfall 160419 (2017) Kat:2, Licht: 0,160419,2,3,5,05,19,5,0,0,1,1,0,0,,0
"POINT (13.755985945000077 51.055858150000063)",Unfall 160420 (2017) Kat:3, Licht: 0,160420,3,3,5,05,10,5,0,0,0,1,0,0,,0
"POINT (13.725003864000030 51.076984274000040)",Unfall 160438 (2017) Kat:2, Licht: 0,160438,2,1,0,05,17,4,0,0,1,0,0,0,,0
"POINT (13.704095220000056 51.009135968000066)",Unfall 160439 (2017) Kat:3, Licht: 0,160439,3,3,0,05,17,4,0,0,0,0,0,1,,1
"POINT (13.703468720000046 51.032370170000036)",Unfall 160440 (2017) Kat:3, Licht: 0,160440,3,6,3,05,13,4,0,0,1,0,0,0,,0
"POINT (13.788377419000028 51.011900263000030)",Unfall 160441 (2017) Kat:2, Licht: 0,160441,2,1,0,05,15,4,0,0,1,0,0,0,,0
"POINT (13.794600464000041 51.041992916000027)",Unfall 160442 (2017) Kat:3, Licht: 0,160442,3,3,5,05,12,4,0,0,1,1,0,0,,0
"POINT (13.783064810000042 51.052049671000077)",Unfall 160443 (2017) Kat:3, Licht: 0,160443,3,3,5,05,10,4,0,0,1,1,0,0,,0
"POINT (13.759961460000056 51.022395512000060)",Unfall 160454 (2017) Kat:3, Licht: 0,160454,3,5,1,05,17,3,0,0,1,1,0,0,,0
"POINT (13.801388966000047 51.028533949000064)",Unfall 160455 (2017) Kat:3, Licht: 0,160455,3,3,5,05,10,3,0,0,1,1,0,0,,0
"POINT (13.806239348000076 51.040604540000061)",Unfall 160456 (2017) Kat:3, Licht: 0,160456,3,3,5,05,19,3,0,0,0,1,0,0,,0
"POINT (13.788332202000049 51.038083084000050)",Unfall 160457 (2017) Kat:3, Licht: 0,160457,3,3,5,05,11,3,0,0,0,1,0,0,,0
"POINT (13.713055558000065 51.046520227000030)",Unfall 160468 (2017) Kat:3, Licht: 0,160468,3,4,6,05,08,2,0,0,0,1,1,0,,0
"POINT (13.804205098000068 51.040058031000058)",Unfall 160469 (2017) Kat:3, Licht: 2,160469,3,3,5,05,20,2,1,2,1,1,0,0,,0
"POINT (13.770926956000039 51.045986677000030)",Unfall 160470 (2017) Kat:3, Licht: 0,160470,3,4,6,05,15,2,0,0,1,0,1,0,,0
"POINT (13.757825432000061 51.051451644000053)",Unfall 160471 (2017) Kat:2, Licht: 0,160471,2,3,5,05,14,2,0,0,1,1,0,0,,0
"POINT (13.835328842000024 51.009387250000032)",Unfall 160488 (2017) Kat:3, Licht: 0,160488,3,3,0,05,15,7,0,0,0,0,0,0,,1
"POINT (13.844886782000060 51.017492782000033)",Unfall 160489 (2017) Kat:2, Licht: 0,160489,2,1,0,05,10,7,0,0,1,0,0,0,,0
"POINT (13.707761645000062 51.046454728000072)",Unfall 160501 (2017) Kat:2, Licht: 0,160501,2,3,5,05,15,6,0,0,0,1,0,1,,0
"POINT (13.678411136000022 51.089570573000060)",Unfall 160502 (2017) Kat:3, Licht: 0,160502,3,7,1,05,09,6,0,0,0,0,0,1,,1
"POINT (13.766090029000054 51.124384304000046)",Unfall 160503 (2017) Kat:2, Licht: 0,160503,2,7,6,05,17,6,0,0,0,1,1,0,,0
"POINT (13.765443708000078 51.056200224000065)",Unfall 160504 (2017) Kat:2, Licht: 0,160504,2,3,5,05,16,6,0,0,0,0,0,0,,1
"POINT (13.721497958000043 51.054268575000037)",Unfall 160505 (2017) Kat:3, Licht: 0,160505,3,3,5,05,12,6,0,0,1,1,0,0,,0
"POINT (13.752590557000076 51.060443118000080)",Unfall 160520 (2017) Kat:3, Licht: 0,160520,3,3,5,05,17,5,0,0,1,1,0,0,,0
"POINT (13.744380253000031 51.037225757000044)",Unfall 160531 (2017) Kat:3, Licht: 0,160531,3,6,1,05,11,4,0,0,0,1,0,0,,1
"POINT (13.756561820000059 51.055093896000074)",Unfall 160532 (2017) Kat:3, Licht: 2,160532,3,3,5,05,21,4,0,2,1,1,0,0,,0
"POINT (13.757492326000033 51.032410073000051)",Unfall 160533 (2017) Kat:3, Licht: 0,160533,3,5,3,05,14,4,0,0,1,0,0,0,,1
"POINT (13.763368191000040 51.023743972000034)",Unfall 160551 (2017) Kat:3, Licht: 0,160551,3,1,0,05,17,4,0,0,1,1,0,0,,0
"POINT (13.721928242000047 51.117686889000026)",Unfall 160552 (2017) Kat:3, Licht: 0,160552,3,2,5,05,15,4,0,0,1,1,0,0,,0
"POINT (13.797381238000071 51.024217641000064)",Unfall 160553 (2017) Kat:3, Licht: 0,160553,3,3,5,05,20,4,0,0,1,1,0,0,,0
"POINT (13.788271625000050 51.038085783000042)",Unfall 160554 (2017) Kat:3, Licht: 0,160554,3,2,5,05,17,4,0,0,1,1,0,0,,0
"POINT (13.757736556000054 51.032974838000030)",Unfall 160555 (2017) Kat:2, Licht: 0,160555,2,2,5,05,08,4,0,0,1,1,0,0,,0
"POINT (13.702457816000049 51.011312185000065)",Unfall 160573 (2017) Kat:3, Licht: 0,160573,3,3,5,05,17,3,0,0,0,1,0,0,,1
"POINT (13.748920683000051 51.051256310000042)",Unfall 160574 (2017) Kat:3, Licht: 0,160574,3,3,5,05,13,3,0,0,1,1,0,0,,0
"POINT (13.806834371000036 51.048912946000030)",Unfall 160575 (2017) Kat:3, Licht: 0,160575,3,3,0,05,08,3,0,0,0,1,0,0,,1
"POINT (13.734996092000074 51.050698668000052)",Unfall 160576 (2017) Kat:3, Licht: 0,160576,3,4,6,05,17,3,0,0,1,0,1,0,,0
"POINT (13.809950967000077 51.037533706000033)",Unfall 160577 (2017) Kat:2, Licht: 0,160577,2,2,5,05,20,3,1,0,0,0,0,1,,1
"POINT (13.775800134000065 51.069820596000056)",Unfall 160578 (2017) Kat:3, Licht: 0,160578,3,6,2,05,16,3,0,0,0,1,0,0,,0
"POINT (13.729442280000058 51.076340936000065)",Unfall 160603 (2017) Kat:3, Licht: 0,160603,3,1,0,05,09,2,0,0,1,0,0,0,,0
"POINT (13.718876602000023 51.051287859000070)",Unfall 160604 (2017) Kat:3, Licht: 0,160604,3,3,5,05,06,2,0,0,1,0,0,0,,0