WKT,Name,OBJECTID,UKATEGORIE,UTYP1,UART,UMONAT,USTUNDE,UWOCHENTAG,STRZUSTAND,ULICHTVERH,ISTRAD,ISTPKW,ISTFUSS,ISTKRAD,ISTGKFZ,ISTSONSTIG
"POINT (13.723824205000028 51.090015809000079)",Unfall 160605 (2017) Kat:3, Licht: 0,160605,3,2,6,05,07,2,0,0,0,1,1,0,,0
"POINT (13.670541673000059 51.059664664000081)",Unfall 160606 (2017) Kat:3, Licht: 0,160606,3,1,0,05,13,2,0,0,1,0,0,0,,0
"POINT (13.757874451000077 51.019197722000058)",Unfall 160607 (2017) Kat:2, Licht: 0,160607,2,1,8,05,08,2,0,0,0,1,0,0,,0
"POINT (13.745212791000029 51.062834947000056)",Unfall 160608 (2017) Kat:3, Licht: 1,160608,3,3,5,05,21,2,0,1,1,1,0,0,,0
"POINT (13.744559455000058 51.057852345000072)",Unfall 160609 (2017) Kat:3, Licht: 0,160609,3,6,6,05,08,2,0,0,1,0,1,0,,0
"POINT (13.776875724000035 51.047965252000040)",Unfall 160610 (2017) Kat:3, Licht: 0,160610,3,3,5,05,09,2,0,0,0,1,0,0,,0
"POINT (13.788815742000054 51.043238631000065)",Unfall 160611 (2017) Kat:3, Licht: 0,160611,3,6,2,05,12,2,0,0,0,1,0,0,,0
"POINT (13.725015103000032 51.076996934000078)",Unfall 160632 (2017) Kat:3, Licht: 0,160632,3,1,0,05,19,7,0,0,1,0,0,0,,0
"POINT (13.753844286000060 51.066340473000082)",Unfall 160633 (2017) Kat:3, Licht: 0,160633,3,1,0,05,19,7,0,0,1,0,0,0,,0
"POINT (13.775465282000027 51.045215531000053)",Unfall 160644 (2017) Kat:2, Licht: 2,160644,2,7,0,05,21,6,0,2,1,1,0,0,,0
"POINT (13.723385524000037 51.079435528000033)",Unfall 160659 (2017) Kat:2, Licht: 0,160659,2,1,1,05,18,5,0,0,1,1,0,0,,0
"POINT (13.676485414000069 51.038574775000029)",Unfall 160660 (2017) Kat:2, Licht: 0,160660,2,5,0,05,10,5,0,0,1,1,0,0,,0
"POINT (13.767992743000036 51.084224551000034)",Unfall 160661 (2017) Kat:3, Licht: 0,160661,3,6,3,05,20,5,0,0,1,0,0,0,,0
"POINT (13.741019271000027 51.039165337000043)",Unfall 160662 (2017) Kat:3, Licht: 0,160662,3,4,6,05,19,5,0,0,1,0,1,0,,0
"POINT (13.787501787000053 51.035956362000036)",Unfall 160663 (2017) Kat:3, Licht: 2,160663,3,1,0,05,21,5,0,2,1,0,0,0,,0
"POINT (13.765039983000065 51.048459150000042)",Unfall 160664 (2017) Kat:3, Licht: 0,160664,3,6,2,05,14,5,0,0,0,1,0,0,,1
"POINT (13.772277403000032 51.127047684000047)",Unfall 160680 (2017) Kat:3, Licht: 0,160680,3,3,5,05,15,4,0,0,1,1,0,0,,0
"POINT (13.804623655000057 51.051361703000055)",Unfall 160681 (2017) Kat:2, Licht: 0,160681,2,7,6,05,17,4,0,0,0,1,1,0,,0
"POINT (13.793916556000056 51.012317261000078)",Unfall 160682 (2017) Kat:3, Licht: 0,160682,3,4,6,05,18,4,0,0,0,1,1,0,,0
"POINT (13.672932494000065 51.044448950000060)",Unfall 160715 (2017) Kat:3, Licht: 0,160715,3,1,0,05,06,3,0,0,1,0,0,0,,0
"POINT (13.805046708000077 51.052782843000045)",Unfall 160716 (2017) Kat:3, Licht: 0,160716,3,4,6,05,09,3,0,0,0,1,1,0,,0
"POINT (13.784607169000026 51.031507729000054)",Unfall 160717 (2017) Kat:3, Licht: 0,160717,3,2,6,05,12,3,0,0,1,0,1,0,,0
"POINT (13.764045620000047 51.055907545000082)",Unfall 160718 (2017) Kat:3, Licht: 0,160718,3,1,0,05,15,3,0,0,1,0,0,0,,0
"POINT (13.705994993000047 51.082514190000040)",Unfall 160719 (2017) Kat:3, Licht: 0,160719,3,6,2,05,11,3,0,0,0,1,0,0,,1
"POINT (13.749150944000064 51.033548130000042)",Unfall 160720 (2017) Kat:3, Licht: 0,160720,3,3,5,05,14,3,0,0,1,1,0,0,,0
"POINT (13.777314342000068 51.058717271000035)",Unfall 160721 (2017) Kat:3, Licht: 0,160721,3,2,5,05,19,3,0,0,1,1,0,0,,0
"POINT (13.721935454000061 51.086445314000059)",Unfall 160746 (2017) Kat:2, Licht: 0,160746,2,3,5,05,07,2,0,0,1,1,0,0,,0
"POINT (13.746885038000073 51.069876309000051)",Unfall 160747 (2017) Kat:3, Licht: 0,160747,3,3,5,05,09,2,0,0,1,1,0,0,,0
"POINT (13.750397890000045 51.075645277000035)",Unfall 160748 (2017) Kat:3, Licht: 0,160748,3,2,5,05,18,2,0,0,1,1,0,0,,0
"POINT (13.739126339000052 51.050231029000031)",Unfall 160749 (2017) Kat:3, Licht: 0,160749,3,4,6,05,17,2,0,0,1,0,1,0,,0
"POINT (13.726707308000073 51.031594474000030)",Unfall 160757 (2017) Kat:3, Licht: 0,160757,3,1,0,05,13,1,0,0,1,0,0,0,,0
"POINT (13.738995634000048 51.049993318000077)",Unfall 160766 (2017) Kat:3, Licht: 0,160766,3,7,6,05,17,7,0,0,1,0,1,0,,0
"POINT (13.787863959000049 51.027900333000048)",Unfall 160767 (2017) Kat:3, Licht: 0,160767,3,3,5,05,16,7,0,0,1,1,0,0,,0
"POINT (13.732316307000076 51.071593581000059)",Unfall 160790 (2017) Kat:3, Licht: 0,160790,3,3,2,05,15,6,0,0,1,1,0,0,,0
"POINT (13.746791301000030 51.038344018000032)",Unfall 160791 (2017) Kat:3, Licht: 0,160791,3,2,5,05,10,6,0,0,1,1,0,0,,0
"POINT (13.804817789000026 51.024661351000077)",Unfall 160792 (2017) Kat:3, Licht: 0,160792,3,3,5,05,08,6,0,0,1,0,0,0,,1
"POINT (13.786990753000055 51.046194654000033)",Unfall 160793 (2017) Kat:3, Licht: 0,160793,3,6,2,05,08,6,0,0,1,1,0,0,,0
"POINT (13.724669173000052 51.053307244000052)",Unfall 160794 (2017) Kat:3, Licht: 0,160794,3,6,3,05,06,6,0,0,1,0,0,0,,0
"POINT (13.688887932000057 51.057955773000060)",Unfall 160813 (2017) Kat:3, Licht: 0,160813,3,3,5,05,14,5,0,0,0,1,0,0,,0
"POINT (13.673575874000051 51.082011197000043)",Unfall 160814 (2017) Kat:2, Licht: 0,160814,2,3,5,05,09,5,0,0,1,1,0,0,,0
"POINT (13.808581225000069 51.011648220000041)",Unfall 160815 (2017) Kat:3, Licht: 1,160815,3,1,0,05,21,5,0,1,1,1,0,0,,0
"POINT (13.708943938000061 51.033137632000035)",Unfall 160816 (2017) Kat:3, Licht: 0,160816,3,6,3,05,09,5,0,0,1,1,0,0,,0
"POINT (13.728779597000027 51.037674440000046)",Unfall 160817 (2017) Kat:3, Licht: 0,160817,3,3,5,05,08,5,0,0,1,1,0,0,,0
"POINT (13.814153638000050 51.054321545000050)",Unfall 160818 (2017) Kat:2, Licht: 0,160818,2,3,5,05,09,5,0,0,1,1,0,0,,0
"POINT (13.771857970000042 51.060386242000050)",Unfall 160819 (2017) Kat:3, Licht: 0,160819,3,6,2,05,09,5,0,0,0,1,0,0,,1
"POINT (13.766543073000037 51.059532478000051)",Unfall 160820 (2017) Kat:3, Licht: 0,160820,3,6,2,05,19,5,0,0,0,1,0,0,,1
"POINT (13.777856859000053 51.050774440000055)",Unfall 160821 (2017) Kat:3, Licht: 0,160821,3,6,2,05,11,5,0,0,0,1,0,1,,0
"POINT (13.716589448000036 51.028325791000043)",Unfall 160822 (2017) Kat:3, Licht: 0,160822,3,1,9,06,12,4,0,0,0,1,0,0,,0
"POINT (13.686436632000039 51.083979022000051)",Unfall 160824 (2017) Kat:3, Licht: 0,160824,3,3,5,06,16,4,0,0,1,1,0,0,,0
"POINT (13.720745559000022 51.077397139000027)",Unfall 160825 (2017) Kat:3, Licht: 0,160825,3,3,5,06,15,4,0,0,1,1,0,0,,0
"POINT (13.702715137000041 51.046073034000074)",Unfall 160826 (2017) Kat:3, Licht: 0,160826,3,6,8,06,07,4,0,0,0,1,0,1,,0
"POINT (13.839531955000041 51.008761791000040)",Unfall 160827 (2017) Kat:3, Licht: 0,160827,3,3,5,06,17,4,0,0,1,1,0,0,,0
"POINT (13.751716834000035 51.066987228000073)",Unfall 160828 (2017) Kat:3, Licht: 1,160828,3,3,5,06,21,4,0,1,1,1,0,0,,0
"POINT (13.757894890000046 51.080333840000037)",Unfall 160829 (2017) Kat:3, Licht: 0,160829,3,1,0,06,15,4,0,0,1,0,0,0,,0
"POINT (13.749198195000076 51.080728773000033)",Unfall 160831 (2017) Kat:3, Licht: 0,160831,3,5,1,06,20,4,0,0,0,1,0,0,,1
"POINT (13.774512191000042 51.043922643000030)",Unfall 160834 (2017) Kat:3, Licht: 0,160834,3,7,0,06,06,4,0,0,1,1,0,0,,0
"POINT (13.808168894000062 51.050995502000035)",Unfall 160835 (2017) Kat:3, Licht: 0,160835,3,4,6,06,17,4,0,0,0,0,1,1,,0
"POINT (13.738917508000043 51.019149522000077)",Unfall 160836 (2017) Kat:2, Licht: 0,160836,2,3,5,06,06,4,0,0,1,1,0,0,,0
"POINT (13.773881693000021 51.022915575000070)",Unfall 160837 (2017) Kat:3, Licht: 0,160837,3,3,5,06,12,4,0,0,0,1,0,0,,0
"POINT (13.735030781000034 51.075105195000049)",Unfall 160838 (2017) Kat:3, Licht: 1,160838,3,2,2,06,19,4,0,1,0,1,0,0,,0
"POINT (13.697391813000024 51.074099523000029)",Unfall 160858 (2017) Kat:3, Licht: 0,160858,3,3,2,06,07,3,0,0,1,1,0,0,,0
"POINT (13.811741372000029 51.020844607000072)",Unfall 160859 (2017) Kat:3, Licht: 0,160859,3,4,6,06,17,3,0,0,0,1,1,0,,0
"POINT (13.706884401000025 51.029715753000062)",Unfall 160860 (2017) Kat:2, Licht: 0,160860,2,4,6,06,14,3,0,0,0,1,1,0,,0
"POINT (13.787026279000031 51.072861378000027)",Unfall 160861 (2017) Kat:3, Licht: 0,160861,3,1,0,06,15,3,0,0,1,0,0,0,,0
"POINT (13.789563483000052 51.042327648000025)",Unfall 160862 (2017) Kat:3, Licht: 0,160862,3,6,4,06,13,3,0,0,1,1,0,0,,0
"POINT (13.691657552000038 51.050493710000069)",Unfall 160880 (2017) Kat:3, Licht: 0,160880,3,3,5,06,15,2,0,0,1,1,0,0,,0
"POINT (13.798890277000055 51.011664006000046)",Unfall 160881 (2017) Kat:3, Licht: 0,160881,3,7,6,06,16,2,0,0,1,0,1,0,,0
"POINT (13.824951667000050 51.000867570000025)",Unfall 160882 (2017) Kat:3, Licht: 0,160882,3,4,6,06,14,2,0,0,0,1,1,0,,0
"POINT (13.784766006000041 51.114531068000076)",Unfall 160883 (2017) Kat:3, Licht: 2,160883,3,7,1,06,00,2,0,2,0,1,0,0,,0
"POINT (13.784232277000058 51.034827611000026)",Unfall 160884 (2017) Kat:3, Licht: 0,160884,3,6,2,06,16,2,0,0,0,1,0,0,,0
"POINT (13.767618315000050 51.066595166000070)",Unfall 160885 (2017) Kat:3, Licht: 0,160885,3,1,1,06,07,2,0,0,0,1,0,0,,1
"POINT (13.777289341000028 51.060085775000061)",Unfall 160886 (2017) Kat:3, Licht: 0,160886,3,3,5,06,18,2,0,0,1,1,0,0,,0
"POINT (13.788552994000042 51.038033851000080)",Unfall 160898 (2017) Kat:2, Licht: 0,160898,2,3,5,06,11,1,0,0,1,1,0,0,,0
"POINT (13.688434070000028 51.056185150000033)",Unfall 160910 (2017) Kat:3, Licht: 0,160910,3,1,0,06,15,7,0,0,1,0,0,0,,0
"POINT (13.693791439000051 51.051332857000034)",Unfall 160911 (2017) Kat:2, Licht: 0,160911,2,1,0,06,14,7,0,0,1,0,0,0,,0
"POINT (13.736314639000057 51.054631892000032)",Unfall 160912 (2017) Kat:3, Licht: 0,160912,3,4,6,06,13,7,0,0,1,0,1,0,,0
"POINT (13.799228114000073 50.998227431000032)",Unfall 160931 (2017) Kat:3, Licht: 0,160931,3,2,2,06,19,6,0,0,0,1,0,0,,0
"POINT (13.761182621000046 51.068191206000051)",Unfall 160932 (2017) Kat:3, Licht: 0,160932,3,4,6,06,14,6,0,0,0,1,1,0,,0
"POINT (13.776873250000051 51.047965840000074)",Unfall 160933 (2017) Kat:3, Licht: 0,160933,3,3,5,06,07,6,0,0,1,1,0,0,,0
"POINT (13.805809433000036 51.039494148000074)",Unfall 160934 (2017) Kat:3, Licht: 0,160934,3,4,6,06,15,6,0,0,1,0,1,0,,0
"POINT (13.807545767000022 51.034904702000063)",Unfall 160935 (2017) Kat:3, Licht: 0,160935,3,6,2,06,07,6,0,0,0,1,0,0,,0
"POINT (13.808647137000037 51.045074010000064)",Unfall 160936 (2017) Kat:3, Licht: 0,160936,3,3,5,06,07,6,0,0,0,1,0,1,,0
"POINT (13.750035067000056 51.047567321000031)",Unfall 160937 (2017) Kat:3, Licht: 0,160937,3,1,0,06,18,6,0,0,1,0,0,0,,0
"POINT (13.732405051000057 51.050938143000053)",Unfall 160938 (2017) Kat:3, Licht: 0,160938,3,2,2,06,13,6,0,0,0,1,0,1,,0
"POINT (13.719079515000033 51.049095525000041)",Unfall 160954 (2017) Kat:3, Licht: 0,160954,3,2,5,06,17,5,0,0,1,1,0,0,,0
"POINT (13.821299779000071 51.012339669000028)",Unfall 160955 (2017) Kat:3, Licht: 0,160955,3,7,5,06,10,5,0,0,1,1,0,0,,0
"POINT (13.761604422000062 51.051965408000058)",Unfall 160956 (2017) Kat:3, Licht: 0,160956,3,2,3,06,06,5,0,0,1,1,0,0,,0
"POINT (13.751465019000022 51.042969833000029)",Unfall 160957 (2017) Kat:3, Licht: 0,160957,3,1,0,06,07,5,0,0,1,0,0,0,,0
"POINT (13.810439719000044 51.051148443000045)",Unfall 160958 (2017) Kat:3, Licht: 0,160958,3,4,6,06,16,5,0,0,1,0,1,0,,0
"POINT (13.805215395000062 51.039708859000029)",Unfall 160959 (2017) Kat:3, Licht: 0,160959,3,2,5,06,15,5,0,0,1,1,0,0,,0
"POINT (13.782346437000058 51.047619679000036)",Unfall 160960 (2017) Kat:3, Licht: 0,160960,3,3,5,06,12,5,0,0,0,1,0,1,,0
"POINT (13.719825688000071 51.078752361000056)",Unfall 160961 (2017) Kat:2, Licht: 0,160961,2,3,5,06,10,5,0,0,0,1,0,1,,0
"POINT (13.709181947000047 51.081648240000050)",Unfall 160962 (2017) Kat:3, Licht: 0,160962,3,6,2,06,10,5,0,0,0,1,0,0,,0
"POINT (13.669701890000056 51.061405230000048)",Unfall 160963 (2017) Kat:2, Licht: 0,160963,2,3,5,06,15,5,0,0,1,1,0,0,,0
"POINT (13.728383492000034 51.039218593000044)",Unfall 160964 (2017) Kat:3, Licht: 0,160964,3,3,5,06,07,5,0,0,1,1,0,0,,0
"POINT (13.748069305000058 51.068756439000026)",Unfall 160983 (2017) Kat:3, Licht: 0,160983,3,7,6,06,13,4,0,0,0,0,1,0,,1
"POINT (13.772890341000050 51.047749604000046)",Unfall 160984 (2017) Kat:3, Licht: 0,160984,3,7,1,06,18,4,0,0,1,1,0,0,,0
"POINT (13.713639874000023 51.050652287000048)",Unfall 160985 (2017) Kat:3, Licht: 0,160985,3,4,6,06,08,4,0,0,0,0,1,0,,1
"POINT (13.806511747000059 51.037466903000052)",Unfall 160986 (2017) Kat:3, Licht: 0,160986,3,3,5,06,08,4,0,0,1,0,0,1,,0
"POINT (13.837368750000053 51.131983883000032)",Unfall 161016 (2017) Kat:3, Licht: 0,161016,3,1,0,06,16,3,0,0,1,0,0,0,,0
"POINT (13.790870803000075 51.026753154000062)",Unfall 161017 (2017) Kat:3, Licht: 0,161017,3,2,2,06,12,3,0,0,0,1,0,0,,0
"POINT (13.804205249000063 51.040057979000039)",Unfall 161018 (2017) Kat:3, Licht: 0,161018,3,3,5,06,12,3,0,0,1,1,0,0,,0
"POINT (13.730136481000045 51.054721127000050)",Unfall 161019 (2017) Kat:3, Licht: 0,161019,3,7,6,06,10,3,0,0,0,1,1,0,,0
"POINT (13.778927804000034 51.039193104000049)",Unfall 161020 (2017) Kat:3, Licht: 0,161020,3,5,1,06,16,3,0,0,1,1,0,0,,0
"POINT (13.777108397000063 51.060081339000078)",Unfall 161021 (2017) Kat:3, Licht: 0,161021,3,3,5,06,13,3,0,0,1,1,0,0,,0
"POINT (13.729936732000056 51.054941642000074)",Unfall 161022 (2017) Kat:3, Licht: 0,161022,3,2,2,06,10,3,0,0,1,1,0,0,,0
"POINT (13.701269639000031 51.045429161000072)",Unfall 161031 (2017) Kat:3, Licht: 0,161031,3,7,0,06,08,2,0,0,1,0,1,0,,0
"POINT (13.739351790000057 51.091889616000060)",Unfall 161036 (2017) Kat:3, Licht: 0,161036,3,1,4,06,14,1,1,0,0,1,0,0,,0
"POINT (13.774151612000026 51.032768118000035)",Unfall 161048 (2017) Kat:3, Licht: 0,161048,3,6,1,06,18,7,1,0,0,1,0,0,,0
"POINT (13.848443731000032 51.007923745000028)",Unfall 161049 (2017) Kat:2, Licht: 0,161049,2,2,4,06,12,7,0,0,0,1,0,1,,0
"POINT (13.725268968000023 51.053166549000082)",Unfall 161068 (2017) Kat:2, Licht: 0,161068,2,1,0,06,14,6,0,0,1,0,0,0,,0
"POINT (13.711642653000069 51.052224116000048)",Unfall 161069 (2017) Kat:3, Licht: 0,161069,3,7,3,06,16,6,0,0,0,1,0,0,,0
"POINT (13.761468828000034 51.055099596000048)",Unfall 161070 (2017) Kat:3, Licht: 0,161070,3,6,3,06,12,6,0,0,1,0,0,0,,1
"POINT (13.753745872000025 51.041473576000044)",Unfall 161071 (2017) Kat:2, Licht: 0,161071,2,6,0,06,07,6,0,0,1,0,0,0,,1
"POINT (13.739047746000040 51.037088449000066)",Unfall 161072 (2017) Kat:2, Licht: 0,161072,2,6,2,06,20,6,0,0,1,1,0,0,,0
"POINT (13.768986590000054 51.049606212000072)",Unfall 161073 (2017) Kat:3, Licht: 0,161073,3,3,5,06,07,6,0,0,1,1,0,0,,0
"POINT (13.724936199000069 51.080054563000033)",Unfall 161089 (2017) Kat:3, Licht: 0,161089,3,3,5,06,09,5,0,0,0,1,0,0,,0
"POINT (13.824285514000053 51.013442505000057)",Unfall 161090 (2017) Kat:3, Licht: 0,161090,3,1,0,06,12,5,0,0,0,1,0,0,,0
"POINT (13.799373940000066 51.041722949000075)",Unfall 161091 (2017) Kat:3, Licht: 0,161091,3,3,5,06,09,5,0,0,1,1,0,0,,0
"POINT (13.775145661000067 51.028583971000046)",Unfall 161092 (2017) Kat:3, Licht: 0,161092,3,5,3,06,19,5,0,0,1,1,0,0,,0
"POINT (13.786325317000035 51.028542385000037)",Unfall 161093 (2017) Kat:3, Licht: 0,161093,3,2,5,06,16,5,0,0,1,1,0,0,,0
"POINT (13.754172170000061 51.036150255000052)",Unfall 161094 (2017) Kat:3, Licht: 0,161094,3,2,5,06,20,5,0,0,0,1,0,0,,1
"POINT (13.719291223000027 51.054157159000056)",Unfall 161095 (2017) Kat:2, Licht: 0,161095,2,4,6,06,15,5,0,0,0,1,1,0,,0
"POINT (13.777088212000024 51.060080543000026)",Unfall 161116 (2017) Kat:3, Licht: 0,161116,3,2,2,06,13,3,0,0,0,1,0,0,,0
"POINT (13.698501962000023 51.074309469000070)",Unfall 161120 (2017) Kat:3, Licht: 0,161120,3,6,3,06,11,3,0,0,1,0,0,0,,1
"POINT (13.806542693000040 51.039108311000064)",Unfall 161121 (2017) Kat:3, Licht: 0,161121,3,1,3,06,11,3,0,0,1,1,0,0,,0
"POINT (13.767513613000062 51.042565861000071)",Unfall 161123 (2017) Kat:2, Licht: 0,161123,2,2,5,06,07,3,0,0,1,1,0,0,,0
"POINT (13.761585984000021 51.044912614000054)",Unfall 161142 (2017) Kat:3, Licht: 0,161142,3,3,5,06,09,2,0,0,0,1,0,0,,0
"POINT (13.774539976000028 51.060660395000070)",Unfall 161143 (2017) Kat:3, Licht: 0,161143,3,2,2,06,10,2,0,0,0,1,0,0,,0
"POINT (13.807953379000026 51.051184137000064)",Unfall 161144 (2017) Kat:3, Licht: 0,161144,3,7,0,06,17,2,0,0,0,1,0,1,,0
"POINT (13.734577787000035 51.075230072000068)",Unfall 161145 (2017) Kat:3, Licht: 0,161145,3,6,3,06,07,2,0,0,1,1,0,0,,0
"POINT (13.711588313000050 51.091674747000070)",Unfall 161154 (2017) Kat:2, Licht: 1,161154,2,1,0,06,05,1,0,1,1,0,0,0,,0
"POINT (13.830430670000055 51.031672292000053)",Unfall 161155 (2017) Kat:3, Licht: 2,161155,3,1,0,06,00,1,0,2,1,0,0,0,,0
"POINT (13.725673394000069 51.118350419000080)",Unfall 161156 (2017) Kat:3, Licht: 2,161156,3,1,7,06,02,1,0,2,1,0,0,0,,0
"POINT (13.669252144000041 51.040024518000052)",Unfall 161168 (2017) Kat:3, Licht: 0,161168,3,3,5,06,11,7,0,0,0,1,0,1,,0
"POINT (13.693159577000074 51.089991301000055)",Unfall 161169 (2017) Kat:3, Licht: 0,161169,3,7,8,06,15,7,0,0,1,0,0,0,,0
"POINT (13.705598726000062 51.044851060000042)",Unfall 161170 (2017) Kat:2, Licht: 2,161170,2,1,0,06,00,7,0,2,1,0,0,0,,0
"POINT (13.807339983000077 51.005256764000080)",Unfall 161171 (2017) Kat:3, Licht: 0,161171,3,2,2,06,15,7,0,0,0,1,0,0,,0
"POINT (13.833895606000056 51.028492815000050)",Unfall 161172 (2017) Kat:3, Licht: 0,161172,3,2,5,06,09,7,0,0,1,1,0,0,,0
"POINT (13.790630557000043 51.013034417000028)",Unfall 161173 (2017) Kat:3, Licht: 1,161173,3,3,5,06,21,7,0,1,1,1,0,0,,0
"POINT (13.798143728000070 51.023837126000046)",Unfall 161174 (2017) Kat:3, Licht: 0,161174,3,2,5,06,13,7,0,0,0,1,0,0,,0
"POINT (13.809591980000050 51.015921845000037)",Unfall 161175 (2017) Kat:3, Licht: 0,161175,3,6,2,06,18,7,0,0,0,1,0,0,,0
"POINT (13.775803567000025 51.050899721000064)",Unfall 161176 (2017) Kat:3, Licht: 0,161176,3,6,2,06,16,7,0,0,0,1,0,0,,0
"POINT (13.731174583000040 51.083438721000050)",Unfall 161177 (2017) Kat:3, Licht: 0,161177,3,2,4,06,19,7,0,0,1,1,0,0,,1
"POINT (13.780388407000032 51.030845665000072)",Unfall 161193 (2017) Kat:3, Licht: 0,161193,3,2,5,06,08,6,1,0,1,1,0,0,,0
"POINT (13.755995518000077 51.055907344000047)",Unfall 161194 (2017) Kat:3, Licht: 0,161194,3,2,2,06,09,6,0,0,1,1,0,0,,0
"POINT (13.684001546000047 51.084055966000051)",Unfall 161195 (2017) Kat:2, Licht: 0,161195,2,7,6,06,09,6,0,0,0,1,1,0,,0
"POINT (13.710265469000035 51.058001516000047)",Unfall 161196 (2017) Kat:3, Licht: 2,161196,3,3,5,06,23,6,0,2,0,1,0,0,,1
"POINT (13.726223924000067 51.081659239000032)",Unfall 161216 (2017) Kat:3, Licht: 2,161216,3,3,5,06,21,5,1,2,0,1,0,0,,1
"POINT (13.822717427000043 51.004844762000062)",Unfall 161217 (2017) Kat:3, Licht: 0,161217,3,3,5,06,10,5,0,0,0,1,0,0,,0
"POINT (13.799841192000031 51.141437958000040)",Unfall 161218 (2017) Kat:3, Licht: 0,161218,3,3,5,06,06,5,0,0,0,1,0,0,,0
"POINT (13.808944192000070 51.052921287000061)",Unfall 161219 (2017) Kat:2, Licht: 0,161219,2,6,2,06,14,5,0,0,0,1,0,1,,0
"POINT (13.744263853000064 51.060737291000066)",Unfall 161220 (2017) Kat:3, Licht: 0,161220,3,3,5,06,08,5,0,0,1,1,0,0,,0
"POINT (13.797032743000045 51.044365080000034)",Unfall 161221 (2017) Kat:3, Licht: 2,161221,3,3,5,06,21,5,1,2,1,1,0,0,,0
"POINT (13.806960290000063 51.036171257000035)",Unfall 161222 (2017) Kat:3, Licht: 0,161222,3,3,5,06,16,5,0,0,1,1,0,0,,0
"POINT (13.781836259000045 50.994359187000043)",Unfall 161224 (2017) Kat:2, Licht: 0,161224,2,2,5,06,19,5,1,0,1,1,0,0,,0
"POINT (13.715805607000050 51.095196097000041)",Unfall 161250 (2017) Kat:3, Licht: 0,161250,3,3,5,06,08,4,0,0,0,1,0,0,,0
"POINT (13.741293066000026 51.053560478000065)",Unfall 161251 (2017) Kat:3, Licht: 0,161251,3,6,2,06,18,4,0,0,0,1,0,1,,0
"POINT (13.781544661000055 51.053286419000074)",Unfall 161252 (2017) Kat:3, Licht: 0,161252,3,3,5,06,18,4,0,0,0,1,0,0,,0
"POINT (13.740363618000060 51.038693000000080)",Unfall 161253 (2017) Kat:2, Licht: 0,161253,2,4,6,06,07,4,0,0,0,1,1,0,,0
"POINT (13.750707757000043 51.047334160000048)",Unfall 161254 (2017) Kat:2, Licht: 0,161254,2,6,2,06,19,4,0,0,0,1,0,0,,0
"POINT (13.713909651000051 51.052160107000077)",Unfall 161255 (2017) Kat:3, Licht: 2,161255,3,7,1,06,00,4,0,2,0,1,0,0,,1
"POINT (13.710560103000034 51.048453304000077)",Unfall 161276 (2017) Kat:3, Licht: 2,161276,3,1,0,06,00,3,0,2,1,0,0,0,,0
"POINT (13.636928580000074 51.091460056000074)",Unfall 161277 (2017) Kat:2, Licht: 0,161277,2,7,0,06,17,3,0,0,1,0,0,0,,0
"POINT (13.718338461000030 51.053582930000061)",Unfall 161278 (2017) Kat:2, Licht: 0,161278,2,6,6,06,07,3,0,0,1,0,1,0,,0
"POINT (13.677672929000039 51.046454901000061)",Unfall 161279 (2017) Kat:3, Licht: 0,161279,3,1,0,06,07,3,0,0,1,0,0,0,,0
"POINT (13.679856452000024 51.043106193000028)",Unfall 161280 (2017) Kat:3, Licht: 0,161280,3,4,6,06,12,3,0,0,0,1,1,0,,0
"POINT (13.826152054000033 51.015129089000027)",Unfall 161281 (2017) Kat:3, Licht: 0,161281,3,6,3,06,19,3,0,0,0,1,0,1,,0
"POINT (13.776472871000067 51.021562151000069)",Unfall 161282 (2017) Kat:3, Licht: 0,161282,3,3,7,06,11,3,0,0,1,1,0,0,,0
"POINT (13.742070890000036 51.116980751000028)",Unfall 161283 (2017) Kat:3, Licht: 0,161283,3,4,6,06,08,3,0,0,1,0,1,0,,0
"POINT (13.769080411000061 51.110036444000059)",Unfall 161284 (2017) Kat:2, Licht: 0,161284,2,1,1,06,10,3,0,0,1,0,0,0,,1
"POINT (13.740362767000022 51.068353197000079)",Unfall 161285 (2017) Kat:3, Licht: 1,161285,3,2,5,06,21,3,0,1,1,1,0,0,,0
"POINT (13.771788404000063 51.040830698000036)",Unfall 161286 (2017) Kat:2, Licht: 0,161286,2,3,5,06,15,3,0,0,1,1,0,0,,0
"POINT (13.771788750000042 51.040831042000036)",Unfall 161287 (2017) Kat:3, Licht: 0,161287,3,3,5,06,11,3,0,0,0,1,0,0,,0
"POINT (13.785912144000065 51.050746736000065)",Unfall 161288 (2017) Kat:3, Licht: 0,161288,3,3,5,06,10,3,0,0,0,1,0,0,,0
"POINT (13.719226798000022 51.076484620000031)",Unfall 161289 (2017) Kat:3, Licht: 0,161289,3,3,5,06,17,3,0,0,0,1,0,1,,0
"POINT (13.690400651000061 51.054430975000059)",Unfall 161290 (2017) Kat:2, Licht: 0,161290,2,1,0,06,07,3,0,0,1,0,0,0,,1
"POINT (13.681545710000023 51.049402615000076)",Unfall 161307 (2017) Kat:3, Licht: 0,161307,3,2,5,06,18,2,0,0,1,1,0,0,,0