WKT,Name,OBJECTID,UKATEGORIE,UTYP1,UART,UMONAT,USTUNDE,UWOCHENTAG,STRZUSTAND,ULICHTVERH,ISTRAD,ISTPKW,ISTFUSS,ISTKRAD,ISTGKFZ,ISTSONSTIG
"POINT (13.823612439000044 51.012887506000027)",Unfall 161308 (2017) Kat:3, Licht: 0,161308,3,6,2,06,11,2,0,0,0,1,0,0,,1
"POINT (13.763572149000026 51.026980000000037)",Unfall 161309 (2017) Kat:3, Licht: 0,161309,3,1,0,06,15,2,0,0,1,0,0,0,,0
"POINT (13.746991003000062 51.063250214000050)",Unfall 161310 (2017) Kat:3, Licht: 0,161310,3,6,2,06,09,2,0,0,0,1,0,0,,1
"POINT (13.752157326000031 51.063716661000058)",Unfall 161311 (2017) Kat:3, Licht: 0,161311,3,1,0,06,06,2,0,0,1,0,0,0,,0
"POINT (13.805845239000064 51.040866777000076)",Unfall 161312 (2017) Kat:3, Licht: 0,161312,3,1,5,06,16,2,0,0,0,1,0,0,,0
"POINT (13.796459402000039 51.044662692000031)",Unfall 161313 (2017) Kat:3, Licht: 1,161313,3,7,0,06,19,2,0,1,1,1,0,0,,0
"POINT (13.788487679000070 51.043282906000059)",Unfall 161314 (2017) Kat:3, Licht: 0,161314,3,6,2,06,13,2,0,0,0,1,0,0,,0
"POINT (13.646754494000049 51.088244838000037)",Unfall 161315 (2017) Kat:3, Licht: 0,161315,3,5,1,06,19,2,0,0,1,1,0,0,,0
"POINT (13.728367623000054 51.056704648000050)",Unfall 161316 (2017) Kat:2, Licht: 0,161316,2,3,5,06,13,2,0,0,1,0,0,0,,0
"POINT (13.848317865000070 51.007108480000056)",Unfall 161317 (2017) Kat:3, Licht: 0,161317,3,2,6,06,08,2,0,0,0,1,1,0,,0
"POINT (13.755082546000040 51.056673381000053)",Unfall 161337 (2017) Kat:2, Licht: 2,161337,2,1,9,06,02,1,0,2,1,0,0,0,,0
"POINT (13.787030020000032 51.048629210000058)",Unfall 161338 (2017) Kat:3, Licht: 0,161338,3,2,4,06,18,1,0,0,1,1,0,0,,0
"POINT (13.823688669000035 51.012863723000066)",Unfall 161345 (2017) Kat:3, Licht: 0,161345,3,2,5,06,18,7,0,0,1,1,0,0,,0
"POINT (13.805482839000035 51.025579632000074)",Unfall 161346 (2017) Kat:3, Licht: 2,161346,3,1,2,06,22,7,0,2,1,1,0,0,,0
"POINT (13.760441289000028 51.067107775000068)",Unfall 161347 (2017) Kat:3, Licht: 2,161347,3,6,4,06,23,7,0,2,1,1,0,0,,0
"POINT (13.725166253000054 51.050238056000069)",Unfall 161348 (2017) Kat:3, Licht: 0,161348,3,3,5,06,16,7,0,0,0,1,0,0,,0
"POINT (13.679863001000058 51.042348754000045)",Unfall 161368 (2017) Kat:3, Licht: 0,161368,3,6,2,06,16,6,0,0,1,1,0,0,,0
"POINT (13.728404350000062 51.061001096000041)",Unfall 161369 (2017) Kat:3, Licht: 0,161369,3,2,5,06,08,6,0,0,1,1,0,0,,0
"POINT (13.731040556000039 51.039717543000052)",Unfall 161370 (2017) Kat:2, Licht: 0,161370,2,7,5,06,13,6,1,0,1,1,0,0,,0
"POINT (13.754031171000065 51.057638556000029)",Unfall 161371 (2017) Kat:3, Licht: 0,161371,3,1,0,06,12,6,0,0,1,0,0,0,,0
"POINT (13.752243583000052 51.077791731000048)",Unfall 161372 (2017) Kat:3, Licht: 0,161372,3,3,5,06,17,6,1,0,1,1,0,0,,0
"POINT (13.764758613000026 51.080760798000028)",Unfall 161373 (2017) Kat:3, Licht: 2,161373,3,1,0,06,21,6,0,2,0,0,0,1,,0
"POINT (13.779728750000061 51.040926441000067)",Unfall 161374 (2017) Kat:2, Licht: 0,161374,2,3,0,06,11,6,1,0,0,1,0,0,,0
"POINT (13.787713928000073 51.035873509000055)",Unfall 161375 (2017) Kat:3, Licht: 0,161375,3,2,6,06,14,6,0,0,0,1,1,0,,0
"POINT (13.806246157000032 51.039275437000072)",Unfall 161376 (2017) Kat:3, Licht: 0,161376,3,2,5,06,11,6,1,0,1,1,0,0,,0
"POINT (13.711960633000047 51.080978138000035)",Unfall 161387 (2017) Kat:3, Licht: 0,161387,3,2,5,06,08,5,0,0,1,0,0,1,,0
"POINT (13.724094146000027 51.084455634000051)",Unfall 161388 (2017) Kat:3, Licht: 0,161388,3,4,6,06,06,5,0,0,1,0,1,0,,0
"POINT (13.681722402000048 51.086671233000061)",Unfall 161390 (2017) Kat:3, Licht: 0,161390,3,2,5,06,13,5,0,0,0,1,0,1,,0
"POINT (13.822762371000067 51.004844416000026)",Unfall 161391 (2017) Kat:3, Licht: 0,161391,3,3,5,06,08,5,0,0,0,1,0,0,,0
"POINT (13.831329879000066 50.999640585000066)",Unfall 161392 (2017) Kat:3, Licht: 0,161392,3,3,5,06,19,5,0,0,1,1,0,0,,0
"POINT (13.808254661000035 51.006044860000031)",Unfall 161393 (2017) Kat:3, Licht: 0,161393,3,3,5,06,20,5,0,0,1,1,0,0,,0
"POINT (13.738769091000052 51.054119741000079)",Unfall 161394 (2017) Kat:3, Licht: 0,161394,3,6,2,06,18,5,0,0,0,1,0,0,,0
"POINT (13.780949757000030 51.045856761000039)",Unfall 161395 (2017) Kat:3, Licht: 0,161395,3,2,5,06,11,5,0,0,0,1,0,1,,0
"POINT (13.761598942000035 51.051947468000037)",Unfall 161396 (2017) Kat:3, Licht: 2,161396,3,2,5,06,21,5,0,2,0,1,0,0,,0
"POINT (13.777653994000048 51.052870827000049)",Unfall 161397 (2017) Kat:3, Licht: 0,161397,3,1,0,06,13,5,0,0,0,0,0,1,,0
"POINT (13.709881952000046 51.028628031000039)",Unfall 161398 (2017) Kat:3, Licht: 0,161398,3,3,5,06,10,5,0,0,0,1,0,1,,0
"POINT (13.696837592000065 51.043404651000060)",Unfall 161399 (2017) Kat:2, Licht: 0,161399,2,1,0,06,19,5,0,0,1,0,0,0,,0
"POINT (13.720216802000039 51.054798481000034)",Unfall 161425 (2017) Kat:2, Licht: 2,161425,2,1,0,06,23,4,0,2,1,0,0,0,,0
"POINT (13.804060495000044 51.008542579000050)",Unfall 161427 (2017) Kat:3, Licht: 0,161427,3,7,8,07,15,4,0,0,0,1,0,0,,0
"POINT (13.797559717000070 50.991645014000028)",Unfall 161428 (2017) Kat:3, Licht: 1,161428,3,6,0,07,20,4,0,1,1,1,0,0,,0
"POINT (13.824534410000069 51.010371365000026)",Unfall 161429 (2017) Kat:3, Licht: 0,161429,3,7,6,07,11,4,0,0,0,0,1,0,,1
"POINT (13.752423007000061 51.029194018000055)",Unfall 161430 (2017) Kat:3, Licht: 0,161430,3,6,2,07,07,4,0,0,1,0,0,0,,0
"POINT (13.746009569000023 51.059642104000034)",Unfall 161431 (2017) Kat:2, Licht: 0,161431,2,4,5,07,17,4,0,0,0,0,1,0,,1
"POINT (13.776441315000056 51.046892329000059)",Unfall 161432 (2017) Kat:3, Licht: 0,161432,3,3,5,07,08,4,0,0,1,1,0,0,,0
"POINT (13.719066752000060 51.046702039000081)",Unfall 161433 (2017) Kat:3, Licht: 0,161433,3,2,6,07,06,4,0,0,0,1,1,0,,0
"POINT (13.755544778000058 51.068892255000037)",Unfall 161434 (2017) Kat:3, Licht: 0,161434,3,3,5,07,06,4,0,0,1,0,0,0,,0
"POINT (13.696958903000052 51.044190821000029)",Unfall 161450 (2017) Kat:3, Licht: 0,161450,3,6,2,07,16,3,0,0,1,1,0,0,,0
"POINT (13.719803564000074 51.081155076000073)",Unfall 161451 (2017) Kat:3, Licht: 0,161451,3,7,6,07,20,3,0,0,0,1,1,0,,0
"POINT (13.687900292000052 51.042504668000049)",Unfall 161452 (2017) Kat:3, Licht: 0,161452,3,2,2,07,18,3,0,0,0,1,0,0,,1
"POINT (13.726965377000056 51.014317453000046)",Unfall 161453 (2017) Kat:3, Licht: 0,161453,3,7,2,07,16,3,0,0,0,0,0,1,,1
"POINT (13.841151022000076 51.002036933000056)",Unfall 161454 (2017) Kat:3, Licht: 0,161454,3,4,6,07,13,3,0,0,0,1,1,0,,1
"POINT (13.814364504000025 51.011241603000030)",Unfall 161455 (2017) Kat:3, Licht: 0,161455,3,5,3,07,18,3,0,0,1,1,0,0,,0
"POINT (13.778083526000046 51.116765179000026)",Unfall 161456 (2017) Kat:3, Licht: 0,161456,3,3,5,07,14,3,0,0,1,0,0,0,,1
"POINT (13.754735443000072 51.046107546000030)",Unfall 161457 (2017) Kat:3, Licht: 0,161457,3,4,6,07,16,3,0,0,0,1,1,0,,0
"POINT (13.733513746000028 51.046890823000069)",Unfall 161458 (2017) Kat:3, Licht: 0,161458,3,3,5,07,15,3,0,0,1,1,0,0,,0
"POINT (13.798835410000038 51.004996399000049)",Unfall 161465 (2017) Kat:3, Licht: 0,161465,3,3,5,07,11,2,0,0,0,1,0,0,,1
"POINT (13.774712456000032 51.049806638000064)",Unfall 161466 (2017) Kat:3, Licht: 0,161466,3,3,5,07,08,2,0,0,1,1,0,0,,0
"POINT (13.811816742000076 51.020240808000040)",Unfall 161467 (2017) Kat:3, Licht: 0,161467,3,1,0,07,11,2,0,0,1,0,0,0,,0
"POINT (13.819771713000023 51.006646018000026)",Unfall 161468 (2017) Kat:2, Licht: 2,161468,2,3,5,07,22,2,0,2,0,1,0,1,,0
"POINT (13.622946116000037 51.088773963000051)",Unfall 161469 (2017) Kat:2, Licht: 0,161469,2,4,6,07,16,2,0,0,0,1,1,0,,0
"POINT (13.741759204000061 51.023608715000080)",Unfall 161490 (2017) Kat:3, Licht: 0,161490,3,1,0,07,14,7,0,0,1,0,0,0,,0
"POINT (13.719588051000073 51.077397190000056)",Unfall 161491 (2017) Kat:2, Licht: 0,161491,2,3,5,07,15,7,0,0,0,1,0,0,,0
"POINT (13.837440303000051 51.024898979000056)",Unfall 161497 (2017) Kat:3, Licht: 1,161497,3,1,0,07,20,6,1,1,1,0,0,0,,0
"POINT (13.748589437000021 51.071710227000040)",Unfall 161498 (2017) Kat:3, Licht: 2,161498,3,3,5,07,21,6,1,2,1,1,0,0,,0
"POINT (13.748978277000049 51.033780576000026)",Unfall 161510 (2017) Kat:3, Licht: 2,161510,3,3,5,07,00,5,1,2,1,1,0,0,,0
"POINT (13.719265847000031 51.026639404000036)",Unfall 161511 (2017) Kat:3, Licht: 0,161511,3,2,2,07,19,5,0,0,0,1,0,1,,0
"POINT (13.789594365000028 51.047431073000041)",Unfall 161525 (2017) Kat:3, Licht: 0,161525,3,3,5,07,17,4,1,0,1,1,0,0,,0
"POINT (13.775637411000048 51.045358885000041)",Unfall 161526 (2017) Kat:2, Licht: 0,161526,2,3,5,07,13,4,0,0,1,1,0,0,,0
"POINT (13.706188500000053 51.034027987000059)",Unfall 161535 (2017) Kat:3, Licht: 0,161535,3,1,0,07,17,3,1,0,1,0,0,0,,0
"POINT (13.747134524000046 51.071976945000074)",Unfall 161536 (2017) Kat:2, Licht: 0,161536,2,3,5,07,19,3,0,0,1,1,0,0,,0
"POINT (13.734770785000023 51.047067411000057)",Unfall 161537 (2017) Kat:3, Licht: 0,161537,3,2,6,07,10,3,1,0,0,1,1,0,,0
"POINT (13.813767502000076 51.015138952000029)",Unfall 161538 (2017) Kat:3, Licht: 0,161538,3,5,1,07,10,3,0,0,1,1,0,0,,0
"POINT (13.764835972000071 51.048491808000051)",Unfall 161539 (2017) Kat:3, Licht: 2,161539,3,1,1,07,23,3,0,2,0,1,0,0,,0
"POINT (13.718321568000022 51.077523427000074)",Unfall 161549 (2017) Kat:3, Licht: 0,161549,3,7,6,07,09,2,1,0,0,0,1,0,,1
"POINT (13.747976477000066 51.022966611000072)",Unfall 161550 (2017) Kat:3, Licht: 0,161550,3,2,5,07,17,2,1,0,1,1,0,0,,0
"POINT (13.801053582000065 51.054649386000051)",Unfall 161551 (2017) Kat:3, Licht: 0,161551,3,3,5,07,06,2,0,0,1,1,0,0,,0
"POINT (13.690401193000071 51.054428937000068)",Unfall 161559 (2017) Kat:3, Licht: 0,161559,3,1,0,07,11,1,0,0,1,0,0,0,,0
"POINT (13.737668550000024 51.051866125000060)",Unfall 161560 (2017) Kat:3, Licht: 0,161560,3,6,3,07,17,1,0,0,1,0,0,0,,0
"POINT (13.705909808000058 51.095235500000058)",Unfall 161571 (2017) Kat:3, Licht: 0,161571,3,3,5,07,10,7,0,0,0,1,0,0,,0
"POINT (13.715547096000023 51.080678923000050)",Unfall 161572 (2017) Kat:3, Licht: 2,161572,3,1,0,07,00,7,1,2,1,0,0,0,,0
"POINT (13.829434779000053 51.021352482000054)",Unfall 161588 (2017) Kat:3, Licht: 2,161588,3,5,1,07,22,6,0,2,1,1,0,0,,0
"POINT (13.786809527000059 51.015901772000063)",Unfall 161589 (2017) Kat:3, Licht: 0,161589,3,4,6,07,16,6,0,0,0,1,1,0,,0
"POINT (13.774917877000064 51.021425968000074)",Unfall 161590 (2017) Kat:2, Licht: 0,161590,2,1,0,07,07,6,0,0,1,0,0,0,,0
"POINT (13.792433982000034 51.058179536000068)",Unfall 161591 (2017) Kat:3, Licht: 0,161591,3,3,5,07,10,6,0,0,0,1,0,0,,0
"POINT (13.806732490000059 51.052101053000058)",Unfall 161592 (2017) Kat:3, Licht: 1,161592,3,1,0,07,21,6,0,1,1,0,0,0,,0
"POINT (13.712809132000075 51.051389133000043)",Unfall 161593 (2017) Kat:2, Licht: 0,161593,2,2,5,07,12,6,0,0,0,1,0,1,,0
"POINT (13.717427014000066 51.040020837000043)",Unfall 161604 (2017) Kat:3, Licht: 0,161604,3,2,1,07,14,5,0,0,1,1,0,0,,0
"POINT (13.770348120000051 51.071726102000071)",Unfall 161605 (2017) Kat:3, Licht: 0,161605,3,2,5,07,07,5,0,0,1,1,0,0,,0
"POINT (13.741460253000071 51.072092591000057)",Unfall 161606 (2017) Kat:3, Licht: 2,161606,3,1,0,07,02,5,0,2,1,0,0,0,,0
"POINT (13.760685404000071 51.049193426000045)",Unfall 161607 (2017) Kat:2, Licht: 0,161607,2,2,5,07,07,5,0,0,1,1,0,0,,0
"POINT (13.775857436000024 51.053726432000076)",Unfall 161608 (2017) Kat:3, Licht: 0,161608,3,5,1,07,16,5,0,0,1,1,0,0,,0
"POINT (13.792049546000044 51.039025500000037)",Unfall 161609 (2017) Kat:2, Licht: 0,161609,2,3,5,07,06,5,0,0,0,1,0,1,,0
"POINT (13.744996520000029 51.072353616000044)",Unfall 161626 (2017) Kat:3, Licht: 2,161626,3,2,4,07,22,4,0,2,1,1,0,0,,0
"POINT (13.732413249000047 51.050981962000037)",Unfall 161627 (2017) Kat:3, Licht: 0,161627,3,2,5,07,18,4,0,0,0,1,0,0,,1
"POINT (13.775193384000033 51.038388557000076)",Unfall 161628 (2017) Kat:3, Licht: 0,161628,3,3,5,07,15,4,0,0,0,1,0,0,,0
"POINT (13.721446864000029 51.055633562000025)",Unfall 161644 (2017) Kat:2, Licht: 0,161644,2,3,5,07,17,3,0,0,0,1,0,0,,1
"POINT (13.709784276000050 51.032882596000036)",Unfall 161645 (2017) Kat:3, Licht: 0,161645,3,2,5,07,16,3,0,0,1,1,0,0,,0
"POINT (13.781465746000038 51.043840430000046)",Unfall 161646 (2017) Kat:3, Licht: 0,161646,3,2,3,07,16,3,0,0,1,1,0,0,,0
"POINT (13.767310881000071 51.036076289000050)",Unfall 161647 (2017) Kat:2, Licht: 0,161647,2,6,2,07,07,3,1,0,1,0,0,0,,0
"POINT (13.704690606000042 51.090754940000068)",Unfall 161662 (2017) Kat:3, Licht: 0,161662,3,7,1,07,07,2,0,0,0,1,0,0,,0
"POINT (13.744966354000042 51.072326580000038)",Unfall 161663 (2017) Kat:3, Licht: 0,161663,3,3,5,07,07,2,0,0,1,1,0,0,,0
"POINT (13.769761851000055 51.044771520000040)",Unfall 161664 (2017) Kat:3, Licht: 0,161664,3,2,5,07,16,2,0,0,0,1,0,0,,1
"POINT (13.728785403000074 51.019672212000046)",Unfall 161678 (2017) Kat:3, Licht: 0,161678,3,3,5,07,18,1,0,0,0,1,0,0,,1
"POINT (13.748918380000077 51.051241562000030)",Unfall 161679 (2017) Kat:3, Licht: 0,161679,3,3,5,07,08,1,0,0,1,1,0,0,,0
"POINT (13.811516452000035 51.037102677000064)",Unfall 161684 (2017) Kat:3, Licht: 2,161684,3,1,0,07,22,7,1,2,1,0,0,0,,0
"POINT (13.777329770000051 51.060086280000064)",Unfall 161685 (2017) Kat:2, Licht: 2,161685,2,1,9,07,23,7,1,2,0,1,0,0,,0
"POINT (13.838400855000032 51.008960565000052)",Unfall 161693 (2017) Kat:3, Licht: 0,161693,3,3,5,06,17,6,0,0,1,1,0,0,,0
"POINT (13.848534095000048 51.010036048000075)",Unfall 161694 (2017) Kat:3, Licht: 0,161694,3,1,0,06,15,6,0,0,0,0,0,1,,0
"POINT (13.848443731000032 51.007923745000028)",Unfall 161695 (2017) Kat:2, Licht: 0,161695,2,2,5,06,15,6,0,0,0,1,1,0,,1
"POINT (13.669188950000034 51.062503609000032)",Unfall 161708 (2017) Kat:2, Licht: 0,161708,2,1,0,06,11,5,1,0,1,0,0,0,,0
"POINT (13.797362869000040 50.991616819000058)",Unfall 161709 (2017) Kat:3, Licht: 0,161709,3,3,5,06,08,5,1,0,1,1,0,0,,0
"POINT (13.838545239000041 51.005816805000052)",Unfall 161710 (2017) Kat:3, Licht: 0,161710,3,3,5,06,18,5,1,0,0,1,0,1,,0
"POINT (13.748777787000051 51.063132387000053)",Unfall 161711 (2017) Kat:3, Licht: 0,161711,3,2,0,06,08,5,1,0,1,1,0,0,,0
"POINT (13.752256962000047 51.065123177000032)",Unfall 161712 (2017) Kat:3, Licht: 0,161712,3,1,0,06,15,5,1,0,1,0,0,0,,0
"POINT (13.740181507000045 51.053692701000045)",Unfall 161713 (2017) Kat:3, Licht: 0,161713,3,3,0,06,08,5,1,0,1,0,0,0,,1
"POINT (13.801875416000030 51.042485520000071)",Unfall 161714 (2017) Kat:3, Licht: 0,161714,3,3,5,06,14,5,1,0,0,1,0,0,,0
"POINT (13.831339722000052 50.999629684000070)",Unfall 161715 (2017) Kat:3, Licht: 0,161715,3,3,5,06,16,5,1,0,0,1,0,0,,1
"POINT (13.698075877000065 51.082982546000039)",Unfall 161725 (2017) Kat:2, Licht: 0,161725,2,7,7,06,18,4,0,0,1,0,0,0,,0
"POINT (13.715666128000066 51.036828150000076)",Unfall 161726 (2017) Kat:3, Licht: 0,161726,3,3,0,06,16,4,0,0,1,0,0,0,,1
"POINT (13.777088133000063 51.060080540000058)",Unfall 161727 (2017) Kat:3, Licht: 0,161727,3,3,5,06,09,4,0,0,1,1,0,0,,0
"POINT (13.763934140000060 51.066519618000029)",Unfall 161735 (2017) Kat:3, Licht: 0,161735,3,3,5,07,18,5,0,0,1,1,0,0,,0
"POINT (13.770161560000076 51.057205968000062)",Unfall 161743 (2017) Kat:2, Licht: 0,161743,2,2,6,07,13,6,0,0,0,1,1,0,,0
"POINT (13.743558724000025 51.040288495000027)",Unfall 161744 (2017) Kat:3, Licht: 0,161744,3,2,5,07,10,6,0,0,1,1,0,0,,0
"POINT (13.769757488000039 51.044767184000079)",Unfall 161748 (2017) Kat:3, Licht: 0,161748,3,2,5,07,10,5,0,0,1,1,0,0,,0
"POINT (13.707125059000077 51.045985861000077)",Unfall 161758 (2017) Kat:2, Licht: 0,161758,2,3,5,08,07,5,0,0,1,0,0,0,,1
"POINT (13.716738988000031 51.096744539000042)",Unfall 161759 (2017) Kat:3, Licht: 0,161759,3,4,6,08,10,5,1,0,1,0,1,0,,0
"POINT (13.778729149000071 51.017423686000029)",Unfall 161760 (2017) Kat:3, Licht: 2,161760,3,5,0,08,21,5,0,2,1,0,0,0,,1
"POINT (13.756871661000048 51.080658799000048)",Unfall 161761 (2017) Kat:3, Licht: 0,161761,3,7,0,08,16,5,0,0,0,1,0,1,,0
"POINT (13.739470610000069 51.045426856000063)",Unfall 161762 (2017) Kat:3, Licht: 0,161762,3,3,5,08,16,5,0,0,1,1,0,0,,0
"POINT (13.724052238000070 51.030956150000065)",Unfall 161763 (2017) Kat:3, Licht: 0,161763,3,2,3,08,10,5,0,0,1,0,0,0,,1
"POINT (13.719034966000038 51.094396132000043)",Unfall 161789 (2017) Kat:3, Licht: 0,161789,3,3,5,08,12,4,0,0,1,1,0,0,,0
"POINT (13.697510024000053 51.087638480000066)",Unfall 161790 (2017) Kat:3, Licht: 0,161790,3,6,2,08,16,4,0,0,0,1,0,0,,0
"POINT (13.833045153000057 51.064720444000045)",Unfall 161791 (2017) Kat:3, Licht: 0,161791,3,6,6,08,11,4,0,0,0,0,1,0,,1
"POINT (13.788070578000031 51.043297577000033)",Unfall 161792 (2017) Kat:3, Licht: 0,161792,3,4,6,08,16,4,0,0,1,0,1,0,,0
"POINT (13.736665989000073 51.046908346000066)",Unfall 161793 (2017) Kat:3, Licht: 0,161793,3,6,2,08,07,4,0,0,0,1,0,1,,0
"POINT (13.751680699000076 51.050704289000066)",Unfall 161794 (2017) Kat:2, Licht: 0,161794,2,4,6,08,11,4,0,0,0,1,1,0,,0
"POINT (13.708702518000052 51.077379326000028)",Unfall 161796 (2017) Kat:3, Licht: 0,161796,3,3,5,08,07,4,0,0,1,0,0,0,,0
"POINT (13.701737785000034 51.038169256000060)",Unfall 161811 (2017) Kat:3, Licht: 0,161811,3,3,0,08,10,3,0,0,1,1,0,0,,0
"POINT (13.785991228000057 51.046520553000050)",Unfall 161812 (2017) Kat:3, Licht: 0,161812,3,6,6,08,12,3,0,0,0,1,1,0,,0
"POINT (13.799684550000052 51.024390705000030)",Unfall 161813 (2017) Kat:3, Licht: 0,161813,3,7,0,08,15,3,0,0,1,1,0,0,,0
"POINT (13.748920235000071 51.051253439000050)",Unfall 161814 (2017) Kat:3, Licht: 0,161814,3,3,5,08,14,3,0,0,1,1,0,0,,0
"POINT (13.812535497000056 51.011048589000040)",Unfall 161815 (2017) Kat:3, Licht: 0,161815,3,3,5,08,19,3,0,0,1,1,0,0,,0
"POINT (13.704873366000072 51.030346644000076)",Unfall 161828 (2017) Kat:3, Licht: 0,161828,3,5,3,07,06,2,0,0,1,1,0,0,,0
"POINT (13.715151379000076 51.051523903000032)",Unfall 161829 (2017) Kat:3, Licht: 0,161829,3,1,8,07,07,2,0,0,0,1,0,0,,0
"POINT (13.822160599000028 51.012142880000056)",Unfall 161830 (2017) Kat:3, Licht: 0,161830,3,3,1,07,15,2,0,0,1,0,0,0,,1
"POINT (13.786898054000062 51.015832207000074)",Unfall 161831 (2017) Kat:2, Licht: 0,161831,2,2,5,07,08,2,0,0,1,1,0,0,,0
"POINT (13.831347642000026 50.999620911000079)",Unfall 161832 (2017) Kat:3, Licht: 0,161832,3,3,5,07,13,2,0,0,0,1,0,1,,0
"POINT (13.785473023000065 51.010420505000070)",Unfall 161833 (2017) Kat:3, Licht: 0,161833,3,1,0,07,10,2,0,0,1,0,0,0,,0
"POINT (13.755258830000059 51.046184819000075)",Unfall 161834 (2017) Kat:2, Licht: 0,161834,2,4,6,07,15,2,0,0,0,0,1,0,,1
"POINT (13.809937214000058 51.018713984000044)",Unfall 161835 (2017) Kat:2, Licht: 0,161835,2,1,0,07,13,2,0,0,1,0,0,0,,0
"POINT (13.686883529000056 51.057020387000080)",Unfall 161836 (2017) Kat:2, Licht: 0,161836,2,4,6,07,15,2,0,0,0,1,1,0,,0
"POINT (13.733501696000076 51.051668137000036)",Unfall 161851 (2017) Kat:3, Licht: 0,161851,3,1,0,07,15,1,0,0,1,0,0,0,,0
"POINT (13.811137319000068 51.017087588000038)",Unfall 161852 (2017) Kat:3, Licht: 0,161852,3,1,1,07,10,1,0,0,1,1,0,0,,0
"POINT (13.792693358000065 51.053767177000054)",Unfall 161853 (2017) Kat:3, Licht: 0,161853,3,6,2,07,09,1,0,0,0,1,0,0,,0
"POINT (13.736977828000022 51.049386564000031)",Unfall 161862 (2017) Kat:3, Licht: 2,161862,3,7,5,07,23,7,0,2,1,1,0,0,,0
"POINT (13.820191095000041 51.032402282000078)",Unfall 161863 (2017) Kat:3, Licht: 0,161863,3,7,2,07,12,7,0,0,1,1,0,0,,0
"POINT (13.776997300000062 51.040502171000071)",Unfall 161882 (2017) Kat:3, Licht: 0,161882,3,3,5,07,14,6,0,0,0,1,0,0,,0
"POINT (13.732810287000063 51.049327976000029)",Unfall 161883 (2017) Kat:3, Licht: 0,161883,3,3,5,07,16,6,0,0,1,1,0,0,,0
"POINT (13.803230127000063 51.021731087000035)",Unfall 161884 (2017) Kat:2, Licht: 0,161884,2,3,5,07,05,6,0,0,1,1,0,0,,0
"POINT (13.748631375000059 51.071752962000062)",Unfall 161891 (2017) Kat:3, Licht: 0,161891,3,3,5,07,19,5,1,0,1,0,0,0,,0
"POINT (13.850364356000057 51.033910308000031)",Unfall 161892 (2017) Kat:3, Licht: 0,161892,3,3,5,07,10,5,0,0,0,1,0,0,,1
"POINT (13.777537632000076 51.044875496000031)",Unfall 161893 (2017) Kat:3, Licht: 0,161893,3,7,0,07,11,5,0,0,1,1,0,0,,0
"POINT (13.766772246000073 51.041796250000061)",Unfall 161894 (2017) Kat:3, Licht: 0,161894,3,1,0,07,14,5,1,0,1,0,0,0,,0
"POINT (13.759403793000047 51.051193446000070)",Unfall 161895 (2017) Kat:3, Licht: 0,161895,3,3,5,07,13,5,0,0,0,1,0,0,,0
"POINT (13.805861017000041 51.049583002000077)",Unfall 161896 (2017) Kat:3, Licht: 0,161896,3,3,5,07,05,5,1,0,0,1,0,0,,0
"POINT (13.705779761000031 51.076593961000071)",Unfall 161908 (2017) Kat:3, Licht: 0,161908,3,1,0,07,09,4,0,0,1,0,0,0,,0
"POINT (13.790957666000054 51.021409841000036)",Unfall 161909 (2017) Kat:3, Licht: 0,161909,3,1,0,07,19,4,1,0,0,0,0,1,,0
"POINT (13.782173154000077 51.049399948000030)",Unfall 161910 (2017) Kat:3, Licht: 0,161910,3,3,5,07,06,4,0,0,0,1,0,0,,1
"POINT (13.752212590000056 51.065134116000081)",Unfall 161911 (2017) Kat:3, Licht: 0,161911,3,1,0,07,15,4,1,0,1,0,0,0,,0
"POINT (13.673184183000046 51.083548775000054)",Unfall 161923 (2017) Kat:3, Licht: 2,161923,3,6,4,07,21,3,0,2,1,0,0,0,,0
"POINT (13.766706049000049 51.025181256000053)",Unfall 161924 (2017) Kat:3, Licht: 0,161924,3,6,4,07,18,3,0,0,1,1,0,0,,0
"POINT (13.777287065000053 51.060085747000073)",Unfall 161925 (2017) Kat:3, Licht: 2,161925,3,3,5,07,22,3,1,2,1,1,0,0,,0
"POINT (13.743104872000060 51.050246401000038)",Unfall 161926 (2017) Kat:2, Licht: 0,161926,2,7,1,07,07,3,0,0,1,1,0,0,,0
"POINT (13.778948305000029 51.031594190000078)",Unfall 161927 (2017) Kat:3, Licht: 0,161927,3,2,5,07,07,3,1,0,1,1,0,0,,0
"POINT (13.773749211000052 51.048834311000064)",Unfall 161960 (2017) Kat:3, Licht: 0,161960,3,6,2,07,14,7,0,0,0,1,0,0,,0
"POINT (13.736844674000054 51.037381945000050)",Unfall 161961 (2017) Kat:3, Licht: 0,161961,3,7,0,07,17,7,0,0,1,1,0,0,,0
"POINT (13.776451377000058 51.021573394000029)",Unfall 161962 (2017) Kat:3, Licht: 0,161962,3,1,0,07,18,7,0,0,1,0,0,0,,0
"POINT (13.835930245000043 51.026676116000033)",Unfall 161963 (2017) Kat:3, Licht: 0,161963,3,3,5,07,09,7,0,0,1,1,0,0,,0