WKT,Name,OBJECTID,UKATEGORIE,UTYP1,UART,UMONAT,USTUNDE,UWOCHENTAG,STRZUSTAND,ULICHTVERH,ISTRAD,ISTPKW,ISTFUSS,ISTKRAD,ISTGKFZ,ISTSONSTIG
"POINT (13.719238603000065 51.046744000000047)",Unfall 161964 (2017) Kat:3, Licht: 0,161964,3,1,7,07,18,7,0,0,1,0,0,0,,0
"POINT (13.812739179000062 51.062269917000037)",Unfall 161986 (2017) Kat:3, Licht: 0,161986,3,1,0,07,07,5,1,0,1,0,0,0,,0
"POINT (13.786743172000058 51.028376829000081)",Unfall 161991 (2017) Kat:3, Licht: 0,161991,3,1,0,08,19,3,0,0,1,0,0,0,,0
"POINT (13.658589744000039 51.051271095000061)",Unfall 161992 (2017) Kat:3, Licht: 0,161992,3,3,5,08,15,3,0,0,1,1,0,0,,0
"POINT (13.698567114000070 51.082225639000058)",Unfall 162019 (2017) Kat:3, Licht: 0,162019,3,2,5,08,15,2,0,0,1,1,0,0,,0
"POINT (13.728416130000028 51.039275472000043)",Unfall 162020 (2017) Kat:3, Licht: 0,162020,3,6,4,08,08,2,0,0,1,1,0,0,,0
"POINT (13.741466461000073 51.023810361000073)",Unfall 162021 (2017) Kat:3, Licht: 0,162021,3,7,0,08,09,2,0,0,1,0,0,0,,0
"POINT (13.781247958000051 51.127904207000029)",Unfall 162022 (2017) Kat:3, Licht: 0,162022,3,2,2,08,16,2,0,0,0,1,0,1,,0
"POINT (13.808779951000076 51.052862375000075)",Unfall 162023 (2017) Kat:3, Licht: 0,162023,3,6,3,08,11,2,0,0,1,0,0,0,,0
"POINT (13.727334529000075 51.081399197000053)",Unfall 162024 (2017) Kat:3, Licht: 0,162024,3,1,0,08,17,2,0,0,1,0,0,0,,0
"POINT (13.749078226000051 51.033948476000035)",Unfall 162031 (2017) Kat:3, Licht: 0,162031,3,3,5,08,13,1,0,0,0,1,0,0,,0
"POINT (13.846100581000030 51.017460755000059)",Unfall 162039 (2017) Kat:3, Licht: 2,162039,3,6,4,08,23,7,0,2,1,0,0,0,,0
"POINT (13.738994700000035 51.047335998000051)",Unfall 162040 (2017) Kat:3, Licht: 0,162040,3,4,6,08,11,7,0,0,0,0,1,1,,0
"POINT (13.765955925000071 51.053022808000037)",Unfall 162041 (2017) Kat:3, Licht: 0,162041,3,1,0,08,08,7,0,0,1,0,0,0,,0
"POINT (13.800851304000048 51.027187463000075)",Unfall 162042 (2017) Kat:3, Licht: 0,162042,3,6,2,08,10,7,0,0,0,1,0,0,,0
"POINT (13.724592786000073 51.077099254000075)",Unfall 162063 (2017) Kat:3, Licht: 2,162063,3,1,1,08,23,6,1,2,1,1,0,0,,0
"POINT (13.698724122000044 51.074128106000046)",Unfall 162064 (2017) Kat:3, Licht: 0,162064,3,1,0,08,18,6,1,0,0,0,0,1,,0
"POINT (13.853007050000031 51.006500640000070)",Unfall 162065 (2017) Kat:3, Licht: 0,162065,3,3,5,08,10,6,1,0,0,0,0,0,,1
"POINT (13.687079145000041 51.083716533000029)",Unfall 162066 (2017) Kat:2, Licht: 2,162066,2,1,0,08,22,6,1,2,1,0,0,0,,0
"POINT (13.717049075000034 51.052619678000042)",Unfall 162067 (2017) Kat:3, Licht: 0,162067,3,2,5,08,07,6,0,0,1,1,0,0,,0
"POINT (13.735115513000039 51.038369739000075)",Unfall 162087 (2017) Kat:2, Licht: 0,162087,2,3,5,08,14,5,0,0,1,1,0,0,,0
"POINT (13.839767230000064 51.006343954000045)",Unfall 162088 (2017) Kat:3, Licht: 0,162088,3,7,0,08,08,5,1,0,1,0,0,0,,0
"POINT (13.721899061000045 51.117686839000044)",Unfall 162089 (2017) Kat:3, Licht: 0,162089,3,3,5,08,16,5,0,0,1,1,0,0,,0
"POINT (13.752387973000054 51.064044004000039)",Unfall 162090 (2017) Kat:3, Licht: 0,162090,3,1,1,08,15,5,0,0,1,1,0,0,,0
"POINT (13.778954022000050 51.031599909000079)",Unfall 162091 (2017) Kat:3, Licht: 0,162091,3,3,5,08,15,5,0,0,1,1,0,0,,0
"POINT (13.788068917000032 51.045940429000041)",Unfall 162092 (2017) Kat:3, Licht: 0,162092,3,3,5,08,07,5,1,0,1,1,0,0,,0
"POINT (13.831514976000051 51.012686403000032)",Unfall 162093 (2017) Kat:2, Licht: 0,162093,2,1,0,08,14,5,0,0,1,0,0,0,,0
"POINT (13.720737328000041 51.054537680000067)",Unfall 162094 (2017) Kat:2, Licht: 0,162094,2,6,3,08,17,5,0,0,1,0,0,0,,1
"POINT (13.739454127000045 51.055128806000027)",Unfall 162095 (2017) Kat:3, Licht: 0,162095,3,6,4,08,15,5,0,0,1,0,0,0,,0
"POINT (13.677801591000048 51.048788583000032)",Unfall 162120 (2017) Kat:3, Licht: 0,162120,3,3,5,08,15,4,0,0,0,1,0,0,,0
"POINT (13.784745510000050 51.017152837000026)",Unfall 162121 (2017) Kat:3, Licht: 0,162121,3,7,0,08,07,4,0,0,1,0,0,0,,0
"POINT (13.743221992000031 51.068351764000056)",Unfall 162122 (2017) Kat:3, Licht: 0,162122,3,1,0,08,16,4,0,0,1,0,0,0,,0
"POINT (13.754824419000045 51.067877500000066)",Unfall 162123 (2017) Kat:3, Licht: 0,162123,3,6,3,08,15,4,0,0,1,1,0,0,,0
"POINT (13.756569870000021 51.055125924000038)",Unfall 162124 (2017) Kat:3, Licht: 0,162124,3,2,3,08,12,4,0,0,1,1,0,0,,0
"POINT (13.740375852000057 51.050060056000063)",Unfall 162125 (2017) Kat:3, Licht: 0,162125,3,6,2,08,14,4,0,0,0,1,0,0,,1
"POINT (13.761940593000077 51.053152702000034)",Unfall 162126 (2017) Kat:3, Licht: 0,162126,3,3,5,08,10,4,0,0,0,1,0,0,,1
"POINT (13.639536154000041 51.030124872000044)",Unfall 162150 (2017) Kat:3, Licht: 0,162150,3,3,5,08,06,3,0,0,1,1,0,0,,0
"POINT (13.704650340000057 51.023263230000055)",Unfall 162151 (2017) Kat:2, Licht: 0,162151,2,1,8,08,16,3,0,0,1,0,0,0,,0
"POINT (13.817373415000077 51.034705950000046)",Unfall 162152 (2017) Kat:3, Licht: 0,162152,3,1,0,08,11,3,0,0,1,0,0,0,,0
"POINT (13.806710853000027 51.011394288000076)",Unfall 162153 (2017) Kat:2, Licht: 0,162153,2,1,0,08,19,3,0,0,1,0,0,0,,0
"POINT (13.750527254000076 51.071409717000051)",Unfall 162154 (2017) Kat:3, Licht: 0,162154,3,1,0,08,19,3,0,0,1,0,0,0,,0
"POINT (13.821881844000075 51.029508732000068)",Unfall 162155 (2017) Kat:3, Licht: 0,162155,3,7,0,08,17,3,0,0,1,1,0,0,,0
"POINT (13.815639110000063 51.042615658000045)",Unfall 162156 (2017) Kat:2, Licht: 0,162156,2,6,2,08,08,3,0,0,0,1,0,0,,0
"POINT (13.757922284000074 51.064269712000055)",Unfall 162157 (2017) Kat:3, Licht: 0,162157,3,7,1,08,12,3,0,0,1,1,0,0,,0
"POINT (13.708573428000022 51.078946900000062)",Unfall 162158 (2017) Kat:3, Licht: 2,162158,3,2,5,08,22,3,0,2,1,1,0,0,,0
"POINT (13.755979142000058 51.055864737000036)",Unfall 162185 (2017) Kat:3, Licht: 0,162185,3,3,5,08,14,2,0,0,1,0,0,0,,1
"POINT (13.781208539000033 51.043092703000070)",Unfall 162186 (2017) Kat:3, Licht: 0,162186,3,3,5,08,16,2,0,0,1,1,0,0,,0
"POINT (13.884187830000030 51.059765353000046)",Unfall 162187 (2017) Kat:3, Licht: 0,162187,3,7,0,08,17,2,0,0,1,0,0,0,,0
"POINT (13.779080035000050 51.037976633000028)",Unfall 162188 (2017) Kat:3, Licht: 0,162188,3,3,5,08,07,2,0,0,1,1,0,0,,0
"POINT (13.850512866000031 50.993340962000048)",Unfall 162207 (2017) Kat:3, Licht: 0,162207,3,3,5,08,19,1,0,0,1,1,0,0,,0
"POINT (13.731220384000039 51.053464578000046)",Unfall 162222 (2017) Kat:3, Licht: 0,162222,3,7,0,08,13,7,0,0,1,1,0,0,,0
"POINT (13.697276736000049 51.036283199000081)",Unfall 162239 (2017) Kat:2, Licht: 0,162239,2,2,2,08,15,6,0,0,1,1,0,0,,0
"POINT (13.833541608000075 51.009644373000071)",Unfall 162240 (2017) Kat:3, Licht: 0,162240,3,3,5,08,06,6,0,0,0,1,0,0,,1
"POINT (13.803446791000056 51.021876949000045)",Unfall 162242 (2017) Kat:3, Licht: 0,162242,3,6,3,08,11,6,0,0,0,1,0,1,,0
"POINT (13.740387645000055 51.056469854000056)",Unfall 162243 (2017) Kat:3, Licht: 2,162243,3,1,0,08,22,6,0,2,1,0,0,0,,0
"POINT (13.808103549000066 51.053547894000076)",Unfall 162244 (2017) Kat:3, Licht: 1,162244,3,6,4,08,21,6,0,1,1,0,0,0,,0
"POINT (13.788357187000031 51.046451064000053)",Unfall 162245 (2017) Kat:3, Licht: 2,162245,3,1,0,08,20,6,0,2,1,0,0,0,,0
"POINT (13.756593529000043 51.055089464000048)",Unfall 162246 (2017) Kat:3, Licht: 0,162246,3,3,5,08,14,6,0,0,1,1,0,0,,0
"POINT (13.807763400000056 51.017807812000058)",Unfall 162247 (2017) Kat:2, Licht: 0,162247,2,1,0,08,09,6,0,0,0,0,0,1,,0
"POINT (13.805210870000053 51.039710454000044)",Unfall 162248 (2017) Kat:3, Licht: 0,162248,3,6,2,08,19,6,0,0,0,1,0,0,,0
"POINT (13.689941359000045 51.079134404000058)",Unfall 162250 (2017) Kat:3, Licht: 0,162250,3,3,5,08,09,3,0,0,0,1,0,0,,0
"POINT (13.748542171000054 51.077126299000042)",Unfall 162251 (2017) Kat:2, Licht: 2,162251,2,7,4,08,22,3,0,2,1,0,0,0,,0
"POINT (13.750287227000058 51.061237921000043)",Unfall 162252 (2017) Kat:3, Licht: 0,162252,3,3,5,08,09,3,0,0,1,1,0,0,,0
"POINT (13.777863236000030 51.054009894000046)",Unfall 162253 (2017) Kat:3, Licht: 0,162253,3,6,2,08,14,3,0,0,1,0,0,0,,1
"POINT (13.752936992000059 51.053557466000029)",Unfall 162254 (2017) Kat:3, Licht: 0,162254,3,4,6,08,14,3,0,0,0,1,1,0,,0
"POINT (13.741640970000049 51.023621099000081)",Unfall 162292 (2017) Kat:3, Licht: 0,162292,3,1,0,08,11,2,0,0,1,0,0,0,,0
"POINT (13.751670488000059 51.058514968000054)",Unfall 162293 (2017) Kat:3, Licht: 0,162293,3,1,0,08,17,2,0,0,1,0,0,0,,0
"POINT (13.823278536000032 51.031238400000063)",Unfall 162294 (2017) Kat:3, Licht: 0,162294,3,6,3,08,15,2,0,0,1,0,0,0,,0
"POINT (13.769709929000044 51.044811685000070)",Unfall 162295 (2017) Kat:3, Licht: 0,162295,3,2,5,08,15,2,0,0,1,1,0,0,,0
"POINT (13.766059997000070 51.073074302000066)",Unfall 162296 (2017) Kat:3, Licht: 1,162296,3,7,0,08,05,2,0,1,0,1,0,1,,0
"POINT (13.777587210000036 51.056046067000068)",Unfall 162297 (2017) Kat:3, Licht: 2,162297,3,3,5,08,22,2,0,2,1,1,0,0,,0
"POINT (13.680141880000065 51.042690568000069)",Unfall 162308 (2017) Kat:3, Licht: 0,162308,3,5,1,08,08,1,0,0,1,1,0,0,,0
"POINT (13.846228656000051 51.017394824000064)",Unfall 162309 (2017) Kat:3, Licht: 0,162309,3,6,4,08,17,1,0,0,1,0,0,0,,0
"POINT (13.848443731000032 51.007923745000028)",Unfall 162310 (2017) Kat:3, Licht: 2,162310,3,7,0,08,00,1,1,2,1,0,0,0,,0
"POINT (13.751622727000040 51.066884990000062)",Unfall 162311 (2017) Kat:2, Licht: 2,162311,2,4,6,08,01,1,1,2,1,0,1,0,,0
"POINT (13.674252769000077 51.093316223000045)",Unfall 162325 (2017) Kat:3, Licht: 1,162325,3,6,4,08,07,7,1,1,0,1,0,0,,0
"POINT (13.755047236000053 51.068193570000062)",Unfall 162326 (2017) Kat:3, Licht: 0,162326,3,1,9,08,19,7,0,0,1,0,0,0,,0
"POINT (13.771083438000062 51.029758152000056)",Unfall 162327 (2017) Kat:3, Licht: 0,162327,3,2,2,08,14,7,0,0,0,1,0,1,,0
"POINT (13.760815021000042 51.044140646000074)",Unfall 162328 (2017) Kat:3, Licht: 0,162328,3,3,5,08,11,7,1,0,1,1,0,0,,0
"POINT (13.722165970000049 51.079216775000077)",Unfall 162347 (2017) Kat:3, Licht: 0,162347,3,3,5,08,07,6,0,0,1,1,0,0,,0
"POINT (13.722427694000032 51.035251290000076)",Unfall 162348 (2017) Kat:3, Licht: 0,162348,3,3,5,08,11,6,0,0,0,1,0,0,,0
"POINT (13.726157632000024 51.049640012000054)",Unfall 162349 (2017) Kat:2, Licht: 0,162349,2,2,5,08,17,6,0,0,0,1,0,1,,0
"POINT (13.809927500000072 51.048879308000039)",Unfall 162350 (2017) Kat:3, Licht: 1,162350,3,1,0,08,19,6,0,1,1,0,0,0,,0
"POINT (13.727615767000032 51.094376446000069)",Unfall 162351 (2017) Kat:2, Licht: 0,162351,2,3,0,08,15,6,0,0,0,1,0,1,,0
"POINT (13.742033043000049 51.048128715000075)",Unfall 162352 (2017) Kat:2, Licht: 0,162352,2,7,0,08,14,6,0,0,1,1,0,0,,0
"POINT (13.704499974000043 51.024753529000066)",Unfall 162367 (2017) Kat:2, Licht: 1,162367,2,6,0,08,20,5,0,1,1,0,0,0,,1
"POINT (13.777088064000054 51.060080536000044)",Unfall 162368 (2017) Kat:3, Licht: 0,162368,3,3,5,08,09,5,0,0,1,1,0,0,,0
"POINT (13.776867467000045 51.048012966000044)",Unfall 162369 (2017) Kat:3, Licht: 0,162369,3,1,0,08,07,5,0,0,1,0,0,0,,0
"POINT (13.764894159000050 51.113531657000067)",Unfall 162370 (2017) Kat:3, Licht: 0,162370,3,1,5,08,14,5,0,0,1,1,0,0,,0
"POINT (13.604283479000060 51.061989588000074)",Unfall 162371 (2017) Kat:3, Licht: 1,162371,3,1,9,08,05,5,0,1,0,1,0,0,,0
"POINT (13.711244052000040 51.077545112000053)",Unfall 162389 (2017) Kat:3, Licht: 0,162389,3,6,0,08,06,4,0,0,0,1,0,1,,0
"POINT (13.836311719000037 51.000016687000027)",Unfall 162390 (2017) Kat:2, Licht: 0,162390,2,5,1,08,18,4,0,0,1,1,0,0,,0
"POINT (13.762524405000022 51.032711352000035)",Unfall 162391 (2017) Kat:3, Licht: 0,162391,3,7,6,08,17,4,0,0,0,1,1,0,,0
"POINT (13.737670702000059 51.044500681000045)",Unfall 162392 (2017) Kat:3, Licht: 0,162392,3,6,6,08,13,4,0,0,1,0,1,0,,0
"POINT (13.731699100000071 51.088783585000044)",Unfall 162393 (2017) Kat:2, Licht: 0,162393,2,4,6,08,12,4,0,0,0,1,1,0,,1
"POINT (13.759978064000052 51.023137396000038)",Unfall 162408 (2017) Kat:3, Licht: 0,162408,3,6,3,08,05,3,0,0,1,1,0,0,,0
"POINT (13.789533269000060 51.018313537000040)",Unfall 162409 (2017) Kat:3, Licht: 0,162409,3,3,5,08,14,3,0,0,1,1,0,0,,0
"POINT (13.754632660000027 51.061127577000036)",Unfall 162410 (2017) Kat:3, Licht: 0,162410,3,3,5,08,15,3,0,0,1,1,0,0,,0
"POINT (13.782577047000075 51.014030507000030)",Unfall 162411 (2017) Kat:3, Licht: 0,162411,3,5,3,08,14,3,0,0,1,1,0,0,,0
"POINT (13.797854704000031 51.042235530000028)",Unfall 162412 (2017) Kat:3, Licht: 0,162412,3,2,5,08,16,3,0,0,1,1,0,0,,0
"POINT (13.746537859000057 51.038327608000031)",Unfall 162426 (2017) Kat:3, Licht: 0,162426,3,3,5,08,14,2,0,0,0,1,0,0,,0
"POINT (13.778814168000054 51.031459728000073)",Unfall 162427 (2017) Kat:3, Licht: 0,162427,3,3,5,08,16,2,0,0,0,1,0,0,,0
"POINT (13.812413575000051 51.011095589000035)",Unfall 162428 (2017) Kat:3, Licht: 0,162428,3,6,2,08,18,2,0,0,0,1,0,0,,1
"POINT (13.746762923000063 51.048692803000051)",Unfall 162429 (2017) Kat:3, Licht: 2,162429,3,1,0,08,04,2,0,2,1,0,0,0,,0
"POINT (13.834052534000023 50.999611754000057)",Unfall 162430 (2017) Kat:3, Licht: 0,162430,3,2,2,08,06,2,0,0,0,1,0,0,,0
"POINT (13.738498413000059 51.039528236000081)",Unfall 162444 (2017) Kat:3, Licht: 0,162444,3,3,5,08,17,1,0,0,1,1,0,0,,0
"POINT (13.807168196000077 51.051923758000044)",Unfall 162445 (2017) Kat:3, Licht: 0,162445,3,6,2,08,09,1,0,0,0,1,0,0,,0
"POINT (13.812578391000045 51.030402762000051)",Unfall 162455 (2017) Kat:3, Licht: 0,162455,3,6,6,08,10,7,0,0,1,0,1,0,,0
"POINT (13.712753084000042 51.089224402000070)",Unfall 162472 (2017) Kat:2, Licht: 0,162472,2,7,0,08,11,6,0,0,1,0,0,0,,1
"POINT (13.785561788000052 51.059400708000055)",Unfall 162473 (2017) Kat:3, Licht: 0,162473,3,6,2,08,13,6,0,0,0,1,0,0,,0
"POINT (13.787522836000051 51.054294927000058)",Unfall 162474 (2017) Kat:3, Licht: 0,162474,3,5,1,08,07,6,0,0,1,1,0,0,,0
"POINT (13.729414913000028 51.045742929000028)",Unfall 162475 (2017) Kat:3, Licht: 0,162475,3,2,5,08,07,6,0,0,0,1,0,0,,0
"POINT (13.738790975000029 51.054152008000074)",Unfall 162476 (2017) Kat:3, Licht: 0,162476,3,6,4,08,14,6,0,0,1,0,0,0,,0
"POINT (13.729750551000052 51.055152239000051)",Unfall 162477 (2017) Kat:2, Licht: 0,162477,2,7,1,08,08,6,0,0,1,1,0,0,,0
"POINT (13.779578758000071 51.031161658000030)",Unfall 162478 (2017) Kat:2, Licht: 0,162478,2,7,6,08,10,6,0,0,1,0,1,0,,0
"POINT (13.713708223000026 51.086281139000050)",Unfall 162491 (2017) Kat:3, Licht: 0,162491,3,5,1,08,15,5,0,0,1,1,0,0,,0
"POINT (13.751975664000042 51.065192523000064)",Unfall 162492 (2017) Kat:2, Licht: 0,162492,2,7,0,08,16,5,0,0,1,0,0,0,,0
"POINT (13.742302505000055 51.049621774000059)",Unfall 162493 (2017) Kat:3, Licht: 0,162493,3,2,3,08,09,5,0,0,1,0,0,0,,1
"POINT (13.802727308000044 51.030157927000062)",Unfall 162494 (2017) Kat:3, Licht: 0,162494,3,6,3,08,17,5,0,0,1,1,0,0,,0
"POINT (13.745943975000046 51.119073188000073)",Unfall 162495 (2017) Kat:3, Licht: 0,162495,3,6,3,08,18,5,0,0,0,1,0,1,,0
"POINT (13.756007112000077 51.055837650000058)",Unfall 162496 (2017) Kat:3, Licht: 0,162496,3,6,2,08,13,5,0,0,0,1,0,0,,1
"POINT (13.710898227000030 51.050707684000031)",Unfall 162497 (2017) Kat:2, Licht: 0,162497,2,7,3,08,18,5,0,0,0,1,0,1,,0
"POINT (13.692281091000041 51.072907262000058)",Unfall 162514 (2017) Kat:3, Licht: 0,162514,3,5,2,08,15,4,0,0,0,1,0,0,,0
"POINT (13.701135352000051 51.042425053000045)",Unfall 162515 (2017) Kat:3, Licht: 0,162515,3,1,0,08,15,4,1,0,0,0,0,1,,0
"POINT (13.755604195000046 51.029562123000062)",Unfall 162516 (2017) Kat:2, Licht: 0,162516,2,3,5,08,07,4,0,0,1,1,0,0,,0
"POINT (13.788428305000025 51.041402683000058)",Unfall 162517 (2017) Kat:3, Licht: 0,162517,3,2,3,08,16,4,0,0,1,1,0,0,,0
"POINT (13.777854971000068 51.054080508000027)",Unfall 162518 (2017) Kat:3, Licht: 0,162518,3,1,0,08,16,4,0,0,1,0,0,0,,0
"POINT (13.802627032000032 51.022039668000048)",Unfall 162519 (2017) Kat:3, Licht: 0,162519,3,6,3,08,07,4,1,0,1,1,0,0,,0
"POINT (13.748790964000023 51.033004958000049)",Unfall 162535 (2017) Kat:3, Licht: 0,162535,3,3,5,09,14,4,0,0,1,1,0,0,,0
"POINT (13.809076192000077 51.023457450000080)",Unfall 162536 (2017) Kat:3, Licht: 0,162536,3,3,5,09,10,4,1,0,1,0,0,0,,0
"POINT (13.807125768000049 51.036120568000058)",Unfall 162537 (2017) Kat:3, Licht: 0,162537,3,6,2,09,15,4,0,0,0,1,0,1,,0
"POINT (13.777089228000023 51.060080582000069)",Unfall 162538 (2017) Kat:3, Licht: 0,162538,3,3,5,09,15,4,0,0,1,1,0,0,,0
"POINT (13.774969440000064 51.038127562000057)",Unfall 162539 (2017) Kat:2, Licht: 0,162539,2,3,5,09,11,4,1,0,0,1,0,1,,0
"POINT (13.717678603000024 51.087576078000041)",Unfall 162552 (2017) Kat:3, Licht: 0,162552,3,3,5,09,15,3,0,0,1,1,0,0,,0
"POINT (13.740952520000064 51.057259139000053)",Unfall 162553 (2017) Kat:3, Licht: 0,162553,3,1,0,09,15,3,0,0,1,0,0,0,,0
"POINT (13.755999894000070 51.055909254000028)",Unfall 162554 (2017) Kat:3, Licht: 0,162554,3,3,5,09,17,3,1,0,0,1,0,0,,0
"POINT (13.781492772000036 51.053265076000059)",Unfall 162555 (2017) Kat:3, Licht: 0,162555,3,3,5,09,11,3,0,0,0,1,0,0,,0
"POINT (13.759393143000068 51.051168222000058)",Unfall 162556 (2017) Kat:3, Licht: 0,162556,3,3,5,09,11,3,0,0,0,1,0,0,,0
"POINT (13.776934332000053 51.062879122000027)",Unfall 162557 (2017) Kat:3, Licht: 0,162557,3,7,4,09,16,3,0,0,0,1,0,0,,0
"POINT (13.882162163000032 51.057148667000035)",Unfall 162573 (2017) Kat:3, Licht: 2,162573,3,1,0,09,21,2,0,2,1,0,0,0,,0
"POINT (13.788470583000048 51.040472626000053)",Unfall 162574 (2017) Kat:3, Licht: 2,162574,3,7,0,09,19,2,0,2,1,1,0,0,,0
"POINT (13.781264027000077 51.114200226000037)",Unfall 162575 (2017) Kat:3, Licht: 0,162575,3,3,5,09,12,2,0,0,0,1,0,0,,1
"POINT (13.804800132000025 51.032570784000029)",Unfall 162576 (2017) Kat:3, Licht: 0,162576,3,6,3,09,15,2,0,0,1,0,0,0,,0
"POINT (13.751730821000024 51.071064454000066)",Unfall 162589 (2017) Kat:3, Licht: 0,162589,3,1,0,09,14,1,0,0,1,0,0,0,,0
"POINT (13.740947535000032 51.073460535000038)",Unfall 162609 (2017) Kat:3, Licht: 0,162609,3,4,6,09,16,6,0,0,0,1,1,0,,0
"POINT (13.786885517000030 51.072817551000071)",Unfall 162610 (2017) Kat:3, Licht: 0,162610,3,1,0,09,19,6,0,0,1,0,0,0,,0
"POINT (13.805960913000035 51.039361982000059)",Unfall 162611 (2017) Kat:3, Licht: 0,162611,3,6,2,09,07,6,0,0,0,1,0,1,,0
"POINT (13.754642554000043 51.046130710000057)",Unfall 162612 (2017) Kat:2, Licht: 0,162612,2,6,2,09,13,6,0,0,0,1,0,0,,1
"POINT (13.785235844000056 51.035816486000044)",Unfall 162613 (2017) Kat:3, Licht: 0,162613,3,4,6,09,08,6,0,0,1,0,1,0,,0
"POINT (13.784758137000040 51.043396353000048)",Unfall 162614 (2017) Kat:2, Licht: 0,162614,2,6,2,09,17,6,0,0,0,1,0,0,,0
"POINT (13.713726559000065 51.052114209000081)",Unfall 162615 (2017) Kat:3, Licht: 0,162615,3,2,5,09,14,6,0,0,1,1,0,0,,0
"POINT (13.699001965000036 51.087799454000049)",Unfall 162634 (2017) Kat:3, Licht: 2,162634,3,3,5,09,22,5,0,2,0,1,0,0,,0
"POINT (13.788495349000073 51.036000556000033)",Unfall 162635 (2017) Kat:3, Licht: 0,162635,3,4,6,09,15,5,0,0,0,1,1,0,,0
"POINT (13.782344329000068 51.047617000000059)",Unfall 162636 (2017) Kat:3, Licht: 0,162636,3,3,5,09,16,5,0,0,0,1,0,1,,0
"POINT (13.694038166000041 51.087157373000082)",Unfall 162637 (2017) Kat:3, Licht: 0,162637,3,3,5,09,13,5,1,0,0,1,0,0,,1
"POINT (13.722035338000069 51.055753878000075)",Unfall 162660 (2017) Kat:2, Licht: 2,162660,2,1,0,09,00,4,0,2,1,0,0,0,,0
"POINT (13.705273922000060 51.034012348000033)",Unfall 162661 (2017) Kat:3, Licht: 0,162661,3,3,5,09,16,4,0,0,0,1,0,0,,0
"POINT (13.765778344000069 51.065780628000027)",Unfall 162662 (2017) Kat:3, Licht: 0,162662,3,3,5,09,18,4,0,0,0,1,0,0,,0
"POINT (13.738235600000053 51.073621271000036)",Unfall 162663 (2017) Kat:3, Licht: 0,162663,3,2,3,09,13,4,0,0,0,1,0,1,,0
"POINT (13.811287350000043 51.028694809000058)",Unfall 162664 (2017) Kat:3, Licht: 0,162664,3,7,0,09,14,4,0,0,1,0,0,0,,0
"POINT (13.740729137000073 51.047255064000069)",Unfall 162665 (2017) Kat:3, Licht: 0,162665,3,3,5,09,07,4,0,0,1,0,0,0,,1
"POINT (13.671826004000025 51.065593896000053)",Unfall 162666 (2017) Kat:3, Licht: 0,162666,3,3,5,09,13,4,0,0,1,1,0,0,,0
"POINT (13.718186726000056 51.094613205000030)",Unfall 162684 (2017) Kat:3, Licht: 0,162684,3,3,0,09,07,3,0,0,1,1,0,0,,0
"POINT (13.755222730000071 51.026609870000073)",Unfall 162685 (2017) Kat:3, Licht: 0,162685,3,6,2,09,08,3,0,0,0,1,0,0,,1
"POINT (13.805883506000043 51.049567419000027)",Unfall 162686 (2017) Kat:3, Licht: 0,162686,3,2,5,09,10,3,0,0,1,1,0,0,,0
"POINT (13.777894131000039 51.041635687000053)",Unfall 162687 (2017) Kat:3, Licht: 0,162687,3,3,5,09,15,3,0,0,0,1,0,0,,0
"POINT (13.802144138000074 51.040768428000035)",Unfall 162688 (2017) Kat:3, Licht: 0,162688,3,6,2,09,10,3,0,0,0,1,0,0,,0
"POINT (13.850778033000040 51.038236265000080)",Unfall 162689 (2017) Kat:3, Licht: 0,162689,3,3,5,09,06,3,0,0,1,1,0,0,,0
"POINT (13.672398742000041 51.082617849000030)",Unfall 162690 (2017) Kat:2, Licht: 0,162690,2,1,0,09,18,3,0,0,1,0,0,0,,0
"POINT (13.718300449000026 51.053561155000068)",Unfall 162699 (2017) Kat:3, Licht: 0,162699,3,6,3,09,15,2,0,0,1,0,0,0,,0
"POINT (13.684033526000064 51.035570471000028)",Unfall 162700 (2017) Kat:3, Licht: 0,162700,3,7,0,09,08,2,0,0,0,0,0,0,,1
"POINT (13.719766427000025 51.040384365000079)",Unfall 162701 (2017) Kat:3, Licht: 0,162701,3,4,6,09,16,2,0,0,0,1,1,0,,0
"POINT (13.696301633000076 51.087488365000070)",Unfall 162702 (2017) Kat:3, Licht: 0,162702,3,6,2,09,16,2,0,0,0,1,0,0,,0
"POINT (13.788254474000041 51.013176034000026)",Unfall 162721 (2017) Kat:3, Licht: 0,162721,3,4,6,09,15,7,0,0,1,0,1,0,,0
"POINT (13.784486433000041 51.114765552000051)",Unfall 162722 (2017) Kat:3, Licht: 0,162722,3,6,3,09,11,7,0,0,1,1,0,0,,0
"POINT (13.792511848000061 51.047832340000070)",Unfall 162723 (2017) Kat:3, Licht: 0,162723,3,3,2,09,10,7,0,0,1,1,0,0,,0
"POINT (13.777078598000060 51.061339612000040)",Unfall 162724 (2017) Kat:3, Licht: 0,162724,3,6,3,09,12,7,0,0,1,0,0,0,,1