WKT,Name,OBJECTID,UKATEGORIE,UTYP1,UART,UMONAT,USTUNDE,UWOCHENTAG,STRZUSTAND,ULICHTVERH,ISTRAD,ISTPKW,ISTFUSS,ISTKRAD,ISTGKFZ,ISTSONSTIG
"POINT (13.759392867000031 51.051167569000029)",Unfall 162725 (2017) Kat:3, Licht: 1,162725,3,3,5,09,06,7,0,1,0,1,0,0,,0
"POINT (13.608756120000066 51.034018279000065)",Unfall 162741 (2017) Kat:3, Licht: 0,162741,3,1,8,09,08,6,1,0,0,1,0,0,,1
"POINT (13.834087019000037 51.008351448000042)",Unfall 162742 (2017) Kat:3, Licht: 0,162742,3,4,6,09,18,6,1,0,0,1,1,0,,0
"POINT (13.753929745000050 51.066338564000034)",Unfall 162743 (2017) Kat:3, Licht: 2,162743,3,4,6,09,22,6,1,2,0,1,1,0,,0
"POINT (13.749042486000064 51.062712362000070)",Unfall 162744 (2017) Kat:3, Licht: 0,162744,3,7,0,09,08,6,1,0,1,0,0,0,,0
"POINT (13.764307508000059 51.055965201000049)",Unfall 162745 (2017) Kat:3, Licht: 0,162745,3,2,2,09,11,6,1,0,0,0,0,0,,1
"POINT (13.719418123000025 51.054084762000059)",Unfall 162763 (2017) Kat:3, Licht: 0,162763,3,6,2,08,07,5,1,0,0,1,0,0,,0
"POINT (13.717341961000045 51.056246448000081)",Unfall 162764 (2017) Kat:3, Licht: 2,162764,3,4,6,08,19,5,1,2,0,1,1,0,,0
"POINT (13.759982677000039 51.023137409000071)",Unfall 162765 (2017) Kat:3, Licht: 2,162765,3,6,3,08,21,5,1,2,1,0,0,0,,1
"POINT (13.829245878000052 51.008627095000065)",Unfall 162766 (2017) Kat:3, Licht: 0,162766,3,1,0,08,07,5,0,0,1,0,0,0,,0
"POINT (13.780311496000024 51.042214410000042)",Unfall 162767 (2017) Kat:3, Licht: 2,162767,3,3,5,08,22,5,1,2,0,0,0,0,,1
"POINT (13.792257763000066 51.020961204000059)",Unfall 162768 (2017) Kat:3, Licht: 2,162768,3,6,4,08,21,5,1,2,0,1,0,0,,0
"POINT (13.795467808000069 51.042846031000067)",Unfall 162769 (2017) Kat:3, Licht: 1,162769,3,2,4,08,20,5,1,1,0,1,0,0,,0
"POINT (13.718662344000052 51.053627164000034)",Unfall 162789 (2017) Kat:3, Licht: 0,162789,3,6,2,08,11,4,0,0,0,1,0,0,,0
"POINT (13.767810261000022 51.004416839000044)",Unfall 162790 (2017) Kat:3, Licht: 0,162790,3,7,7,08,15,4,0,0,0,1,0,0,,0
"POINT (13.771965421000061 51.050897887000076)",Unfall 162791 (2017) Kat:3, Licht: 0,162791,3,5,1,08,15,4,0,0,1,1,0,0,,0
"POINT (13.777268462000052 51.060085515000026)",Unfall 162792 (2017) Kat:3, Licht: 2,162792,3,3,5,08,21,4,0,2,1,1,0,0,,0
"POINT (13.773183110000048 51.048808827000073)",Unfall 162793 (2017) Kat:3, Licht: 0,162793,3,4,6,08,17,4,0,0,0,1,1,0,,0
"POINT (13.765837657000077 51.065791062000073)",Unfall 162794 (2017) Kat:3, Licht: 0,162794,3,3,5,08,15,4,0,0,0,1,0,0,,0
"POINT (13.772277914000028 51.127049329000045)",Unfall 162795 (2017) Kat:3, Licht: 0,162795,3,3,5,08,05,4,0,0,1,1,0,0,,0
"POINT (13.760907834000022 51.044055778000029)",Unfall 162809 (2017) Kat:3, Licht: 0,162809,3,6,2,09,07,6,0,0,0,1,0,1,,0
"POINT (13.751457427000048 51.052627385000051)",Unfall 162810 (2017) Kat:3, Licht: 0,162810,3,7,0,09,07,6,0,0,0,1,0,1,,0
"POINT (13.825476891000051 51.011414421000040)",Unfall 162811 (2017) Kat:2, Licht: 0,162811,2,4,7,09,15,6,0,0,0,1,1,0,,0
"POINT (13.755448779000062 51.050010707000069)",Unfall 162812 (2017) Kat:3, Licht: 2,162812,3,3,5,09,22,6,0,2,1,1,0,0,,0
"POINT (13.738589851000029 51.039517013000079)",Unfall 162826 (2017) Kat:3, Licht: 0,162826,3,3,5,09,14,5,0,0,1,1,0,0,,0
"POINT (13.770285148000028 51.028939320000063)",Unfall 162827 (2017) Kat:3, Licht: 0,162827,3,6,2,09,10,5,0,0,0,1,0,0,,0
"POINT (13.761064003000058 51.027715431000047)",Unfall 162828 (2017) Kat:3, Licht: 0,162828,3,6,2,09,09,5,0,0,0,1,0,0,,0
"POINT (13.752243239000052 51.077791389000026)",Unfall 162842 (2017) Kat:3, Licht: 2,162842,3,3,5,09,05,4,0,2,1,1,0,0,,0
"POINT (13.779854755000031 51.034650164000027)",Unfall 162843 (2017) Kat:3, Licht: 0,162843,3,3,5,09,08,4,0,0,0,1,0,0,,0
"POINT (13.743689546000041 51.049998235000032)",Unfall 162844 (2017) Kat:3, Licht: 0,162844,3,3,5,09,15,4,0,0,1,1,0,0,,0
"POINT (13.767785211000046 51.026139789000069)",Unfall 162854 (2017) Kat:3, Licht: 0,162854,3,2,5,09,08,3,0,0,1,1,0,0,,0
"POINT (13.790806728000064 51.006592069000078)",Unfall 162855 (2017) Kat:2, Licht: 2,162855,2,7,0,09,19,3,0,2,1,1,0,0,,0
"POINT (13.706319757000074 51.028594493000071)",Unfall 162856 (2017) Kat:3, Licht: 0,162856,3,7,0,09,13,3,0,0,0,0,0,1,,1
"POINT (13.739453843000035 51.055128387000082)",Unfall 162857 (2017) Kat:3, Licht: 0,162857,3,1,0,09,14,3,0,0,1,0,0,0,,0
"POINT (13.781337879000034 51.050539335000053)",Unfall 162858 (2017) Kat:3, Licht: 0,162858,3,7,1,09,07,3,0,0,1,1,0,0,,0
"POINT (13.772634280000034 51.047690371000044)",Unfall 162859 (2017) Kat:3, Licht: 0,162859,3,4,6,09,13,3,0,0,1,1,1,0,,0
"POINT (13.647034973000075 51.040028334000056)",Unfall 162868 (2017) Kat:3, Licht: 2,162868,3,7,0,09,19,2,1,2,1,1,0,0,,0
"POINT (13.699886775000039 51.084853535000036)",Unfall 162869 (2017) Kat:3, Licht: 0,162869,3,3,5,09,16,2,1,0,1,1,0,0,,0
"POINT (13.708387954000045 51.030412405000050)",Unfall 162870 (2017) Kat:3, Licht: 1,162870,3,6,2,09,17,2,1,1,0,1,0,0,,0
"POINT (13.829626069000028 51.000518395000029)",Unfall 162871 (2017) Kat:3, Licht: 0,162871,3,1,0,09,07,2,1,0,1,0,0,0,,0
"POINT (13.834303042000045 51.027426482000067)",Unfall 162872 (2017) Kat:3, Licht: 1,162872,3,1,0,09,19,2,1,1,1,0,0,0,,0
"POINT (13.752917362000062 51.058564218000072)",Unfall 162873 (2017) Kat:3, Licht: 2,162873,3,6,3,09,19,2,1,2,0,1,0,0,,0
"POINT (13.777346053000031 51.058694245000027)",Unfall 162874 (2017) Kat:3, Licht: 0,162874,3,3,0,09,05,2,1,0,0,1,0,0,,1
"POINT (13.757464427000059 51.056516270000031)",Unfall 162875 (2017) Kat:3, Licht: 1,162875,3,2,5,09,07,2,1,1,0,1,0,1,,0
"POINT (13.753427914000042 51.034388204000038)",Unfall 162876 (2017) Kat:3, Licht: 2,162876,3,3,5,09,04,2,1,2,0,1,0,0,,1
"POINT (13.833074916000044 51.003285599000037)",Unfall 162887 (2017) Kat:2, Licht: 1,162887,2,7,0,09,18,1,0,1,0,1,0,1,,0
"POINT (13.788410564000060 51.039230162000081)",Unfall 162888 (2017) Kat:3, Licht: 0,162888,3,3,5,09,13,1,1,0,0,1,0,1,,0
"POINT (13.827445775000058 51.002118283000073)",Unfall 162897 (2017) Kat:3, Licht: 2,162897,3,3,5,09,19,7,1,2,1,1,0,0,,0
"POINT (13.705603861000043 51.043409325000027)",Unfall 162898 (2017) Kat:3, Licht: 0,162898,3,2,5,09,14,7,0,0,1,1,0,0,,0
"POINT (13.695916705000059 51.082001092000041)",Unfall 162899 (2017) Kat:3, Licht: 0,162899,3,4,6,09,10,7,0,0,0,1,1,0,,0
"POINT (13.674812945000042 51.090625451000051)",Unfall 162916 (2017) Kat:3, Licht: 0,162916,3,3,1,09,16,6,0,0,1,1,0,0,,0
"POINT (13.751518560000022 51.078171832000066)",Unfall 162917 (2017) Kat:3, Licht: 0,162917,3,6,2,09,10,6,0,0,0,1,0,0,,0
"POINT (13.776343401000076 51.067844746000048)",Unfall 162918 (2017) Kat:3, Licht: 0,162918,3,7,0,09,06,6,0,0,1,0,0,0,,0
"POINT (13.802929809000034 51.039353911000035)",Unfall 162919 (2017) Kat:3, Licht: 0,162919,3,3,5,09,14,6,0,0,1,1,0,0,,0
"POINT (13.766974257000072 51.010571278000043)",Unfall 162942 (2017) Kat:3, Licht: 0,162942,3,1,8,09,16,5,0,0,1,0,0,0,,0
"POINT (13.752703065000048 51.067976478000048)",Unfall 162943 (2017) Kat:3, Licht: 0,162943,3,7,6,09,15,5,0,0,0,0,1,0,,1
"POINT (13.782960736000064 51.029943101000072)",Unfall 162944 (2017) Kat:3, Licht: 0,162944,3,6,2,09,09,5,0,0,0,1,0,1,,0
"POINT (13.748195937000048 51.067876778000027)",Unfall 162945 (2017) Kat:3, Licht: 0,162945,3,3,5,09,07,5,0,0,1,1,0,0,,0
"POINT (13.683878073000074 51.048863274000041)",Unfall 162964 (2017) Kat:3, Licht: 0,162964,3,3,5,09,14,4,0,0,0,1,0,0,,1
"POINT (13.722819210000068 51.056454622000047)",Unfall 162965 (2017) Kat:3, Licht: 0,162965,3,3,5,09,15,4,0,0,1,1,0,0,,0
"POINT (13.836761550000062 51.026015771000061)",Unfall 162966 (2017) Kat:3, Licht: 0,162966,3,6,2,09,16,4,0,0,0,1,0,0,,0
"POINT (13.746489291000046 51.038305844000035)",Unfall 162988 (2017) Kat:2, Licht: 0,162988,2,4,6,09,16,3,0,0,0,0,1,0,,1
"POINT (13.732403546000057 51.050930103000042)",Unfall 162989 (2017) Kat:3, Licht: 0,162989,3,3,5,09,14,3,0,0,1,1,0,0,,0
"POINT (13.809127407000062 51.052986822000037)",Unfall 162990 (2017) Kat:3, Licht: 0,162990,3,6,2,09,08,3,0,0,0,1,0,0,,0
"POINT (13.773556117000055 51.048735245000046)",Unfall 162991 (2017) Kat:3, Licht: 0,162991,3,3,5,09,14,3,0,0,1,1,0,0,,0
"POINT (13.695326875000035 51.072835822000059)",Unfall 163008 (2017) Kat:3, Licht: 0,163008,3,3,5,09,09,2,0,0,0,1,0,0,,1
"POINT (13.792785216000027 51.033397838000042)",Unfall 163009 (2017) Kat:3, Licht: 0,163009,3,3,5,09,18,2,0,0,1,1,0,0,,0
"POINT (13.717680381000037 51.056850897000061)",Unfall 163021 (2017) Kat:3, Licht: 0,163021,3,4,6,09,09,1,0,0,1,0,1,0,,0
"POINT (13.748920309000027 51.051253916000064)",Unfall 163022 (2017) Kat:3, Licht: 0,163022,3,3,5,09,17,1,0,0,1,1,0,0,,0
"POINT (13.808549107000033 51.050669753000079)",Unfall 163023 (2017) Kat:3, Licht: 0,163023,3,6,2,09,17,1,0,0,0,1,0,0,,0
"POINT (13.723746778000077 51.053745592000041)",Unfall 163024 (2017) Kat:2, Licht: 2,163024,2,1,0,09,02,1,0,2,1,0,0,0,,0
"POINT (13.777181837000057 51.060187922000068)",Unfall 163033 (2017) Kat:3, Licht: 2,163033,3,1,0,09,23,7,0,2,1,0,0,0,,0
"POINT (13.777525941000022 51.057143572000030)",Unfall 163034 (2017) Kat:3, Licht: 0,163034,3,7,0,09,13,7,0,0,1,1,0,0,,0
"POINT (13.837953751000043 51.024216185000057)",Unfall 163052 (2017) Kat:3, Licht: 0,163052,3,1,0,09,14,6,0,0,1,0,0,0,,0
"POINT (13.712698720000049 51.046296938000069)",Unfall 163053 (2017) Kat:3, Licht: 2,163053,3,3,5,09,19,6,0,2,0,1,0,1,,0
"POINT (13.742124783000065 51.032823280000059)",Unfall 163079 (2017) Kat:3, Licht: 0,163079,3,1,1,09,18,5,0,0,1,1,0,0,,0
"POINT (13.774181264000049 51.043477215000053)",Unfall 163080 (2017) Kat:3, Licht: 0,163080,3,3,5,09,08,5,1,0,0,1,0,0,,0
"POINT (13.747642605000067 51.053453012000034)",Unfall 163081 (2017) Kat:3, Licht: 0,163081,3,6,2,09,18,5,0,0,0,1,0,0,,0
"POINT (13.758272692000048 51.029862556000069)",Unfall 163085 (2017) Kat:3, Licht: 0,163085,3,3,0,10,10,3,0,0,0,1,0,0,,1
"POINT (13.780313850000027 51.030832087000078)",Unfall 163086 (2017) Kat:3, Licht: 1,163086,3,3,5,10,19,3,0,1,1,1,0,0,,0
"POINT (13.706381354000030 51.018015606000063)",Unfall 163087 (2017) Kat:2, Licht: 0,163087,2,2,6,10,10,3,0,0,0,1,1,0,,0
"POINT (13.700026071000025 51.087349962000076)",Unfall 163118 (2017) Kat:3, Licht: 0,163118,3,6,1,10,07,2,0,0,1,1,0,0,,0
"POINT (13.700590830000067 51.082265650000068)",Unfall 163119 (2017) Kat:3, Licht: 0,163119,3,2,2,10,12,2,0,0,0,1,0,0,,0
"POINT (13.784002419000046 51.054526165000027)",Unfall 163120 (2017) Kat:3, Licht: 0,163120,3,7,0,10,16,2,0,0,1,1,0,0,,0
"POINT (13.734295426000074 51.013246704000039)",Unfall 163121 (2017) Kat:3, Licht: 0,163121,3,5,1,10,15,2,0,0,1,1,0,0,,0
"POINT (13.775793448000059 51.050821253000038)",Unfall 163122 (2017) Kat:3, Licht: 2,163122,3,2,2,10,19,2,0,2,0,1,0,0,,0
"POINT (13.802079285000048 51.039627623000058)",Unfall 163123 (2017) Kat:3, Licht: 0,163123,3,3,5,10,12,2,0,0,0,1,0,1,,0
"POINT (13.775286872000038 51.032985655000061)",Unfall 163124 (2017) Kat:2, Licht: 2,163124,2,7,0,10,06,2,0,2,1,0,0,0,,0
"POINT (13.781548771000075 51.053270776000033)",Unfall 163125 (2017) Kat:3, Licht: 2,163125,3,3,5,10,19,2,0,2,0,1,0,0,,0
"POINT (13.745213935000038 51.062834959000043)",Unfall 163126 (2017) Kat:3, Licht: 2,163126,3,3,5,10,20,2,0,2,1,1,0,0,,0
"POINT (13.748882867000077 51.037495571000079)",Unfall 163127 (2017) Kat:3, Licht: 0,163127,3,2,5,10,09,2,0,0,1,1,0,0,,0
"POINT (13.763510525000072 51.015732818000060)",Unfall 163139 (2017) Kat:3, Licht: 0,163139,3,3,5,10,08,1,0,0,1,0,0,0,,0
"POINT (13.745454778000067 51.068315898000037)",Unfall 163152 (2017) Kat:3, Licht: 0,163152,3,3,5,10,08,7,0,0,0,1,0,0,,0
"POINT (13.738649377000058 51.047030953000046)",Unfall 163153 (2017) Kat:2, Licht: 0,163153,2,7,6,10,11,7,0,0,0,1,1,0,,0
"POINT (13.803237148000051 51.021734941000034)",Unfall 163154 (2017) Kat:2, Licht: 0,163154,2,3,5,10,14,7,0,0,1,1,0,0,,0
"POINT (13.794751770000062 51.025186445000031)",Unfall 163168 (2017) Kat:3, Licht: 1,163168,3,6,3,10,18,6,0,1,1,1,0,0,,0
"POINT (13.788760683000078 51.042412470000045)",Unfall 163169 (2017) Kat:3, Licht: 0,163169,3,2,4,10,15,6,0,0,1,1,0,0,,0
"POINT (13.813690063000024 51.028974112000071)",Unfall 163170 (2017) Kat:3, Licht: 0,163170,3,7,0,10,15,6,0,0,0,1,0,0,,0
"POINT (13.768976988000077 51.043991683000058)",Unfall 163171 (2017) Kat:2, Licht: 0,163171,2,6,2,10,08,6,0,0,1,1,0,0,,0
"POINT (13.745901030000027 51.059630144000039)",Unfall 163172 (2017) Kat:2, Licht: 0,163172,2,4,6,10,15,6,0,0,0,0,1,0,,1
"POINT (13.782265169000027 51.013846830000034)",Unfall 163182 (2017) Kat:3, Licht: 0,163182,3,2,5,10,11,5,0,0,1,1,0,0,,0
"POINT (13.775175050000030 51.038308480000069)",Unfall 163183 (2017) Kat:3, Licht: 1,163183,3,2,3,10,17,5,0,1,0,1,0,0,,1
"POINT (13.774446780000062 51.058123701000056)",Unfall 163184 (2017) Kat:3, Licht: 0,163184,3,2,5,10,16,5,0,0,0,1,0,0,,0
"POINT (13.787862140000072 51.027898308000033)",Unfall 163185 (2017) Kat:3, Licht: 0,163185,3,2,5,10,15,5,0,0,1,1,0,0,,0
"POINT (13.755508213000041 51.015758895000033)",Unfall 163186 (2017) Kat:3, Licht: 0,163186,3,1,0,10,09,5,0,0,0,1,0,1,,0
"POINT (13.748977648000050 51.033780920000027)",Unfall 163187 (2017) Kat:2, Licht: 2,163187,2,1,5,10,21,5,0,2,1,1,0,0,,0
"POINT (13.709156660000076 51.033066766000047)",Unfall 163201 (2017) Kat:3, Licht: 2,163201,3,7,0,10,05,4,0,2,1,0,0,0,,0
"POINT (13.785368670000025 51.127169254000080)",Unfall 163202 (2017) Kat:3, Licht: 0,163202,3,7,1,10,16,4,0,0,0,1,0,0,,0
"POINT (13.756859114000065 51.055239034000067)",Unfall 163203 (2017) Kat:3, Licht: 0,163203,3,3,5,10,08,4,1,0,1,1,0,0,,0
"POINT (13.741102008000041 51.047004429000026)",Unfall 163204 (2017) Kat:3, Licht: 0,163204,3,6,2,10,15,4,0,0,0,1,0,0,,1
"POINT (13.776377892000028 51.046932067000057)",Unfall 163205 (2017) Kat:3, Licht: 2,163205,3,1,0,10,19,4,0,2,1,0,0,0,,0
"POINT (13.766354754000076 51.056583776000082)",Unfall 163206 (2017) Kat:2, Licht: 0,163206,2,4,6,10,15,4,0,0,0,1,1,0,,0
"POINT (13.844884553000043 51.017492848000074)",Unfall 163235 (2017) Kat:3, Licht: 0,163235,3,3,5,10,12,2,0,0,1,1,0,0,,0
"POINT (13.751737001000038 51.067012261000059)",Unfall 163236 (2017) Kat:3, Licht: 0,163236,3,4,6,10,13,2,0,0,1,0,1,0,,0
"POINT (13.732646740000064 51.041791928000066)",Unfall 163237 (2017) Kat:3, Licht: 0,163237,3,3,9,10,14,2,0,0,0,1,0,0,,0
"POINT (13.808809724000071 51.050461065000036)",Unfall 163238 (2017) Kat:3, Licht: 0,163238,3,6,2,10,14,2,0,0,0,1,0,0,,0
"POINT (13.711087640000073 51.045316291000063)",Unfall 163239 (2017) Kat:3, Licht: 2,163239,3,2,0,10,18,2,0,2,0,0,0,1,,0
"POINT (13.743579927000042 51.035627862000069)",Unfall 163248 (2017) Kat:3, Licht: 0,163248,3,3,5,10,09,7,1,0,0,1,0,0,,0
"POINT (13.803229578000071 51.021730786000035)",Unfall 163249 (2017) Kat:3, Licht: 0,163249,3,3,5,10,09,7,1,0,1,1,0,0,,0
"POINT (13.804462880000074 51.045004807000055)",Unfall 163250 (2017) Kat:3, Licht: 0,163250,3,7,4,10,16,7,1,0,0,1,0,0,,0
"POINT (13.782646724000074 51.045433887000058)",Unfall 163251 (2017) Kat:3, Licht: 2,163251,3,1,8,10,18,7,1,2,0,1,0,0,,0
"POINT (13.702156481000031 51.077837595000062)",Unfall 163252 (2017) Kat:3, Licht: 0,163252,3,7,5,10,15,7,0,0,0,1,0,0,,1
"POINT (13.796538576000046 51.024480387000040)",Unfall 163264 (2017) Kat:3, Licht: 0,163264,3,2,5,10,09,6,0,0,1,1,0,0,,0
"POINT (13.787933601000077 51.045889643000066)",Unfall 163265 (2017) Kat:3, Licht: 2,163265,3,3,5,10,06,6,0,2,1,1,0,0,,0
"POINT (13.809154869000054 51.016383666000081)",Unfall 163266 (2017) Kat:3, Licht: 1,163266,3,6,2,10,18,6,1,1,0,1,0,0,,0
"POINT (13.747673452000072 51.082353708000028)",Unfall 163267 (2017) Kat:3, Licht: 0,163267,3,2,4,10,14,6,1,0,0,1,0,0,,0
"POINT (13.698585531000049 51.074350650000042)",Unfall 163268 (2017) Kat:3, Licht: 0,163268,3,3,5,10,07,6,0,0,1,1,0,0,,0
"POINT (13.712605922000023 51.049969707000059)",Unfall 163282 (2017) Kat:3, Licht: 0,163282,3,3,5,10,07,5,1,0,1,1,0,0,,0
"POINT (13.822872651000068 51.013091391000046)",Unfall 163283 (2017) Kat:3, Licht: 0,163283,3,1,7,10,07,5,1,0,0,1,0,0,,0
"POINT (13.807506802000034 51.048442211000065)",Unfall 163284 (2017) Kat:3, Licht: 0,163284,3,3,5,10,12,5,1,0,0,1,0,0,,0
"POINT (13.791044526000064 51.037886783000033)",Unfall 163285 (2017) Kat:3, Licht: 2,163285,3,3,5,10,21,5,1,2,0,1,0,0,,0
"POINT (13.716627668000058 51.055898677000073)",Unfall 163294 (2017) Kat:3, Licht: 0,163294,3,6,1,10,10,4,0,0,0,1,0,0,,0
"POINT (13.805059327000038 51.011674903000028)",Unfall 163305 (2017) Kat:2, Licht: 0,163305,2,1,0,10,10,3,1,0,1,0,0,0,,0
"POINT (13.816342007000060 51.016118551000034)",Unfall 163306 (2017) Kat:3, Licht: 0,163306,3,3,5,10,13,3,1,0,1,1,0,0,,0
"POINT (13.791332721000060 51.037774291000062)",Unfall 163324 (2017) Kat:3, Licht: 0,163324,3,6,2,10,15,2,1,0,1,1,0,0,,0
"POINT (13.703703517000065 51.051481428000045)",Unfall 163325 (2017) Kat:3, Licht: 2,163325,3,1,9,10,23,2,1,2,0,1,0,0,,0
"POINT (13.673429269000053 51.091635961000065)",Unfall 163345 (2017) Kat:3, Licht: 1,163345,3,3,5,09,17,7,0,1,0,1,0,0,,0
"POINT (13.825624760000039 51.052608337000038)",Unfall 163346 (2017) Kat:3, Licht: 0,163346,3,6,4,09,10,7,0,0,0,1,0,1,,0
"POINT (13.692769756000075 51.053634732000035)",Unfall 163347 (2017) Kat:2, Licht: 0,163347,2,1,0,09,14,7,0,0,1,0,0,0,,0
"POINT (13.740242398000078 51.053739933000031)",Unfall 163348 (2017) Kat:2, Licht: 0,163348,2,2,5,09,09,7,0,0,0,1,0,1,,0
"POINT (13.723991322000074 51.084581746000026)",Unfall 163369 (2017) Kat:3, Licht: 0,163369,3,3,5,09,13,6,0,0,1,1,0,0,,0
"POINT (13.749543540000047 51.033968695000056)",Unfall 163370 (2017) Kat:3, Licht: 0,163370,3,6,2,09,09,6,0,0,0,1,0,0,,0
"POINT (13.764147667000032 51.024928114000033)",Unfall 163371 (2017) Kat:3, Licht: 0,163371,3,6,3,09,14,6,0,0,1,1,0,0,,0
"POINT (13.841830876000074 51.002267861000064)",Unfall 163372 (2017) Kat:3, Licht: 2,163372,3,2,5,09,19,6,0,2,0,1,0,0,,0
"POINT (13.788212226000041 51.053190842000049)",Unfall 163373 (2017) Kat:3, Licht: 0,163373,3,1,1,09,15,6,0,0,0,1,0,0,,0
"POINT (13.750785929000074 51.076100509000071)",Unfall 163378 (2017) Kat:3, Licht: 0,163378,3,4,6,11,14,7,0,0,1,0,1,0,,0
"POINT (13.715820606000023 51.095227165000040)",Unfall 163379 (2017) Kat:3, Licht: 0,163379,3,3,5,11,10,7,0,0,0,1,0,0,,0
"POINT (13.667778111000075 51.039998622000041)",Unfall 163388 (2017) Kat:3, Licht: 0,163388,3,3,5,11,12,2,0,0,0,1,0,0,,0
"POINT (13.724078027000076 51.030965167000033)",Unfall 163389 (2017) Kat:3, Licht: 2,163389,3,3,5,11,19,2,1,2,0,1,0,1,,0
"POINT (13.769732781000073 51.071862730000078)",Unfall 163390 (2017) Kat:3, Licht: 0,163390,3,6,4,11,13,2,0,0,1,0,0,0,,0
"POINT (13.754206569000075 51.062042427000051)",Unfall 163391 (2017) Kat:3, Licht: 0,163391,3,1,0,11,12,2,1,0,1,0,0,0,,0
"POINT (13.777091311000049 51.035699979000071)",Unfall 163392 (2017) Kat:3, Licht: 0,163392,3,6,2,11,08,2,1,0,0,1,0,0,,0
"POINT (13.809049261000041 51.023441269000045)",Unfall 163393 (2017) Kat:3, Licht: 0,163393,3,7,5,11,07,2,1,0,0,1,0,0,,1
"POINT (13.775197952000042 51.038332808000064)",Unfall 163398 (2017) Kat:2, Licht: 0,163398,2,3,5,11,14,1,0,0,0,1,0,0,,1
"POINT (13.771002123000073 51.046055849000027)",Unfall 163406 (2017) Kat:3, Licht: 2,163406,3,3,5,11,17,7,0,2,1,1,0,0,,0
"POINT (13.699856262000026 51.043293022000057)",Unfall 163418 (2017) Kat:3, Licht: 0,163418,3,7,1,11,09,6,0,0,0,1,0,0,,0
"POINT (13.784172639000076 51.053735307000068)",Unfall 163419 (2017) Kat:3, Licht: 0,163419,3,7,1,11,12,6,0,0,1,1,0,0,,0
"POINT (13.807178943000054 51.036001550000037)",Unfall 163420 (2017) Kat:3, Licht: 0,163420,3,6,1,11,12,6,0,0,0,1,0,0,,0
"POINT (13.793625066000061 51.003569975000062)",Unfall 163421 (2017) Kat:3, Licht: 2,163421,3,5,1,11,05,6,1,2,1,1,0,0,,0
"POINT (13.735115966000023 51.038369590000059)",Unfall 163422 (2017) Kat:3, Licht: 0,163422,3,3,5,11,08,6,0,0,1,1,0,0,,0
"POINT (13.720588972000030 51.083413841000038)",Unfall 163447 (2017) Kat:3, Licht: 0,163447,3,3,5,11,07,5,1,0,1,0,0,0,,1
"POINT (13.702888476000055 51.038216890000058)",Unfall 163448 (2017) Kat:3, Licht: 0,163448,3,3,5,11,08,5,1,0,1,1,0,0,,0
"POINT (13.707887659000050 51.080379538000045)",Unfall 163449 (2017) Kat:3, Licht: 0,163449,3,4,6,11,07,5,1,0,0,1,1,0,,0
"POINT (13.761340568000037 51.105978584000070)",Unfall 163450 (2017) Kat:3, Licht: 2,163450,3,7,7,11,17,5,1,2,0,0,0,0,,1
"POINT (13.831308645000036 51.030927675000044)",Unfall 163451 (2017) Kat:3, Licht: 2,163451,3,6,2,11,18,5,1,2,0,1,0,0,,0
"POINT (13.757973863000075 51.052270046000046)",Unfall 163452 (2017) Kat:3, Licht: 2,163452,3,3,5,11,20,5,0,2,1,1,0,0,,0
"POINT (13.784211422000055 51.053561911000031)",Unfall 163453 (2017) Kat:3, Licht: 0,163453,3,3,5,11,06,5,1,0,0,1,0,1,,0
"POINT (13.790615056000036 51.053804161000073)",Unfall 163454 (2017) Kat:3, Licht: 0,163454,3,1,0,11,09,5,1,0,1,0,0,0,,0
"POINT (13.837380089000021 51.024835162000045)",Unfall 163470 (2017) Kat:3, Licht: 0,163470,3,1,0,11,11,4,1,0,1,0,0,0,,0
"POINT (13.745035993000045 51.053418564000026)",Unfall 163471 (2017) Kat:3, Licht: 1,163471,3,1,0,11,07,4,1,1,1,0,0,0,,0
"POINT (13.806176537000056 51.038281915000027)",Unfall 163472 (2017) Kat:3, Licht: 0,163472,3,7,0,11,09,4,1,0,0,0,0,0,,1
"POINT (13.705914512000049 51.090821462000065)",Unfall 163473 (2017) Kat:3, Licht: 2,163473,3,3,5,11,18,4,0,2,0,1,0,1,,0
"POINT (13.807157246000031 51.052256682000063)",Unfall 163478 (2017) Kat:3, Licht: 0,163478,3,1,2,10,11,3,0,0,0,1,0,0,,0
"POINT (13.785378553000044 51.035965470000065)",Unfall 163488 (2017) Kat:3, Licht: 0,163488,3,3,5,10,13,2,0,0,0,1,0,0,,0
"POINT (13.822263149000037 50.997777334000034)",Unfall 163489 (2017) Kat:3, Licht: 2,163489,3,3,5,10,17,2,0,2,1,1,0,0,,0
"POINT (13.725191588000030 51.050212426000030)",Unfall 163490 (2017) Kat:3, Licht: 0,163490,3,3,5,10,13,2,0,0,1,0,0,0,,1
"POINT (13.699078352000072 51.038050106000071)",Unfall 163491 (2017) Kat:3, Licht: 0,163491,3,4,6,10,10,2,0,0,0,1,1,0,,0
"POINT (13.744821937000040 51.067032160000053)",Unfall 163497 (2017) Kat:2, Licht: 0,163497,2,1,0,10,10,1,1,0,1,0,0,0,,0