WKT,Name,OBJECTID,UKATEGORIE,UTYP1,UART,UMONAT,USTUNDE,UWOCHENTAG,STRZUSTAND,ULICHTVERH,ISTRAD,ISTPKW,ISTFUSS,ISTKRAD,ISTGKFZ,ISTSONSTIG
"POINT (13.748644526000021 51.081320869000081)",Unfall 164216 (2017) Kat:3, Licht: 2,164216,3,7,0,12,16,3,1,2,0,1,0,0,,1
"POINT (13.695060240000032 51.071002299000043)",Unfall 164225 (2017) Kat:3, Licht: 0,164225,3,4,6,12,15,2,1,0,0,1,1,0,,0
"POINT (13.822796970000070 51.032051873000057)",Unfall 164226 (2017) Kat:3, Licht: 0,164226,3,3,0,12,15,2,0,0,0,0,0,0,,1
"POINT (13.753287309000029 51.050332650000030)",Unfall 164227 (2017) Kat:3, Licht: 2,164227,3,3,5,12,18,2,1,2,0,1,0,0,,0
"POINT (13.729785121000077 51.044707327000026)",Unfall 164228 (2017) Kat:3, Licht: 2,164228,3,1,1,12,17,2,1,2,1,1,0,0,,0
"POINT (13.696791145000077 51.082032857000058)",Unfall 164229 (2017) Kat:2, Licht: 0,164229,2,7,4,12,13,2,1,0,0,0,0,0,,1
"POINT (13.755148426000062 51.046213073000047)",Unfall 164230 (2017) Kat:3, Licht: 2,164230,3,6,2,12,16,2,1,2,0,1,0,0,,0
"POINT (13.690396744000054 51.054445671000053)",Unfall 164231 (2017) Kat:3, Licht: 1,164231,3,2,2,12,07,2,1,1,0,1,0,0,,0
"POINT (13.750823365000031 51.047365873000047)",Unfall 164242 (2017) Kat:3, Licht: 0,164242,3,7,0,12,15,1,0,0,0,1,0,0,,1
"POINT (13.674271789000045 51.093424930000026)",Unfall 164249 (2017) Kat:3, Licht: 0,164249,3,2,5,12,13,7,0,0,1,1,0,0,,0
"POINT (13.790755436000040 51.013088781000079)",Unfall 164259 (2017) Kat:3, Licht: 0,164259,3,2,2,12,10,6,0,0,0,1,0,0,,1
"POINT (13.802983079000057 51.053729167000029)",Unfall 164260 (2017) Kat:3, Licht: 0,164260,3,5,1,12,09,6,0,0,0,1,0,0,,1
"POINT (13.807601442000077 51.034872792000044)",Unfall 164261 (2017) Kat:3, Licht: 0,164261,3,1,0,12,11,6,0,0,1,0,0,0,,0
"POINT (13.779367117000049 51.036639836000063)",Unfall 164262 (2017) Kat:3, Licht: 1,164262,3,4,6,12,16,6,0,1,0,1,1,0,,0
"POINT (13.681619481000041 51.052424123000037)",Unfall 164276 (2017) Kat:3, Licht: 0,164276,3,6,1,11,12,5,0,0,0,1,0,0,,0
"POINT (13.825760411000033 51.011898036000048)",Unfall 164277 (2017) Kat:3, Licht: 2,164277,3,4,0,11,16,5,0,2,0,0,1,0,,1
"POINT (13.800285634000033 51.034139200000027)",Unfall 164278 (2017) Kat:3, Licht: 2,164278,3,2,4,11,21,5,0,2,0,1,0,0,,0
"POINT (13.718853462000027 51.087820147000059)",Unfall 164279 (2017) Kat:3, Licht: 0,164279,3,3,5,11,08,5,0,0,1,0,0,0,,1
"POINT (13.712707684000065 51.080894635000050)",Unfall 164297 (2017) Kat:3, Licht: 0,164297,3,3,5,11,07,4,0,0,0,1,0,0,,1
"POINT (13.750663436000025 51.079098761000068)",Unfall 164298 (2017) Kat:3, Licht: 2,164298,3,4,6,11,17,4,0,2,0,1,1,0,,0
"POINT (13.738289483000074 51.039256759000068)",Unfall 164299 (2017) Kat:3, Licht: 2,164299,3,3,5,11,16,4,0,2,1,1,0,0,,0
"POINT (13.808976921000067 51.047258446000058)",Unfall 164300 (2017) Kat:3, Licht: 2,164300,3,2,2,11,17,4,0,2,1,1,0,0,,0
"POINT (13.701743413000031 51.038133581000068)",Unfall 164301 (2017) Kat:2, Licht: 2,164301,2,4,6,11,16,4,0,2,0,1,1,0,,0
"POINT (13.648431782000046 51.091627028000062)",Unfall 164302 (2017) Kat:3, Licht: 0,164302,3,7,8,11,15,4,0,0,1,0,0,0,,0
"POINT (13.788979448000077 51.012201990000051)",Unfall 164303 (2017) Kat:3, Licht: 2,164303,3,4,6,11,07,4,0,2,0,1,1,0,,0
"POINT (13.738114328000052 51.034577394000053)",Unfall 164304 (2017) Kat:3, Licht: 0,164304,3,3,5,11,14,4,0,0,0,1,0,0,,0
"POINT (13.753671451000059 51.066005112000028)",Unfall 164321 (2017) Kat:3, Licht: 2,164321,3,1,0,11,17,3,0,2,1,0,0,0,,0
"POINT (13.754344504000073 51.045542586000067)",Unfall 164322 (2017) Kat:3, Licht: 0,164322,3,6,3,11,08,3,1,0,1,1,0,0,,0
"POINT (13.792544337000038 51.047707853000077)",Unfall 164333 (2017) Kat:3, Licht: 0,164333,3,3,5,12,14,2,0,0,1,1,0,0,,0
"POINT (13.786376929000028 51.028509636000081)",Unfall 164334 (2017) Kat:3, Licht: 2,164334,3,2,6,12,19,2,2,2,0,1,1,0,,0
"POINT (13.803506970000058 51.006809536000048)",Unfall 164449 (2017) Kat:3, Licht: 0,164449,3,4,6,12,09,1,1,0,0,1,1,0,,0
"POINT (13.705737556000031 51.090517049000027)",Unfall 164453 (2017) Kat:3, Licht: 0,164453,3,6,2,12,14,7,1,0,1,1,0,0,,0
"POINT (13.767522927000073 51.042562046000057)",Unfall 164468 (2017) Kat:2, Licht: 0,164468,2,3,5,12,12,5,1,0,0,1,0,0,,0
"POINT (13.757873759000063 51.075856842000064)",Unfall 164475 (2017) Kat:3, Licht: 0,164475,3,6,2,12,17,4,0,0,0,1,0,0,,0
"POINT (13.721274815000072 51.084557574000030)",Unfall 164476 (2017) Kat:2, Licht: 2,164476,2,5,1,12,18,4,0,2,0,1,0,1,,0
"POINT (13.724962714000071 51.080916023000043)",Unfall 164481 (2017) Kat:3, Licht: 0,164481,3,4,6,12,12,3,0,0,1,0,1,0,,0
"POINT (13.795424477000040 51.012977594000063)",Unfall 164482 (2017) Kat:2, Licht: 0,164482,2,4,6,12,11,3,0,0,0,1,1,0,,0
"POINT (13.654248295000059 51.046870089000038)",Unfall 164487 (2017) Kat:3, Licht: 2,164487,3,7,0,12,03,1,0,2,0,1,0,0,,0
"POINT (13.748711650000075 51.051246933000073)",Unfall 164488 (2017) Kat:3, Licht: 0,164488,3,6,3,12,12,1,0,0,1,1,0,0,,0
"POINT (13.735317140000063 51.050655694000056)",Unfall 164496 (2017) Kat:2, Licht: 2,164496,2,4,0,12,20,7,0,2,0,0,1,0,,1
"POINT (13.733560590000025 51.045231755000032)",Unfall 164497 (2017) Kat:2, Licht: 0,164497,2,2,0,12,11,7,0,0,1,1,0,0,,0
"POINT (13.757175978000078 51.049781137000082)",Unfall 164506 (2017) Kat:3, Licht: 2,164506,3,4,0,12,18,6,0,2,0,0,1,0,,1
"POINT (13.717719426000031 51.094756682000082)",Unfall 164515 (2017) Kat:3, Licht: 0,164515,3,3,5,12,11,5,1,0,0,1,0,0,,0
"POINT (13.683175026000072 51.036900973000058)",Unfall 164516 (2017) Kat:3, Licht: 1,164516,3,7,6,12,16,5,0,1,0,0,1,0,,1
"POINT (13.802960028000030 51.042053694000060)",Unfall 164517 (2017) Kat:3, Licht: 2,164517,3,2,5,12,07,5,1,2,1,1,0,0,,0
"POINT (13.757827775000067 51.051451258000043)",Unfall 164533 (2017) Kat:3, Licht: 2,164533,3,2,3,12,06,4,1,2,1,1,0,0,,0
"POINT (13.708944828000028 51.047239882000042)",Unfall 164550 (2017) Kat:3, Licht: 2,164550,3,2,5,12,17,3,1,2,0,1,0,0,,0
"POINT (13.779855828000052 51.044275860000027)",Unfall 164551 (2017) Kat:3, Licht: 0,164551,3,2,5,12,09,3,1,0,1,1,0,0,,0
"POINT (13.804462431000047 51.045004994000067)",Unfall 164552 (2017) Kat:3, Licht: 0,164552,3,3,5,12,13,3,0,0,0,1,0,0,,0
"POINT (13.685475692000068 51.073391812000068)",Unfall 164577 (2017) Kat:3, Licht: 0,164577,3,7,2,12,16,2,0,0,0,1,0,0,,1
"POINT (13.776954732000036 51.032323665000035)",Unfall 164578 (2017) Kat:3, Licht: 0,164578,3,3,5,12,08,2,1,0,1,1,0,0,,0
"POINT (13.719847531000028 51.092787498000064)",Unfall 164579 (2017) Kat:3, Licht: 0,164579,3,7,0,12,12,2,0,0,0,0,0,0,,1
"POINT (13.769814504000067 51.044770705000076)",Unfall 164580 (2017) Kat:3, Licht: 0,164580,3,3,5,12,14,2,0,0,1,1,0,0,,0
"POINT (13.728198039000063 51.016357656000082)",Unfall 64594 (2018) Kat:3, Licht: 2,64594,3,1,8,01,21,3,0,2,0,1,0,0,0,0
"POINT (13.685000370000068 51.078328092000049)",Unfall 64602 (2018) Kat:3, Licht: 2,64602,3,6,3,01,17,3,0,2,0,1,0,0,0,0
"POINT (13.718962931000021 51.096604791000061)",Unfall 64701 (2018) Kat:2, Licht: 0,64701,2,4,6,01,08,4,1,0,0,1,1,0,0,0
"POINT (13.886710275000041 51.062847307000027)",Unfall 65043 (2018) Kat:2, Licht: 2,65043,2,4,6,01,07,4,1,2,0,0,1,0,0,1
"POINT (13.752928387000054 51.073837611000044)",Unfall 65065 (2018) Kat:3, Licht: 2,65065,3,2,5,01,17,2,0,2,1,1,0,0,0,0
"POINT (13.791799723000054 51.125560907000079)",Unfall 65166 (2018) Kat:3, Licht: 0,65166,3,4,6,01,09,3,0,0,0,1,1,0,0,0
"POINT (13.736590836000062 51.063671058000068)",Unfall 65265 (2018) Kat:3, Licht: 2,65265,3,3,5,01,07,4,0,2,1,1,0,0,0,0
"POINT (13.750753974000077 51.071446503000061)",Unfall 65527 (2018) Kat:3, Licht: 2,65527,3,3,6,01,19,4,1,2,0,1,1,0,0,0
"POINT (13.701831879000054 51.031764781000049)",Unfall 65625 (2018) Kat:3, Licht: 2,65625,3,6,2,01,17,2,1,2,0,1,0,0,0,0
"POINT (13.771492886000033 51.015853857000081)",Unfall 65636 (2018) Kat:3, Licht: 2,65636,3,2,2,01,18,6,0,2,0,1,0,0,0,0
"POINT (13.726026593000029 51.044421441000054)",Unfall 65686 (2018) Kat:3, Licht: 2,65686,3,6,2,01,18,5,0,2,0,1,0,0,0,0
"POINT (13.725988588000064 51.056989879000071)",Unfall 65694 (2018) Kat:3, Licht: 2,65694,3,3,5,01,16,6,0,2,0,1,0,0,0,0
"POINT (13.755136563000065 51.062940970000056)",Unfall 65700 (2018) Kat:3, Licht: 0,65700,3,4,6,01,07,4,0,0,0,1,1,0,0,0
"POINT (13.795905963000052 50.996062657000039)",Unfall 65714 (2018) Kat:3, Licht: 0,65714,3,7,2,01,15,4,0,0,0,1,0,0,0,0
"POINT (13.744472672000029 51.064316687000030)",Unfall 65718 (2018) Kat:3, Licht: 2,65718,3,6,3,01,17,2,1,2,1,0,0,0,0,0
"POINT (13.731727400000068 51.067871427000057)",Unfall 65728 (2018) Kat:3, Licht: 0,65728,3,7,0,01,13,5,0,0,1,0,0,0,0,0
"POINT (13.731018025000026 51.120822586000031)",Unfall 65731 (2018) Kat:3, Licht: 0,65731,3,1,8,01,15,5,1,0,0,1,0,0,0,0
"POINT (13.745861763000050 51.057186071000046)",Unfall 65733 (2018) Kat:3, Licht: 0,65733,3,2,2,01,11,5,1,0,0,1,0,0,0,0
"POINT (13.808821007000063 50.977527178000059)",Unfall 65738 (2018) Kat:2, Licht: 0,65738,2,2,5,01,11,5,0,0,0,1,0,0,0,0
"POINT (13.830232458000069 51.086334048000026)",Unfall 65739 (2018) Kat:3, Licht: 0,65739,3,6,4,01,15,5,1,0,0,1,0,0,0,0
"POINT (13.774521339000046 51.111738655000067)",Unfall 65764 (2018) Kat:3, Licht: 2,65764,3,2,2,01,17,2,0,2,0,1,0,0,0,0
"POINT (13.714708079000047 51.079344772000070)",Unfall 65775 (2018) Kat:3, Licht: 0,65775,3,4,6,01,14,6,0,0,0,1,1,0,0,0
"POINT (13.725481674000036 51.087111746000062)",Unfall 65785 (2018) Kat:3, Licht: 2,65785,3,7,0,01,06,4,0,2,1,0,1,0,0,0
"POINT (13.827792935000048 51.085292813000081)",Unfall 65788 (2018) Kat:3, Licht: 2,65788,3,1,9,01,20,4,2,2,0,1,0,0,0,0
"POINT (13.749094224000032 51.129558419000034)",Unfall 65789 (2018) Kat:3, Licht: 0,65789,3,6,2,02,15,6,0,0,0,1,0,0,0,0
"POINT (13.715187686000036 51.023684259000049)",Unfall 65794 (2018) Kat:3, Licht: 0,65794,3,7,6,01,09,6,0,0,0,1,1,0,0,0
"POINT (13.729841604000057 51.082680849000042)",Unfall 65800 (2018) Kat:3, Licht: 0,65800,3,2,4,01,08,5,0,0,0,1,0,1,0,0
"POINT (13.680789866000055 51.048688366000079)",Unfall 65802 (2018) Kat:3, Licht: 0,65802,3,4,6,02,07,5,1,0,0,1,1,0,0,0
"POINT (13.742105032000040 51.112571528000046)",Unfall 65804 (2018) Kat:2, Licht: 0,65804,2,6,3,01,08,3,1,0,0,1,0,0,1,0
"POINT (13.739045666000038 51.070221706000041)",Unfall 65824 (2018) Kat:2, Licht: 0,65824,2,7,9,01,14,1,0,0,0,1,0,0,0,0
"POINT (13.744088077000072 51.047456009000030)",Unfall 65839 (2018) Kat:3, Licht: 2,65839,3,4,6,01,17,3,0,2,1,0,1,0,0,0
"POINT (13.800886276000028 51.065908979000028)",Unfall 65841 (2018) Kat:3, Licht: 2,65841,3,1,4,01,16,3,1,2,0,1,0,0,0,0
"POINT (13.621914364000077 51.066719183000032)",Unfall 65860 (2018) Kat:2, Licht: 0,65860,2,6,2,01,07,4,0,0,0,1,0,0,0,0
"POINT (13.886155202000054 51.062002909000057)",Unfall 65892 (2018) Kat:3, Licht: 1,65892,3,2,6,01,17,3,0,1,0,1,1,0,0,0
"POINT (13.798177743000053 51.139884960000074)",Unfall 65902 (2018) Kat:3, Licht: 1,65902,3,2,5,01,17,2,0,1,0,1,0,0,0,0
"POINT (13.737990220000029 51.109459603000062)",Unfall 65904 (2018) Kat:3, Licht: 2,65904,3,6,2,01,07,2,0,2,0,1,0,0,0,1
"POINT (13.738587691000077 51.044306625000047)",Unfall 65929 (2018) Kat:3, Licht: 1,65929,3,3,0,01,16,7,0,1,1,0,0,0,0,1
"POINT (13.808820990000072 50.977527271000042)",Unfall 65936 (2018) Kat:2, Licht: 0,65936,2,2,5,01,14,1,0,0,0,1,0,0,0,0
"POINT (13.749954571000046 51.063216248000060)",Unfall 65956 (2018) Kat:3, Licht: 0,65956,3,6,2,02,09,6,0,0,0,1,0,0,0,0
"POINT (13.689987163000069 51.073224701000072)",Unfall 65970 (2018) Kat:3, Licht: 0,65970,3,6,1,02,14,5,0,0,0,1,0,0,0,0
"POINT (13.796397332000026 50.996261310000079)",Unfall 65995 (2018) Kat:3, Licht: 2,65995,3,6,2,01,16,6,0,2,0,1,0,0,0,1
"POINT (13.736986955000077 51.063200922000078)",Unfall 65998 (2018) Kat:3, Licht: 0,65998,3,2,5,01,07,6,1,0,1,0,0,0,0,1
"POINT (13.731065810000075 51.034421947000055)",Unfall 66002 (2018) Kat:3, Licht: 2,66002,3,2,5,01,17,6,0,2,1,1,0,0,0,0
"POINT (13.727496116000054 51.044807220000052)",Unfall 66004 (2018) Kat:3, Licht: 0,66004,3,3,5,01,11,6,1,0,1,0,0,0,0,1
"POINT (13.723385175000033 51.055031166000049)",Unfall 66029 (2018) Kat:3, Licht: 0,66029,3,3,5,01,16,4,0,0,1,0,0,0,0,1
"POINT (13.705056311000021 51.098865461000059)",Unfall 66037 (2018) Kat:2, Licht: 0,66037,2,6,2,02,12,6,0,0,0,1,0,0,0,0
"POINT (13.746737364000069 51.051436971000044)",Unfall 66047 (2018) Kat:3, Licht: 2,66047,3,6,2,01,19,5,0,2,0,1,0,0,0,0
"POINT (13.747476816000074 51.051586822000047)",Unfall 66049 (2018) Kat:2, Licht: 0,66049,2,3,5,02,16,5,0,0,0,1,0,0,0,0
"POINT (13.701729380000074 51.090984500000047)",Unfall 66072 (2018) Kat:3, Licht: 0,66072,3,2,1,01,15,5,0,0,0,1,0,0,0,0
"POINT (13.709411099000022 51.057205690000046)",Unfall 66074 (2018) Kat:3, Licht: 0,66074,3,3,5,01,15,5,0,0,0,1,0,0,0,1
"POINT (13.739130627000065 51.065748883000026)",Unfall 66076 (2018) Kat:2, Licht: 2,66076,2,1,0,01,04,5,1,2,1,0,0,0,0,0
"POINT (13.790181532000076 51.067125027000031)",Unfall 66095 (2018) Kat:3, Licht: 1,66095,3,6,2,02,17,3,0,1,0,1,0,0,0,0
"POINT (13.736646300000075 51.062963811000031)",Unfall 66104 (2018) Kat:2, Licht: 0,66104,2,1,2,02,12,3,0,0,0,1,0,1,0,0
"POINT (13.732481443000040 51.078631057000052)",Unfall 66118 (2018) Kat:3, Licht: 0,66118,3,7,0,03,15,6,0,0,0,1,0,0,0,1
"POINT (13.807307430000037 50.992094861000055)",Unfall 66125 (2018) Kat:3, Licht: 0,66125,3,2,1,02,09,4,0,0,0,1,0,0,0,0
"POINT (13.718959559000041 51.096614749000082)",Unfall 66138 (2018) Kat:3, Licht: 0,66138,3,3,5,02,07,2,0,0,1,1,0,0,0,0
"POINT (13.662769257000036 51.049455266000052)",Unfall 66145 (2018) Kat:2, Licht: 2,66145,2,2,6,03,06,6,0,2,0,1,1,0,0,0
"POINT (13.715828125000030 51.062867850000032)",Unfall 66149 (2018) Kat:3, Licht: 2,66149,3,3,5,02,18,2,0,2,0,1,0,0,0,1
"POINT (13.636899490000076 51.069987835000063)",Unfall 66176 (2018) Kat:3, Licht: 1,66176,3,1,8,02,17,5,0,1,0,1,0,0,0,0
"POINT (13.721435387000042 51.034374344000071)",Unfall 66184 (2018) Kat:3, Licht: 2,66184,3,3,5,02,18,4,0,2,1,1,0,0,0,0
"POINT (13.737541217000057 51.087245649000067)",Unfall 66185 (2018) Kat:3, Licht: 0,66185,3,2,4,03,07,5,0,0,1,1,0,0,0,0
"POINT (13.625200246000077 51.037150925000049)",Unfall 66195 (2018) Kat:3, Licht: 2,66195,3,6,3,02,05,2,1,2,0,1,0,0,0,0
"POINT (13.849481860000026 51.061834440000041)",Unfall 66199 (2018) Kat:1, Licht: 0,66199,1,4,6,02,12,3,0,0,0,0,1,0,0,1
"POINT (13.800682400000028 51.149615988000050)",Unfall 66204 (2018) Kat:3, Licht: 0,66204,3,2,2,02,09,7,0,0,0,1,0,0,0,0
"POINT (13.838655260000053 51.058323298000062)",Unfall 66209 (2018) Kat:2, Licht: 0,66209,2,1,8,02,14,3,0,0,0,1,0,0,0,0
"POINT (13.668575969000074 51.072718742000063)",Unfall 66240 (2018) Kat:3, Licht: 0,66240,3,1,8,02,09,7,2,0,0,1,0,0,0,0
"POINT (13.748087435000059 51.127009060000034)",Unfall 66243 (2018) Kat:2, Licht: 0,66243,2,6,3,02,07,2,0,0,0,1,0,0,1,0
"POINT (13.690053116000058 51.075083353000082)",Unfall 66245 (2018) Kat:3, Licht: 0,66245,3,3,5,03,13,2,0,0,1,1,0,0,0,0
"POINT (13.829966810000030 50.985440011000037)",Unfall 66246 (2018) Kat:3, Licht: 0,66246,3,6,2,02,15,4,0,0,0,1,0,0,0,1
"POINT (13.747563979000063 51.067819290000045)",Unfall 66255 (2018) Kat:3, Licht: 0,66255,3,3,5,03,15,6,0,0,1,1,0,0,0,0
"POINT (13.751531659000023 51.072305441000026)",Unfall 66259 (2018) Kat:3, Licht: 0,66259,3,1,0,03,08,2,1,0,1,0,0,0,0,0
"POINT (13.731239020000032 51.024839736000047)",Unfall 66270 (2018) Kat:3, Licht: 0,66270,3,3,5,02,13,5,0,0,0,1,0,0,0,0
"POINT (13.692445261000046 51.042870983000057)",Unfall 66281 (2018) Kat:3, Licht: 1,66281,3,3,5,02,18,3,0,1,1,1,0,0,0,0
"POINT (13.768866854000066 51.099435628000037)",Unfall 66303 (2018) Kat:3, Licht: 0,66303,3,4,6,02,09,1,0,0,1,0,1,0,0,0
"POINT (13.721369858000060 51.092033712000045)",Unfall 66307 (2018) Kat:3, Licht: 2,66307,3,5,1,03,18,3,1,2,0,1,0,0,0,0
"POINT (13.737369105000028 51.086756919000038)",Unfall 66323 (2018) Kat:3, Licht: 2,66323,3,6,1,02,17,3,0,2,0,1,0,0,0,0
"POINT (13.844698663000031 51.094418635000068)",Unfall 66338 (2018) Kat:3, Licht: 0,66338,3,1,9,03,06,6,1,0,0,1,0,0,0,0
"POINT (13.745869157000072 51.049588019000055)",Unfall 66346 (2018) Kat:3, Licht: 0,66346,3,6,2,02,07,4,0,0,0,1,0,0,0,0
"POINT (13.761034993000067 51.082988967000063)",Unfall 66352 (2018) Kat:3, Licht: 0,66352,3,2,5,02,07,4,0,0,1,1,0,0,0,0
"POINT (13.673293147000038 51.029046836000077)",Unfall 66358 (2018) Kat:3, Licht: 0,66358,3,6,2,02,14,4,0,0,0,1,0,0,0,1
"POINT (13.696542379000050 51.022405802000037)",Unfall 66367 (2018) Kat:3, Licht: 0,66367,3,1,8,03,09,2,1,0,0,1,0,0,0,0
"POINT (13.838946724000039 51.062251841000034)",Unfall 66369 (2018) Kat:3, Licht: 0,66369,3,6,2,02,11,2,0,0,0,1,0,0,0,1
"POINT (13.745636352000076 51.049309228000027)",Unfall 66404 (2018) Kat:3, Licht: 0,66404,3,3,5,03,06,3,1,0,1,1,0,0,0,0
"POINT (13.737028368000040 51.061507110000036)",Unfall 66405 (2018) Kat:3, Licht: 1,66405,3,1,0,03,17,5,0,1,1,0,0,0,0,0
"POINT (13.746949740000048 51.063718870000059)",Unfall 66407 (2018) Kat:3, Licht: 0,66407,3,4,6,03,16,5,0,0,0,1,1,0,0,0
"POINT (13.606269544000043 51.092092318000027)",Unfall 66415 (2018) Kat:3, Licht: 0,66415,3,7,3,03,16,5,0,0,0,1,0,0,0,0
"POINT (13.722211281000057 51.054094880000036)",Unfall 66416 (2018) Kat:3, Licht: 0,66416,3,7,6,02,09,2,0,0,1,0,1,0,0,0
"POINT (13.746102905000043 51.057140188000062)",Unfall 66419 (2018) Kat:3, Licht: 2,66419,3,3,5,03,18,4,0,2,0,1,0,0,0,0
"POINT (13.777099799000041 50.995582616000036)",Unfall 66421 (2018) Kat:3, Licht: 2,66421,3,7,8,02,19,3,0,2,0,1,0,0,0,0
"POINT (13.741109820000077 51.045815854000068)",Unfall 66430 (2018) Kat:3, Licht: 0,66430,3,6,2,02,12,3,0,0,0,1,0,0,0,0
"POINT (13.689472639000030 51.067437574000053)",Unfall 66437 (2018) Kat:3, Licht: 0,66437,3,6,2,02,11,6,0,0,0,1,0,0,0,0
"POINT (13.652902256000061 51.082374898000069)",Unfall 66447 (2018) Kat:2, Licht: 0,66447,2,2,6,03,07,6,0,0,0,1,1,0,0,0
"POINT (13.726878571000043 51.031939131000058)",Unfall 66462 (2018) Kat:2, Licht: 0,66462,2,2,5,02,08,3,0,0,1,0,0,0,1,0
"POINT (13.738597026000036 51.068568665000043)",Unfall 66468 (2018) Kat:3, Licht: 0,66468,3,7,0,02,12,2,0,0,0,1,0,0,0,1
"POINT (13.819419556000071 51.051396532000069)",Unfall 66472 (2018) Kat:3, Licht: 0,66472,3,7,9,02,16,4,0,0,0,1,0,0,0,0
"POINT (13.638585001000024 51.087115198000049)",Unfall 66512 (2018) Kat:2, Licht: 0,66512,2,6,2,02,09,5,0,0,0,1,0,0,0,0
"POINT (13.611147612000025 51.064189873000032)",Unfall 66516 (2018) Kat:2, Licht: 0,66516,2,6,2,03,17,7,0,0,0,1,0,0,0,0
"POINT (13.732044131000066 51.107078761000082)",Unfall 66529 (2018) Kat:3, Licht: 0,66529,3,1,3,02,08,2,1,0,0,1,0,0,0,0
"POINT (13.739361055000074 51.044683698000028)",Unfall 66532 (2018) Kat:3, Licht: 0,66532,3,6,2,03,14,4,0,0,0,1,0,0,0,0
"POINT (13.751312822000045 51.027271175000067)",Unfall 66533 (2018) Kat:1, Licht: 2,66533,1,6,2,02,20,1,0,2,0,1,0,1,0,0
"POINT (13.803051405000076 50.996209013000055)",Unfall 66534 (2018) Kat:3, Licht: 2,66534,3,6,2,02,19,3,0,2,0,1,0,0,0,0
"POINT (13.691766068000049 51.009114707000037)",Unfall 66537 (2018) Kat:3, Licht: 0,66537,3,1,2,03,10,3,2,0,0,1,0,0,0,0
"POINT (13.740445440000030 51.064565746000028)",Unfall 66544 (2018) Kat:3, Licht: 1,66544,3,6,2,02,18,3,0,1,0,1,0,0,0,1
"POINT (13.766561645000024 51.118652147000034)",Unfall 66552 (2018) Kat:3, Licht: 2,66552,3,6,2,03,22,7,0,2,0,1,0,0,0,0
"POINT (13.670554233000075 51.073017644000060)",Unfall 66592 (2018) Kat:3, Licht: 1,66592,3,6,2,03,17,2,1,1,0,1,0,0,0,0
"POINT (13.658169973000042 51.080066097000042)",Unfall 66600 (2018) Kat:3, Licht: 0,66600,3,2,2,02,15,3,0,0,0,1,0,0,0,1
"POINT (13.763701098000070 51.087130404000050)",Unfall 66603 (2018) Kat:3, Licht: 1,66603,3,2,4,02,18,3,0,1,1,1,0,0,0,0
"POINT (13.690678639000055 51.078324184000053)",Unfall 66613 (2018) Kat:3, Licht: 0,66613,3,1,0,02,12,5,0,0,1,0,0,0,0,0
"POINT (13.790414965000025 51.071650344000034)",Unfall 66620 (2018) Kat:3, Licht: 0,66620,3,3,0,02,11,3,0,0,0,1,0,0,0,1
"POINT (13.691558528000030 51.078966510000043)",Unfall 66623 (2018) Kat:3, Licht: 0,66623,3,6,2,02,14,3,0,0,0,1,0,0,0,0
"POINT (13.726430324000034 51.032140883000068)",Unfall 66628 (2018) Kat:3, Licht: 2,66628,3,7,8,03,17,5,0,2,0,1,0,0,0,0
"POINT (13.740038286000072 51.063682764000077)",Unfall 66648 (2018) Kat:3, Licht: 0,66648,3,7,5,04,17,6,0,0,0,1,0,1,0,0
"POINT (13.819823200000030 51.050870028000077)",Unfall 66666 (2018) Kat:3, Licht: 0,66666,3,2,3,04,17,4,0,0,1,1,0,0,0,0
"POINT (13.770414486000050 51.102490916000079)",Unfall 66669 (2018) Kat:2, Licht: 2,66669,2,3,5,04,21,4,0,2,1,1,0,0,0,0
"POINT (13.838985025000056 51.062248761000035)",Unfall 66673 (2018) Kat:3, Licht: 0,66673,3,2,6,04,12,5,0,0,0,1,1,0,0,0
"POINT (13.870051968000041 51.061342019000051)",Unfall 66690 (2018) Kat:2, Licht: 0,66690,2,2,5,04,16,1,0,0,0,1,0,1,0,0
"POINT (13.681112545000076 51.061887215000070)",Unfall 66692 (2018) Kat:3, Licht: 0,66692,3,6,2,03,11,4,0,0,0,1,0,0,0,0
"POINT (13.691653092000024 51.082054221000078)",Unfall 66696 (2018) Kat:3, Licht: 0,66696,3,2,5,04,17,3,0,0,1,1,0,0,0,0
"POINT (13.696699582000065 51.043354560000068)",Unfall 66700 (2018) Kat:3, Licht: 0,66700,3,1,0,04,11,1,0,0,1,0,0,0,0,0
"POINT (13.733141999000054 51.076302434000070)",Unfall 66705 (2018) Kat:3, Licht: 0,66705,3,2,5,03,07,4,1,0,1,1,0,0,0,0
"POINT (13.733507902000042 51.066231388000062)",Unfall 66710 (2018) Kat:3, Licht: 0,66710,3,2,2,03,07,7,1,0,1,1,0,0,0,0
"POINT (13.690581964000046 51.061380132000068)",Unfall 66714 (2018) Kat:2, Licht: 0,66714,2,4,6,03,17,4,0,0,0,0,1,1,0,0
"POINT (13.721434119000037 51.041927547000057)",Unfall 66718 (2018) Kat:3, Licht: 0,66718,3,6,2,04,12,6,0,0,0,1,0,1,0,0
"POINT (13.739447390000066 51.062775963000036)",Unfall 66722 (2018) Kat:3, Licht: 1,66722,3,2,2,03,06,3,0,1,0,1,0,0,0,0
"POINT (13.710503067000047 51.061586540000064)",Unfall 66734 (2018) Kat:3, Licht: 0,66734,3,3,1,04,16,3,0,0,0,1,0,1,0,0
"POINT (13.799242612000057 50.998240658000043)",Unfall 66740 (2018) Kat:3, Licht: 0,66740,3,6,2,04,13,2,0,0,0,1,0,0,0,0