WKT,Name,OBJECTID,UKATEGORIE,UTYP1,UART,UMONAT,USTUNDE,UWOCHENTAG,STRZUSTAND,ULICHTVERH,ISTRAD,ISTPKW,ISTFUSS,ISTKRAD,ISTGKFZ,ISTSONSTIG
"POINT (13.732484048000060 51.077941732000056)",Unfall 66754 (2018) Kat:3, Licht: 0,66754,3,3,5,04,08,4,0,0,1,1,0,0,0,0
"POINT (13.689972128000022 51.061527671000078)",Unfall 66777 (2018) Kat:3, Licht: 0,66777,3,6,2,03,09,4,0,0,0,1,0,0,0,0
"POINT (13.733350888000075 51.038902826000026)",Unfall 66786 (2018) Kat:3, Licht: 0,66786,3,2,2,03,07,3,0,0,1,1,0,0,0,0
"POINT (13.731202510000060 51.081012180000073)",Unfall 66790 (2018) Kat:3, Licht: 2,66790,3,2,6,04,05,2,1,2,0,1,1,0,0,0
"POINT (13.731640915000071 51.026521478000063)",Unfall 66791 (2018) Kat:3, Licht: 0,66791,3,2,5,04,08,4,0,0,1,1,0,0,0,0
"POINT (13.791793114000029 51.125531543000079)",Unfall 66801 (2018) Kat:3, Licht: 0,66801,3,3,5,03,13,3,0,0,0,1,0,0,0,1
"POINT (13.689553885000066 51.069586649000030)",Unfall 66804 (2018) Kat:3, Licht: 0,66804,3,6,2,03,11,3,0,0,0,1,0,0,0,0
"POINT (13.609768234000057 51.039810522000039)",Unfall 66819 (2018) Kat:2, Licht: 0,66819,2,3,3,04,07,6,0,0,0,1,0,0,0,0
"POINT (13.721531942000070 51.047210599000039)",Unfall 66827 (2018) Kat:3, Licht: 2,66827,3,1,0,04,20,3,0,2,1,0,0,0,0,0
"POINT (13.739080739000030 51.065773278000052)",Unfall 66847 (2018) Kat:3, Licht: 0,66847,3,6,2,04,17,7,0,0,0,1,0,0,0,0
"POINT (13.840940347000071 51.126035978000061)",Unfall 66872 (2018) Kat:2, Licht: 0,66872,2,2,5,04,17,3,0,0,0,1,0,1,0,0
"POINT (13.849755807000065 51.094830911000031)",Unfall 66874 (2018) Kat:3, Licht: 0,66874,3,6,2,04,11,1,0,0,0,1,0,0,0,0
"POINT (13.606814062000069 51.048861331000069)",Unfall 66890 (2018) Kat:3, Licht: 0,66890,3,6,2,04,15,6,0,0,0,0,0,0,1,1
"POINT (13.745361027000058 51.049000996000075)",Unfall 66898 (2018) Kat:3, Licht: 0,66898,3,6,2,04,16,5,0,0,0,1,0,0,0,0
"POINT (13.748529036000036 51.063405821000060)",Unfall 66925 (2018) Kat:3, Licht: 0,66925,3,4,6,04,17,2,0,0,0,1,1,0,0,0
"POINT (13.793831854000075 51.158594571000037)",Unfall 66941 (2018) Kat:3, Licht: 0,66941,3,1,8,04,16,2,0,0,0,0,0,1,0,0
"POINT (13.703426221000029 51.088592201000040)",Unfall 66942 (2018) Kat:2, Licht: 2,66942,2,2,5,04,05,6,0,2,0,1,0,1,0,0
"POINT (13.610654315000033 51.037599638000074)",Unfall 66955 (2018) Kat:3, Licht: 0,66955,3,3,5,04,08,1,0,0,0,1,0,0,0,0
"POINT (13.762856793000026 51.120454957000049)",Unfall 66956 (2018) Kat:3, Licht: 0,66956,3,2,5,04,16,3,0,0,1,0,0,0,0,1
"POINT (13.758984516000055 51.080032867000057)",Unfall 66960 (2018) Kat:3, Licht: 0,66960,3,6,2,03,09,2,0,0,0,1,0,0,0,1
"POINT (13.736435886000038 51.063808729000073)",Unfall 66967 (2018) Kat:3, Licht: 0,66967,3,2,5,04,09,5,1,0,0,1,0,1,0,0
"POINT (13.866636536000044 51.103862296000045)",Unfall 66975 (2018) Kat:3, Licht: 0,66975,3,3,5,04,07,2,1,0,0,1,0,0,0,0
"POINT (13.689863252000066 51.070836342000064)",Unfall 66988 (2018) Kat:3, Licht: 0,66988,3,6,1,03,12,7,0,0,0,1,0,1,0,0
"POINT (13.707448231000058 51.020608870000046)",Unfall 66989 (2018) Kat:3, Licht: 0,66989,3,1,0,04,16,2,0,0,1,0,0,0,0,0
"POINT (13.730676129000074 51.030441764000045)",Unfall 67003 (2018) Kat:3, Licht: 0,67003,3,6,2,04,11,7,0,0,0,1,0,0,0,0
"POINT (13.702433658000075 51.090488819000029)",Unfall 67010 (2018) Kat:2, Licht: 0,67010,2,3,5,03,17,4,1,0,1,1,0,0,0,0
"POINT (13.748328838000077 51.063439772000038)",Unfall 67025 (2018) Kat:3, Licht: 0,67025,3,4,6,04,18,4,0,0,0,1,1,0,0,0
"POINT (13.736358220000056 51.063878305000060)",Unfall 67029 (2018) Kat:3, Licht: 0,67029,3,7,0,04,19,4,0,0,1,1,0,0,0,0
"POINT (13.795950460000029 50.996071473000029)",Unfall 67033 (2018) Kat:2, Licht: 0,67033,2,3,5,04,10,5,0,0,0,1,0,0,0,0
"POINT (13.668275504000064 51.073245642000074)",Unfall 67057 (2018) Kat:3, Licht: 2,67057,3,7,4,04,22,3,0,2,0,1,0,0,0,0
"POINT (13.727852089000066 51.058343871000034)",Unfall 67075 (2018) Kat:3, Licht: 0,67075,3,6,2,04,09,7,0,0,0,1,0,0,0,0
"POINT (13.706906484000058 51.051454485000079)",Unfall 67078 (2018) Kat:3, Licht: 0,67078,3,6,2,04,16,6,0,0,0,1,0,1,0,0
"POINT (13.824463073000061 51.043318411000030)",Unfall 67082 (2018) Kat:3, Licht: 0,67082,3,6,3,03,17,3,0,0,1,0,0,0,0,1
"POINT (13.724855139000056 51.056154296000045)",Unfall 67085 (2018) Kat:3, Licht: 0,67085,3,3,5,04,07,5,0,0,1,1,0,0,0,0
"POINT (13.799225991000071 51.165164094000033)",Unfall 67101 (2018) Kat:2, Licht: 0,67101,2,6,2,04,16,2,0,0,0,0,0,0,0,1
"POINT (13.763481343000024 51.120626709000078)",Unfall 67118 (2018) Kat:2, Licht: 2,67118,2,3,0,03,05,3,0,2,1,1,0,0,0,0
"POINT (13.721696159000032 51.047209264000060)",Unfall 67132 (2018) Kat:2, Licht: 0,67132,2,1,0,04,15,3,0,0,1,0,0,0,0,0
"POINT (13.720567872000061 51.049465241000064)",Unfall 67139 (2018) Kat:3, Licht: 2,67139,3,2,5,03,22,4,1,2,1,1,0,0,0,0
"POINT (13.808820853000043 50.977527960000032)",Unfall 67152 (2018) Kat:3, Licht: 0,67152,3,2,5,04,11,2,1,0,0,1,0,0,0,0
"POINT (13.706212623000056 51.045355527000027)",Unfall 67153 (2018) Kat:3, Licht: 0,67153,3,6,2,04,14,4,0,0,0,1,0,0,1,0
"POINT (13.718954159000077 51.096631692000074)",Unfall 67156 (2018) Kat:3, Licht: 2,67156,3,3,5,04,22,1,1,2,1,1,0,0,0,0
"POINT (13.839694318000056 51.126039411000079)",Unfall 67162 (2018) Kat:3, Licht: 0,67162,3,1,5,03,07,7,2,0,0,1,0,0,0,1
"POINT (13.745377050000059 51.049018233000027)",Unfall 67165 (2018) Kat:3, Licht: 0,67165,3,3,5,04,11,2,0,0,0,1,0,0,0,0
"POINT (13.731506012000068 51.034973393000030)",Unfall 67170 (2018) Kat:2, Licht: 0,67170,2,4,6,03,07,6,1,0,0,1,1,0,0,0
"POINT (13.734270703000050 51.126132799000061)",Unfall 67181 (2018) Kat:3, Licht: 0,67181,3,6,3,03,09,6,0,0,0,1,0,0,0,0
"POINT (13.769420796000077 51.066147010000066)",Unfall 67183 (2018) Kat:3, Licht: 0,67183,3,6,0,04,13,6,0,0,0,1,0,0,0,1
"POINT (13.740988708000032 51.064766823000070)",Unfall 67185 (2018) Kat:3, Licht: 0,67185,3,4,6,04,18,6,1,0,0,0,1,0,0,1
"POINT (13.747392055000034 51.051466905000041)",Unfall 67206 (2018) Kat:2, Licht: 2,67206,2,1,0,04,20,4,0,2,1,0,0,0,0,0
"POINT (13.738269260000038 51.044038134000061)",Unfall 67211 (2018) Kat:2, Licht: 0,67211,2,4,6,04,09,5,0,0,0,0,1,0,0,1
"POINT (13.706895117000045 51.019996070000047)",Unfall 67239 (2018) Kat:2, Licht: 0,67239,2,1,0,04,13,1,0,0,1,1,0,0,0,0
"POINT (13.725899518000062 51.056929254000067)",Unfall 67257 (2018) Kat:3, Licht: 0,67257,3,6,2,04,17,6,0,0,0,1,0,1,0,0
"POINT (13.703550729000028 51.050698874000034)",Unfall 67264 (2018) Kat:2, Licht: 0,67264,2,3,5,04,10,5,0,0,0,1,0,0,0,1
"POINT (13.602440922000028 51.093505285000049)",Unfall 67267 (2018) Kat:3, Licht: 0,67267,3,2,5,04,16,4,0,0,1,1,0,0,0,0
"POINT (13.717583707000074 51.038613487000077)",Unfall 67274 (2018) Kat:3, Licht: 0,67274,3,1,0,04,16,3,0,0,1,0,0,0,0,0
"POINT (13.755775312000026 51.026402406000045)",Unfall 67293 (2018) Kat:3, Licht: 0,67293,3,3,5,04,16,2,0,0,1,1,0,0,0,0
"POINT (13.746785427000077 51.063762727000039)",Unfall 67312 (2018) Kat:3, Licht: 0,67312,3,2,5,03,08,6,0,0,1,1,0,0,0,0
"POINT (13.901539843000023 51.047172951000050)",Unfall 67322 (2018) Kat:3, Licht: 0,67322,3,1,4,03,17,4,1,0,0,1,0,0,0,0
"POINT (13.808795149000048 51.151219348000041)",Unfall 67345 (2018) Kat:3, Licht: 1,67345,3,1,4,04,06,2,1,1,0,1,0,0,0,0
"POINT (13.731409300000053 51.035205225000027)",Unfall 67346 (2018) Kat:3, Licht: 0,67346,3,2,4,03,08,5,0,0,1,0,0,0,0,1
"POINT (13.721373450000044 51.041818103000026)",Unfall 67357 (2018) Kat:3, Licht: 0,67357,3,2,4,04,19,2,0,0,1,1,0,0,0,0
"POINT (13.727281220000066 51.057995500000061)",Unfall 67358 (2018) Kat:3, Licht: 0,67358,3,2,5,03,14,6,0,0,1,1,0,0,0,0
"POINT (13.742017903000033 51.064675462000082)",Unfall 67362 (2018) Kat:2, Licht: 2,67362,2,3,5,04,00,6,0,2,1,1,0,0,0,0
"POINT (13.737609717000055 51.029155988000070)",Unfall 67369 (2018) Kat:3, Licht: 0,67369,3,7,6,03,14,5,1,0,0,1,1,0,0,0
"POINT (13.678023901000074 51.049467844000048)",Unfall 67388 (2018) Kat:3, Licht: 0,67388,3,1,0,03,17,2,0,0,1,0,0,0,0,0
"POINT (13.719986280000057 51.040579109000078)",Unfall 67394 (2018) Kat:3, Licht: 2,67394,3,1,0,04,21,4,0,2,1,0,0,0,0,0
"POINT (13.699924241000076 51.043693765000057)",Unfall 67416 (2018) Kat:3, Licht: 0,67416,3,6,1,04,10,3,0,0,0,1,0,0,0,1
"POINT (13.746683478000023 51.051365133000047)",Unfall 67418 (2018) Kat:3, Licht: 0,67418,3,3,5,04,16,1,0,0,0,1,0,0,0,0
"POINT (13.647710843000027 51.035620064000057)",Unfall 67420 (2018) Kat:3, Licht: 1,67420,3,6,2,03,16,5,0,1,0,1,0,0,0,0
"POINT (13.588428336000050 51.050757328000032)",Unfall 67423 (2018) Kat:3, Licht: 0,67423,3,6,2,04,15,3,0,0,0,1,0,0,0,0
"POINT (13.739253408000025 51.077249390000077)",Unfall 67431 (2018) Kat:2, Licht: 2,67431,2,4,6,03,04,5,1,2,0,1,1,0,0,0
"POINT (13.724229682000043 51.011886982000078)",Unfall 67438 (2018) Kat:3, Licht: 2,67438,3,6,6,04,05,7,1,2,0,1,1,0,0,0
"POINT (13.689860623000072 51.072044290000065)",Unfall 67442 (2018) Kat:3, Licht: 2,67442,3,6,1,04,20,6,0,2,0,1,0,0,0,0
"POINT (13.722187781000059 51.054073777000042)",Unfall 67445 (2018) Kat:3, Licht: 0,67445,3,6,2,04,15,1,0,0,0,1,0,0,0,0
"POINT (13.755550655000036 51.076655460000040)",Unfall 67446 (2018) Kat:3, Licht: 0,67446,3,2,0,03,17,3,0,0,1,0,0,0,0,1
"POINT (13.722220880000066 51.054103501000043)",Unfall 67448 (2018) Kat:3, Licht: 0,67448,3,6,2,04,18,5,0,0,1,1,0,0,0,0
"POINT (13.726536143000033 51.044079732000057)",Unfall 67465 (2018) Kat:3, Licht: 0,67465,3,3,5,04,16,2,0,0,1,1,0,0,0,0
"POINT (13.662548523000055 51.049439982000081)",Unfall 67488 (2018) Kat:2, Licht: 0,67488,2,3,5,04,17,5,0,0,1,1,0,0,0,0
"POINT (13.742020255000057 51.064675250000050)",Unfall 67496 (2018) Kat:3, Licht: 0,67496,3,3,5,04,07,1,0,0,1,1,0,0,0,0
"POINT (13.751890003000028 51.062980553000045)",Unfall 67497 (2018) Kat:3, Licht: 0,67497,3,2,6,04,13,3,0,0,0,1,1,0,0,0
"POINT (13.789553742000066 51.118532659000039)",Unfall 67501 (2018) Kat:3, Licht: 0,67501,3,1,1,03,15,4,0,0,0,1,0,0,0,0
"POINT (13.607926364000036 51.045778754000025)",Unfall 67517 (2018) Kat:3, Licht: 1,67517,3,1,9,04,06,2,1,1,0,1,0,0,0,0
"POINT (13.826822104000030 51.085116762000041)",Unfall 67530 (2018) Kat:2, Licht: 0,67530,2,1,8,04,18,2,1,0,0,0,0,1,0,0
"POINT (13.740307602000030 51.064687506000041)",Unfall 67545 (2018) Kat:3, Licht: 0,67545,3,3,5,06,15,3,0,0,0,1,0,0,0,0
"POINT (13.726851218000036 51.015863227000068)",Unfall 67569 (2018) Kat:3, Licht: 0,67569,3,1,0,05,13,3,1,0,0,0,0,1,0,0
"POINT (13.794324805000031 51.066496880000045)",Unfall 67573 (2018) Kat:3, Licht: 0,67573,3,3,5,05,18,7,0,0,1,1,0,0,0,0
"POINT (13.735840293000024 51.108307181000043)",Unfall 67577 (2018) Kat:2, Licht: 0,67577,2,7,0,05,16,2,0,0,0,0,0,1,0,0
"POINT (13.839103626000053 51.062239221000027)",Unfall 67594 (2018) Kat:3, Licht: 0,67594,3,6,2,05,16,4,0,0,0,1,0,0,0,0
"POINT (13.625935619000074 51.067667291000078)",Unfall 67605 (2018) Kat:3, Licht: 0,67605,3,6,2,06,09,1,0,0,0,1,0,0,0,1
"POINT (13.883193128000073 51.112187258000063)",Unfall 67615 (2018) Kat:2, Licht: 1,67615,2,1,8,05,20,5,1,1,0,1,0,0,0,0
"POINT (13.729479953000066 51.083038617000057)",Unfall 67617 (2018) Kat:3, Licht: 0,67617,3,3,5,05,11,3,0,0,1,1,0,0,0,0
"POINT (13.694260470000074 51.043106163000061)",Unfall 67625 (2018) Kat:3, Licht: 0,67625,3,1,0,05,06,5,1,0,0,0,0,1,0,0
"POINT (13.711976071000038 51.025557205000041)",Unfall 67636 (2018) Kat:3, Licht: 0,67636,3,3,5,05,12,2,0,0,0,1,0,1,0,0
"POINT (13.715628780000031 51.036919306000073)",Unfall 67637 (2018) Kat:3, Licht: 0,67637,3,2,2,05,17,5,0,0,0,1,0,0,0,0
"POINT (13.739011680000033 51.064206687000080)",Unfall 67643 (2018) Kat:3, Licht: 0,67643,3,6,3,05,18,4,0,0,1,1,0,0,0,0
"POINT (13.741001547000053 51.064765734000048)",Unfall 67654 (2018) Kat:2, Licht: 0,67654,2,4,6,05,16,3,0,0,1,0,1,0,0,0
"POINT (13.772671801000058 51.014610220000066)",Unfall 67671 (2018) Kat:3, Licht: 0,67671,3,6,3,05,12,1,0,0,0,1,0,1,0,0
"POINT (13.602172919000054 51.037284107000062)",Unfall 67674 (2018) Kat:3, Licht: 0,67674,3,1,9,06,08,2,0,0,0,1,0,0,0,0
"POINT (13.812479857000028 51.063796755000055)",Unfall 67679 (2018) Kat:2, Licht: 2,67679,2,1,0,06,00,3,1,2,1,0,0,0,0,0
"POINT (13.722580615000027 51.033495420000065)",Unfall 67692 (2018) Kat:3, Licht: 0,67692,3,3,5,06,16,2,0,0,1,1,0,0,0,0
"POINT (13.727927694000073 51.060199760000046)",Unfall 67696 (2018) Kat:3, Licht: 2,67696,3,6,3,06,21,6,1,2,0,1,0,0,0,0
"POINT (13.738076856000077 51.089985003000038)",Unfall 67703 (2018) Kat:3, Licht: 0,67703,3,3,5,06,07,3,0,0,1,1,0,0,0,0
"POINT (13.745901967000066 51.049626449000073)",Unfall 67705 (2018) Kat:3, Licht: 0,67705,3,1,0,05,14,3,0,0,0,0,0,1,0,0
"POINT (13.734400030000074 51.040222314000061)",Unfall 67730 (2018) Kat:3, Licht: 0,67730,3,2,5,05,15,6,0,0,1,1,0,0,0,0
"POINT (13.734607703000052 51.106726865000041)",Unfall 67732 (2018) Kat:3, Licht: 0,67732,3,6,4,06,15,3,0,0,1,0,0,0,0,0
"POINT (13.747231670000076 51.051239992000035)",Unfall 67733 (2018) Kat:3, Licht: 0,67733,3,7,0,05,18,5,0,0,1,0,0,0,0,0
"POINT (13.679124526000066 51.020351345000051)",Unfall 67738 (2018) Kat:3, Licht: 0,67738,3,6,2,05,15,7,0,0,0,1,0,0,0,0
"POINT (13.745659670000066 51.049338271000067)",Unfall 67745 (2018) Kat:3, Licht: 0,67745,3,3,5,05,07,4,0,0,1,1,0,0,0,0
"POINT (13.702259468000022 51.059121752000067)",Unfall 67749 (2018) Kat:2, Licht: 0,67749,2,6,1,05,13,4,0,0,0,1,0,0,1,0
"POINT (13.702719108000053 51.089994502000081)",Unfall 67798 (2018) Kat:2, Licht: 0,67798,2,3,5,06,13,4,0,0,1,0,0,0,0,0
"POINT (13.717969990000029 51.038761579000038)",Unfall 67804 (2018) Kat:3, Licht: 0,67804,3,1,0,05,06,2,0,0,0,0,0,1,0,0
"POINT (13.722181169000066 51.054060278000065)",Unfall 67815 (2018) Kat:3, Licht: 0,67815,3,3,5,05,14,7,0,0,0,1,0,0,0,0
"POINT (13.718533148000063 51.097432799000046)",Unfall 67817 (2018) Kat:3, Licht: 0,67817,3,1,0,05,14,1,0,0,1,0,0,0,0,0
"POINT (13.739217639000060 51.065868434000038)",Unfall 67830 (2018) Kat:3, Licht: 0,67830,3,2,5,05,08,3,0,0,1,1,0,0,0,0
"POINT (13.718261445000053 51.076863609000043)",Unfall 67843 (2018) Kat:3, Licht: 0,67843,3,6,2,05,14,4,0,0,0,1,0,0,0,1
"POINT (13.732820580000066 51.038183247000063)",Unfall 67847 (2018) Kat:3, Licht: 0,67847,3,6,3,06,15,3,0,0,0,1,0,0,1,0
"POINT (13.779552484000021 51.066964146000032)",Unfall 67850 (2018) Kat:3, Licht: 0,67850,3,3,5,05,16,4,0,0,1,1,0,0,0,0
"POINT (13.803828547000023 50.995367202000068)",Unfall 67857 (2018) Kat:3, Licht: 0,67857,3,6,2,05,07,4,1,0,0,1,0,0,0,0
"POINT (13.722282334000056 51.091077055000028)",Unfall 67864 (2018) Kat:3, Licht: 0,67864,3,6,1,05,07,2,0,0,0,1,0,0,0,0
"POINT (13.798127784000030 50.983558784000081)",Unfall 67865 (2018) Kat:2, Licht: 0,67865,2,6,4,05,16,4,0,0,0,1,0,0,0,1
"POINT (13.783760331000053 51.009568282000032)",Unfall 67870 (2018) Kat:3, Licht: 0,67870,3,3,5,05,15,4,0,0,1,1,0,0,0,0
"POINT (13.710025234000057 51.058074793000060)",Unfall 67871 (2018) Kat:2, Licht: 2,67871,2,2,5,05,22,4,0,2,1,1,0,0,0,0
"POINT (13.820998500000030 51.063850836000029)",Unfall 67872 (2018) Kat:3, Licht: 0,67872,3,1,0,05,10,4,1,0,0,0,0,1,0,0
"POINT (13.734864892000076 51.065151240000034)",Unfall 67893 (2018) Kat:3, Licht: 0,67893,3,7,6,05,20,5,0,0,1,0,1,0,0,0
"POINT (13.811830980000025 51.064260100000070)",Unfall 67896 (2018) Kat:3, Licht: 0,67896,3,1,8,06,08,3,1,0,1,0,0,0,0,0
"POINT (13.732491842000059 51.077972092000039)",Unfall 67897 (2018) Kat:3, Licht: 0,67897,3,3,5,05,07,5,0,0,1,1,0,0,0,0
"POINT (13.736943733000032 51.093752588000029)",Unfall 67914 (2018) Kat:3, Licht: 0,67914,3,1,8,06,19,6,1,0,0,0,0,1,0,0
"POINT (13.763718690000076 51.087160767000057)",Unfall 67921 (2018) Kat:3, Licht: 0,67921,3,2,5,06,13,3,0,0,1,0,0,0,0,1
"POINT (13.672236575000056 51.050253211000040)",Unfall 67925 (2018) Kat:3, Licht: 0,67925,3,2,5,06,07,6,0,0,1,1,0,0,0,0
"POINT (13.704424389000053 51.050863667000044)",Unfall 67933 (2018) Kat:3, Licht: 0,67933,3,6,2,05,06,3,0,0,0,1,0,0,0,1
"POINT (13.758946567000066 51.079978055000026)",Unfall 67939 (2018) Kat:3, Licht: 0,67939,3,3,5,05,14,2,0,0,0,1,0,0,0,1
"POINT (13.720514835000074 51.049786080000047)",Unfall 67945 (2018) Kat:3, Licht: 2,67945,3,7,0,05,02,5,0,2,1,0,0,0,0,0
"POINT (13.827279656000030 50.986075611000047)",Unfall 67951 (2018) Kat:2, Licht: 0,67951,2,1,0,06,20,7,0,0,1,0,0,0,0,0
"POINT (13.730097821000072 51.060180525000078)",Unfall 67963 (2018) Kat:3, Licht: 2,67963,3,1,9,05,02,3,1,2,0,1,0,0,0,0
"POINT (13.814015093000023 50.988426152000045)",Unfall 68015 (2018) Kat:3, Licht: 0,68015,3,3,5,05,19,7,0,0,0,1,0,0,0,0
"POINT (13.733019877000061 51.061202910000077)",Unfall 68020 (2018) Kat:3, Licht: 0,68020,3,6,3,05,16,2,0,0,1,0,0,0,0,0
"POINT (13.732114651000074 51.126353405000032)",Unfall 68025 (2018) Kat:2, Licht: 0,68025,2,6,3,05,16,7,0,0,0,0,0,1,0,1
"POINT (13.800681833000056 51.149614685000074)",Unfall 68037 (2018) Kat:3, Licht: 0,68037,3,2,2,05,14,4,0,0,0,1,0,0,0,0
"POINT (13.666788580000059 51.072279765000076)",Unfall 68040 (2018) Kat:3, Licht: 0,68040,3,6,2,05,11,1,0,0,0,1,0,0,0,0
"POINT (13.894186736000051 51.067020507000052)",Unfall 68041 (2018) Kat:3, Licht: 0,68041,3,1,1,05,15,6,0,0,0,1,0,0,0,0
"POINT (13.841956486000072 51.094503233000069)",Unfall 68045 (2018) Kat:3, Licht: 0,68045,3,6,2,05,18,3,0,0,0,1,0,1,0,0
"POINT (13.723168298000076 51.033959370000048)",Unfall 68077 (2018) Kat:3, Licht: 0,68077,3,3,0,05,18,2,0,0,1,1,0,0,0,0
"POINT (13.740940051000052 51.111664199000074)",Unfall 68080 (2018) Kat:2, Licht: 0,68080,2,6,3,06,06,5,0,0,0,1,0,0,0,1
"POINT (13.787686283000028 51.006097873000044)",Unfall 68084 (2018) Kat:3, Licht: 0,68084,3,6,3,05,07,4,0,0,1,0,0,0,0,0
"POINT (13.726771766000070 51.031986525000036)",Unfall 68096 (2018) Kat:3, Licht: 0,68096,3,7,0,05,09,3,0,0,0,0,0,0,0,1
"POINT (13.763701228000059 51.087130627000079)",Unfall 68103 (2018) Kat:3, Licht: 0,68103,3,2,5,06,16,6,0,0,1,1,0,0,0,0
"POINT (13.776106858000048 51.013311119000036)",Unfall 68111 (2018) Kat:3, Licht: 0,68111,3,3,5,05,14,5,0,0,1,1,0,0,0,0
"POINT (13.732491444000061 51.077970635000042)",Unfall 68124 (2018) Kat:3, Licht: 0,68124,3,3,5,05,07,5,0,0,1,1,0,0,0,0
"POINT (13.734325949000038 51.065578647000052)",Unfall 68125 (2018) Kat:3, Licht: 0,68125,3,3,5,06,16,3,0,0,1,0,0,0,0,1
"POINT (13.770414282000047 51.102490466000063)",Unfall 68127 (2018) Kat:3, Licht: 0,68127,3,3,5,05,11,2,0,0,1,1,0,0,0,0
"POINT (13.736923930000046 51.093303852000076)",Unfall 68139 (2018) Kat:3, Licht: 0,68139,3,3,5,06,16,2,0,0,0,1,0,0,0,0
"POINT (13.740730671000051 51.057885032000058)",Unfall 68143 (2018) Kat:3, Licht: 0,68143,3,4,6,06,15,6,1,0,0,1,1,0,0,0
"POINT (13.747941885000046 51.126482208000027)",Unfall 68152 (2018) Kat:3, Licht: 0,68152,3,6,3,04,11,2,0,0,0,1,0,0,1,0
"POINT (13.723152111000047 51.013121276000049)",Unfall 68155 (2018) Kat:3, Licht: 0,68155,3,1,2,04,16,2,0,0,0,1,0,1,0,0
"POINT (13.746810373000073 51.063821919000077)",Unfall 68160 (2018) Kat:3, Licht: 2,68160,3,1,0,04,22,2,0,2,1,0,0,0,0,0
"POINT (13.730763175000050 51.030114473000026)",Unfall 68173 (2018) Kat:3, Licht: 0,68173,3,3,5,05,11,6,0,0,1,1,0,0,0,0
"POINT (13.733791572000030 51.039766405000080)",Unfall 68177 (2018) Kat:3, Licht: 0,68177,3,1,0,06,12,4,0,0,1,0,0,0,0,0
"POINT (13.772318858000062 51.066702069000030)",Unfall 68187 (2018) Kat:3, Licht: 0,68187,3,2,3,05,18,6,0,0,0,1,0,1,0,0
"POINT (13.707513252000069 51.041273640000043)",Unfall 68194 (2018) Kat:3, Licht: 0,68194,3,3,5,05,07,4,0,0,1,1,0,0,0,0
"POINT (13.740283079000051 51.064758649000055)",Unfall 68200 (2018) Kat:3, Licht: 0,68200,3,2,2,06,17,3,0,0,0,1,0,0,0,0
"POINT (13.681268650000050 51.048664921000068)",Unfall 68205 (2018) Kat:3, Licht: 0,68205,3,3,5,05,13,6,0,0,1,1,0,0,0,0
"POINT (13.723338620000050 51.044943196000077)",Unfall 68251 (2018) Kat:3, Licht: 0,68251,3,4,6,05,18,4,0,0,0,1,1,0,0,1
"POINT (13.732869514000072 51.077994001000036)",Unfall 68264 (2018) Kat:3, Licht: 0,68264,3,3,5,05,12,7,0,0,1,1,0,0,0,0
"POINT (13.784721549000039 51.114618353000026)",Unfall 68267 (2018) Kat:3, Licht: 0,68267,3,3,0,06,17,1,0,0,1,1,0,0,0,0
"POINT (13.847814514000049 51.061174408000056)",Unfall 68277 (2018) Kat:3, Licht: 0,68277,3,1,0,05,17,5,0,0,1,0,0,0,0,0
"POINT (13.723182920000056 51.043038190000061)",Unfall 68279 (2018) Kat:3, Licht: 0,68279,3,7,1,05,10,3,0,0,0,1,0,1,0,0
"POINT (13.689703014000031 51.061783692000063)",Unfall 68297 (2018) Kat:3, Licht: 0,68297,3,3,5,06,06,3,0,0,1,1,0,0,0,0
"POINT (13.798195520000036 51.075745151000035)",Unfall 68299 (2018) Kat:3, Licht: 0,68299,3,6,3,05,07,2,0,0,0,1,0,0,0,1
"POINT (13.812405050000052 51.063830065000047)",Unfall 68320 (2018) Kat:3, Licht: 0,68320,3,3,5,05,16,3,0,0,0,1,0,0,0,0
"POINT (13.615299109000034 51.065169401000048)",Unfall 68336 (2018) Kat:3, Licht: 0,68336,3,6,2,04,17,1,0,0,0,1,0,0,0,0
"POINT (13.854910190000055 51.061862311000027)",Unfall 68338 (2018) Kat:3, Licht: 0,68338,3,2,5,05,18,1,0,0,0,1,0,0,0,0
"POINT (13.710503962000075 51.061586531000046)",Unfall 68341 (2018) Kat:3, Licht: 0,68341,3,3,5,06,14,2,0,0,1,1,0,0,0,0
"POINT (13.821887356000047 51.056404068000063)",Unfall 68346 (2018) Kat:2, Licht: 0,68346,2,1,8,06,18,3,0,0,0,0,0,1,0,0
"POINT (13.689712483000051 51.061781764000045)",Unfall 68347 (2018) Kat:3, Licht: 1,68347,3,3,5,05,20,5,0,1,1,1,0,0,0,0
"POINT (13.686015236000060 51.062299605000078)",Unfall 68351 (2018) Kat:3, Licht: 0,68351,3,7,3,05,16,6,0,0,0,1,0,1,0,0
"POINT (13.637508787000058 51.070285412000032)",Unfall 68360 (2018) Kat:3, Licht: 0,68360,3,6,2,06,06,2,0,0,0,1,0,0,0,1
"POINT (13.746828693000054 51.064115068000035)",Unfall 68364 (2018) Kat:3, Licht: 0,68364,3,6,3,06,18,6,1,0,0,1,0,1,0,0
"POINT (13.768486970000026 51.019572695000079)",Unfall 68371 (2018) Kat:3, Licht: 0,68371,3,6,0,06,10,3,0,0,0,1,0,0,0,0
"POINT (13.745995698000058 51.049736234000079)",Unfall 68373 (2018) Kat:3, Licht: 0,68373,3,6,2,05,14,3,0,0,0,1,0,0,0,0
"POINT (13.691898621000064 51.084342157000037)",Unfall 68391 (2018) Kat:3, Licht: 0,68391,3,3,5,05,07,2,0,0,0,1,0,0,1,0