WKT,Name,OBJECTID,UKATEGORIE,UTYP1,UART,UMONAT,USTUNDE,UWOCHENTAG,STRZUSTAND,ULICHTVERH,ISTRAD,ISTPKW,ISTFUSS,ISTKRAD,ISTGKFZ,ISTSONSTIG
"POINT (13.769105406000051 51.018800285000054)",Unfall 68402 (2018) Kat:3, Licht: 0,68402,3,7,8,05,12,7,0,0,0,0,0,0,0,1
"POINT (13.730434453000044 51.069246506000070)",Unfall 68410 (2018) Kat:3, Licht: 0,68410,3,3,5,05,16,4,0,0,0,1,0,1,0,0
"POINT (13.802673368000058 50.987511129000040)",Unfall 68414 (2018) Kat:2, Licht: 0,68414,2,3,5,05,16,4,0,0,0,1,0,0,0,0
"POINT (13.694872664000059 51.043167033000032)",Unfall 68464 (2018) Kat:3, Licht: 0,68464,3,3,5,06,17,4,0,0,1,1,0,0,0,0
"POINT (13.612407410000060 51.044596384000045)",Unfall 68465 (2018) Kat:3, Licht: 0,68465,3,1,0,05,17,7,0,0,1,0,0,0,0,0
"POINT (13.828825604000031 51.058549431000074)",Unfall 68470 (2018) Kat:3, Licht: 0,68470,3,2,5,05,06,2,0,0,1,1,0,0,0,0
"POINT (13.737110207000057 51.063257322000027)",Unfall 68475 (2018) Kat:3, Licht: 1,68475,3,6,3,05,20,7,0,1,1,1,0,0,0,0
"POINT (13.746074960000044 51.057159215000070)",Unfall 68480 (2018) Kat:2, Licht: 0,68480,2,3,5,05,20,7,0,0,0,1,0,1,0,0
"POINT (13.746956261000037 51.063717124000050)",Unfall 68486 (2018) Kat:3, Licht: 0,68486,3,4,6,05,17,4,0,0,1,0,1,0,0,0
"POINT (13.635505417000047 51.069695892000027)",Unfall 68489 (2018) Kat:3, Licht: 0,68489,3,7,9,05,14,1,0,0,0,0,0,1,0,0
"POINT (13.761298080000074 51.083374798000079)",Unfall 68490 (2018) Kat:3, Licht: 0,68490,3,2,5,05,15,6,0,0,1,1,0,0,0,0
"POINT (13.743434583000067 51.047564813000065)",Unfall 68494 (2018) Kat:3, Licht: 0,68494,3,2,3,05,11,3,0,0,0,1,0,0,1,0
"POINT (13.733345675000066 51.038892255000064)",Unfall 68511 (2018) Kat:3, Licht: 0,68511,3,2,2,06,14,3,0,0,1,1,0,0,0,0
"POINT (13.704471022000064 51.050771393000048)",Unfall 68525 (2018) Kat:3, Licht: 0,68525,3,6,2,05,08,2,0,0,0,1,0,0,0,0
"POINT (13.761298080000074 51.083374798000079)",Unfall 68528 (2018) Kat:3, Licht: 0,68528,3,2,4,06,06,5,0,0,1,1,0,0,0,0
"POINT (13.733062388000064 51.038706830000081)",Unfall 68532 (2018) Kat:3, Licht: 0,68532,3,6,0,05,13,4,0,0,1,0,0,0,0,0
"POINT (13.664970028000027 51.076409743000056)",Unfall 68548 (2018) Kat:3, Licht: 0,68548,3,6,2,05,15,1,0,0,0,1,0,0,0,0
"POINT (13.760123584000041 51.023306369000068)",Unfall 68549 (2018) Kat:3, Licht: 0,68549,3,2,5,06,07,6,0,0,1,1,0,0,0,0
"POINT (13.737656635000064 51.061462640000059)",Unfall 68556 (2018) Kat:3, Licht: 0,68556,3,1,0,06,08,3,1,0,1,0,0,0,0,0
"POINT (13.686388905000058 51.062272129000064)",Unfall 68557 (2018) Kat:3, Licht: 0,68557,3,6,3,05,11,5,0,0,0,1,0,0,1,0
"POINT (13.790333623000038 51.071590320000041)",Unfall 68570 (2018) Kat:3, Licht: 0,68570,3,6,2,05,07,4,0,0,1,1,0,0,0,0
"POINT (13.662770442000067 51.049455349000027)",Unfall 68583 (2018) Kat:2, Licht: 0,68583,2,4,6,06,12,2,0,0,0,1,1,0,0,0
"POINT (13.820529523000062 51.049400156000047)",Unfall 68587 (2018) Kat:3, Licht: 0,68587,3,6,2,06,06,6,0,0,0,1,0,0,0,0
"POINT (13.723409520000075 51.055050518000030)",Unfall 68595 (2018) Kat:3, Licht: 0,68595,3,6,2,05,10,3,0,0,0,1,0,0,0,0
"POINT (13.731251514000064 51.080922195000028)",Unfall 68602 (2018) Kat:3, Licht: 0,68602,3,7,0,05,10,2,0,0,1,0,0,0,0,0
"POINT (13.776411208000070 51.110878252000077)",Unfall 68620 (2018) Kat:3, Licht: 0,68620,3,1,0,06,06,4,0,0,1,0,0,0,0,0
"POINT (13.697257221000029 51.014513304000047)",Unfall 68637 (2018) Kat:3, Licht: 0,68637,3,3,5,06,14,7,0,0,0,1,0,0,0,0
"POINT (13.718952328000057 51.096637434000058)",Unfall 68641 (2018) Kat:2, Licht: 0,68641,2,2,3,06,19,4,0,0,1,1,0,0,0,0
"POINT (13.708551873000033 51.084355911000046)",Unfall 68642 (2018) Kat:3, Licht: 0,68642,3,1,0,06,19,3,0,0,1,0,0,0,0,0
"POINT (13.721126778000041 51.034511961000078)",Unfall 68643 (2018) Kat:3, Licht: 0,68643,3,5,3,06,15,4,0,0,0,1,0,1,0,0
"POINT (13.823280831000034 51.057583875000034)",Unfall 68644 (2018) Kat:3, Licht: 0,68644,3,6,0,06,14,4,0,0,1,0,0,0,0,1
"POINT (13.747689508000065 51.067998430000046)",Unfall 68646 (2018) Kat:3, Licht: 0,68646,3,6,2,06,14,4,0,0,1,1,0,0,0,0
"POINT (13.862939459000074 51.055551484000034)",Unfall 68647 (2018) Kat:3, Licht: 0,68647,3,6,2,06,07,4,0,0,1,1,0,0,0,0
"POINT (13.731928666000044 51.126372221000054)",Unfall 68650 (2018) Kat:3, Licht: 0,68650,3,2,5,06,16,4,0,0,0,1,0,0,0,1
"POINT (13.745362155000066 51.049002209000037)",Unfall 68674 (2018) Kat:3, Licht: 0,68674,3,2,5,06,08,5,0,0,1,1,0,0,0,0
"POINT (13.731060558000024 51.034412185000065)",Unfall 68693 (2018) Kat:3, Licht: 0,68693,3,2,5,06,16,3,0,0,0,1,0,0,0,1
"POINT (13.671157914000048 51.073135801000035)",Unfall 68712 (2018) Kat:2, Licht: 0,68712,2,6,2,06,08,4,0,0,0,1,0,0,1,0
"POINT (13.769956307000029 51.116383349000046)",Unfall 68732 (2018) Kat:3, Licht: 0,68732,3,3,5,06,15,2,0,0,1,1,0,0,0,0
"POINT (13.793606985000054 51.129189529000030)",Unfall 68733 (2018) Kat:3, Licht: 0,68733,3,3,5,06,08,2,0,0,1,1,0,0,0,0
"POINT (13.723638079000068 51.089217817000076)",Unfall 68741 (2018) Kat:3, Licht: 0,68741,3,4,6,06,16,2,0,0,0,1,1,0,0,0
"POINT (13.762773255000070 51.064276478000068)",Unfall 68742 (2018) Kat:3, Licht: 0,68742,3,2,5,06,18,5,1,0,1,1,0,0,0,0
"POINT (13.745636864000062 51.049309865000055)",Unfall 68759 (2018) Kat:3, Licht: 0,68759,3,2,5,06,10,5,0,0,1,1,0,0,0,0
"POINT (13.746775606000028 51.121079184000052)",Unfall 68768 (2018) Kat:3, Licht: 0,68768,3,6,2,06,07,5,0,0,0,1,0,0,0,0
"POINT (13.703189850000058 51.043727891000060)",Unfall 68770 (2018) Kat:3, Licht: 0,68770,3,6,6,06,16,1,0,0,1,0,1,0,0,0
"POINT (13.608155048000071 51.041892965000045)",Unfall 68772 (2018) Kat:3, Licht: 0,68772,3,6,2,06,13,1,0,0,0,1,0,0,1,0
"POINT (13.725595994000059 51.011060013000076)",Unfall 68774 (2018) Kat:2, Licht: 0,68774,2,1,0,06,11,1,0,0,1,0,0,0,0,0
"POINT (13.934540772000048 51.061648457000047)",Unfall 68775 (2018) Kat:3, Licht: 0,68775,3,1,0,06,14,1,0,0,1,0,0,0,0,0
"POINT (13.878461593000054 51.059959922000075)",Unfall 68781 (2018) Kat:3, Licht: 0,68781,3,3,5,06,08,4,0,0,1,1,0,0,0,0
"POINT (13.598838712000031 51.053778592000072)",Unfall 68784 (2018) Kat:3, Licht: 0,68784,3,6,2,06,09,5,0,0,0,1,0,0,0,0
"POINT (13.692746141000043 51.089552312000080)",Unfall 68787 (2018) Kat:3, Licht: 0,68787,3,7,2,06,05,1,1,0,0,1,0,0,0,0
"POINT (13.767766418000065 51.018614082000056)",Unfall 68789 (2018) Kat:3, Licht: 0,68789,3,7,5,06,07,5,0,0,1,1,0,0,0,0
"POINT (13.701697995000075 51.030925184000068)",Unfall 68811 (2018) Kat:2, Licht: 0,68811,2,1,0,06,11,7,0,0,0,0,0,1,0,0
"POINT (13.730757569000048 51.068848586000058)",Unfall 68812 (2018) Kat:2, Licht: 0,68812,2,1,0,06,18,7,0,0,1,0,0,0,0,0
"POINT (13.728343847000076 51.058717841000032)",Unfall 68815 (2018) Kat:3, Licht: 0,68815,3,1,0,06,20,7,0,0,1,0,0,0,0,0
"POINT (13.730676906000042 51.024408136000034)",Unfall 68820 (2018) Kat:3, Licht: 0,68820,3,1,9,06,18,6,1,0,0,1,0,0,0,0
"POINT (13.803597066000066 50.995333008000046)",Unfall 68871 (2018) Kat:3, Licht: 0,68871,3,2,5,06,12,6,0,0,1,1,0,0,0,0
"POINT (13.827211102000035 51.058265000000063)",Unfall 68874 (2018) Kat:3, Licht: 0,68874,3,2,2,06,14,6,0,0,0,1,0,0,1,0
"POINT (13.767466991000049 51.065590742000040)",Unfall 68879 (2018) Kat:2, Licht: 2,68879,2,4,6,06,21,6,0,2,0,1,1,0,0,0
"POINT (13.734181329000023 51.126057213000081)",Unfall 68884 (2018) Kat:3, Licht: 0,68884,3,2,5,06,06,2,1,0,1,0,0,1,0,0
"POINT (13.692743078000035 51.042909821000080)",Unfall 68896 (2018) Kat:3, Licht: 0,68896,3,5,1,06,06,6,0,0,1,1,0,0,0,0
"POINT (13.693165871000076 51.081674693000082)",Unfall 68906 (2018) Kat:3, Licht: 0,68906,3,2,2,06,11,5,0,0,0,1,0,0,0,0
"POINT (13.803562648000025 50.995370169000068)",Unfall 68922 (2018) Kat:2, Licht: 0,68922,2,1,8,06,09,5,0,0,1,0,0,0,0,0
"POINT (13.699992989000066 51.015933245000042)",Unfall 68924 (2018) Kat:3, Licht: 0,68924,3,1,0,06,15,4,0,0,1,0,0,0,0,0
"POINT (13.848186633000068 51.027687586000070)",Unfall 68929 (2018) Kat:3, Licht: 2,68929,3,1,0,06,00,1,1,2,1,0,0,0,0,0
"POINT (13.722178137000071 51.054054089000033)",Unfall 68936 (2018) Kat:2, Licht: 0,68936,2,3,5,06,08,4,0,0,1,0,0,1,0,0
"POINT (13.771554732000027 51.015729369000042)",Unfall 68954 (2018) Kat:3, Licht: 0,68954,3,3,5,06,07,4,0,0,1,1,0,0,0,0
"POINT (13.704485506000026 51.050742733000050)",Unfall 68959 (2018) Kat:3, Licht: 0,68959,3,6,2,06,15,4,0,0,0,1,0,0,0,1
"POINT (13.799730635000060 50.998421947000054)",Unfall 68967 (2018) Kat:3, Licht: 0,68967,3,3,5,06,09,5,0,0,1,1,0,0,0,0
"POINT (13.739217639000060 51.065868434000038)",Unfall 68974 (2018) Kat:3, Licht: 0,68974,3,2,5,07,09,5,0,0,1,1,0,0,0,0
"POINT (13.678109798000037 51.049446526000054)",Unfall 68979 (2018) Kat:2, Licht: 0,68979,2,3,5,07,17,3,0,0,0,1,0,0,0,0
"POINT (13.752918229000045 51.073826434000068)",Unfall 68983 (2018) Kat:2, Licht: 0,68983,2,6,2,07,07,1,0,0,0,0,0,1,0,0
"POINT (13.684615263000069 51.062083173000076)",Unfall 68985 (2018) Kat:3, Licht: 0,68985,3,3,5,07,14,4,0,0,1,0,0,0,1,0
"POINT (13.731020892000060 51.118155328000057)",Unfall 68989 (2018) Kat:3, Licht: 0,68989,3,3,5,07,16,4,0,0,1,1,0,0,0,0
"POINT (13.611726109000074 51.044669479000049)",Unfall 68993 (2018) Kat:3, Licht: 0,68993,3,3,5,07,15,4,0,0,1,1,0,0,0,0
"POINT (13.767959655000027 51.065731779000032)",Unfall 69009 (2018) Kat:3, Licht: 0,69009,3,3,5,07,18,5,0,0,1,1,0,0,0,0
"POINT (13.700927889000070 51.043785752000076)",Unfall 69017 (2018) Kat:3, Licht: 0,69017,3,6,2,07,07,2,0,0,0,1,0,0,0,0
"POINT (13.768257272000028 51.015701442000079)",Unfall 69035 (2018) Kat:3, Licht: 0,69035,3,3,5,07,15,3,1,0,0,1,0,0,0,1
"POINT (13.618248457000050 51.038763160000030)",Unfall 69037 (2018) Kat:2, Licht: 0,69037,2,6,3,07,11,2,0,0,0,1,0,0,0,1
"POINT (13.701217874000065 51.016584326000043)",Unfall 69054 (2018) Kat:3, Licht: 0,69054,3,1,0,07,07,3,0,0,1,0,0,0,0,0
"POINT (13.762970361000043 51.064326220000055)",Unfall 69057 (2018) Kat:3, Licht: 0,69057,3,6,2,07,18,3,0,0,0,0,0,1,0,1
"POINT (13.777613809000059 51.067539248000060)",Unfall 69063 (2018) Kat:3, Licht: 0,69063,3,4,6,07,08,5,0,0,0,1,1,0,0,0
"POINT (13.722174309000025 51.054046273000040)",Unfall 69066 (2018) Kat:3, Licht: 0,69066,3,3,5,07,20,4,0,0,1,1,0,0,0,0
"POINT (13.723382762000028 51.074282360000041)",Unfall 69067 (2018) Kat:2, Licht: 0,69067,2,3,0,07,11,3,0,0,0,1,0,0,0,1
"POINT (13.874297009000031 51.006316080000033)",Unfall 69074 (2018) Kat:3, Licht: 0,69074,3,3,5,07,13,1,0,0,1,0,0,0,0,0
"POINT (13.951017021000041 51.036241109000059)",Unfall 69078 (2018) Kat:3, Licht: 0,69078,3,6,2,07,09,5,1,0,0,1,0,0,0,1
"POINT (13.690440879000050 51.077892877000068)",Unfall 69085 (2018) Kat:2, Licht: 0,69085,2,1,8,07,05,7,0,0,0,0,0,1,0,0
"POINT (13.746650423000062 51.057140589000028)",Unfall 69103 (2018) Kat:3, Licht: 0,69103,3,2,5,07,05,6,0,0,1,1,0,0,0,0
"POINT (13.661194413000032 51.049337665000053)",Unfall 69105 (2018) Kat:3, Licht: 0,69105,3,6,6,07,18,4,0,0,1,0,1,0,0,0
"POINT (13.724810648000073 51.073208470000054)",Unfall 69110 (2018) Kat:3, Licht: 0,69110,3,2,0,07,11,2,0,0,1,1,0,0,0,0
"POINT (13.687536270000066 51.022830160000069)",Unfall 69126 (2018) Kat:3, Licht: 0,69126,3,1,4,07,14,3,1,0,0,1,0,0,0,0
"POINT (13.733167138000056 51.076244246000044)",Unfall 69134 (2018) Kat:3, Licht: 0,69134,3,3,0,07,12,7,0,0,1,0,0,0,0,0
"POINT (13.693158739000069 51.081708317000050)",Unfall 69149 (2018) Kat:2, Licht: 0,69149,2,2,5,07,15,5,0,0,1,1,0,0,0,0
"POINT (13.603603937000059 51.037107360000050)",Unfall 69159 (2018) Kat:3, Licht: 0,69159,3,3,5,07,14,6,0,0,0,1,0,0,1,0
"POINT (13.799498098000072 50.998551061000057)",Unfall 69163 (2018) Kat:3, Licht: 0,69163,3,2,5,07,08,5,0,0,0,1,0,0,0,0
"POINT (13.744083501000034 51.116141278000043)",Unfall 69168 (2018) Kat:1, Licht: 0,69168,1,6,2,07,07,2,0,0,0,1,0,0,1,1
"POINT (13.741937814000039 51.064682724000079)",Unfall 69169 (2018) Kat:3, Licht: 0,69169,3,3,5,07,16,3,0,0,1,1,0,0,0,0
"POINT (13.718590979000055 51.076714705000029)",Unfall 69174 (2018) Kat:3, Licht: 0,69174,3,7,0,07,14,1,0,0,0,1,0,0,0,0
"POINT (13.723104502000069 51.089985732000059)",Unfall 69176 (2018) Kat:3, Licht: 0,69176,3,4,6,07,11,2,0,0,1,0,1,0,0,0
"POINT (13.750898315000029 51.134342855000057)",Unfall 69182 (2018) Kat:3, Licht: 0,69182,3,6,2,07,13,6,0,0,0,1,0,0,0,0
"POINT (13.776313410000057 51.067453200000045)",Unfall 69186 (2018) Kat:3, Licht: 0,69186,3,2,2,07,18,5,0,0,1,1,0,0,0,0
"POINT (13.749025361000065 51.130039439000029)",Unfall 69202 (2018) Kat:3, Licht: 0,69202,3,6,3,07,12,5,1,0,0,1,0,0,1,0
"POINT (13.731917072000044 51.079672335000055)",Unfall 69235 (2018) Kat:3, Licht: 0,69235,3,3,5,07,17,1,0,0,1,1,0,0,0,0
"POINT (13.655129817000045 51.071514689000026)",Unfall 69236 (2018) Kat:3, Licht: 0,69236,3,6,2,07,12,1,0,0,0,1,0,0,0,0
"POINT (13.803038978000075 51.123708531000034)",Unfall 69247 (2018) Kat:2, Licht: 2,69247,2,7,7,07,23,7,0,2,0,0,0,1,0,0
"POINT (13.733125303000065 51.076341082000056)",Unfall 69263 (2018) Kat:3, Licht: 0,69263,3,6,2,07,11,3,0,0,0,1,0,0,1,0
"POINT (13.874082458000032 51.008942803000082)",Unfall 69270 (2018) Kat:3, Licht: 0,69270,3,2,6,07,17,1,0,0,0,1,1,0,0,0
"POINT (13.704391581000039 51.043777924000040)",Unfall 69274 (2018) Kat:3, Licht: 0,69274,3,4,6,07,11,5,1,0,0,1,1,0,0,0
"POINT (13.722223670000062 51.054106006000040)",Unfall 69286 (2018) Kat:2, Licht: 0,69286,2,2,5,07,16,6,0,0,1,1,0,0,0,0
"POINT (13.700128664000033 51.016013082000029)",Unfall 69301 (2018) Kat:3, Licht: 0,69301,3,1,0,07,15,6,0,0,1,0,0,0,0,0
"POINT (13.863818420000030 51.103743092000059)",Unfall 69309 (2018) Kat:2, Licht: 0,69309,2,1,8,07,20,2,0,0,0,1,0,0,0,0
"POINT (13.702433117000055 51.090489251000065)",Unfall 69315 (2018) Kat:3, Licht: 0,69315,3,3,5,06,17,7,0,0,1,1,0,0,0,0
"POINT (13.731224027000053 51.034355604000041)",Unfall 69319 (2018) Kat:3, Licht: 0,69319,3,2,5,06,17,7,0,0,1,1,0,0,0,0
"POINT (13.808818428000052 50.977540215000033)",Unfall 69320 (2018) Kat:3, Licht: 0,69320,3,2,2,06,14,7,0,0,0,1,0,0,0,0
"POINT (13.763267804000066 51.086392846000081)",Unfall 69329 (2018) Kat:3, Licht: 0,69329,3,3,5,07,16,2,0,0,1,0,0,0,0,0
"POINT (13.710577847000025 51.104478373000063)",Unfall 69334 (2018) Kat:3, Licht: 0,69334,3,3,5,07,10,7,0,0,1,1,0,0,0,0
"POINT (13.767812047000064 51.018724695000060)",Unfall 69340 (2018) Kat:3, Licht: 0,69340,3,6,2,07,14,3,0,0,0,0,0,1,0,1
"POINT (13.611506831000042 51.064101090000065)",Unfall 69362 (2018) Kat:3, Licht: 0,69362,3,6,2,07,16,4,0,0,0,1,0,0,0,0
"POINT (13.746801003000030 51.063758683000060)",Unfall 69388 (2018) Kat:3, Licht: 0,69388,3,7,0,07,15,1,0,0,0,1,0,1,0,0
"POINT (13.795889293000073 50.996059927000033)",Unfall 69396 (2018) Kat:3, Licht: 0,69396,3,6,2,07,15,4,0,0,0,1,0,0,0,0
"POINT (13.703422057000068 51.088601526000048)",Unfall 69410 (2018) Kat:3, Licht: 0,69410,3,2,4,06,09,6,0,0,1,1,0,0,0,0
"POINT (13.715202364000049 51.078607034000072)",Unfall 69413 (2018) Kat:3, Licht: 0,69413,3,3,5,06,09,6,0,0,1,1,0,0,0,0
"POINT (13.809384877000070 51.152887712000052)",Unfall 69414 (2018) Kat:3, Licht: 0,69414,3,7,1,06,11,6,0,0,1,0,0,0,0,1
"POINT (13.785516547000043 51.066847367000037)",Unfall 69418 (2018) Kat:3, Licht: 0,69418,3,3,5,06,15,6,0,0,1,0,0,0,0,1
"POINT (13.741847729000028 51.046160410000027)",Unfall 69421 (2018) Kat:3, Licht: 0,69421,3,3,5,06,10,6,0,0,1,1,0,0,0,0
"POINT (13.732484190000037 51.077942312000062)",Unfall 69443 (2018) Kat:3, Licht: 0,69443,3,3,5,07,11,7,0,0,1,1,0,0,0,0
"POINT (13.745646405000059 51.049321748000068)",Unfall 69448 (2018) Kat:3, Licht: 0,69448,3,2,2,07,10,6,0,0,0,1,0,0,0,0
"POINT (13.741221582000037 51.046325692000039)",Unfall 69454 (2018) Kat:3, Licht: 0,69454,3,3,5,08,09,4,0,0,0,1,0,0,0,1
"POINT (13.731075692000047 51.034444481000037)",Unfall 69467 (2018) Kat:3, Licht: 0,69467,3,2,5,07,12,5,0,0,0,1,0,0,0,1
"POINT (13.588671674000068 51.062148141000080)",Unfall 69470 (2018) Kat:2, Licht: 0,69470,2,6,2,08,18,5,0,0,0,1,0,0,1,0
"POINT (13.731133750000026 51.034576876000074)",Unfall 69471 (2018) Kat:2, Licht: 0,69471,2,7,7,07,20,5,0,0,1,0,0,0,0,0
"POINT (13.745061134000025 51.049472681000054)",Unfall 69477 (2018) Kat:3, Licht: 0,69477,3,3,5,07,11,5,0,0,1,0,0,0,0,1
"POINT (13.812500300000067 51.063789241000052)",Unfall 69491 (2018) Kat:3, Licht: 0,69491,3,6,2,07,16,7,0,0,0,1,0,0,0,1
"POINT (13.746100303000048 51.057155918000035)",Unfall 69495 (2018) Kat:2, Licht: 0,69495,2,3,5,08,08,1,0,0,0,1,0,0,0,0
"POINT (13.738753431000077 51.064105468000037)",Unfall 69518 (2018) Kat:2, Licht: 2,69518,2,1,0,08,23,2,0,2,1,0,0,0,0,0
"POINT (13.726062267000032 51.058727637000061)",Unfall 69533 (2018) Kat:3, Licht: 0,69533,3,2,5,08,15,3,0,0,0,1,0,1,0,0
"POINT (13.701827428000058 51.090917519000072)",Unfall 69546 (2018) Kat:3, Licht: 0,69546,3,1,0,08,14,4,0,0,1,0,0,0,0,0
"POINT (13.874268782000058 51.011960392000049)",Unfall 69548 (2018) Kat:3, Licht: 0,69548,3,6,0,08,15,4,0,0,0,1,0,0,0,1
"POINT (13.787013278000074 51.006582132000062)",Unfall 69551 (2018) Kat:3, Licht: 0,69551,3,3,5,07,15,3,0,0,1,0,0,0,0,0
"POINT (13.763783168000032 51.087273544000027)",Unfall 69561 (2018) Kat:3, Licht: 0,69561,3,6,3,08,15,4,0,0,1,1,0,0,0,0
"POINT (13.739366343000029 51.078817641000057)",Unfall 69566 (2018) Kat:3, Licht: 0,69566,3,6,2,08,17,3,0,0,0,1,0,1,0,0
"POINT (13.787990103000027 51.005663833000028)",Unfall 69572 (2018) Kat:3, Licht: 0,69572,3,2,5,08,13,4,0,0,1,0,0,0,1,0
"POINT (13.715821909000056 51.037049451000030)",Unfall 69578 (2018) Kat:2, Licht: 0,69578,2,4,6,08,16,2,0,0,0,1,1,0,0,0
"POINT (13.748600289000024 51.128688961000080)",Unfall 69586 (2018) Kat:3, Licht: 2,69586,3,6,3,08,23,1,0,2,0,1,0,0,1,0
"POINT (13.742001022000068 51.064676993000035)",Unfall 69590 (2018) Kat:3, Licht: 2,69590,3,4,6,08,21,5,0,2,0,0,1,1,0,0
"POINT (13.874339851000059 51.009352943000067)",Unfall 69598 (2018) Kat:3, Licht: 0,69598,3,1,0,07,11,4,0,0,1,0,0,0,0,0
"POINT (13.704356519000044 51.043733305000046)",Unfall 69601 (2018) Kat:3, Licht: 2,69601,3,3,5,08,00,5,0,2,0,1,0,0,0,0
"POINT (13.693715528000041 51.060866505000035)",Unfall 69608 (2018) Kat:3, Licht: 0,69608,3,6,0,07,13,4,0,0,0,1,0,0,0,0
"POINT (13.799242979000041 50.998240993000081)",Unfall 69643 (2018) Kat:3, Licht: 0,69643,3,6,2,08,09,7,0,0,0,1,0,0,0,0
"POINT (13.696478081000066 51.043331145000082)",Unfall 69647 (2018) Kat:2, Licht: 2,69647,2,1,0,08,21,2,0,2,1,0,0,0,0,0
"POINT (13.746919341000023 51.054875490000029)",Unfall 69653 (2018) Kat:3, Licht: 2,69653,3,1,4,08,22,3,0,2,1,0,0,0,0,0
"POINT (13.660402978000036 51.068990364000058)",Unfall 69663 (2018) Kat:3, Licht: 0,69663,3,3,5,08,17,3,0,0,0,1,0,0,0,0
"POINT (13.784174700000051 51.009259391000057)",Unfall 69697 (2018) Kat:3, Licht: 0,69697,3,6,4,07,17,3,0,0,1,0,0,0,0,0
"POINT (13.773985759000027 51.112773089000029)",Unfall 69701 (2018) Kat:3, Licht: 0,69701,3,2,5,07,09,3,0,0,1,1,0,0,0,0
"POINT (13.720444351000026 51.093147465000072)",Unfall 69702 (2018) Kat:3, Licht: 0,69702,3,1,4,08,13,5,0,0,1,0,0,0,0,0
"POINT (13.739178509000055 51.044728649000035)",Unfall 69705 (2018) Kat:1, Licht: 0,69705,1,7,0,08,07,2,0,0,1,1,0,0,0,0
"POINT (13.808820872000069 50.977527867000049)",Unfall 69706 (2018) Kat:2, Licht: 0,69706,2,2,5,07,08,3,0,0,0,1,0,0,0,1
"POINT (13.741283752000072 51.057642778000059)",Unfall 69712 (2018) Kat:3, Licht: 0,69712,3,3,5,07,15,3,0,0,1,1,0,0,0,0
"POINT (13.734340733000067 51.065567345000034)",Unfall 69720 (2018) Kat:3, Licht: 2,69720,3,1,0,08,01,1,0,2,0,1,0,0,0,0
"POINT (13.823715177000054 51.057730804000073)",Unfall 69724 (2018) Kat:2, Licht: 0,69724,2,2,5,08,16,5,0,0,1,1,0,0,0,0
"POINT (13.751063340000030 51.071787932000063)",Unfall 69729 (2018) Kat:3, Licht: 0,69729,3,1,0,08,08,1,0,0,1,0,0,0,0,0
"POINT (13.704235805000053 51.043571123000049)",Unfall 69750 (2018) Kat:3, Licht: 2,69750,3,3,5,08,00,1,0,2,0,1,0,1,0,0
"POINT (13.690001175000077 51.083760353000059)",Unfall 69752 (2018) Kat:3, Licht: 2,69752,3,6,2,08,02,5,0,2,0,1,0,0,0,1
"POINT (13.781714366000074 51.011004473000071)",Unfall 69756 (2018) Kat:3, Licht: 0,69756,3,2,3,08,09,6,0,0,1,0,0,0,0,0
"POINT (13.785191219000069 51.067028831000073)",Unfall 69763 (2018) Kat:3, Licht: 0,69763,3,3,5,07,20,2,0,0,1,1,0,0,0,0
"POINT (13.694123014000070 51.012765706000039)",Unfall 69783 (2018) Kat:3, Licht: 0,69783,3,1,0,08,17,4,0,0,1,0,0,0,0,0
"POINT (13.594166902000040 51.055008148000070)",Unfall 69792 (2018) Kat:2, Licht: 0,69792,2,2,4,07,14,6,0,0,0,0,0,1,0,1
"POINT (13.785259597000049 51.008571010000026)",Unfall 69795 (2018) Kat:3, Licht: 0,69795,3,2,5,08,14,6,0,0,1,1,0,0,0,0
"POINT (13.703609678000078 51.034653703000060)",Unfall 69806 (2018) Kat:3, Licht: 0,69806,3,3,5,07,13,3,0,0,0,1,0,0,0,0
"POINT (13.866689550000046 51.103859241000066)",Unfall 69825 (2018) Kat:3, Licht: 0,69825,3,2,5,08,19,3,0,0,0,1,0,0,0,0
"POINT (13.708850374000065 51.027336793000075)",Unfall 69837 (2018) Kat:3, Licht: 0,69837,3,3,5,08,17,2,0,0,1,1,0,0,0,0
"POINT (13.704431400000033 51.043831751000027)",Unfall 69838 (2018) Kat:3, Licht: 0,69838,3,1,0,07,10,1,0,0,1,0,0,0,0,0
"POINT (13.825274390000061 51.062438392000047)",Unfall 69846 (2018) Kat:3, Licht: 0,69846,3,1,0,07,10,1,0,0,1,0,0,0,0,0
"POINT (13.793560611000032 51.129110744000059)",Unfall 69856 (2018) Kat:3, Licht: 0,69856,3,6,2,07,13,1,0,0,0,1,0,0,0,0
"POINT (13.793561812000064 51.154211723000060)",Unfall 69875 (2018) Kat:3, Licht: 0,69875,3,1,9,08,16,1,0,0,1,0,0,0,0,0
"POINT (13.658363175000034 51.071797766000032)",Unfall 69881 (2018) Kat:2, Licht: 2,69881,2,6,7,08,02,6,0,2,0,1,0,0,0,0
"POINT (13.794173678000050 51.073752206000052)",Unfall 69892 (2018) Kat:3, Licht: 0,69892,3,6,2,08,18,6,0,0,0,1,0,0,0,0
"POINT (13.728657413000064 51.083835722000060)",Unfall 69906 (2018) Kat:3, Licht: 0,69906,3,3,5,08,12,7,0,0,0,1,0,0,0,0
"POINT (13.727356176000058 51.058038846000045)",Unfall 69910 (2018) Kat:3, Licht: 0,69910,3,6,3,08,09,2,0,0,1,0,0,0,0,0
"POINT (13.782240922000028 51.113468389000047)",Unfall 69916 (2018) Kat:3, Licht: 0,69916,3,2,5,08,13,3,0,0,1,1,0,0,1,0