WKT,Name,OBJECTID,UKATEGORIE,UTYP1,UART,UMONAT,USTUNDE,UWOCHENTAG,STRZUSTAND,ULICHTVERH,ISTRAD,ISTPKW,ISTFUSS,ISTKRAD,ISTGKFZ,ISTSONSTIG
"POINT (13.727861894000057 51.084589137000080)",Unfall 69925 (2018) Kat:3, Licht: 2,69925,3,2,2,08,22,3,0,2,1,1,0,0,0,0
"POINT (13.799736921000033 50.998417911000047)",Unfall 69930 (2018) Kat:3, Licht: 0,69930,3,3,5,08,06,4,0,0,0,1,0,0,0,0
"POINT (13.614793358000043 51.038490264000075)",Unfall 69932 (2018) Kat:2, Licht: 1,69932,2,2,5,08,05,4,0,1,0,1,0,0,0,1
"POINT (13.722466022000049 51.033555368000066)",Unfall 69935 (2018) Kat:3, Licht: 0,69935,3,6,1,07,11,3,0,0,0,1,0,0,0,0
"POINT (13.870488598000065 51.068966356000033)",Unfall 69946 (2018) Kat:3, Licht: 0,69946,3,3,5,08,16,4,0,0,1,0,0,0,0,1
"POINT (13.738408747000051 51.068787555000029)",Unfall 69954 (2018) Kat:3, Licht: 0,69954,3,1,1,07,09,6,0,0,0,0,0,1,1,0
"POINT (13.807559373000061 51.151206632000026)",Unfall 69957 (2018) Kat:3, Licht: 0,69957,3,2,3,07,17,6,0,0,1,0,0,0,0,0
"POINT (13.744125544000042 51.047497807000070)",Unfall 69961 (2018) Kat:3, Licht: 0,69961,3,3,5,07,07,6,0,0,1,0,0,0,1,0
"POINT (13.742015807000030 51.064675653000052)",Unfall 69965 (2018) Kat:3, Licht: 0,69965,3,3,5,08,17,2,0,0,1,1,0,0,0,0
"POINT (13.662349102000064 51.078043938000064)",Unfall 69966 (2018) Kat:3, Licht: 0,69966,3,3,5,07,08,6,0,0,0,1,0,0,1,0
"POINT (13.745617108000033 51.049286181000070)",Unfall 69974 (2018) Kat:3, Licht: 0,69974,3,2,5,08,19,5,1,0,0,1,0,0,0,0
"POINT (13.746941213000071 51.051714130000050)",Unfall 69977 (2018) Kat:3, Licht: 0,69977,3,3,5,07,05,6,0,0,0,1,0,0,0,1
"POINT (13.720582363000062 51.049425153000072)",Unfall 69981 (2018) Kat:3, Licht: 0,69981,3,6,2,08,09,6,0,0,0,1,0,1,1,0
"POINT (13.728086194000070 51.084384093000040)",Unfall 69982 (2018) Kat:3, Licht: 0,69982,3,3,5,08,12,1,0,0,1,1,0,0,0,0
"POINT (13.678089907000071 51.049364572000059)",Unfall 69983 (2018) Kat:3, Licht: 0,69983,3,2,5,07,13,6,0,0,0,1,0,0,0,0
"POINT (13.754936630000032 51.076016241000048)",Unfall 69986 (2018) Kat:3, Licht: 0,69986,3,2,5,08,12,5,0,0,0,1,0,1,0,0
"POINT (13.693171675000031 51.081647326000052)",Unfall 70015 (2018) Kat:3, Licht: 0,70015,3,6,2,08,12,6,0,0,0,1,0,0,1,0
"POINT (13.798189238000077 51.139835728000037)",Unfall 70029 (2018) Kat:3, Licht: 0,70029,3,6,2,08,12,7,0,0,0,1,0,0,0,0
"POINT (13.737766537000027 51.061563649000050)",Unfall 70033 (2018) Kat:3, Licht: 0,70033,3,6,3,08,21,2,0,0,0,0,0,0,0,1
"POINT (13.725764212000058 51.044008965000046)",Unfall 70039 (2018) Kat:2, Licht: 0,70039,2,1,0,08,14,3,0,0,1,0,0,0,0,0
"POINT (13.722844973000065 51.090348789000075)",Unfall 70048 (2018) Kat:3, Licht: 0,70048,3,1,0,08,16,3,0,0,1,1,0,0,0,0
"POINT (13.736441282000044 51.063803896000081)",Unfall 70054 (2018) Kat:3, Licht: 0,70054,3,2,5,08,10,6,0,0,1,1,0,0,0,0
"POINT (13.736590447000026 51.062925203000077)",Unfall 70073 (2018) Kat:3, Licht: 0,70073,3,1,3,07,16,5,0,0,1,1,0,0,0,0
"POINT (13.745698378000043 51.057469167000079)",Unfall 70075 (2018) Kat:3, Licht: 0,70075,3,1,4,08,15,3,0,0,1,0,0,0,0,0
"POINT (13.742017903000033 51.064675462000082)",Unfall 70077 (2018) Kat:3, Licht: 0,70077,3,3,5,07,09,5,0,0,1,1,0,0,0,0
"POINT (13.887467704000073 51.057510419000039)",Unfall 70080 (2018) Kat:2, Licht: 0,70080,2,2,5,07,09,5,0,0,1,0,0,0,0,1
"POINT (13.749023495000074 51.130033344000026)",Unfall 70092 (2018) Kat:3, Licht: 0,70092,3,6,3,09,11,4,0,0,0,1,0,0,1,0
"POINT (13.721485428000051 51.041905576000033)",Unfall 70124 (2018) Kat:3, Licht: 1,70124,3,3,5,08,20,4,0,1,1,1,0,0,0,0
"POINT (13.723207197000022 51.054894455000067)",Unfall 70137 (2018) Kat:3, Licht: 0,70137,3,6,2,09,14,2,0,0,0,1,0,0,0,0
"POINT (13.783796890000076 51.009541029000047)",Unfall 70147 (2018) Kat:3, Licht: 1,70147,3,2,5,09,06,3,0,1,1,1,0,0,0,0
"POINT (13.704820131000076 51.039584635000040)",Unfall 70150 (2018) Kat:3, Licht: 1,70150,3,2,2,09,18,2,0,1,1,1,0,0,0,0
"POINT (13.735156627000038 51.107751563000079)",Unfall 70172 (2018) Kat:2, Licht: 0,70172,2,1,9,09,13,2,0,0,0,1,0,0,1,0
"POINT (13.800565672000062 50.997875992000047)",Unfall 70176 (2018) Kat:3, Licht: 0,70176,3,5,2,08,15,5,0,0,0,1,0,1,0,1
"POINT (13.739053638000030 51.073947382000028)",Unfall 70178 (2018) Kat:3, Licht: 0,70178,3,2,2,08,17,5,0,0,0,1,0,0,0,1
"POINT (13.697896497000045 51.014838654000073)",Unfall 70180 (2018) Kat:3, Licht: 0,70180,3,5,1,09,14,5,0,0,1,1,0,0,0,0
"POINT (13.688006612000038 51.047372686000074)",Unfall 70183 (2018) Kat:3, Licht: 0,70183,3,6,1,09,07,6,0,0,0,1,0,0,0,0
"POINT (13.727496493000046 51.044806935000054)",Unfall 70184 (2018) Kat:3, Licht: 0,70184,3,2,5,08,15,5,0,0,1,1,0,0,0,0
"POINT (13.728137306000065 51.043340497000031)",Unfall 70193 (2018) Kat:3, Licht: 0,70193,3,3,5,08,06,5,0,0,1,1,0,0,0,0
"POINT (13.606250706000026 51.092105453000045)",Unfall 70196 (2018) Kat:2, Licht: 0,70196,2,2,5,09,06,3,0,0,0,1,0,0,0,0
"POINT (13.591502447000039 51.062415735000059)",Unfall 70197 (2018) Kat:3, Licht: 1,70197,3,1,7,09,05,1,1,1,0,1,0,0,0,0
"POINT (13.717304410000054 51.077270843000065)",Unfall 70208 (2018) Kat:2, Licht: 2,70208,2,1,0,09,03,7,0,2,1,0,0,0,0,0
"POINT (13.727966246000051 51.060201743000050)",Unfall 70216 (2018) Kat:3, Licht: 0,70216,3,2,0,09,17,5,0,0,1,0,0,0,0,1
"POINT (13.850089592000074 51.061778214000071)",Unfall 70217 (2018) Kat:3, Licht: 0,70217,3,3,5,09,16,3,0,0,1,0,0,0,0,1
"POINT (13.799894318000042 50.998466737000058)",Unfall 70220 (2018) Kat:3, Licht: 0,70220,3,6,2,09,16,6,1,0,0,1,0,0,0,0
"POINT (13.606282401000044 51.092117276000067)",Unfall 70221 (2018) Kat:2, Licht: 0,70221,2,2,5,09,15,6,0,0,0,1,0,0,0,1
"POINT (13.851076818000024 51.061643910000043)",Unfall 70228 (2018) Kat:2, Licht: 0,70228,2,1,0,09,10,5,0,0,1,0,0,0,0,0
"POINT (13.722904807000077 51.074632520000080)",Unfall 70229 (2018) Kat:3, Licht: 0,70229,3,7,2,09,10,7,0,0,0,1,0,1,0,0
"POINT (13.703079959000036 51.098291419000077)",Unfall 70236 (2018) Kat:2, Licht: 0,70236,2,7,3,09,09,2,0,0,0,1,0,0,1,0
"POINT (13.635514523000040 51.069697886000029)",Unfall 70237 (2018) Kat:2, Licht: 0,70237,2,6,3,09,12,3,0,0,0,1,0,0,0,0
"POINT (13.760123584000041 51.023306369000068)",Unfall 70242 (2018) Kat:3, Licht: 0,70242,3,2,5,09,13,7,0,0,1,1,0,0,0,0
"POINT (13.700779067000042 51.043774483000050)",Unfall 70249 (2018) Kat:3, Licht: 2,70249,3,1,0,09,04,4,0,2,1,0,0,0,0,0
"POINT (13.683757990000061 51.061890619000053)",Unfall 70252 (2018) Kat:3, Licht: 0,70252,3,3,5,09,09,1,0,0,1,0,0,0,0,0
"POINT (13.757916653000052 51.024698195000042)",Unfall 70254 (2018) Kat:3, Licht: 0,70254,3,1,0,08,16,3,0,0,1,0,0,0,0,0
"POINT (13.845569635000061 51.029327667000075)",Unfall 70261 (2018) Kat:3, Licht: 0,70261,3,7,1,08,15,1,0,0,0,1,0,0,0,1
"POINT (13.808820853000043 50.977527960000032)",Unfall 70262 (2018) Kat:3, Licht: 0,70262,3,2,5,09,06,5,0,0,0,1,0,0,0,0
"POINT (13.691253253000070 51.042723761000047)",Unfall 70264 (2018) Kat:3, Licht: 1,70264,3,2,1,09,19,4,0,1,0,1,0,0,0,1
"POINT (13.792591105000042 51.119893482000066)",Unfall 70290 (2018) Kat:3, Licht: 0,70290,3,1,8,09,11,1,1,0,0,0,0,1,0,0
"POINT (13.738383868000028 51.084275783000066)",Unfall 70294 (2018) Kat:3, Licht: 0,70294,3,3,5,09,14,4,0,0,0,1,0,0,0,0
"POINT (13.770216150000067 51.017403119000051)",Unfall 70325 (2018) Kat:3, Licht: 0,70325,3,2,2,09,11,2,0,0,0,1,0,0,0,1
"POINT (13.749290927000061 51.130906444000061)",Unfall 70327 (2018) Kat:3, Licht: 0,70327,3,6,3,08,07,4,0,0,0,1,0,0,1,0
"POINT (13.689737193000042 51.064445530000057)",Unfall 70335 (2018) Kat:2, Licht: 0,70335,2,6,2,09,16,4,0,0,0,1,0,1,0,0
"POINT (13.731939163000050 51.079631203000076)",Unfall 70352 (2018) Kat:3, Licht: 0,70352,3,2,5,08,05,4,0,0,1,1,0,0,0,0
"POINT (13.746979150000072 51.066052959000046)",Unfall 70355 (2018) Kat:3, Licht: 0,70355,3,2,5,09,11,2,0,0,1,0,0,0,0,1
"POINT (13.729799191000041 51.082722806000049)",Unfall 70361 (2018) Kat:3, Licht: 0,70361,3,4,6,08,12,4,0,0,0,1,1,0,0,0
"POINT (13.727159413000038 51.059757709000053)",Unfall 70366 (2018) Kat:3, Licht: 0,70366,3,2,5,09,18,3,0,0,0,1,0,1,0,0
"POINT (13.730380767000042 51.082130013000040)",Unfall 70369 (2018) Kat:3, Licht: 0,70369,3,6,4,09,12,5,0,0,1,0,0,0,0,0
"POINT (13.763535492000074 51.120597956000040)",Unfall 70371 (2018) Kat:3, Licht: 0,70371,3,2,2,08,17,4,0,0,1,1,0,0,0,0
"POINT (13.742017747000034 51.064675477000037)",Unfall 70382 (2018) Kat:3, Licht: 2,70382,3,3,5,09,05,5,0,2,1,1,0,0,0,0
"POINT (13.687043388000063 51.039867805000029)",Unfall 70384 (2018) Kat:2, Licht: 0,70384,2,7,0,08,15,2,0,0,1,1,0,0,0,0
"POINT (13.863818420000030 51.103743092000059)",Unfall 70385 (2018) Kat:2, Licht: 2,70385,2,1,9,09,23,6,1,2,0,1,0,0,0,0
"POINT (13.635322489000032 51.087322696000058)",Unfall 70388 (2018) Kat:2, Licht: 0,70388,2,3,5,08,12,6,0,0,1,1,0,0,0,0
"POINT (13.727824619000046 51.084622400000057)",Unfall 70391 (2018) Kat:3, Licht: 2,70391,3,2,2,09,19,3,0,2,0,1,0,0,0,0
"POINT (13.653381560000071 51.071555086000046)",Unfall 70392 (2018) Kat:3, Licht: 2,70392,3,6,0,09,03,6,0,2,0,1,0,0,1,0
"POINT (13.746173975000033 51.063920571000040)",Unfall 70408 (2018) Kat:2, Licht: 0,70408,2,2,0,08,08,5,1,0,1,1,0,0,0,0
"POINT (13.741254484000024 51.057651680000049)",Unfall 70410 (2018) Kat:3, Licht: 0,70410,3,1,0,09,11,3,0,0,1,0,0,0,0,0
"POINT (13.740411568000070 51.064269305000039)",Unfall 70412 (2018) Kat:3, Licht: 0,70412,3,7,0,09,13,2,0,0,0,1,0,0,0,0
"POINT (13.745620071000076 51.049289607000048)",Unfall 70419 (2018) Kat:3, Licht: 1,70419,3,6,2,09,06,6,0,1,0,1,0,0,0,0
"POINT (13.747528749000026 51.051666262000026)",Unfall 70427 (2018) Kat:3, Licht: 0,70427,3,6,2,09,07,3,0,0,0,1,0,1,0,0
"POINT (13.838752358000022 51.062263545000064)",Unfall 70439 (2018) Kat:2, Licht: 0,70439,2,4,6,09,16,3,0,0,0,1,1,0,0,1
"POINT (13.733062633000031 51.038707368000075)",Unfall 70449 (2018) Kat:3, Licht: 0,70449,3,6,4,09,14,3,0,0,1,0,0,0,0,0
"POINT (13.782406386000048 51.154820822000033)",Unfall 70451 (2018) Kat:2, Licht: 0,70451,2,6,2,09,11,4,0,0,0,1,0,0,1,0
"POINT (13.736693107000065 51.094172693000075)",Unfall 70455 (2018) Kat:3, Licht: 0,70455,3,6,2,08,09,5,1,0,0,1,0,0,0,0
"POINT (13.727735125000038 51.058265114000051)",Unfall 70456 (2018) Kat:3, Licht: 2,70456,3,1,0,09,02,7,0,2,1,0,0,0,0,0
"POINT (13.851177636000045 51.061658892000025)",Unfall 70458 (2018) Kat:2, Licht: 0,70458,2,1,0,09,13,1,1,0,1,0,0,0,0,0
"POINT (13.755551232000073 51.076655968000068)",Unfall 70468 (2018) Kat:3, Licht: 2,70468,3,3,5,09,20,7,1,2,0,1,0,0,0,0
"POINT (13.696918990000029 51.043380543000069)",Unfall 70481 (2018) Kat:3, Licht: 0,70481,3,2,5,09,08,1,0,0,0,1,0,0,0,0
"POINT (13.766193631000021 51.065246609000042)",Unfall 70488 (2018) Kat:3, Licht: 0,70488,3,3,5,08,08,3,0,0,0,1,0,0,0,0
"POINT (13.776589493000074 51.067288465000047)",Unfall 70495 (2018) Kat:3, Licht: 0,70495,3,3,5,08,17,3,0,0,1,0,0,0,0,0
"POINT (13.739943815000061 51.064554224000062)",Unfall 70497 (2018) Kat:3, Licht: 2,70497,3,1,0,08,22,3,0,2,1,0,0,0,0,0
"POINT (13.746102132000033 51.057144860000051)",Unfall 70525 (2018) Kat:3, Licht: 0,70525,3,3,5,09,10,4,0,0,0,1,0,0,0,0
"POINT (13.769032070000037 51.099380169000028)",Unfall 70528 (2018) Kat:3, Licht: 0,70528,3,1,8,09,11,5,0,0,0,0,0,0,0,1
"POINT (13.736246112000060 51.042362638000043)",Unfall 70538 (2018) Kat:3, Licht: 0,70538,3,3,0,09,16,4,0,0,1,0,0,0,0,1
"POINT (13.798368239000069 51.138437429000078)",Unfall 70559 (2018) Kat:3, Licht: 0,70559,3,7,0,09,18,2,0,0,1,0,0,0,0,0
"POINT (13.771554692000052 51.015729560000068)",Unfall 70570 (2018) Kat:3, Licht: 0,70570,3,3,5,09,15,3,0,0,1,1,0,0,0,0
"POINT (13.722174412000072 51.054046486000061)",Unfall 70574 (2018) Kat:3, Licht: 1,70574,3,2,5,09,06,5,0,1,1,0,0,0,1,0
"POINT (13.728329252000037 51.043550957000036)",Unfall 70588 (2018) Kat:3, Licht: 0,70588,3,2,0,09,13,5,0,0,1,0,0,0,1,0
"POINT (13.720421416000022 51.051164919000030)",Unfall 70595 (2018) Kat:3, Licht: 0,70595,3,2,5,09,14,2,0,0,1,1,0,0,0,0
"POINT (13.730744134000076 51.024525704000041)",Unfall 70603 (2018) Kat:2, Licht: 1,70603,2,7,8,09,18,5,1,1,0,0,0,1,0,1
"POINT (13.728124355000034 51.071147891000066)",Unfall 70606 (2018) Kat:3, Licht: 0,70606,3,1,0,09,10,6,0,0,1,0,0,0,0,0
"POINT (13.788126388000023 51.005751714000041)",Unfall 70612 (2018) Kat:3, Licht: 0,70612,3,3,6,08,07,6,0,0,0,1,1,0,0,0
"POINT (13.722374191000029 51.074944603000063)",Unfall 70615 (2018) Kat:2, Licht: 2,70615,2,1,0,08,21,7,0,2,1,0,0,0,0,0
"POINT (13.741339098000026 51.064737009000055)",Unfall 70621 (2018) Kat:3, Licht: 0,70621,3,4,6,09,14,3,0,0,0,0,1,0,0,1
"POINT (13.836527826000065 51.088496847000044)",Unfall 70622 (2018) Kat:3, Licht: 0,70622,3,1,8,09,11,1,1,0,0,1,0,0,0,0
"POINT (13.706644177000044 51.019656364000070)",Unfall 70631 (2018) Kat:2, Licht: 0,70631,2,2,6,09,10,6,0,0,0,1,1,0,0,0
"POINT (13.746717249000028 51.063780433000034)",Unfall 70638 (2018) Kat:3, Licht: 0,70638,3,2,5,09,17,3,0,0,1,1,0,0,0,0
"POINT (13.704466095000043 51.050781140000026)",Unfall 70655 (2018) Kat:2, Licht: 1,70655,2,3,5,08,05,6,0,1,0,1,0,0,0,0
"POINT (13.728952184000036 51.059331691000068)",Unfall 70659 (2018) Kat:3, Licht: 0,70659,3,3,5,09,09,3,0,0,1,1,0,0,0,0
"POINT (13.746976504000031 51.066028130000063)",Unfall 70660 (2018) Kat:3, Licht: 0,70660,3,3,5,09,11,6,0,0,1,0,0,0,0,1
"POINT (13.634089474000064 51.087407113000040)",Unfall 70664 (2018) Kat:3, Licht: 0,70664,3,3,5,09,17,7,0,0,1,1,0,0,0,0
"POINT (13.793623881000030 51.001769810000042)",Unfall 70676 (2018) Kat:3, Licht: 0,70676,3,6,2,09,13,7,0,0,0,1,0,0,0,0
"POINT (13.721485926000071 51.041905771000074)",Unfall 70677 (2018) Kat:3, Licht: 0,70677,3,3,5,08,09,3,0,0,1,1,0,0,0,0
"POINT (13.701755577000029 51.031368550000082)",Unfall 70684 (2018) Kat:3, Licht: 0,70684,3,3,0,08,11,1,0,0,1,0,0,0,0,1
"POINT (13.690447726000059 51.082456996000076)",Unfall 70692 (2018) Kat:2, Licht: 0,70692,2,3,5,08,18,6,0,0,1,1,0,0,0,0
"POINT (13.655349445000070 51.081387363000033)",Unfall 70695 (2018) Kat:3, Licht: 0,70695,3,2,3,09,17,4,0,0,1,1,0,0,0,0
"POINT (13.729415187000029 51.059730174000038)",Unfall 70729 (2018) Kat:3, Licht: 0,70729,3,6,3,09,15,5,1,0,0,1,0,1,0,0
"POINT (13.648979944000075 51.043075528000031)",Unfall 70737 (2018) Kat:3, Licht: 0,70737,3,6,4,09,16,5,0,0,1,0,0,0,0,0
"POINT (13.820040687000073 51.050175920000072)",Unfall 70749 (2018) Kat:3, Licht: 0,70749,3,6,6,08,07,2,0,0,1,0,1,0,0,0
"POINT (13.707542380000064 51.041261769000073)",Unfall 70754 (2018) Kat:3, Licht: 2,70754,3,3,5,09,05,2,0,2,1,0,0,0,0,1
"POINT (13.854935638000029 51.061851240000067)",Unfall 70756 (2018) Kat:3, Licht: 0,70756,3,2,3,08,12,4,0,0,1,1,0,0,0,0
"POINT (13.716083222000066 51.077843040000062)",Unfall 70758 (2018) Kat:3, Licht: 0,70758,3,6,2,08,10,2,0,0,0,1,0,0,0,0
"POINT (13.709674207000035 51.061594560000060)",Unfall 70782 (2018) Kat:3, Licht: 0,70782,3,3,5,09,15,2,1,0,1,0,0,0,0,0
"POINT (13.619328708000069 51.060676306000062)",Unfall 70793 (2018) Kat:3, Licht: 0,70793,3,1,0,09,18,3,0,0,0,0,0,0,1,1
"POINT (13.766192716000035 51.065246339000055)",Unfall 70811 (2018) Kat:3, Licht: 0,70811,3,3,5,09,12,5,0,0,0,1,0,1,0,0
"POINT (13.690006558000050 51.061721902000045)",Unfall 70814 (2018) Kat:3, Licht: 0,70814,3,6,2,09,10,6,0,0,0,1,0,0,1,0
"POINT (13.707772101000046 51.020826527000054)",Unfall 70821 (2018) Kat:2, Licht: 0,70821,2,3,5,09,16,3,0,0,1,0,0,0,0,0
"POINT (13.720094840000058 51.040858269000069)",Unfall 70825 (2018) Kat:3, Licht: 0,70825,3,3,5,08,12,5,1,0,1,1,0,0,0,0
"POINT (13.799468097000045 50.998566803000074)",Unfall 70826 (2018) Kat:3, Licht: 2,70826,3,4,6,09,20,7,0,2,0,1,1,0,0,0
"POINT (13.735656264000056 51.064498103000062)",Unfall 70831 (2018) Kat:3, Licht: 0,70831,3,7,2,08,10,1,0,0,0,1,0,0,0,0
"POINT (13.746809872000028 51.063818538000078)",Unfall 70837 (2018) Kat:3, Licht: 2,70837,3,1,0,08,01,1,0,2,1,0,0,0,0,0
"POINT (13.730664304000072 51.068962531000068)",Unfall 70841 (2018) Kat:3, Licht: 0,70841,3,1,3,09,18,3,0,0,1,1,0,0,0,0
"POINT (13.737549993000073 51.087266912000075)",Unfall 70847 (2018) Kat:2, Licht: 0,70847,2,2,5,09,18,5,0,0,0,1,0,1,0,0
"POINT (13.738843512000074 51.083766335000064)",Unfall 70851 (2018) Kat:3, Licht: 0,70851,3,6,6,09,05,6,0,0,1,0,1,0,0,0
"POINT (13.768257272000028 51.015701442000079)",Unfall 70858 (2018) Kat:3, Licht: 0,70858,3,3,5,09,06,3,0,0,1,1,0,0,0,0
"POINT (13.791768088000026 51.125420346000055)",Unfall 70867 (2018) Kat:3, Licht: 0,70867,3,2,2,09,09,2,0,0,0,1,0,0,0,0
"POINT (13.748087515000066 51.127009351000027)",Unfall 70869 (2018) Kat:3, Licht: 0,70869,3,6,3,09,17,3,0,0,0,1,0,0,1,0
"POINT (13.703802468000049 51.041147440000032)",Unfall 70879 (2018) Kat:3, Licht: 0,70879,3,2,2,09,15,3,0,0,0,1,0,1,0,0
"POINT (13.762434741000050 51.085008329000061)",Unfall 70881 (2018) Kat:3, Licht: 0,70881,3,2,5,09,16,4,0,0,1,1,0,0,0,0
"POINT (13.735930465000024 51.062503473000049)",Unfall 70884 (2018) Kat:3, Licht: 0,70884,3,6,3,09,16,1,0,0,0,1,0,1,0,0
"POINT (13.768954176000022 51.099179585000059)",Unfall 70886 (2018) Kat:3, Licht: 0,70886,3,6,3,08,07,3,0,0,1,1,0,0,0,0
"POINT (13.702784231000066 51.033622001000026)",Unfall 70898 (2018) Kat:3, Licht: 0,70898,3,1,0,09,16,7,1,0,1,0,0,0,0,0
"POINT (13.825083617000075 51.062514036000039)",Unfall 70900 (2018) Kat:3, Licht: 0,70900,3,3,5,09,12,7,0,0,0,1,0,0,0,0
"POINT (13.693653261000065 51.043028423000067)",Unfall 70911 (2018) Kat:3, Licht: 0,70911,3,1,0,09,11,1,0,0,1,0,0,0,0,0
"POINT (13.714196927000046 51.079974413000059)",Unfall 70967 (2018) Kat:3, Licht: 0,70967,3,6,3,09,12,4,0,0,0,1,0,1,0,0
"POINT (13.824177761000044 51.043670225000028)",Unfall 70968 (2018) Kat:2, Licht: 2,70968,2,7,0,08,03,7,1,2,1,0,0,0,0,0
"POINT (13.739279825000040 51.066948568000043)",Unfall 70987 (2018) Kat:3, Licht: 0,70987,3,7,6,09,15,2,0,0,0,1,1,0,0,0
"POINT (13.631443483000055 51.087904532000039)",Unfall 70997 (2018) Kat:3, Licht: 0,70997,3,2,2,09,15,3,0,0,0,1,0,1,0,0
"POINT (13.730419379000068 51.082090695000034)",Unfall 71000 (2018) Kat:3, Licht: 0,71000,3,6,4,09,12,5,0,0,1,0,0,0,0,0
"POINT (13.812761219000038 51.063722513000073)",Unfall 71012 (2018) Kat:3, Licht: 0,71012,3,6,2,09,10,5,0,0,0,1,0,1,0,0
"POINT (13.769036965000055 51.013496570000029)",Unfall 71018 (2018) Kat:3, Licht: 0,71018,3,1,0,09,10,2,0,0,1,0,0,0,0,0
"POINT (13.614810221000027 51.038492883000060)",Unfall 71020 (2018) Kat:2, Licht: 0,71020,2,2,5,08,12,4,0,0,0,1,0,0,0,1
"POINT (13.823389125000062 51.057640889000027)",Unfall 71041 (2018) Kat:3, Licht: 0,71041,3,1,9,08,14,5,1,0,0,0,0,1,0,0
"POINT (13.689313981000055 51.067772900000080)",Unfall 71043 (2018) Kat:3, Licht: 0,71043,3,2,5,09,15,3,0,0,1,0,0,0,1,0
"POINT (13.725436489000060 51.072734561000061)",Unfall 71045 (2018) Kat:3, Licht: 0,71045,3,5,2,09,08,2,0,0,0,1,0,0,0,0
"POINT (13.844324597000025 51.127774353000063)",Unfall 71052 (2018) Kat:3, Licht: 0,71052,3,6,3,09,13,6,1,0,0,1,0,1,0,0
"POINT (13.701906131000044 51.032113311000046)",Unfall 71053 (2018) Kat:3, Licht: 0,71053,3,4,6,09,16,6,0,0,0,1,1,0,0,0
"POINT (13.730991383000060 51.118121543000029)",Unfall 71071 (2018) Kat:2, Licht: 0,71071,2,3,5,09,08,3,0,0,0,1,0,0,0,0
"POINT (13.746650423000062 51.057140609000044)",Unfall 71079 (2018) Kat:3, Licht: 2,71079,3,2,5,08,20,6,0,2,1,1,0,0,0,0
"POINT (13.787561508000067 51.006036644000062)",Unfall 71081 (2018) Kat:3, Licht: 0,71081,3,3,5,09,16,2,0,0,1,1,0,0,0,0
"POINT (13.793606767000028 51.129189159000077)",Unfall 71082 (2018) Kat:3, Licht: 1,71082,3,3,5,09,18,3,0,1,1,1,0,0,0,0
"POINT (13.690816159000065 51.085884909000072)",Unfall 71087 (2018) Kat:2, Licht: 0,71087,2,6,2,09,11,7,0,0,0,1,0,1,0,0
"POINT (13.744783185000074 51.049157654000055)",Unfall 71099 (2018) Kat:3, Licht: 2,71099,3,3,5,09,21,7,1,2,0,1,0,0,0,0
"POINT (13.746918179000033 51.176650736000056)",Unfall 71129 (2018) Kat:3, Licht: 0,71129,3,6,3,08,18,6,0,0,0,1,0,0,0,0
"POINT (13.706463124000038 51.084660628000051)",Unfall 71139 (2018) Kat:3, Licht: 0,71139,3,1,0,10,08,5,1,0,1,0,0,0,0,0
"POINT (13.791057776000059 51.121493290000046)",Unfall 71140 (2018) Kat:3, Licht: 1,71140,3,7,0,11,16,3,1,1,0,1,0,1,0,0
"POINT (13.827134461000071 51.058246136000037)",Unfall 71147 (2018) Kat:3, Licht: 0,71147,3,2,2,10,13,6,0,0,0,1,0,0,0,0
"POINT (13.646514676000038 51.040347299000075)",Unfall 71153 (2018) Kat:3, Licht: 2,71153,3,3,5,11,16,6,1,2,0,1,0,0,0,1
"POINT (13.684088003000056 51.037830588000077)",Unfall 71156 (2018) Kat:3, Licht: 0,71156,3,6,1,11,14,6,0,0,0,1,0,0,0,0
"POINT (13.735532388000024 51.041664922000052)",Unfall 71172 (2018) Kat:3, Licht: 2,71172,3,4,6,10,22,6,0,2,0,1,1,0,0,0
"POINT (13.791767610000022 51.125418225000033)",Unfall 71176 (2018) Kat:3, Licht: 2,71176,3,6,2,11,17,2,1,2,0,1,0,0,0,0
"POINT (13.737119038000060 51.061497516000031)",Unfall 71205 (2018) Kat:3, Licht: 0,71205,3,6,2,11,06,6,0,0,0,1,0,0,0,0
"POINT (13.704526567000073 51.040031651000049)",Unfall 71225 (2018) Kat:3, Licht: 0,71225,3,3,5,11,08,4,2,0,1,1,0,0,0,0
"POINT (13.655288000000041 51.081412152000041)",Unfall 71228 (2018) Kat:2, Licht: 0,71228,2,3,5,10,16,3,0,0,0,1,0,1,0,0
"POINT (13.668393863000063 51.072871253000073)",Unfall 71229 (2018) Kat:3, Licht: 2,71229,3,1,8,11,13,5,0,2,0,0,0,1,0,0
"POINT (13.610610765000047 51.037590729000044)",Unfall 71236 (2018) Kat:2, Licht: 0,71236,2,3,5,10,14,6,0,0,0,1,0,0,0,0
"POINT (13.745636864000062 51.049309865000055)",Unfall 71239 (2018) Kat:3, Licht: 2,71239,3,3,5,10,19,3,0,2,1,1,0,0,0,0
"POINT (13.870390277000070 51.103867380000054)",Unfall 71252 (2018) Kat:3, Licht: 2,71252,3,1,8,11,18,6,1,2,0,1,0,0,0,0
"POINT (13.750471146000052 51.071134388000075)",Unfall 71260 (2018) Kat:3, Licht: 0,71260,3,4,6,11,13,5,0,0,0,0,1,0,0,1
"POINT (13.736906600000054 51.029087885000081)",Unfall 71262 (2018) Kat:3, Licht: 0,71262,3,6,4,10,17,4,0,0,1,0,0,0,0,0
"POINT (13.741687823000063 51.046508801000073)",Unfall 71266 (2018) Kat:3, Licht: 0,71266,3,6,2,12,13,1,1,0,0,1,0,0,0,0