WKT,Name,OBJECTID,UKATEGORIE,UTYP1,UART,UMONAT,USTUNDE,UWOCHENTAG,STRZUSTAND,ULICHTVERH,ISTRAD,ISTPKW,ISTFUSS,ISTKRAD,ISTGKFZ,ISTSONSTIG
"POINT (13.752936067000064 51.073846060000051)",Unfall 71292 (2018) Kat:3, Licht: 2,71292,3,3,5,11,16,2,0,2,1,1,0,0,0,0
"POINT (13.731813127000066 51.126289081000039)",Unfall 71302 (2018) Kat:3, Licht: 0,71302,3,2,2,12,09,3,1,0,0,1,0,0,0,1
"POINT (13.729413477000037 51.070366491000073)",Unfall 71306 (2018) Kat:3, Licht: 1,71306,3,2,2,11,16,2,0,1,0,1,0,0,0,0
"POINT (13.732447918000048 51.061023351000074)",Unfall 71319 (2018) Kat:3, Licht: 0,71319,3,6,3,11,15,5,0,0,1,0,0,0,0,0
"POINT (13.735873873000060 51.041757237000070)",Unfall 71320 (2018) Kat:3, Licht: 0,71320,3,3,5,10,14,6,0,0,1,1,0,0,0,0
"POINT (13.730289544000073 51.031810352000036)",Unfall 71324 (2018) Kat:3, Licht: 2,71324,3,1,8,11,23,5,0,2,1,0,0,0,0,0
"POINT (13.748963590000074 51.129129564000038)",Unfall 71325 (2018) Kat:3, Licht: 0,71325,3,6,2,10,15,6,0,0,0,1,0,0,1,0
"POINT (13.770791855000027 51.016686771000082)",Unfall 71339 (2018) Kat:3, Licht: 2,71339,3,2,2,11,17,3,0,2,0,1,0,0,0,0
"POINT (13.741964294000070 51.064680324000051)",Unfall 71345 (2018) Kat:3, Licht: 1,71345,3,4,6,10,16,3,0,1,0,1,1,0,0,0
"POINT (13.668337010000073 51.072990075000064)",Unfall 71352 (2018) Kat:3, Licht: 0,71352,3,6,2,10,10,4,0,0,0,1,0,0,0,0
"POINT (13.739350901000023 51.077944862000038)",Unfall 71354 (2018) Kat:3, Licht: 2,71354,3,6,3,11,17,6,2,2,0,1,0,0,1,0
"POINT (13.732060493000063 51.036203129000057)",Unfall 71357 (2018) Kat:3, Licht: 0,71357,3,6,2,11,13,6,0,0,0,1,0,0,0,0
"POINT (13.808821621000050 50.977524075000076)",Unfall 71359 (2018) Kat:3, Licht: 2,71359,3,2,4,12,16,2,1,2,0,1,0,0,0,0
"POINT (13.692587553000067 51.022631783000065)",Unfall 71377 (2018) Kat:3, Licht: 0,71377,3,2,2,12,10,2,1,0,0,1,0,0,0,0
"POINT (13.851023919000056 51.026087797000059)",Unfall 71378 (2018) Kat:3, Licht: 0,71378,3,1,8,10,09,5,0,0,0,1,0,0,0,0
"POINT (13.707504766000056 51.020668202000081)",Unfall 71401 (2018) Kat:2, Licht: 0,71401,2,1,0,10,12,1,0,0,0,0,0,1,0,0
"POINT (13.730372309000074 51.069323282000028)",Unfall 71403 (2018) Kat:3, Licht: 1,71403,3,6,2,10,17,5,0,1,0,1,0,0,0,1
"POINT (13.783901179000054 51.009624259000077)",Unfall 71440 (2018) Kat:3, Licht: 0,71440,3,2,5,10,16,3,0,0,1,1,0,0,0,0
"POINT (13.742016928000055 51.064675551000050)",Unfall 71442 (2018) Kat:2, Licht: 0,71442,2,3,5,11,07,2,1,0,1,1,0,0,0,0
"POINT (13.751513377000038 51.072285175000047)",Unfall 71455 (2018) Kat:3, Licht: 0,71455,3,2,2,10,15,2,0,0,0,1,0,0,0,0
"POINT (13.787924492000059 51.005718244000036)",Unfall 71456 (2018) Kat:3, Licht: 0,71456,3,6,1,10,14,2,0,0,0,1,0,0,0,0
"POINT (13.693156943000076 51.081716791000076)",Unfall 71471 (2018) Kat:3, Licht: 2,71471,3,3,5,11,22,7,1,2,0,1,0,0,0,0
"POINT (13.719565066000030 51.035208349000072)",Unfall 71482 (2018) Kat:3, Licht: 0,71482,3,3,5,10,12,5,0,0,1,1,0,0,0,0
"POINT (13.768088940000041 51.015759423000077)",Unfall 71490 (2018) Kat:3, Licht: 0,71490,3,3,5,10,08,5,0,0,0,1,0,0,0,0
"POINT (13.737674175000052 51.043577699000082)",Unfall 71492 (2018) Kat:3, Licht: 0,71492,3,4,6,11,11,5,0,0,0,0,1,0,0,1
"POINT (13.730431176000025 51.069250554000064)",Unfall 71496 (2018) Kat:3, Licht: 2,71496,3,3,5,11,21,4,0,2,0,1,0,0,0,0
"POINT (13.793369113000040 50.977701956000033)",Unfall 71497 (2018) Kat:3, Licht: 0,71497,3,7,9,10,17,5,0,0,0,1,0,0,0,0
"POINT (13.720093066000061 51.076105062000067)",Unfall 71502 (2018) Kat:3, Licht: 0,71502,3,3,5,11,16,4,0,0,0,1,0,1,0,0
"POINT (13.740266660000032 51.064672506000079)",Unfall 71508 (2018) Kat:3, Licht: 0,71508,3,3,5,10,16,5,0,0,1,1,0,0,0,0
"POINT (13.612833220000027 51.064410205000058)",Unfall 71514 (2018) Kat:3, Licht: 0,71514,3,1,3,11,11,6,0,0,0,1,0,0,0,1
"POINT (13.732410277000042 51.077443010000081)",Unfall 71522 (2018) Kat:3, Licht: 2,71522,3,1,8,11,03,5,0,2,0,1,0,0,0,0
"POINT (13.814277672000060 50.988308785000072)",Unfall 71523 (2018) Kat:2, Licht: 0,71523,2,6,2,10,17,5,0,0,0,1,0,0,0,1
"POINT (13.730975656000055 51.033909702000074)",Unfall 71527 (2018) Kat:3, Licht: 0,71527,3,6,4,10,12,5,0,0,1,0,0,0,0,0
"POINT (13.701704900000038 51.031024501000047)",Unfall 71530 (2018) Kat:3, Licht: 2,71530,3,6,1,10,18,4,0,2,0,1,0,0,0,0
"POINT (13.730576268000050 51.069071296000061)",Unfall 71537 (2018) Kat:3, Licht: 0,71537,3,7,0,11,15,1,0,0,0,1,0,0,0,0
"POINT (13.791793292000023 51.125532334000070)",Unfall 71542 (2018) Kat:2, Licht: 0,71542,2,3,5,10,11,5,0,0,0,1,0,0,1,0
"POINT (13.698780496000040 51.059621187000062)",Unfall 71547 (2018) Kat:3, Licht: 0,71547,3,3,5,11,10,6,0,0,0,1,0,0,0,0
"POINT (13.687913310000056 51.022845659000041)",Unfall 71553 (2018) Kat:2, Licht: 1,71553,2,1,4,12,18,4,0,1,0,1,0,0,0,0
"POINT (13.686107373000027 51.062281712000072)",Unfall 71578 (2018) Kat:3, Licht: 1,71578,3,7,1,10,17,5,0,1,0,1,0,1,0,0
"POINT (13.685632131000034 51.062307514000054)",Unfall 71605 (2018) Kat:3, Licht: 0,71605,3,1,0,10,07,5,1,0,0,0,0,1,0,0
"POINT (13.688860717000068 51.082992010000055)",Unfall 71613 (2018) Kat:3, Licht: 0,71613,3,6,4,10,12,6,0,0,1,0,0,0,0,0
"POINT (13.765151826000022 51.064938906000066)",Unfall 71614 (2018) Kat:3, Licht: 0,71614,3,3,5,11,07,3,0,0,1,1,0,0,0,0
"POINT (13.728257920000033 51.084222495000063)",Unfall 71625 (2018) Kat:2, Licht: 2,71625,2,1,0,11,03,1,0,2,1,0,0,0,0,0
"POINT (13.783710887000041 51.009605093000062)",Unfall 71627 (2018) Kat:3, Licht: 0,71627,3,7,2,10,11,3,0,0,0,1,0,0,0,0
"POINT (13.715902513000060 51.062864253000043)",Unfall 71631 (2018) Kat:3, Licht: 2,71631,3,1,0,10,06,4,0,2,0,0,0,1,0,0
"POINT (13.739307857000028 51.073975503000042)",Unfall 71637 (2018) Kat:3, Licht: 1,71637,3,2,5,10,18,4,0,1,1,1,0,0,0,0
"POINT (13.768257272000028 51.015701442000079)",Unfall 71638 (2018) Kat:3, Licht: 0,71638,3,3,5,10,15,5,0,0,1,1,0,0,0,0
"POINT (13.707370107000031 51.084439079000049)",Unfall 71640 (2018) Kat:3, Licht: 0,71640,3,4,6,11,09,6,0,0,0,1,1,0,0,0
"POINT (13.737840296000059 51.061579352000081)",Unfall 71642 (2018) Kat:2, Licht: 2,71642,2,3,5,12,18,2,1,2,0,1,0,0,0,0
"POINT (13.746405031000052 51.063861190000068)",Unfall 71644 (2018) Kat:3, Licht: 1,71644,3,6,2,11,16,6,0,1,0,1,0,0,0,0
"POINT (13.714431152000031 51.079717935000076)",Unfall 71648 (2018) Kat:3, Licht: 1,71648,3,4,6,10,18,4,1,1,0,0,1,1,0,0
"POINT (13.605632821000029 51.058809078000081)",Unfall 71653 (2018) Kat:3, Licht: 0,71653,3,6,2,10,11,4,0,0,0,1,0,0,0,1
"POINT (13.737327630000038 51.085369116000038)",Unfall 71670 (2018) Kat:3, Licht: 0,71670,3,3,5,10,14,5,0,0,1,1,0,0,0,0
"POINT (13.740253771000027 51.064785439000048)",Unfall 71673 (2018) Kat:3, Licht: 0,71673,3,2,2,10,17,1,0,0,1,1,0,0,0,0
"POINT (13.667016704000048 51.023273378000056)",Unfall 71675 (2018) Kat:3, Licht: 0,71675,3,3,5,11,09,7,0,0,0,1,0,0,0,0
"POINT (13.678154468000059 51.049348548000069)",Unfall 71694 (2018) Kat:3, Licht: 0,71694,3,2,6,11,14,4,0,0,0,1,1,0,0,0
"POINT (13.715638050000052 51.036918331000038)",Unfall 71697 (2018) Kat:2, Licht: 0,71697,2,2,5,10,10,3,0,0,1,0,0,0,0,1
"POINT (13.763535744000023 51.120597823000026)",Unfall 71723 (2018) Kat:3, Licht: 0,71723,3,7,2,10,13,6,0,0,0,1,0,0,0,0
"POINT (13.803823649000037 50.995372649000046)",Unfall 71728 (2018) Kat:1, Licht: 0,71728,1,7,8,11,11,2,0,0,0,1,0,0,0,0
"POINT (13.714422725000077 51.037685205000059)",Unfall 71753 (2018) Kat:3, Licht: 2,71753,3,1,0,10,00,7,0,2,1,0,0,0,0,0
"POINT (13.700663698000028 51.032199816000059)",Unfall 71758 (2018) Kat:3, Licht: 0,71758,3,3,5,11,09,6,0,0,0,1,0,1,0,0
"POINT (13.879886426000041 51.110254621000081)",Unfall 71766 (2018) Kat:2, Licht: 0,71766,2,7,8,11,12,4,1,0,0,1,0,0,0,0
"POINT (13.732484215000056 51.077942417000031)",Unfall 71768 (2018) Kat:3, Licht: 0,71768,3,3,5,10,11,2,0,0,1,0,0,0,0,1
"POINT (13.799718358000064 50.998429828000042)",Unfall 71777 (2018) Kat:3, Licht: 0,71777,3,3,5,12,09,3,0,0,1,1,0,0,0,0
"POINT (13.827032784000039 51.039838575000033)",Unfall 71792 (2018) Kat:2, Licht: 2,71792,2,1,0,10,19,3,0,2,1,0,0,0,0,0
"POINT (13.732484208000074 51.077942388000054)",Unfall 71805 (2018) Kat:3, Licht: 0,71805,3,3,5,11,11,6,0,0,1,0,0,0,0,1
"POINT (13.737855410000066 51.061582734000069)",Unfall 71820 (2018) Kat:3, Licht: 0,71820,3,1,5,12,12,1,1,0,0,1,0,0,0,0
"POINT (13.734244157000035 51.074664064000046)",Unfall 71843 (2018) Kat:3, Licht: 0,71843,3,2,5,10,16,3,0,0,1,1,0,0,0,0
"POINT (13.731198160000076 51.034723756000062)",Unfall 71847 (2018) Kat:3, Licht: 0,71847,3,6,2,11,12,2,0,0,0,1,0,0,0,0
"POINT (13.801797492000048 50.994505352000033)",Unfall 71849 (2018) Kat:3, Licht: 0,71849,3,2,5,10,11,3,0,0,0,1,0,0,0,0
"POINT (13.724475346000077 51.059520004000035)",Unfall 71854 (2018) Kat:3, Licht: 1,71854,3,6,2,12,18,2,1,1,0,1,0,0,0,0
"POINT (13.888623003000077 51.064216752000050)",Unfall 71855 (2018) Kat:2, Licht: 1,71855,2,2,0,10,06,5,0,1,1,1,0,0,0,0
"POINT (13.726034864000042 51.057021376000080)",Unfall 71860 (2018) Kat:2, Licht: 1,71860,2,3,4,10,05,3,1,1,0,1,0,0,0,0
"POINT (13.727277714000024 51.071612742000070)",Unfall 71874 (2018) Kat:3, Licht: 0,71874,3,7,5,10,15,3,0,0,0,1,0,0,0,1
"POINT (13.716412683000044 51.036617895000063)",Unfall 71879 (2018) Kat:3, Licht: 0,71879,3,6,3,10,08,3,0,0,0,0,0,0,0,1
"POINT (13.720941661000040 51.092485224000029)",Unfall 71893 (2018) Kat:3, Licht: 0,71893,3,6,4,11,13,3,0,0,1,0,0,0,0,0
"POINT (13.716788461000021 51.022296245000064)",Unfall 71899 (2018) Kat:3, Licht: 0,71899,3,4,6,10,07,3,0,0,0,0,1,0,0,1
"POINT (13.819142128000067 51.056454846000065)",Unfall 71908 (2018) Kat:2, Licht: 1,71908,2,4,6,11,17,6,1,1,0,1,1,0,0,0
"POINT (13.794346231000077 51.163232760000028)",Unfall 71910 (2018) Kat:3, Licht: 2,71910,3,1,9,10,18,5,0,2,0,1,0,0,0,0
"POINT (13.704742867000050 51.046311956000068)",Unfall 71915 (2018) Kat:2, Licht: 0,71915,2,2,4,11,08,6,0,0,1,1,0,0,0,0
"POINT (13.728955186000064 51.059329563000063)",Unfall 71951 (2018) Kat:3, Licht: 2,71951,3,3,5,11,05,3,0,2,1,1,0,0,0,0
"POINT (13.804204727000069 50.994790444000046)",Unfall 71958 (2018) Kat:3, Licht: 0,71958,3,2,2,10,15,1,0,0,0,1,0,0,0,0
"POINT (13.730777600000067 51.024222218000034)",Unfall 71960 (2018) Kat:3, Licht: 0,71960,3,1,4,10,08,5,1,0,0,1,0,0,0,0
"POINT (13.736605468000050 51.042686063000076)",Unfall 71968 (2018) Kat:3, Licht: 0,71968,3,6,3,10,18,6,0,0,1,1,0,0,0,0
"POINT (13.704465664000054 51.050781994000033)",Unfall 71972 (2018) Kat:3, Licht: 2,71972,3,3,5,10,06,4,1,2,0,1,0,1,0,0
"POINT (13.734263574000067 51.061581810000064)",Unfall 71974 (2018) Kat:3, Licht: 2,71974,3,1,0,11,19,6,2,2,1,0,0,0,0,0
"POINT (13.825124815000038 51.062497700000051)",Unfall 71994 (2018) Kat:2, Licht: 0,71994,2,4,6,10,16,6,0,0,1,0,1,0,0,0
"POINT (13.705374530000029 51.051052172000027)",Unfall 71997 (2018) Kat:3, Licht: 2,71997,3,1,0,10,22,3,0,2,1,0,0,0,0,0
"POINT (13.720577808000030 51.049437753000063)",Unfall 72000 (2018) Kat:3, Licht: 2,72000,3,3,5,11,17,2,0,2,1,1,0,0,0,0
"POINT (13.769388467000056 51.009878658000048)",Unfall 72014 (2018) Kat:3, Licht: 1,72014,3,2,5,10,16,2,0,1,1,1,0,0,0,0
"POINT (13.852020799000059 51.023861853000028)",Unfall 72028 (2018) Kat:3, Licht: 0,72028,3,6,4,11,15,7,0,0,0,1,0,0,0,0
"POINT (13.723189631000025 51.033949905000043)",Unfall 72046 (2018) Kat:2, Licht: 2,72046,2,2,5,11,18,4,0,2,1,1,0,0,0,0
"POINT (13.690053115000069 51.075083661000065)",Unfall 72048 (2018) Kat:3, Licht: 0,72048,3,3,5,10,12,2,0,0,1,1,0,0,0,0
"POINT (13.766452987000037 51.093559975000062)",Unfall 72050 (2018) Kat:3, Licht: 2,72050,3,2,4,11,19,5,0,2,1,1,0,0,0,0
"POINT (13.726160838000055 51.086349080000048)",Unfall 72053 (2018) Kat:3, Licht: 2,72053,3,3,5,11,17,4,0,2,1,1,0,0,0,0
"POINT (13.879572820000021 51.059933819000037)",Unfall 72056 (2018) Kat:3, Licht: 0,72056,3,2,5,10,07,6,0,0,1,1,0,0,0,0
"POINT (13.746584326000061 51.123143586000026)",Unfall 72073 (2018) Kat:3, Licht: 2,72073,3,1,9,11,00,6,1,2,0,1,0,0,0,0
"POINT (13.764436835000026 51.064727747000063)",Unfall 72081 (2018) Kat:3, Licht: 2,72081,3,7,0,11,18,5,0,2,0,1,0,0,0,0
"POINT (13.737032243000044 51.063232668000069)",Unfall 72083 (2018) Kat:3, Licht: 0,72083,3,2,5,10,15,4,0,0,1,0,0,1,0,0
"POINT (13.739478680000047 51.062824016000036)",Unfall 72127 (2018) Kat:3, Licht: 0,72127,3,3,5,12,14,3,0,0,1,1,0,0,0,0
"POINT (13.884866747000046 51.060941301000071)",Unfall 72131 (2018) Kat:3, Licht: 0,72131,3,2,2,11,12,2,0,0,0,1,0,0,1,0
"POINT (13.704695095000034 51.036066229000028)",Unfall 72147 (2018) Kat:3, Licht: 0,72147,3,7,0,12,11,5,0,0,1,0,0,0,0,0
"POINT (13.744038697000065 51.064414429000067)",Unfall 72165 (2018) Kat:3, Licht: 1,72165,3,2,5,11,16,3,0,1,1,1,0,0,0,0
"POINT (13.749856991000058 51.070462331000044)",Unfall 72178 (2018) Kat:3, Licht: 0,72178,3,4,6,10,07,4,1,0,0,0,1,0,0,1
"POINT (13.677653133000035 51.074341517000050)",Unfall 72182 (2018) Kat:3, Licht: 0,72182,3,6,3,10,17,5,0,0,0,1,0,1,0,0
"POINT (13.816201370000044 51.054304188000060)",Unfall 72183 (2018) Kat:2, Licht: 2,72183,2,1,0,11,16,6,0,2,1,0,0,0,0,0
"POINT (13.678115257000059 51.049358280000035)",Unfall 72188 (2018) Kat:3, Licht: 0,72188,3,2,6,10,08,3,1,0,0,1,1,0,0,0
"POINT (13.702839036000057 51.033694463000074)",Unfall 72197 (2018) Kat:3, Licht: 0,72197,3,6,2,11,13,6,0,0,0,1,0,0,0,1
"POINT (13.710806680000076 51.104220166000061)",Unfall 72201 (2018) Kat:3, Licht: 0,72201,3,6,3,11,14,6,0,0,1,1,0,0,0,0
"POINT (13.736484023000060 51.042371891000073)",Unfall 72202 (2018) Kat:3, Licht: 2,72202,3,1,0,10,19,1,1,2,0,0,0,1,0,0
"POINT (13.721447706000049 51.041890774000080)",Unfall 72203 (2018) Kat:3, Licht: 0,72203,3,2,4,12,12,2,1,0,1,1,0,0,0,0
"POINT (13.674454012000069 51.067205433000026)",Unfall 72204 (2018) Kat:3, Licht: 2,72204,3,3,5,10,06,5,0,2,0,1,0,0,0,0
"POINT (13.765615950000040 51.065076052000052)",Unfall 72230 (2018) Kat:2, Licht: 1,72230,2,1,4,10,18,5,1,1,0,1,0,0,0,1
"POINT (13.693711313000051 51.060867683000026)",Unfall 72234 (2018) Kat:3, Licht: 2,72234,3,6,2,11,22,7,1,2,0,1,0,0,0,0
"POINT (13.736683750000054 51.094223446000058)",Unfall 72241 (2018) Kat:3, Licht: 2,72241,3,6,2,11,18,1,0,2,0,1,0,0,0,0
"POINT (13.670554233000075 51.073017644000060)",Unfall 72257 (2018) Kat:2, Licht: 2,72257,2,6,2,09,19,1,0,2,0,1,0,0,0,0
"POINT (13.789155571000038 51.005052489000036)",Unfall 72258 (2018) Kat:3, Licht: 0,72258,3,3,5,10,11,3,0,0,1,1,0,0,0,0
"POINT (13.761132981000060 51.083132672000033)",Unfall 72268 (2018) Kat:3, Licht: 0,72268,3,1,0,10,07,3,0,0,0,0,0,1,0,0
"POINT (13.704487617000041 51.050738556000056)",Unfall 72284 (2018) Kat:3, Licht: 0,72284,3,6,2,10,14,6,0,0,0,1,0,0,0,0
"POINT (13.613357494000070 51.088671653000063)",Unfall 72324 (2018) Kat:2, Licht: 0,72324,2,3,5,10,18,1,0,0,0,1,0,1,0,0
"POINT (13.771381981000047 51.147814075000042)",Unfall 72325 (2018) Kat:3, Licht: 0,72325,3,6,2,11,13,4,0,0,0,1,0,0,0,1
"POINT (13.604821432000051 51.037183432000063)",Unfall 72327 (2018) Kat:3, Licht: 0,72327,3,6,2,10,08,2,0,0,0,1,0,0,0,0
"POINT (13.714649696000038 51.100120327000070)",Unfall 72331 (2018) Kat:3, Licht: 2,72331,3,6,2,11,17,4,0,2,0,1,0,0,0,0
"POINT (13.705143331000045 51.085194617000070)",Unfall 72335 (2018) Kat:3, Licht: 2,72335,3,3,5,12,06,3,1,2,1,0,0,0,0,1
"POINT (13.808821697000042 50.977523694000070)",Unfall 72343 (2018) Kat:2, Licht: 2,72343,2,2,5,11,07,6,1,2,0,1,0,0,0,0
"POINT (13.731956867000065 51.079598237000027)",Unfall 72355 (2018) Kat:3, Licht: 0,72355,3,3,5,10,17,7,0,0,0,1,0,0,0,0
"POINT (13.736260410000057 51.042375505000052)",Unfall 72362 (2018) Kat:3, Licht: 0,72362,3,1,0,10,09,2,1,0,0,0,0,1,0,0
"POINT (13.720792758000073 51.061739839000040)",Unfall 72374 (2018) Kat:3, Licht: 2,72374,3,2,2,12,17,1,1,2,0,1,0,0,0,0
"POINT (13.600896360000036 51.094525580000038)",Unfall 72402 (2018) Kat:3, Licht: 0,72402,3,7,9,11,13,2,1,0,0,1,0,0,0,0
"POINT (13.688334161000057 51.047435524000036)",Unfall 72408 (2018) Kat:3, Licht: 0,72408,3,7,2,12,10,2,1,0,0,1,0,0,0,0
"POINT (13.768177493000053 51.015865945000030)",Unfall 72409 (2018) Kat:3, Licht: 0,72409,3,3,5,10,17,5,0,0,1,1,0,0,0,0
"POINT (13.716126124000027 51.077816761000065)",Unfall 72418 (2018) Kat:3, Licht: 0,72418,3,6,2,11,08,5,0,0,0,1,0,0,0,0
"POINT (13.693467384000030 51.061080589000028)",Unfall 72419 (2018) Kat:3, Licht: 0,72419,3,3,5,09,13,7,0,0,1,1,0,0,0,0
"POINT (13.791859925000040 51.125763504000076)",Unfall 72426 (2018) Kat:3, Licht: 0,72426,3,2,5,11,11,3,0,0,0,1,0,0,0,1
"POINT (13.728950905000033 51.059332598000026)",Unfall 72454 (2018) Kat:3, Licht: 2,72454,3,3,5,11,16,1,0,2,1,1,0,0,0,0
"POINT (13.748747179000077 51.129143931000044)",Unfall 72456 (2018) Kat:3, Licht: 0,72456,3,6,3,10,07,3,0,0,0,1,0,0,1,0
"POINT (13.740414219000058 51.064724559000069)",Unfall 72467 (2018) Kat:3, Licht: 1,72467,3,1,4,10,06,5,0,1,1,0,0,0,0,0
"POINT (13.723652019000042 51.015233968000075)",Unfall 72469 (2018) Kat:3, Licht: 0,72469,3,7,8,11,12,6,0,0,0,1,0,0,0,0
"POINT (13.749023564000026 51.130033570000080)",Unfall 72471 (2018) Kat:2, Licht: 0,72471,2,6,3,12,14,2,0,0,0,1,0,0,1,1
"POINT (13.755551612000033 51.076656302000060)",Unfall 72472 (2018) Kat:3, Licht: 2,72472,3,3,5,10,02,5,0,2,0,1,0,0,0,0
"POINT (13.865875392000078 51.013827229000071)",Unfall 72473 (2018) Kat:3, Licht: 0,72473,3,1,7,11,07,6,0,0,1,0,0,0,0,0
"POINT (13.723652034000054 51.045291083000052)",Unfall 72474 (2018) Kat:3, Licht: 0,72474,3,7,4,11,09,7,0,0,0,1,0,1,0,0
"POINT (13.747943512000063 51.126487706000034)",Unfall 72488 (2018) Kat:3, Licht: 1,72488,3,6,3,11,06,5,0,1,0,1,0,0,1,0
"POINT (13.715756964000036 51.078049377000070)",Unfall 72491 (2018) Kat:3, Licht: 2,72491,3,3,5,10,19,2,0,2,0,1,0,0,0,1
"POINT (13.790096264000056 51.119392991000041)",Unfall 72492 (2018) Kat:3, Licht: 0,72492,3,6,0,10,16,4,0,0,0,1,0,0,0,1
"POINT (13.736762083000031 51.063043847000074)",Unfall 72503 (2018) Kat:3, Licht: 0,72503,3,7,2,11,14,7,0,0,0,1,0,0,0,0
"POINT (13.818008051000049 51.085245572000076)",Unfall 72519 (2018) Kat:3, Licht: 2,72519,3,6,2,12,07,4,1,2,0,1,0,0,0,0
"POINT (13.722104008000031 51.091268806000073)",Unfall 72553 (2018) Kat:3, Licht: 0,72553,3,3,5,12,09,4,1,0,1,1,0,0,0,0
"POINT (13.799495244000070 50.998552559000075)",Unfall 72568 (2018) Kat:3, Licht: 0,72568,3,3,5,12,11,7,1,0,0,1,0,0,0,0
"POINT (13.886145792000036 51.061984560000042)",Unfall 72603 (2018) Kat:3, Licht: 2,72603,3,2,6,12,06,2,0,2,0,1,1,0,0,0
"POINT (13.850600643000064 51.130189281000071)",Unfall 72624 (2018) Kat:3, Licht: 0,72624,3,7,7,12,11,3,1,0,0,1,0,0,0,1
"POINT (13.702218100000039 51.032873468000048)",Unfall 72677 (2018) Kat:3, Licht: 2,72677,3,3,5,12,19,3,1,2,1,1,0,0,0,0
"POINT (13.789169712000046 51.067160880000074)",Unfall 72681 (2018) Kat:3, Licht: 2,72681,3,2,2,12,17,3,1,2,0,1,0,0,0,0
"POINT (13.752212838000048 51.120287937000057)",Unfall 72684 (2018) Kat:3, Licht: 2,72684,3,6,2,12,16,3,1,2,0,1,0,0,0,1
"POINT (13.728752845000031 51.083743326000047)",Unfall 72690 (2018) Kat:3, Licht: 2,72690,3,6,2,12,16,3,1,2,0,1,0,0,0,0
"POINT (13.704490160000034 51.048649226000066)",Unfall 72695 (2018) Kat:3, Licht: 0,72695,3,7,8,12,11,7,1,0,0,1,0,0,0,0
"POINT (13.741644538000060 51.046492680000028)",Unfall 72696 (2018) Kat:2, Licht: 0,72696,2,3,5,12,09,3,1,0,0,1,0,0,0,1
"POINT (13.872819368000023 51.104869881000070)",Unfall 72704 (2018) Kat:2, Licht: 0,72704,2,1,8,12,11,5,1,0,0,1,0,0,0,0
"POINT (13.709070783000072 51.084339333000059)",Unfall 72749 (2018) Kat:2, Licht: 0,72749,2,3,5,12,15,3,0,0,1,1,0,0,0,0
"POINT (13.808840313000076 50.977441959000032)",Unfall 72774 (2018) Kat:2, Licht: 0,72774,2,3,5,12,13,2,0,0,0,1,0,0,1,0
"POINT (13.719270457000050 51.076438426000038)",Unfall 72776 (2018) Kat:3, Licht: 0,72776,3,3,5,12,14,4,0,0,1,0,0,1,0,0
"POINT (13.773931791000052 51.112865737000050)",Unfall 72790 (2018) Kat:3, Licht: 0,72790,3,3,5,12,11,2,1,0,0,1,0,0,0,0
"POINT (13.741835799000057 51.046155199000054)",Unfall 72792 (2018) Kat:3, Licht: 2,72792,3,3,5,12,22,2,1,2,1,1,0,0,0,0
"POINT (13.734325510000076 51.107336687000043)",Unfall 72800 (2018) Kat:3, Licht: 0,72800,3,1,8,12,13,2,2,0,0,1,0,0,0,0
"POINT (13.694320003000030 51.043112935000067)",Unfall 72805 (2018) Kat:2, Licht: 2,72805,2,3,6,12,07,2,1,2,0,1,1,0,0,0
"POINT (13.713689091000049 51.080615501000068)",Unfall 72807 (2018) Kat:3, Licht: 2,72807,3,2,4,12,21,2,1,2,0,1,0,0,0,0
"POINT (13.727496015000042 51.044807297000034)",Unfall 72850 (2018) Kat:3, Licht: 2,72850,3,3,5,12,20,3,0,2,1,1,0,0,0,0
"POINT (13.690046279000057 51.073789955000052)",Unfall 72857 (2018) Kat:3, Licht: 0,72857,3,4,6,12,11,7,1,0,0,0,1,0,0,1
"POINT (13.755759889000046 51.026414528000032)",Unfall 72862 (2018) Kat:3, Licht: 2,72862,3,7,6,12,16,2,0,2,1,0,1,0,0,0
"POINT (13.793626705000065 51.001767873000063)",Unfall 72876 (2018) Kat:3, Licht: 0,72876,3,6,2,12,14,1,1,0,0,1,0,0,0,0
"POINT (13.702453341000023 51.090467195000031)",Unfall 72880 (2018) Kat:3, Licht: 0,72880,3,2,4,12,13,1,1,0,0,1,0,0,0,0
"POINT (13.747527931000036 51.051664584000036)",Unfall 72906 (2018) Kat:3, Licht: 0,72906,3,3,5,12,07,4,0,0,1,1,0,0,0,0
"POINT (13.763746079000043 51.087208672000031)",Unfall 72948 (2018) Kat:3, Licht: 0,72948,3,6,3,12,07,5,0,0,1,1,0,0,0,0
"POINT (13.849377568000023 51.061836890000052)",Unfall 72962 (2018) Kat:2, Licht: 2,72962,2,4,6,12,17,5,0,2,0,1,1,0,0,0
"POINT (13.769032087000028 51.099380212000028)",Unfall 72969 (2018) Kat:3, Licht: 2,72969,3,2,5,12,22,5,1,2,1,1,0,0,0,0
"POINT (13.768865319000042 51.099431236000044)",Unfall 72995 (2018) Kat:3, Licht: 2,72995,3,2,2,12,06,2,1,2,0,1,0,0,0,0
"POINT (13.886149681000063 51.061992142000065)",Unfall 73016 (2018) Kat:2, Licht: 2,73016,2,2,5,12,18,3,1,2,0,1,0,0,0,0
"POINT (13.722276203000035 51.054153183000039)",Unfall 73062 (2018) Kat:3, Licht: 2,73062,3,4,6,12,04,5,1,2,0,1,1,0,0,0
"POINT (13.703334251000058 51.050653561000047)",Unfall 73069 (2018) Kat:2, Licht: 2,73069,2,3,5,12,19,6,1,2,1,0,0,0,0,1