WKT,Name,OBJECTID,UKATEGORIE,UTYP1,UART,UMONAT,USTUNDE,UWOCHENTAG,STRZUSTAND,ULICHTVERH,ISTRAD,ISTPKW,ISTFUSS,ISTKRAD,ISTGKFZ,ISTSONSTIG
"POINT (13.766792665000025 51.020672236000053)",Unfall 73073 (2018) Kat:3, Licht: 2,73073,3,1,8,12,23,6,1,2,0,1,0,0,0,0
"POINT (13.730597249000027 51.069045376000076)",Unfall 73077 (2018) Kat:3, Licht: 2,73077,3,6,2,12,22,7,0,2,1,1,0,0,0,0
"POINT (13.723189631000025 51.033949905000043)",Unfall 73081 (2018) Kat:3, Licht: 2,73081,3,3,5,12,22,6,1,2,0,1,0,0,0,0
"POINT (13.763869796000051 51.087425058000065)",Unfall 73098 (2018) Kat:3, Licht: 2,73098,3,6,2,12,18,5,0,2,0,1,0,0,0,0
"POINT (13.733172439000043 51.076235547000067)",Unfall 73102 (2018) Kat:3, Licht: 0,73102,3,6,2,12,08,6,1,0,0,1,0,0,0,0
"POINT (13.671197809000034 51.016772061000040)",Unfall 73117 (2018) Kat:2, Licht: 2,73117,2,2,5,12,20,6,0,2,1,1,0,0,0,0
"POINT (13.791793169000073 51.125531788000046)",Unfall 73122 (2018) Kat:3, Licht: 0,73122,3,3,5,12,12,7,1,0,0,1,0,0,1,0
"POINT (13.725842488000069 51.032408519000057)",Unfall 73142 (2018) Kat:3, Licht: 2,73142,3,1,0,12,01,6,0,2,1,0,0,0,0,0
"POINT (13.723668997000061 51.053627948000042)",Unfall 165373 (2018) Kat:3, Licht: 0,165373,3,2,6,01,13,5,0,0,0,0,1,0,0,1
"POINT (13.777710556000045 51.044834337000054)",Unfall 165375 (2018) Kat:3, Licht: 2,165375,3,3,5,01,18,5,0,2,1,1,0,0,0,0
"POINT (13.752319424000063 51.061479623000082)",Unfall 165376 (2018) Kat:2, Licht: 2,165376,2,2,5,01,18,5,0,2,0,1,0,0,0,1
"POINT (13.762627075000069 51.016507408000052)",Unfall 165396 (2018) Kat:3, Licht: 2,165396,3,3,5,01,17,3,0,2,1,1,0,0,0,0
"POINT (13.749014688000045 51.033760696000058)",Unfall 165406 (2018) Kat:3, Licht: 2,165406,3,3,5,01,17,4,0,2,1,1,0,0,0,0
"POINT (13.801004102000036 51.012225869000076)",Unfall 165409 (2018) Kat:3, Licht: 2,165409,3,5,1,01,16,4,0,2,0,1,0,0,0,0
"POINT (13.765651734000073 51.073207552000042)",Unfall 165411 (2018) Kat:3, Licht: 2,165411,3,2,5,01,07,4,1,2,1,1,0,0,0,0
"POINT (13.801490436000051 51.035349753000048)",Unfall 165413 (2018) Kat:3, Licht: 0,165413,3,3,5,01,11,4,1,0,0,1,0,0,0,0
"POINT (13.774718139000072 51.049812550000070)",Unfall 165417 (2018) Kat:3, Licht: 2,165417,3,3,5,01,05,4,1,2,1,0,0,0,0,1
"POINT (13.713345029000038 51.085174116000076)",Unfall 165436 (2018) Kat:3, Licht: 0,165436,3,2,4,01,10,2,1,0,0,1,0,0,0,0
"POINT (13.767885262000050 51.026029214000062)",Unfall 165438 (2018) Kat:3, Licht: 2,165438,3,6,2,01,16,3,1,2,0,1,0,0,0,0
"POINT (13.774925945000064 51.069668357000069)",Unfall 165440 (2018) Kat:3, Licht: 0,165440,3,6,2,01,10,3,0,0,1,0,0,0,0,1
"POINT (13.743590913000048 51.035604103000026)",Unfall 165441 (2018) Kat:2, Licht: 0,165441,2,3,0,01,07,3,0,0,0,1,0,0,0,1
"POINT (13.787713728000028 51.035920440000041)",Unfall 165443 (2018) Kat:3, Licht: 2,165443,3,3,5,01,19,3,1,2,1,1,0,0,0,0
"POINT (13.712348689000066 51.033916331000057)",Unfall 165482 (2018) Kat:3, Licht: 0,165482,3,5,1,01,12,2,0,0,0,1,0,0,0,1
"POINT (13.805860155000062 51.049583599000073)",Unfall 165485 (2018) Kat:3, Licht: 2,165485,3,3,5,01,17,2,0,2,0,1,0,0,0,0
"POINT (13.765613834000021 51.073220237000044)",Unfall 165487 (2018) Kat:3, Licht: 2,165487,3,3,5,01,23,2,0,2,0,1,0,0,0,0
"POINT (13.774427363000029 51.060648334000064)",Unfall 165506 (2018) Kat:3, Licht: 2,165506,3,1,0,01,20,1,1,2,0,1,0,0,0,0
"POINT (13.788225828000066 51.030459756000027)",Unfall 165525 (2018) Kat:3, Licht: 1,165525,3,6,3,01,16,6,1,1,1,1,0,0,0,0
"POINT (13.635077030000048 51.038709588000074)",Unfall 165527 (2018) Kat:3, Licht: 0,165527,3,1,4,01,15,6,1,0,0,1,0,0,0,0
"POINT (13.725173200000029 51.050246578000042)",Unfall 165531 (2018) Kat:3, Licht: 0,165531,3,2,0,01,12,6,0,0,0,0,0,0,0,1
"POINT (13.785326061000035 51.035946252000031)",Unfall 165533 (2018) Kat:3, Licht: 1,165533,3,3,5,01,16,6,0,1,1,1,0,0,0,0
"POINT (13.702164999000047 51.034930168000074)",Unfall 165535 (2018) Kat:2, Licht: 2,165535,2,3,5,01,16,6,0,2,1,1,0,0,0,0
"POINT (13.824588801000061 51.007357216000059)",Unfall 165555 (2018) Kat:3, Licht: 0,165555,3,3,5,01,11,5,0,0,0,1,0,0,0,0
"POINT (13.755999363000058 51.055833818000053)",Unfall 165556 (2018) Kat:3, Licht: 2,165556,3,3,5,01,20,5,1,2,1,1,0,0,0,0
"POINT (13.775258794000024 51.032843890000038)",Unfall 165558 (2018) Kat:3, Licht: 2,165558,3,3,5,01,17,5,1,2,1,1,0,0,0,0
"POINT (13.774496057000022 51.060655064000059)",Unfall 165559 (2018) Kat:3, Licht: 0,165559,3,2,3,01,08,5,1,0,0,1,0,0,0,0
"POINT (13.777864576000070 51.053998432000071)",Unfall 165561 (2018) Kat:3, Licht: 0,165561,3,6,3,01,15,5,0,0,0,1,0,0,0,0
"POINT (13.702291186000025 51.034921240000074)",Unfall 165587 (2018) Kat:3, Licht: 0,165587,3,1,8,01,08,4,1,0,0,1,0,0,0,0
"POINT (13.720290377000026 51.037819647000049)",Unfall 165589 (2018) Kat:3, Licht: 0,165589,3,3,5,01,14,4,1,0,1,1,0,0,0,0
"POINT (13.768877302000021 51.027487366000059)",Unfall 165591 (2018) Kat:2, Licht: 2,165591,2,1,0,01,05,4,1,2,1,0,0,0,0,0
"POINT (13.807510622000052 51.034969671000056)",Unfall 165594 (2018) Kat:3, Licht: 0,165594,3,3,5,01,12,4,0,0,0,1,0,0,0,0
"POINT (13.728778234000060 51.037678252000035)",Unfall 165596 (2018) Kat:3, Licht: 0,165596,3,3,5,01,11,4,1,0,1,1,0,0,0,0
"POINT (13.760678124000037 51.049206287000061)",Unfall 165610 (2018) Kat:2, Licht: 2,165610,2,3,5,01,18,3,1,2,1,1,0,0,0,0
"POINT (13.645513752000056 51.039407627000060)",Unfall 165611 (2018) Kat:3, Licht: 2,165611,3,1,0,01,21,3,0,2,0,0,0,1,0,0
"POINT (13.757154955000033 51.049732329000051)",Unfall 165612 (2018) Kat:3, Licht: 0,165612,3,3,5,01,13,3,1,0,0,1,0,0,0,0
"POINT (13.763618296000061 51.026981996000075)",Unfall 165623 (2018) Kat:3, Licht: 0,165623,3,1,0,01,08,2,2,0,1,0,0,0,0,0
"POINT (13.745457836000071 51.068213282000045)",Unfall 165624 (2018) Kat:3, Licht: 0,165624,3,6,4,01,09,2,0,0,1,1,0,0,0,0
"POINT (13.750209584000061 51.061293051000064)",Unfall 165625 (2018) Kat:2, Licht: 2,165625,2,4,6,01,18,2,1,2,1,0,1,0,0,0
"POINT (13.694062835000068 51.043619110000066)",Unfall 165633 (2018) Kat:3, Licht: 0,165633,3,1,0,02,08,1,1,0,1,0,0,0,0,0
"POINT (13.730650225000034 51.076826469000082)",Unfall 165634 (2018) Kat:2, Licht: 2,165634,2,1,0,02,20,1,2,2,1,0,0,0,0,0
"POINT (13.793753510000045 51.016332966000050)",Unfall 165636 (2018) Kat:2, Licht: 2,165636,2,3,5,02,03,1,1,2,0,1,0,0,0,0
"POINT (13.754063987000052 51.066803621000076)",Unfall 165643 (2018) Kat:3, Licht: 2,165643,3,4,6,01,03,1,0,2,0,1,1,0,0,0
"POINT (13.647629653000024 51.039873258000057)",Unfall 165649 (2018) Kat:2, Licht: 2,165649,2,4,6,02,04,7,1,2,0,0,1,0,0,1
"POINT (13.706885653000029 51.082306366000068)",Unfall 165650 (2018) Kat:2, Licht: 0,165650,2,2,5,01,12,7,0,0,0,1,0,0,0,0
"POINT (13.729593234000049 51.087375898000062)",Unfall 165651 (2018) Kat:3, Licht: 0,165651,3,7,0,02,14,7,0,0,0,0,0,0,0,1
"POINT (13.790997918000073 51.037877520000052)",Unfall 165653 (2018) Kat:2, Licht: 0,165653,2,3,5,01,09,7,0,0,0,1,0,0,0,0
"POINT (13.684460093000041 51.085100944000033)",Unfall 165664 (2018) Kat:3, Licht: 1,165664,3,3,5,02,16,6,0,1,0,1,0,0,1,0
"POINT (13.709329993000040 51.081640568000068)",Unfall 165666 (2018) Kat:3, Licht: 0,165666,3,6,2,02,14,6,0,0,0,1,0,0,0,0
"POINT (13.779917735000026 51.044280824000055)",Unfall 165667 (2018) Kat:3, Licht: 0,165667,3,2,4,02,11,6,0,0,1,1,0,0,0,0
"POINT (13.670361094000043 51.047116954000046)",Unfall 165668 (2018) Kat:3, Licht: 2,165668,3,3,5,01,17,6,0,2,1,1,0,0,0,0
"POINT (13.761604945000045 51.051967119000039)",Unfall 165670 (2018) Kat:3, Licht: 0,165670,3,2,0,01,14,6,0,0,1,1,0,0,0,0
"POINT (13.798050731000046 51.047671567000066)",Unfall 165671 (2018) Kat:3, Licht: 0,165671,3,7,0,01,14,6,0,0,1,1,0,0,0,0
"POINT (13.772012106000034 51.049050471000044)",Unfall 165673 (2018) Kat:3, Licht: 1,165673,3,3,5,01,16,6,0,1,0,1,0,0,0,0
"POINT (13.726345952000031 51.089595993000046)",Unfall 165675 (2018) Kat:3, Licht: 2,165675,3,2,5,01,17,6,0,2,0,1,0,1,0,0
"POINT (13.745217664000052 51.026832841000044)",Unfall 165694 (2018) Kat:2, Licht: 0,165694,2,2,3,02,14,5,0,0,0,1,0,1,0,0
"POINT (13.720671190000076 51.032556319000037)",Unfall 165701 (2018) Kat:3, Licht: 0,165701,3,5,1,01,15,5,1,0,0,1,0,1,0,0
"POINT (13.752359068000032 51.070917761000032)",Unfall 165702 (2018) Kat:3, Licht: 0,165702,3,3,5,01,14,5,1,0,1,0,0,0,0,1
"POINT (13.825971753000033 51.053158732000043)",Unfall 165704 (2018) Kat:3, Licht: 1,165704,3,2,6,01,16,5,1,1,0,0,1,0,0,1
"POINT (13.801084201000037 51.022671318000050)",Unfall 165707 (2018) Kat:3, Licht: 2,165707,3,2,2,01,17,5,1,2,0,1,0,0,0,0
"POINT (13.719579227000054 51.077360871000053)",Unfall 165709 (2018) Kat:2, Licht: 0,165709,2,3,5,01,17,4,0,0,1,1,0,0,0,0
"POINT (13.807058026000050 51.036189120000074)",Unfall 165710 (2018) Kat:2, Licht: 2,165710,2,3,5,01,01,5,1,2,0,1,0,0,0,1
"POINT (13.808993110000074 51.011924937000060)",Unfall 165711 (2018) Kat:3, Licht: 0,165711,3,1,0,01,16,4,1,0,1,0,0,0,0,0
"POINT (13.733519449000028 51.046899865000057)",Unfall 165714 (2018) Kat:3, Licht: 0,165714,3,2,5,01,16,4,1,0,1,0,0,0,1,0
"POINT (13.632976758000041 51.058195282000042)",Unfall 165717 (2018) Kat:2, Licht: 0,165717,2,1,0,01,14,4,1,0,1,0,0,0,0,0
"POINT (13.684735179000029 51.051026110000066)",Unfall 165732 (2018) Kat:3, Licht: 0,165732,3,1,1,01,14,4,1,0,1,1,0,0,0,0
"POINT (13.769782783000039 51.044753681000032)",Unfall 165734 (2018) Kat:3, Licht: 0,165734,3,3,5,01,14,4,0,0,1,1,0,0,0,0
"POINT (13.688934132000043 51.057971525000028)",Unfall 165735 (2018) Kat:3, Licht: 2,165735,3,3,5,01,18,3,0,2,1,1,0,0,0,0
"POINT (13.756004614000062 51.055908629000044)",Unfall 165736 (2018) Kat:3, Licht: 0,165736,3,3,5,01,11,4,1,0,0,1,0,0,0,0
"POINT (13.673620692000043 51.046618014000046)",Unfall 165739 (2018) Kat:3, Licht: 0,165739,3,7,6,01,12,4,0,0,0,0,1,0,0,1
"POINT (13.745199804000038 51.062834815000031)",Unfall 165741 (2018) Kat:3, Licht: 2,165741,3,3,5,01,19,4,1,2,1,1,0,0,0,0
"POINT (13.780270825000059 51.030856916000062)",Unfall 165752 (2018) Kat:3, Licht: 0,165752,3,6,2,01,07,2,0,0,0,1,0,0,0,0
"POINT (13.687900644000024 51.083459143000027)",Unfall 165768 (2018) Kat:3, Licht: 1,165768,3,3,5,01,16,7,0,1,1,1,0,0,0,0
"POINT (13.753086854000060 51.064917947000026)",Unfall 165769 (2018) Kat:3, Licht: 0,165769,3,1,0,01,08,7,1,0,1,0,0,0,0,0
"POINT (13.773943297000073 51.060601296000073)",Unfall 165777 (2018) Kat:3, Licht: 2,165777,3,2,2,01,16,3,1,2,0,1,0,0,0,0
"POINT (13.748718000000054 51.048249696000028)",Unfall 165778 (2018) Kat:3, Licht: 0,165778,3,3,5,01,15,3,1,0,1,1,0,0,0,0
"POINT (13.734911055000055 51.050605988000029)",Unfall 165794 (2018) Kat:3, Licht: 2,165794,3,4,6,01,19,6,0,2,1,0,1,0,0,0
"POINT (13.726234173000023 51.049601638000070)",Unfall 165796 (2018) Kat:2, Licht: 0,165796,2,7,0,01,14,6,0,0,1,1,0,0,0,0
"POINT (13.700306658000045 51.044966128000056)",Unfall 165797 (2018) Kat:2, Licht: 2,165797,2,3,5,01,06,6,0,2,1,1,0,0,0,0
"POINT (13.745382363000033 51.062532995000026)",Unfall 165809 (2018) Kat:3, Licht: 0,165809,3,6,2,01,10,2,0,0,0,1,0,1,0,0
"POINT (13.756789306000030 51.054900181000050)",Unfall 165811 (2018) Kat:3, Licht: 0,165811,3,4,6,01,12,2,0,0,0,1,1,0,0,0
"POINT (13.759690332000048 51.027585702000067)",Unfall 165813 (2018) Kat:3, Licht: 0,165813,3,7,6,01,10,2,0,0,0,1,1,0,0,0
"POINT (13.777199525000071 51.060056290000034)",Unfall 165814 (2018) Kat:3, Licht: 1,165814,3,3,5,01,07,5,0,1,1,1,0,0,0,0
"POINT (13.759689722000076 51.027586356000029)",Unfall 165816 (2018) Kat:3, Licht: 0,165816,3,7,6,01,10,2,0,0,0,1,1,0,0,0
"POINT (13.747824223000066 51.067975409000042)",Unfall 165817 (2018) Kat:3, Licht: 0,165817,3,7,1,01,10,5,0,0,1,0,0,0,1,0
"POINT (13.721059593000064 51.026321218000078)",Unfall 165818 (2018) Kat:2, Licht: 1,165818,2,4,6,01,17,2,0,1,0,1,1,0,0,0
"POINT (13.688954997000053 51.057948158000045)",Unfall 165821 (2018) Kat:3, Licht: 2,165821,3,3,5,01,05,5,0,2,1,1,0,0,0,0
"POINT (13.681489900000031 51.058921855000051)",Unfall 165834 (2018) Kat:2, Licht: 0,165834,2,7,0,01,10,1,0,0,1,1,0,0,0,0
"POINT (13.714257695000072 51.061146657000052)",Unfall 165838 (2018) Kat:3, Licht: 2,165838,3,3,5,01,21,7,0,2,0,1,0,0,0,1
"POINT (13.707734016000074 51.046458546000054)",Unfall 165842 (2018) Kat:3, Licht: 1,165842,3,3,0,01,06,4,1,1,1,0,0,0,0,1
"POINT (13.708156370000040 51.033425382000075)",Unfall 165844 (2018) Kat:2, Licht: 2,165844,2,3,5,01,18,4,0,2,1,1,0,0,0,0
"POINT (13.748717364000072 51.048248313000045)",Unfall 165845 (2018) Kat:3, Licht: 0,165845,3,3,5,01,14,4,0,0,1,1,0,0,0,0
"POINT (13.678464970000050 51.042233526000075)",Unfall 165847 (2018) Kat:2, Licht: 2,165847,2,7,3,01,19,4,0,2,0,1,0,0,0,1
"POINT (13.747701025000026 51.053473414000052)",Unfall 165850 (2018) Kat:3, Licht: 0,165850,3,2,5,01,13,4,0,0,1,1,0,0,0,0
"POINT (13.770294660000047 51.028865900000028)",Unfall 165852 (2018) Kat:3, Licht: 0,165852,3,3,5,01,09,4,1,0,1,1,0,0,0,0
"POINT (13.766183881000075 51.005902353000067)",Unfall 165860 (2018) Kat:3, Licht: 2,165860,3,2,6,01,17,6,0,2,0,1,1,0,0,0
"POINT (13.823496266000063 51.004406243000062)",Unfall 165861 (2018) Kat:3, Licht: 0,165861,3,6,2,01,14,6,1,0,0,1,0,0,0,0
"POINT (13.837444844000061 51.024885700000027)",Unfall 165863 (2018) Kat:3, Licht: 0,165863,3,1,0,01,07,6,1,0,1,0,0,0,0,0
"POINT (13.745667079000043 51.036908826000058)",Unfall 165864 (2018) Kat:3, Licht: 1,165864,3,2,4,01,07,6,1,1,1,1,0,0,0,0
"POINT (13.787482634000071 51.042369010000073)",Unfall 165866 (2018) Kat:3, Licht: 2,165866,3,6,0,01,18,6,0,2,0,1,0,1,0,0
"POINT (13.770274285000028 51.048343693000049)",Unfall 165867 (2018) Kat:2, Licht: 2,165867,2,2,6,01,07,6,1,2,0,1,1,0,0,0
"POINT (13.749386662000063 51.035759583000072)",Unfall 165873 (2018) Kat:2, Licht: 2,165873,2,3,5,02,21,7,0,2,0,1,0,0,0,0
"POINT (13.699561815000038 51.078174246000060)",Unfall 165895 (2018) Kat:3, Licht: 0,165895,3,7,0,03,08,3,0,0,1,0,0,0,0,0
"POINT (13.773574844000052 51.048731550000070)",Unfall 165897 (2018) Kat:3, Licht: 2,165897,3,3,5,03,18,3,1,2,1,1,0,0,0,0
"POINT (13.701388734000034 51.086796399000036)",Unfall 165898 (2018) Kat:3, Licht: 0,165898,3,3,5,02,17,6,0,0,0,1,0,0,0,0
"POINT (13.677533537000045 51.042559924000045)",Unfall 165899 (2018) Kat:3, Licht: 0,165899,3,1,0,02,11,6,0,0,1,0,0,0,0,0
"POINT (13.756017085000053 51.055914164000058)",Unfall 165900 (2018) Kat:3, Licht: 0,165900,3,2,5,03,16,3,1,0,1,1,0,0,0,0
"POINT (13.736689359000025 51.053655980000030)",Unfall 165901 (2018) Kat:3, Licht: 0,165901,3,1,0,02,07,6,2,0,1,0,0,0,0,0
"POINT (13.762490091000075 51.037447794000059)",Unfall 165902 (2018) Kat:3, Licht: 0,165902,3,1,0,02,09,6,1,0,1,0,0,0,0,0
"POINT (13.784071298000072 51.034756696000045)",Unfall 165904 (2018) Kat:3, Licht: 0,165904,3,2,2,02,13,6,0,0,0,1,0,0,0,0
"POINT (13.777724700000022 51.044831064000050)",Unfall 165906 (2018) Kat:3, Licht: 0,165906,3,1,0,02,08,6,2,0,1,0,0,0,0,0
"POINT (13.769625011000073 51.051105765000045)",Unfall 165932 (2018) Kat:3, Licht: 2,165932,3,3,5,03,04,2,0,2,0,1,0,0,0,1
"POINT (13.701994749000050 51.036519950000070)",Unfall 165951 (2018) Kat:3, Licht: 0,165951,3,2,5,02,14,4,0,0,0,1,0,0,0,0
"POINT (13.731058816000029 51.053650757000071)",Unfall 165963 (2018) Kat:3, Licht: 0,165963,3,7,0,03,15,6,0,0,0,1,0,0,0,0
"POINT (13.743318482000063 51.072776295000040)",Unfall 165965 (2018) Kat:3, Licht: 0,165965,3,6,2,03,08,6,0,0,0,1,0,0,0,0
"POINT (13.785381211000072 51.016788560000066)",Unfall 165970 (2018) Kat:3, Licht: 0,165970,3,6,3,02,13,3,0,0,1,1,0,0,0,0
"POINT (13.761594040000034 51.051931422000052)",Unfall 165972 (2018) Kat:3, Licht: 2,165972,3,2,5,02,17,3,0,2,1,1,0,0,0,0
"POINT (13.680536495000069 51.052486471000066)",Unfall 165974 (2018) Kat:3, Licht: 0,165974,3,3,5,03,13,5,0,0,0,1,0,0,0,1
"POINT (13.715206148000050 51.053693749000047)",Unfall 165975 (2018) Kat:3, Licht: 2,165975,3,6,4,02,20,3,0,2,1,0,0,0,0,0
"POINT (13.740237472000047 51.071689340000034)",Unfall 165976 (2018) Kat:3, Licht: 2,165976,3,4,6,03,19,5,0,2,0,1,1,0,0,0
"POINT (13.718635827000071 51.028777268000056)",Unfall 165990 (2018) Kat:2, Licht: 0,165990,2,1,0,02,07,2,2,0,1,0,0,0,0,0
"POINT (13.715983439000070 51.027123649000032)",Unfall 165992 (2018) Kat:3, Licht: 0,165992,3,1,0,02,07,2,2,0,1,0,0,0,0,0
"POINT (13.795771929000068 51.035940882000034)",Unfall 165993 (2018) Kat:3, Licht: 0,165993,3,3,5,02,15,2,0,0,1,0,0,1,0,0
"POINT (13.721176272000037 51.049478552000039)",Unfall 165995 (2018) Kat:3, Licht: 0,165995,3,6,2,02,10,2,0,0,0,1,0,0,0,0
"POINT (13.755964224000024 51.055890701000067)",Unfall 165996 (2018) Kat:3, Licht: 2,165996,3,2,5,02,20,2,0,2,1,1,0,0,0,0
"POINT (13.672849983000049 51.063939889000039)",Unfall 165999 (2018) Kat:2, Licht: 2,165999,2,4,6,02,18,2,0,2,0,1,1,0,0,0
"POINT (13.803233716000022 51.021733057000063)",Unfall 166006 (2018) Kat:3, Licht: 0,166006,3,3,5,02,07,4,0,0,1,1,0,0,0,0
"POINT (13.781261313000073 51.114202547000048)",Unfall 166021 (2018) Kat:3, Licht: 0,166021,3,3,5,02,10,1,0,0,0,1,0,0,0,0
"POINT (13.820496151000043 51.002038760000062)",Unfall 166039 (2018) Kat:3, Licht: 1,166039,3,4,6,02,18,2,0,1,0,1,1,0,0,0
"POINT (13.801090578000071 51.143618485000047)",Unfall 166043 (2018) Kat:3, Licht: 0,166043,3,3,5,02,07,6,0,0,0,1,0,0,0,0
"POINT (13.739216241000065 51.047122881000064)",Unfall 166046 (2018) Kat:3, Licht: 0,166046,3,3,5,02,15,6,0,0,0,1,0,0,0,1
"POINT (13.764320984000051 51.042351514000075)",Unfall 166048 (2018) Kat:2, Licht: 0,166048,2,6,2,02,13,1,0,0,0,1,0,0,0,0
"POINT (13.761248853000041 51.050900381000076)",Unfall 166051 (2018) Kat:2, Licht: 0,166051,2,2,4,02,07,6,0,0,0,1,0,0,0,1
"POINT (13.711967645000072 51.094831751000072)",Unfall 166052 (2018) Kat:3, Licht: 2,166052,3,3,0,02,18,7,0,2,1,0,0,0,0,1
"POINT (13.844104918000028 51.001382261000060)",Unfall 166053 (2018) Kat:3, Licht: 0,166053,3,6,3,02,13,7,0,0,1,0,0,0,0,0
"POINT (13.802921547000039 51.040498903000071)",Unfall 166066 (2018) Kat:3, Licht: 2,166066,3,4,6,02,17,5,0,2,1,1,1,0,0,0
"POINT (13.706320756000025 51.090407591000030)",Unfall 166072 (2018) Kat:3, Licht: 0,166072,3,5,1,02,10,6,0,0,1,1,0,0,0,0
"POINT (13.721076960000062 51.080094085000042)",Unfall 166087 (2018) Kat:2, Licht: 0,166087,2,3,5,02,15,4,0,0,1,1,0,0,0,0
"POINT (13.714128370000026 51.035476040000049)",Unfall 166090 (2018) Kat:3, Licht: 0,166090,3,2,5,02,07,4,0,0,1,1,0,0,0,0
"POINT (13.745909155000049 51.034848510000074)",Unfall 166092 (2018) Kat:3, Licht: 0,166092,3,7,0,02,15,4,0,0,1,1,0,0,0,0
"POINT (13.725203945000032 51.050218128000040)",Unfall 166094 (2018) Kat:3, Licht: 0,166094,3,2,5,02,15,4,0,0,1,1,0,0,0,0
"POINT (13.751166484000066 51.042505934000076)",Unfall 166099 (2018) Kat:3, Licht: 0,166099,3,2,5,02,07,4,0,0,1,1,0,0,0,0
"POINT (13.795370845000036 51.042818184000055)",Unfall 166104 (2018) Kat:3, Licht: 2,166104,3,2,6,02,06,4,0,2,0,1,1,0,0,0
"POINT (13.686353830000030 51.042493614000080)",Unfall 166121 (2018) Kat:3, Licht: 1,166121,3,3,5,02,06,3,0,1,1,1,0,0,0,0
"POINT (13.762621510000031 51.024229437000031)",Unfall 166123 (2018) Kat:3, Licht: 0,166123,3,4,6,02,15,3,0,0,0,1,1,0,0,0
"POINT (13.776947202000031 51.112411759000054)",Unfall 166126 (2018) Kat:3, Licht: 2,166126,3,1,0,02,18,3,2,2,1,0,0,0,0,0
"POINT (13.800914786000021 51.033925248000060)",Unfall 166128 (2018) Kat:3, Licht: 0,166128,3,1,1,02,07,3,2,0,1,1,0,0,0,0
"POINT (13.805331883000065 51.032830409000042)",Unfall 166129 (2018) Kat:3, Licht: 0,166129,3,4,6,02,09,3,0,0,0,1,1,0,0,1
"POINT (13.691274161000024 51.052416826000069)",Unfall 166130 (2018) Kat:3, Licht: 0,166130,3,6,2,02,14,3,0,0,0,1,0,0,0,0
"POINT (13.720355079000058 51.054673451000042)",Unfall 166131 (2018) Kat:3, Licht: 0,166131,3,2,5,02,08,3,0,0,1,0,0,0,0,1
"POINT (13.781260927000062 51.114202877000082)",Unfall 166139 (2018) Kat:3, Licht: 0,166139,3,3,5,02,15,2,0,0,0,1,1,0,0,0
"POINT (13.808255691000056 51.033466225000041)",Unfall 166140 (2018) Kat:3, Licht: 0,166140,3,3,5,02,08,2,0,0,0,1,0,0,0,0
"POINT (13.672117325000045 51.083974760000046)",Unfall 166147 (2018) Kat:3, Licht: 0,166147,3,3,5,02,12,2,0,0,1,0,0,0,0,1
"POINT (13.673492080000074 51.040532026000051)",Unfall 166154 (2018) Kat:3, Licht: 0,166154,3,3,5,03,10,2,0,0,0,1,0,0,0,0
"POINT (13.773911026000064 51.047509067000078)",Unfall 166155 (2018) Kat:3, Licht: 0,166155,3,3,5,03,06,2,0,0,0,1,0,0,0,0
"POINT (13.767600886000025 51.049786257000051)",Unfall 166170 (2018) Kat:3, Licht: 1,166170,3,3,5,03,06,7,2,1,0,1,0,0,0,0
"POINT (13.749809623000033 51.112973167000064)",Unfall 166171 (2018) Kat:3, Licht: 0,166171,3,3,5,04,13,3,0,0,0,1,0,0,0,0
"POINT (13.745357237000064 51.062558368000055)",Unfall 166172 (2018) Kat:3, Licht: 0,166172,3,2,5,04,07,3,1,0,1,1,0,0,0,0
"POINT (13.805884825000021 51.049566506000076)",Unfall 166173 (2018) Kat:3, Licht: 0,166173,3,3,5,03,09,7,1,0,0,1,0,0,0,0
"POINT (13.737034144000063 51.037750593000055)",Unfall 166174 (2018) Kat:2, Licht: 0,166174,2,3,5,04,13,3,0,0,0,1,1,0,0,0
"POINT (13.792805249000025 51.059345004000079)",Unfall 166176 (2018) Kat:3, Licht: 0,166176,3,3,5,04,08,3,1,0,0,1,0,0,0,0
"POINT (13.642157305000069 51.092388093000068)",Unfall 166190 (2018) Kat:3, Licht: 0,166190,3,5,3,04,17,2,0,0,1,1,0,0,0,0
"POINT (13.730145436000043 51.054711241000064)",Unfall 166191 (2018) Kat:2, Licht: 0,166191,2,4,6,04,14,2,0,0,0,1,1,0,0,0
"POINT (13.714099894000071 51.056740179000030)",Unfall 166192 (2018) Kat:2, Licht: 2,166192,2,1,4,03,23,6,2,2,0,1,0,0,0,1
"POINT (13.815915484000072 51.030338728000061)",Unfall 166194 (2018) Kat:3, Licht: 0,166194,3,3,5,03,15,6,1,0,0,1,0,0,0,0
"POINT (13.712737126000036 51.046287078000034)",Unfall 166196 (2018) Kat:3, Licht: 0,166196,3,3,5,03,11,6,1,0,1,1,0,0,0,0
"POINT (13.680604929000026 51.052504570000053)",Unfall 166198 (2018) Kat:2, Licht: 0,166198,2,2,5,03,10,6,1,0,0,1,0,1,0,0
"POINT (13.712491829000044 51.034049086000039)",Unfall 166199 (2018) Kat:3, Licht: 0,166199,3,6,2,03,15,6,1,0,0,1,0,0,0,0
"POINT (13.733355331000041 51.046449270000039)",Unfall 166203 (2018) Kat:3, Licht: 0,166203,3,6,3,03,15,7,0,0,0,1,0,1,0,0