WKT,Name,OBJECTID,UKATEGORIE,UTYP1,UART,UMONAT,USTUNDE,UWOCHENTAG,STRZUSTAND,ULICHTVERH,ISTRAD,ISTPKW,ISTFUSS,ISTKRAD,ISTGKFZ,ISTSONSTIG
"POINT (13.770193616000029 51.015730029000053)",Unfall 166204 (2018) Kat:3, Licht: 0,166204,3,5,1,03,17,7,0,0,1,1,0,0,0,0
"POINT (13.762521416000027 51.054640251000080)",Unfall 166206 (2018) Kat:3, Licht: 0,166206,3,6,6,03,11,7,0,0,1,0,1,0,0,0
"POINT (13.705840094000052 51.027395974000058)",Unfall 166219 (2018) Kat:2, Licht: 2,166219,2,3,5,03,20,5,0,2,0,1,0,1,0,0
"POINT (13.721381070000064 51.055658097000048)",Unfall 166221 (2018) Kat:3, Licht: 0,166221,3,1,0,03,18,6,0,0,1,0,0,0,0,0
"POINT (13.752102910000076 51.061930741000026)",Unfall 166222 (2018) Kat:2, Licht: 0,166222,2,4,6,03,10,5,0,0,0,0,1,0,0,1
"POINT (13.725097316000074 51.080939449000027)",Unfall 166223 (2018) Kat:3, Licht: 0,166223,3,2,5,03,18,6,0,0,1,1,0,0,0,0
"POINT (13.786332426000058 51.028539310000042)",Unfall 166224 (2018) Kat:3, Licht: 0,166224,3,2,4,03,14,5,0,0,0,1,0,0,0,0
"POINT (13.819552926000028 51.006776855000055)",Unfall 166227 (2018) Kat:2, Licht: 0,166227,2,5,1,03,08,4,0,0,0,1,0,0,0,0
"POINT (13.713329601000055 51.085205574000042)",Unfall 166239 (2018) Kat:3, Licht: 0,166239,3,3,5,03,09,4,1,0,0,1,0,0,0,0
"POINT (13.781595683000035 51.053052461000050)",Unfall 166244 (2018) Kat:2, Licht: 0,166244,2,4,6,03,15,5,0,0,0,1,1,0,0,0
"POINT (13.681617999000025 51.052424644000041)",Unfall 166247 (2018) Kat:3, Licht: 0,166247,3,6,3,03,10,4,0,0,0,1,0,0,0,0
"POINT (13.700477644000046 51.038899843000081)",Unfall 166249 (2018) Kat:3, Licht: 2,166249,3,5,1,03,18,4,0,2,1,1,0,0,0,0
"POINT (13.761082051000074 51.068216241000073)",Unfall 166251 (2018) Kat:3, Licht: 0,166251,3,3,5,03,07,4,1,0,1,1,0,0,0,0
"POINT (13.757207263000055 51.049877405000075)",Unfall 166253 (2018) Kat:2, Licht: 0,166253,2,4,6,03,14,4,0,0,0,1,1,0,0,0
"POINT (13.700522080000042 51.082281674000058)",Unfall 166254 (2018) Kat:3, Licht: 0,166254,3,3,5,03,06,4,0,0,0,1,0,0,0,0
"POINT (13.793306852000057 51.043061250000051)",Unfall 166257 (2018) Kat:3, Licht: 2,166257,3,3,5,03,19,4,0,2,0,1,0,0,0,1
"POINT (13.789422313000046 51.024790843000062)",Unfall 166258 (2018) Kat:3, Licht: 0,166258,3,4,6,03,16,4,1,0,0,1,1,0,0,0
"POINT (13.759996540000031 51.117733886000053)",Unfall 166261 (2018) Kat:3, Licht: 0,166261,3,1,0,03,16,4,1,0,1,0,0,0,0,0
"POINT (13.749642822000055 51.043104864000043)",Unfall 166265 (2018) Kat:3, Licht: 0,166265,3,7,0,03,10,4,0,0,1,1,0,0,0,0
"POINT (13.760626411000032 51.068350316000078)",Unfall 166268 (2018) Kat:3, Licht: 0,166268,3,1,0,03,16,4,1,0,1,0,0,0,0,0
"POINT (13.754811435000022 51.046272627000064)",Unfall 166269 (2018) Kat:3, Licht: 0,166269,3,3,5,03,12,4,1,0,0,1,0,0,0,0
"POINT (13.777574238000057 51.056045459000075)",Unfall 166281 (2018) Kat:3, Licht: 1,166281,3,3,5,03,06,3,1,1,1,1,0,0,0,0
"POINT (13.818738752000058 51.011027543000068)",Unfall 166304 (2018) Kat:3, Licht: 0,166304,3,7,0,03,18,3,0,0,0,1,0,0,0,1
"POINT (13.755532114000061 51.068915147000041)",Unfall 166307 (2018) Kat:3, Licht: 0,166307,3,3,5,03,09,3,0,0,1,1,0,0,0,0
"POINT (13.792820147000043 51.043107825000050)",Unfall 166308 (2018) Kat:3, Licht: 0,166308,3,7,6,03,08,3,0,0,0,0,1,0,1,0
"POINT (13.713844133000066 51.089724394000029)",Unfall 166312 (2018) Kat:3, Licht: 0,166312,3,7,1,03,13,3,0,0,0,1,0,0,0,0
"POINT (13.719376530000034 51.055013401000053)",Unfall 166315 (2018) Kat:3, Licht: 0,166315,3,6,2,03,13,2,1,0,0,1,0,0,0,0
"POINT (13.770294204000038 51.028866052000069)",Unfall 166317 (2018) Kat:3, Licht: 0,166317,3,3,5,03,15,2,1,0,1,1,0,0,0,0
"POINT (13.714241854000022 51.035576276000029)",Unfall 166318 (2018) Kat:3, Licht: 0,166318,3,6,0,03,14,2,0,0,1,0,0,0,0,1
"POINT (13.777444518000038 51.057791253000062)",Unfall 166319 (2018) Kat:3, Licht: 0,166319,3,3,6,03,07,2,1,0,0,0,1,0,1,0
"POINT (13.727095134000024 51.076766882000072)",Unfall 166320 (2018) Kat:3, Licht: 0,166320,3,6,4,03,17,2,0,0,1,1,0,0,0,0
"POINT (13.742175562000057 51.089628702000027)",Unfall 166322 (2018) Kat:3, Licht: 0,166322,3,3,5,03,12,2,1,0,0,1,0,0,0,0
"POINT (13.743274503000066 51.019310856000061)",Unfall 166338 (2018) Kat:3, Licht: 0,166338,3,3,5,03,11,1,0,0,1,1,0,0,0,0
"POINT (13.807434295000064 51.043792792000033)",Unfall 166343 (2018) Kat:3, Licht: 0,166343,3,6,2,03,11,1,0,0,0,1,0,1,0,0
"POINT (13.840936674000034 51.004033542000059)",Unfall 166344 (2018) Kat:3, Licht: 1,166344,3,3,5,03,07,3,0,1,1,1,0,0,0,0
"POINT (13.730422210000029 51.088977079000074)",Unfall 166347 (2018) Kat:3, Licht: 0,166347,3,6,2,03,07,3,0,0,1,1,0,0,0,0
"POINT (13.745385139000064 51.062530429000049)",Unfall 166361 (2018) Kat:3, Licht: 0,166361,3,6,3,03,11,7,0,0,0,1,0,0,0,0
"POINT (13.786832428000025 51.053815723000071)",Unfall 166363 (2018) Kat:3, Licht: 2,166363,3,4,6,03,23,7,0,2,0,1,1,0,0,0
"POINT (13.716206414000055 51.056039098000042)",Unfall 166378 (2018) Kat:3, Licht: 0,166378,3,6,2,03,08,6,0,0,0,1,0,0,0,0
"POINT (13.709163517000036 51.033064542000034)",Unfall 166379 (2018) Kat:3, Licht: 0,166379,3,6,2,03,12,6,0,0,0,1,0,0,0,0
"POINT (13.762056763000032 51.024680716000034)",Unfall 166381 (2018) Kat:3, Licht: 0,166381,3,7,0,03,09,6,1,0,1,1,0,0,0,0
"POINT (13.740963621000049 51.059728184000051)",Unfall 166382 (2018) Kat:3, Licht: 0,166382,3,3,5,03,09,6,0,0,0,1,0,0,0,0
"POINT (13.806550863000041 51.037379656000041)",Unfall 166384 (2018) Kat:3, Licht: 0,166384,3,3,0,03,16,6,0,0,0,1,0,0,0,1
"POINT (13.794184529000063 51.045572620000030)",Unfall 166387 (2018) Kat:3, Licht: 0,166387,3,3,5,03,13,6,0,0,0,1,0,0,0,0
"POINT (13.763077532000068 51.066651053000044)",Unfall 166402 (2018) Kat:3, Licht: 1,166402,3,7,0,03,18,5,0,1,1,1,0,0,0,0
"POINT (13.757648027000073 51.049661856000057)",Unfall 166404 (2018) Kat:3, Licht: 2,166404,3,4,6,03,19,5,1,2,0,1,1,0,0,0
"POINT (13.808352302000060 51.045306904000029)",Unfall 166406 (2018) Kat:3, Licht: 2,166406,3,2,5,03,18,5,1,2,1,1,0,0,0,0
"POINT (13.775597576000052 51.045437212000081)",Unfall 166409 (2018) Kat:3, Licht: 0,166409,3,2,5,03,08,5,0,0,1,1,0,0,0,0
"POINT (13.731284329000061 51.051381497000079)",Unfall 166428 (2018) Kat:3, Licht: 2,166428,3,1,6,03,03,4,2,2,0,1,1,0,0,0
"POINT (13.712335155000062 51.079314819000047)",Unfall 166429 (2018) Kat:3, Licht: 0,166429,3,3,5,03,17,4,0,0,1,1,0,0,0,0
"POINT (13.776307240000051 51.034955167000078)",Unfall 166430 (2018) Kat:3, Licht: 0,166430,3,6,3,03,13,4,0,0,0,1,0,0,0,1
"POINT (13.777746404000027 51.052974537000068)",Unfall 166431 (2018) Kat:3, Licht: 0,166431,3,6,2,03,10,4,1,0,0,1,0,0,0,0
"POINT (13.693908068000042 51.043993824000040)",Unfall 166433 (2018) Kat:3, Licht: 0,166433,3,3,0,04,15,5,0,0,0,1,0,0,0,0
"POINT (13.751685402000021 51.021462544000030)",Unfall 166434 (2018) Kat:3, Licht: 0,166434,3,1,1,04,15,5,0,0,0,1,0,1,0,0
"POINT (13.751850760000025 51.067108989000076)",Unfall 166436 (2018) Kat:3, Licht: 0,166436,3,1,0,04,18,5,0,0,1,0,0,0,0,0
"POINT (13.779846292000059 51.044298856000069)",Unfall 166437 (2018) Kat:3, Licht: 0,166437,3,3,5,04,13,2,1,0,1,1,0,0,0,0
"POINT (13.810477515000059 51.014474662000055)",Unfall 166438 (2018) Kat:2, Licht: 0,166438,2,3,5,04,15,5,0,0,0,1,0,1,0,0
"POINT (13.701600162000034 51.039148784000076)",Unfall 166439 (2018) Kat:2, Licht: 0,166439,2,4,6,04,15,5,0,0,0,1,1,0,0,0
"POINT (13.803093367000031 51.052337948000059)",Unfall 166443 (2018) Kat:3, Licht: 0,166443,3,3,5,04,07,3,0,0,0,1,0,0,0,1
"POINT (13.739123484000061 51.050231420000046)",Unfall 166464 (2018) Kat:3, Licht: 0,166464,3,4,6,04,19,4,0,0,1,0,1,0,0,0
"POINT (13.767724941000040 51.165614540000036)",Unfall 166465 (2018) Kat:3, Licht: 0,166465,3,6,2,04,18,4,0,0,0,1,0,0,0,0
"POINT (13.760993698000050 51.112363163000055)",Unfall 166467 (2018) Kat:3, Licht: 0,166467,3,2,5,04,09,4,0,0,0,1,0,0,0,1
"POINT (13.769647064000026 51.051068098000030)",Unfall 166468 (2018) Kat:3, Licht: 0,166468,3,1,0,04,09,7,1,0,0,0,0,1,0,0
"POINT (13.692326802000025 51.047949282000047)",Unfall 166479 (2018) Kat:3, Licht: 0,166479,3,5,5,04,14,4,0,0,1,0,0,0,0,1
"POINT (13.749088675000053 51.040328956000053)",Unfall 166482 (2018) Kat:3, Licht: 0,166482,3,4,6,04,13,4,0,0,0,1,1,0,0,0
"POINT (13.761709358000076 51.025134313000081)",Unfall 166486 (2018) Kat:3, Licht: 0,166486,3,1,0,04,14,4,0,0,1,0,0,0,0,0
"POINT (13.767910006000022 51.072467144000029)",Unfall 166487 (2018) Kat:3, Licht: 0,166487,3,5,1,04,07,4,0,0,0,1,0,1,0,0
"POINT (13.848833255000045 50.996034425000062)",Unfall 166488 (2018) Kat:3, Licht: 0,166488,3,4,6,04,07,2,1,0,0,1,1,0,0,0
"POINT (13.766724233000048 51.041749108000033)",Unfall 166490 (2018) Kat:3, Licht: 2,166490,3,1,0,04,23,4,0,2,1,0,0,0,0,0
"POINT (13.775187271000050 51.038321474000043)",Unfall 166491 (2018) Kat:3, Licht: 0,166491,3,2,5,04,13,4,0,0,0,1,0,0,0,1
"POINT (13.826692051000066 51.033227741000076)",Unfall 166492 (2018) Kat:2, Licht: 0,166492,2,6,3,04,15,4,0,0,1,1,0,0,0,0
"POINT (13.860714189000078 50.997067621000042)",Unfall 166493 (2018) Kat:2, Licht: 0,166493,2,3,5,04,06,4,0,0,1,0,0,0,0,0
"POINT (13.767254338000043 51.058136490000038)",Unfall 166499 (2018) Kat:3, Licht: 0,166499,3,7,0,04,13,1,0,0,0,1,0,0,0,0
"POINT (13.775416278000023 51.069748416000039)",Unfall 166508 (2018) Kat:3, Licht: 0,166508,3,2,2,04,07,3,1,0,1,0,0,0,0,1
"POINT (13.674785636000024 51.047557035000068)",Unfall 166526 (2018) Kat:3, Licht: 0,166526,3,3,5,04,17,3,0,0,1,1,0,0,0,0
"POINT (13.819134506000069 51.007026452000048)",Unfall 166528 (2018) Kat:3, Licht: 0,166528,3,6,2,04,12,3,0,0,0,1,0,0,0,0
"POINT (13.770415780000064 51.045458978000056)",Unfall 166529 (2018) Kat:3, Licht: 0,166529,3,1,0,04,07,3,0,0,1,0,0,0,0,0
"POINT (13.734263674000033 51.050699735000080)",Unfall 166530 (2018) Kat:3, Licht: 0,166530,3,4,6,04,17,3,0,0,1,0,1,0,0,0
"POINT (13.808887747000028 51.052746791000061)",Unfall 166537 (2018) Kat:3, Licht: 0,166537,3,1,0,04,17,2,1,0,1,0,0,0,0,0
"POINT (13.772627704000058 51.047683922000033)",Unfall 166544 (2018) Kat:3, Licht: 0,166544,3,7,0,04,09,3,0,0,0,1,0,0,0,1
"POINT (13.701789935000022 51.038200980000056)",Unfall 166546 (2018) Kat:3, Licht: 0,166546,3,3,5,04,10,6,0,0,0,1,0,0,0,0
"POINT (13.724720849000050 51.029804858000034)",Unfall 166558 (2018) Kat:2, Licht: 0,166558,2,2,5,04,12,6,1,0,1,0,0,0,0,1
"POINT (13.708163275000061 51.033433586000058)",Unfall 166564 (2018) Kat:3, Licht: 0,166564,3,2,5,04,10,2,0,0,1,1,0,0,0,0
"POINT (13.775746175000052 51.037817054000072)",Unfall 166565 (2018) Kat:3, Licht: 0,166565,3,6,2,04,16,2,0,0,0,1,0,0,0,0
"POINT (13.797803874000067 51.044123958000057)",Unfall 166566 (2018) Kat:3, Licht: 0,166566,3,3,5,04,18,2,0,0,1,1,0,0,0,0
"POINT (13.789704290000032 51.045276060000049)",Unfall 166567 (2018) Kat:3, Licht: 0,166567,3,1,0,04,09,2,0,0,1,0,0,0,0,0
"POINT (13.775802050000038 51.050802532000034)",Unfall 166568 (2018) Kat:3, Licht: 0,166568,3,2,5,04,13,6,0,0,0,1,0,1,0,0
"POINT (13.827186277000067 51.022505141000067)",Unfall 166570 (2018) Kat:3, Licht: 0,166570,3,6,3,04,15,2,0,0,1,1,0,0,0,0
"POINT (13.803222216000052 51.021726745000080)",Unfall 166571 (2018) Kat:3, Licht: 0,166571,3,3,5,04,11,7,0,0,0,1,0,0,0,0
"POINT (13.679754671000069 51.043664883000076)",Unfall 166572 (2018) Kat:3, Licht: 0,166572,3,4,6,04,17,2,0,0,0,1,1,0,0,0
"POINT (13.782274039000072 51.054356635000033)",Unfall 166573 (2018) Kat:2, Licht: 0,166573,2,2,6,04,10,2,0,0,0,1,1,0,0,0
"POINT (13.776775641000029 51.021403777000046)",Unfall 166575 (2018) Kat:2, Licht: 0,166575,2,7,9,04,17,6,1,0,0,1,0,0,0,0
"POINT (13.760511270000052 51.067224124000063)",Unfall 166579 (2018) Kat:3, Licht: 0,166579,3,7,0,04,09,6,0,0,1,1,0,0,0,0
"POINT (13.771500309000032 51.046556383000052)",Unfall 166598 (2018) Kat:3, Licht: 0,166598,3,1,0,04,11,1,0,0,1,0,0,0,0,0
"POINT (13.765669346000038 51.036453710000046)",Unfall 166599 (2018) Kat:3, Licht: 0,166599,3,6,6,04,16,1,0,0,1,0,1,0,0,0
"POINT (13.781522816000063 51.053271305000067)",Unfall 166615 (2018) Kat:3, Licht: 1,166615,3,2,3,04,05,3,1,1,1,1,0,0,0,0
"POINT (13.731698113000050 51.021731774000045)",Unfall 166620 (2018) Kat:3, Licht: 0,166620,3,1,1,04,12,7,0,0,1,0,0,0,0,1
"POINT (13.804706918000022 51.051385614000026)",Unfall 166621 (2018) Kat:3, Licht: 0,166621,3,7,0,04,12,7,0,0,1,1,0,0,0,0
"POINT (13.767593859000044 51.118844019000051)",Unfall 166622 (2018) Kat:3, Licht: 0,166622,3,3,5,04,11,7,0,0,0,1,0,1,0,0
"POINT (13.790747385000031 51.021282169000074)",Unfall 166648 (2018) Kat:3, Licht: 0,166648,3,1,0,04,17,2,1,0,1,0,0,0,0,0
"POINT (13.730018047000044 51.092312758000048)",Unfall 166649 (2018) Kat:2, Licht: 0,166649,2,5,1,04,19,6,0,0,1,1,0,0,0,0
"POINT (13.739594303000047 51.055335244000048)",Unfall 166650 (2018) Kat:2, Licht: 0,166650,2,6,6,04,15,6,0,0,1,0,1,0,0,0
"POINT (13.723287603000074 51.089036369000041)",Unfall 166651 (2018) Kat:3, Licht: 0,166651,3,6,6,04,16,6,0,0,1,0,1,0,0,0
"POINT (13.744570987000031 51.060088322000070)",Unfall 166652 (2018) Kat:3, Licht: 0,166652,3,2,5,04,17,6,0,0,1,0,0,0,0,0
"POINT (13.690305010000031 51.054666034000036)",Unfall 166654 (2018) Kat:3, Licht: 0,166654,3,1,0,04,06,3,1,0,1,0,0,0,0,0
"POINT (13.776619416000074 51.042085246000056)",Unfall 166657 (2018) Kat:2, Licht: 0,166657,2,4,6,04,19,1,0,0,1,0,1,0,0,0
"POINT (13.754719387000023 51.050137411000037)",Unfall 166665 (2018) Kat:3, Licht: 0,166665,3,3,5,04,17,3,0,0,1,0,0,1,0,0
"POINT (13.686819221000064 51.057057180000072)",Unfall 166666 (2018) Kat:3, Licht: 0,166666,3,2,2,04,13,5,0,0,0,1,0,1,0,0
"POINT (13.728561584000033 51.048101671000040)",Unfall 166669 (2018) Kat:2, Licht: 0,166669,2,5,1,04,10,5,0,0,0,1,0,0,0,0
"POINT (13.782500019000054 51.033073954000031)",Unfall 166686 (2018) Kat:3, Licht: 0,166686,3,3,5,04,11,5,0,0,0,1,0,0,0,0
"POINT (13.699872001000074 51.084893546000046)",Unfall 166687 (2018) Kat:3, Licht: 0,166687,3,3,5,04,14,5,0,0,1,1,0,0,0,0
"POINT (13.857546692000028 51.010365586000034)",Unfall 166690 (2018) Kat:3, Licht: 0,166690,3,1,7,04,17,2,0,0,1,0,0,0,0,0
"POINT (13.758144589000040 51.054057874000080)",Unfall 166692 (2018) Kat:3, Licht: 0,166692,3,6,2,04,18,2,0,0,0,1,0,0,0,0
"POINT (13.733544107000057 51.035192016000053)",Unfall 166696 (2018) Kat:3, Licht: 0,166696,3,5,1,05,11,3,0,0,0,1,0,0,0,0
"POINT (13.797366550000049 51.024203678000049)",Unfall 166699 (2018) Kat:3, Licht: 0,166699,3,2,5,04,09,2,0,0,1,1,0,0,0,0
"POINT (13.761294953000061 51.051037705000056)",Unfall 166702 (2018) Kat:3, Licht: 0,166702,3,5,1,04,15,2,0,0,0,1,0,0,0,0
"POINT (13.798143804000063 51.023838258000069)",Unfall 166704 (2018) Kat:3, Licht: 0,166704,3,3,5,04,17,2,0,0,1,1,0,0,0,0
"POINT (13.702171968000073 51.077895684000055)",Unfall 166705 (2018) Kat:3, Licht: 0,166705,3,2,5,04,17,2,0,0,0,1,0,0,0,0
"POINT (13.782848824000041 51.033549998000069)",Unfall 166711 (2018) Kat:3, Licht: 0,166711,3,7,0,04,19,2,0,0,1,0,0,0,0,1
"POINT (13.735165817000052 51.072616655000047)",Unfall 166712 (2018) Kat:3, Licht: 0,166712,3,3,5,04,10,4,0,0,0,1,0,0,0,0
"POINT (13.684769663000054 51.042451182000036)",Unfall 166713 (2018) Kat:2, Licht: 0,166713,2,4,6,04,07,2,0,0,0,1,1,0,0,0
"POINT (13.757996562000073 51.019355225000027)",Unfall 166714 (2018) Kat:3, Licht: 0,166714,3,4,6,04,15,4,0,0,1,0,1,0,0,0
"POINT (13.783029165000073 51.052065534000064)",Unfall 166716 (2018) Kat:2, Licht: 0,166716,2,2,6,04,12,2,0,0,0,1,1,0,0,0
"POINT (13.822466845000065 51.011080913000058)",Unfall 166718 (2018) Kat:3, Licht: 0,166718,3,3,5,04,18,4,1,0,1,1,0,0,0,0
"POINT (13.814189802000044 51.054309836000073)",Unfall 166720 (2018) Kat:3, Licht: 0,166720,3,6,2,04,09,4,0,0,1,1,0,0,0,0
"POINT (13.781835950000072 51.040375208000057)",Unfall 166722 (2018) Kat:3, Licht: 0,166722,3,3,5,04,08,4,0,0,1,1,0,0,0,0
"POINT (13.741246760000024 51.041642278000040)",Unfall 166723 (2018) Kat:3, Licht: 0,166723,3,2,5,04,08,4,0,0,1,1,0,0,0,0
"POINT (13.737572917000023 51.054003610000052)",Unfall 166725 (2018) Kat:3, Licht: 0,166725,3,1,0,04,15,4,1,0,1,0,0,0,0,0
"POINT (13.793846810000048 51.028651681000042)",Unfall 166727 (2018) Kat:3, Licht: 0,166727,3,6,2,04,17,4,1,0,0,1,0,0,0,0
"POINT (13.775189493000028 51.038390115000027)",Unfall 166749 (2018) Kat:3, Licht: 0,166749,3,3,5,04,09,3,0,0,1,1,0,0,0,0
"POINT (13.761742921000064 51.031759543000078)",Unfall 166751 (2018) Kat:3, Licht: 0,166751,3,2,6,04,08,3,0,0,0,1,1,0,0,0
"POINT (13.692654133000076 51.085680323000076)",Unfall 166753 (2018) Kat:3, Licht: 0,166753,3,3,5,04,14,1,0,0,1,1,0,0,0,0
"POINT (13.745511799000042 51.068312608000042)",Unfall 166755 (2018) Kat:3, Licht: 0,166755,3,3,5,04,16,1,0,0,1,1,0,0,0,0
"POINT (13.709097876000044 51.051987590000067)",Unfall 166756 (2018) Kat:3, Licht: 2,166756,3,5,1,04,03,1,0,2,1,0,0,0,1,0
"POINT (13.692049400000030 51.049059912000075)",Unfall 166764 (2018) Kat:3, Licht: 2,166764,3,3,5,05,00,3,0,2,0,1,0,0,0,0
"POINT (13.716863248000038 51.055650209000078)",Unfall 166765 (2018) Kat:3, Licht: 0,166765,3,4,6,04,15,2,0,0,1,0,1,0,0,0
"POINT (13.697274556000025 51.036298243000033)",Unfall 166766 (2018) Kat:3, Licht: 0,166766,3,3,5,04,18,2,1,0,0,1,0,0,0,0
"POINT (13.741127969000047 51.019248372000050)",Unfall 166768 (2018) Kat:3, Licht: 0,166768,3,2,1,04,07,2,0,0,0,1,0,0,0,0
"POINT (13.741580996000039 51.023627380000050)",Unfall 166771 (2018) Kat:3, Licht: 0,166771,3,1,0,04,16,2,0,0,1,0,0,0,0,0
"POINT (13.728868387000034 51.053667775000065)",Unfall 166773 (2018) Kat:3, Licht: 0,166773,3,2,6,04,15,2,0,0,0,1,1,0,0,0
"POINT (13.797776762000069 51.024617058000047)",Unfall 166775 (2018) Kat:3, Licht: 0,166775,3,2,5,04,16,2,0,0,0,1,0,0,0,0
"POINT (13.743360592000045 51.048739953000052)",Unfall 166777 (2018) Kat:3, Licht: 0,166777,3,4,6,04,07,2,0,0,0,1,1,0,0,0
"POINT (13.781261990000075 51.114201969000078)",Unfall 166778 (2018) Kat:3, Licht: 0,166778,3,3,5,04,09,2,0,0,0,1,0,0,0,0
"POINT (13.817886671000053 50.998557871000060)",Unfall 166791 (2018) Kat:3, Licht: 0,166791,3,3,5,04,10,7,0,0,1,1,0,0,0,0
"POINT (13.794751698000027 51.025191738000046)",Unfall 166793 (2018) Kat:3, Licht: 0,166793,3,2,5,05,16,4,0,0,1,1,0,0,0,0
"POINT (13.723116985000047 51.056365695000068)",Unfall 166794 (2018) Kat:3, Licht: 0,166794,3,6,2,04,17,1,0,0,0,1,0,0,0,0
"POINT (13.655420053000057 51.048176093000052)",Unfall 166795 (2018) Kat:3, Licht: 0,166795,3,1,0,04,17,1,0,0,1,0,0,0,0,0
"POINT (13.746658837000041 51.038293108000062)",Unfall 166796 (2018) Kat:3, Licht: 0,166796,3,4,6,04,16,7,0,0,0,1,1,0,0,0
"POINT (13.767534898000065 51.042557148000071)",Unfall 166797 (2018) Kat:3, Licht: 0,166797,3,3,5,04,18,1,0,0,1,1,0,0,0,0
"POINT (13.685889739000061 51.083338894000065)",Unfall 166809 (2018) Kat:3, Licht: 0,166809,3,1,0,04,18,7,0,0,1,0,0,0,0,0
"POINT (13.782891336000034 51.068396405000044)",Unfall 166812 (2018) Kat:3, Licht: 2,166812,3,7,0,04,21,7,0,2,0,1,0,0,0,0
"POINT (13.734998713000039 51.033619878000081)",Unfall 166836 (2018) Kat:2, Licht: 0,166836,2,3,5,04,09,2,0,0,0,1,0,1,0,0
"POINT (13.706218160000049 51.076711557000067)",Unfall 166842 (2018) Kat:2, Licht: 2,166842,2,1,0,04,21,6,0,2,1,0,0,0,0,0
"POINT (13.716668829000071 51.067942525000035)",Unfall 166843 (2018) Kat:3, Licht: 0,166843,3,4,6,04,18,6,0,0,0,1,1,0,0,0
"POINT (13.780122828000060 51.116172643000027)",Unfall 166845 (2018) Kat:3, Licht: 0,166845,3,2,3,04,14,6,0,0,1,1,0,0,0,0
"POINT (13.806958966000025 51.052175606000048)",Unfall 166846 (2018) Kat:3, Licht: 0,166846,3,6,3,04,08,6,0,0,0,1,0,1,0,0
"POINT (13.747898200000066 51.070185870000046)",Unfall 166847 (2018) Kat:3, Licht: 0,166847,3,3,5,04,10,6,0,0,0,1,0,0,0,0
"POINT (13.777866888000062 51.053978679000068)",Unfall 166848 (2018) Kat:3, Licht: 0,166848,3,6,3,04,16,6,0,0,1,0,0,0,0,0
"POINT (13.780774697000027 51.116129334000050)",Unfall 166849 (2018) Kat:3, Licht: 0,166849,3,3,5,04,14,6,0,0,0,1,0,0,0,0
"POINT (13.769625584000039 51.051107136000041)",Unfall 166850 (2018) Kat:2, Licht: 0,166850,2,3,5,04,14,6,0,0,0,1,0,0,0,1
"POINT (13.691183611000042 51.052449044000070)",Unfall 166851 (2018) Kat:3, Licht: 0,166851,3,6,6,04,10,6,0,0,0,1,1,0,0,0
"POINT (13.731051081000032 51.042423645000042)",Unfall 166852 (2018) Kat:3, Licht: 0,166852,3,2,5,05,18,3,0,0,1,1,0,0,0,0
"POINT (13.802992527000072 51.040427616000045)",Unfall 166860 (2018) Kat:3, Licht: 0,166860,3,3,5,04,11,6,0,0,1,1,0,0,0,0
"POINT (13.699254493000069 51.064650286000074)",Unfall 166873 (2018) Kat:3, Licht: 0,166873,3,1,0,04,06,5,1,0,1,0,0,0,0,0
"POINT (13.753130868000028 51.050378167000076)",Unfall 166879 (2018) Kat:3, Licht: 0,166879,3,1,0,04,12,5,0,0,0,0,0,1,0,0
"POINT (13.777491091000059 51.052622028000030)",Unfall 166880 (2018) Kat:2, Licht: 0,166880,2,4,6,04,12,5,0,0,1,0,1,0,0,0
"POINT (13.767166988000042 51.031114446000061)",Unfall 166882 (2018) Kat:2, Licht: 0,166882,2,3,5,04,06,5,0,0,1,1,0,0,0,0
"POINT (13.706964704000029 51.046470194000051)",Unfall 166884 (2018) Kat:3, Licht: 0,166884,3,2,5,04,09,5,0,0,1,1,0,0,0,0
"POINT (13.691913250000027 51.062870983000039)",Unfall 166909 (2018) Kat:2, Licht: 0,166909,2,6,3,04,07,4,0,0,1,0,0,0,0,0
"POINT (13.685403899000050 51.042469254000082)",Unfall 166910 (2018) Kat:3, Licht: 0,166910,3,1,2,04,15,4,0,0,1,0,0,0,0,0
"POINT (13.718121251000071 51.031417245000057)",Unfall 166912 (2018) Kat:2, Licht: 1,166912,2,2,5,04,20,4,0,1,1,1,0,0,0,0
"POINT (13.820993906000069 50.996097038000073)",Unfall 166915 (2018) Kat:3, Licht: 0,166915,3,3,5,04,14,4,0,0,1,1,0,0,0,0
"POINT (13.752104039000073 51.061926838000034)",Unfall 166916 (2018) Kat:3, Licht: 0,166916,3,1,0,04,16,4,0,0,1,0,0,0,0,0
"POINT (13.732390845000054 51.050982518000069)",Unfall 166918 (2018) Kat:3, Licht: 0,166918,3,2,0,04,19,4,0,0,0,1,0,0,0,1
"POINT (13.807509342000060 51.034966480000037)",Unfall 166919 (2018) Kat:3, Licht: 0,166919,3,3,5,04,15,4,0,0,1,1,0,0,0,0
"POINT (13.795509044000028 51.042842367000048)",Unfall 166920 (2018) Kat:3, Licht: 0,166920,3,2,5,04,09,4,0,0,1,1,0,0,0,0