WKT,Name,OBJECTID,UKATEGORIE,UTYP1,UART,UMONAT,USTUNDE,UWOCHENTAG,STRZUSTAND,ULICHTVERH,ISTRAD,ISTPKW,ISTFUSS,ISTKRAD,ISTGKFZ,ISTSONSTIG
"POINT (13.796322512000074 51.053306353000039)",Unfall 166921 (2018) Kat:3, Licht: 0,166921,3,3,5,05,13,3,0,0,1,1,0,0,0,0
"POINT (13.802068995000070 51.039653634000047)",Unfall 166922 (2018) Kat:2, Licht: 0,166922,2,3,5,04,13,4,0,0,0,1,0,1,0,0
"POINT (13.727741199000036 51.084522386000060)",Unfall 166933 (2018) Kat:3, Licht: 0,166933,3,4,6,04,15,5,1,0,0,1,1,0,0,0
"POINT (13.789881437000076 51.045409288000030)",Unfall 166936 (2018) Kat:3, Licht: 0,166936,3,6,0,04,10,5,0,0,0,1,0,0,0,1
"POINT (13.780575731000056 51.042142229000035)",Unfall 166938 (2018) Kat:3, Licht: 0,166938,3,2,5,04,13,5,1,0,0,1,0,1,0,0
"POINT (13.673105018000058 51.045750401000078)",Unfall 166942 (2018) Kat:3, Licht: 0,166942,3,2,5,04,16,2,0,0,1,1,0,0,0,0
"POINT (13.814958032000050 51.043556979000073)",Unfall 166943 (2018) Kat:3, Licht: 0,166943,3,6,2,04,07,5,1,0,0,1,0,0,0,0
"POINT (13.803961365000077 51.025841106000030)",Unfall 166955 (2018) Kat:3, Licht: 0,166955,3,6,4,05,08,3,0,0,1,1,0,0,0,0
"POINT (13.749599625000030 51.033600020000051)",Unfall 166965 (2018) Kat:3, Licht: 0,166965,3,3,5,05,07,3,0,0,1,1,0,0,0,0
"POINT (13.736902612000051 51.046933878000061)",Unfall 166968 (2018) Kat:2, Licht: 0,166968,2,4,6,05,14,3,0,0,0,1,1,0,0,0
"POINT (13.775807950000058 51.050914226000032)",Unfall 166970 (2018) Kat:3, Licht: 0,166970,3,3,6,05,07,3,0,0,1,0,1,0,0,0
"POINT (13.788282587000026 51.038084553000033)",Unfall 166972 (2018) Kat:2, Licht: 0,166972,2,3,5,05,16,3,0,0,1,0,0,1,0,0
"POINT (13.738341299000069 51.053559301000064)",Unfall 166973 (2018) Kat:3, Licht: 0,166973,3,3,5,05,06,3,0,0,1,0,0,0,0,0
"POINT (13.798422530000039 51.004893271000071)",Unfall 166974 (2018) Kat:3, Licht: 0,166974,3,7,5,05,13,2,0,0,1,1,0,0,0,0
"POINT (13.777745875000051 51.052972518000047)",Unfall 166975 (2018) Kat:3, Licht: 0,166975,3,6,2,05,11,3,0,0,0,1,0,0,0,0
"POINT (13.838543711000057 51.023515045000067)",Unfall 166976 (2018) Kat:3, Licht: 0,166976,3,3,5,05,10,2,0,0,1,1,0,0,0,0
"POINT (13.767917133000026 51.057706754000037)",Unfall 166977 (2018) Kat:3, Licht: 0,166977,3,4,6,05,15,3,0,0,0,1,1,0,0,0
"POINT (13.763863623000077 51.037862650000079)",Unfall 166978 (2018) Kat:3, Licht: 0,166978,3,3,5,05,08,2,0,0,1,1,0,0,0,0
"POINT (13.809661797000047 51.015862838000032)",Unfall 166979 (2018) Kat:3, Licht: 0,166979,3,6,2,05,13,2,0,0,0,1,0,1,0,0
"POINT (13.838634032000073 51.023410058000081)",Unfall 166980 (2018) Kat:3, Licht: 0,166980,3,2,5,05,11,2,0,0,1,1,0,0,0,0
"POINT (13.830986007000035 51.009917128000041)",Unfall 167005 (2018) Kat:2, Licht: 0,167005,2,2,5,05,19,1,0,0,1,1,0,0,0,0
"POINT (13.748483675000045 51.053595479000080)",Unfall 167006 (2018) Kat:3, Licht: 1,167006,3,2,2,05,21,1,0,1,0,1,0,0,0,0
"POINT (13.832444090000024 51.001811476000057)",Unfall 167022 (2018) Kat:3, Licht: 0,167022,3,7,0,05,10,2,0,0,0,1,0,0,0,1
"POINT (13.823729770000057 51.012850899000057)",Unfall 167024 (2018) Kat:3, Licht: 0,167024,3,2,0,05,06,2,0,0,1,1,0,0,0,0
"POINT (13.726597309000056 51.031496357000037)",Unfall 167026 (2018) Kat:3, Licht: 0,167026,3,2,0,05,07,2,0,0,1,0,0,0,0,1
"POINT (13.838415144000066 51.005868550000059)",Unfall 167027 (2018) Kat:3, Licht: 0,167027,3,3,5,05,14,2,0,0,1,1,0,0,0,0
"POINT (13.720766521000030 51.117679213000031)",Unfall 167029 (2018) Kat:3, Licht: 1,167029,3,7,7,05,04,2,0,1,1,0,0,0,0,0
"POINT (13.795400963000077 51.042852373000073)",Unfall 167031 (2018) Kat:3, Licht: 0,167031,3,3,5,05,15,2,0,0,1,1,0,0,0,0
"POINT (13.778648930000031 51.033354518000067)",Unfall 167032 (2018) Kat:3, Licht: 0,167032,3,3,5,05,16,2,0,0,0,1,0,0,0,1
"POINT (13.789536222000038 51.030161149000037)",Unfall 167034 (2018) Kat:3, Licht: 0,167034,3,4,6,05,14,2,0,0,0,0,1,0,0,1
"POINT (13.778378670000052 51.037057766000032)",Unfall 167037 (2018) Kat:3, Licht: 0,167037,3,1,0,05,08,2,0,0,0,0,0,1,0,0
"POINT (13.761601005000045 51.044924494000043)",Unfall 167039 (2018) Kat:3, Licht: 0,167039,3,3,5,05,16,2,0,0,0,1,0,0,0,0
"POINT (13.669254036000041 51.040024578000043)",Unfall 167040 (2018) Kat:3, Licht: 1,167040,3,3,5,05,18,7,0,1,0,1,0,0,0,0
"POINT (13.777196942000046 51.060086926000054)",Unfall 167041 (2018) Kat:3, Licht: 0,167041,3,2,5,05,15,2,0,0,1,0,0,0,0,1
"POINT (13.703005845000064 51.042528358000027)",Unfall 167042 (2018) Kat:3, Licht: 0,167042,3,3,5,05,09,7,0,0,1,1,0,0,0,0
"POINT (13.661062262000030 51.041265532000068)",Unfall 167045 (2018) Kat:3, Licht: 0,167045,3,1,1,05,11,7,0,0,0,1,0,1,0,0
"POINT (13.688937977000023 51.057967219000034)",Unfall 167063 (2018) Kat:3, Licht: 2,167063,3,3,5,05,00,1,0,2,0,1,0,1,0,0
"POINT (13.750729976000059 51.060651138000026)",Unfall 167064 (2018) Kat:3, Licht: 0,167064,3,2,5,05,11,3,0,0,1,0,0,0,0,1
"POINT (13.819958688000042 51.013837790000082)",Unfall 167065 (2018) Kat:3, Licht: 1,167065,3,1,0,05,21,1,0,1,1,0,0,0,0,0
"POINT (13.829361231000064 51.010538206000035)",Unfall 167066 (2018) Kat:2, Licht: 0,167066,2,3,5,05,17,1,0,0,1,1,0,0,0,0
"POINT (13.782362609000074 51.127804402000038)",Unfall 167068 (2018) Kat:3, Licht: 0,167068,3,5,1,05,19,1,0,0,0,1,0,0,1,0
"POINT (13.777721324000026 51.050836726000057)",Unfall 167069 (2018) Kat:3, Licht: 0,167069,3,3,5,05,15,1,0,0,0,1,0,1,0,0
"POINT (13.754720971000040 51.046290296000052)",Unfall 167071 (2018) Kat:3, Licht: 0,167071,3,4,6,05,06,1,0,0,0,0,1,0,0,1
"POINT (13.684856377000074 51.050969551000037)",Unfall 167083 (2018) Kat:3, Licht: 0,167083,3,1,0,05,17,6,0,0,1,0,0,0,0,0
"POINT (13.741752566000059 51.013178948000075)",Unfall 167086 (2018) Kat:3, Licht: 0,167086,3,2,5,05,12,6,0,0,0,1,0,1,0,0
"POINT (13.711910088000025 51.081014075000041)",Unfall 167088 (2018) Kat:3, Licht: 0,167088,3,2,5,05,18,6,0,0,0,1,0,1,0,0
"POINT (13.757642642000064 51.049662800000078)",Unfall 167089 (2018) Kat:2, Licht: 0,167089,2,4,6,05,14,6,0,0,0,0,1,0,0,1
"POINT (13.692656382000052 51.053661726000030)",Unfall 167105 (2018) Kat:3, Licht: 0,167105,3,3,0,05,19,7,0,0,1,0,0,0,0,0
"POINT (13.646024664000038 51.040630482000040)",Unfall 167107 (2018) Kat:3, Licht: 0,167107,3,3,5,05,14,7,0,0,1,1,0,0,0,0
"POINT (13.726151327000025 51.038560847000042)",Unfall 167108 (2018) Kat:3, Licht: 0,167108,3,3,5,05,09,7,0,0,0,1,0,1,0,0
"POINT (13.782181193000042 51.127821248000032)",Unfall 167110 (2018) Kat:2, Licht: 0,167110,2,1,1,05,19,7,0,0,0,1,0,0,1,0
"POINT (13.804953391000026 51.032455383000070)",Unfall 167111 (2018) Kat:3, Licht: 0,167111,3,3,5,05,13,7,0,0,1,1,0,0,0,0
"POINT (13.777199580000058 51.060055631000068)",Unfall 167113 (2018) Kat:3, Licht: 0,167113,3,3,5,05,15,7,0,0,1,1,0,0,0,0
"POINT (13.799710568000023 50.999808422000058)",Unfall 167115 (2018) Kat:1, Licht: 0,167115,1,4,6,05,07,7,0,0,0,0,1,0,0,1
"POINT (13.757720330000041 51.034738971000081)",Unfall 167117 (2018) Kat:2, Licht: 0,167117,2,3,5,05,15,7,0,0,1,0,0,0,0,1
"POINT (13.781156875000022 51.054250590000038)",Unfall 167118 (2018) Kat:3, Licht: 0,167118,3,2,6,05,11,3,0,0,0,1,1,0,0,0
"POINT (13.774521339000046 51.111738655000067)",Unfall 167119 (2018) Kat:2, Licht: 2,167119,2,2,5,05,21,7,0,2,0,1,0,1,0,0
"POINT (13.760532530000035 51.049184541000045)",Unfall 167120 (2018) Kat:3, Licht: 0,167120,3,6,3,05,18,7,0,0,1,1,0,0,0,0
"POINT (13.683024847000070 51.059723901000041)",Unfall 167121 (2018) Kat:3, Licht: 0,167121,3,1,0,05,16,5,1,0,1,0,0,0,0,0
"POINT (13.719801124000071 51.078612279000026)",Unfall 167126 (2018) Kat:2, Licht: 0,167126,2,1,0,05,16,5,0,0,1,0,0,0,0,0
"POINT (13.710765625000022 51.032537261000073)",Unfall 167129 (2018) Kat:3, Licht: 0,167129,3,3,5,05,09,5,0,0,0,1,0,0,0,0
"POINT (13.804798477000077 51.041303922000054)",Unfall 167131 (2018) Kat:3, Licht: 0,167131,3,7,0,05,19,5,1,0,1,0,0,0,0,0
"POINT (13.860489197000049 51.009178356000064)",Unfall 167132 (2018) Kat:3, Licht: 0,167132,3,1,0,05,14,5,0,0,1,0,0,0,0,0
"POINT (13.856347461000041 51.005035375000034)",Unfall 167136 (2018) Kat:2, Licht: 0,167136,2,7,1,05,15,5,0,0,0,1,0,0,1,0
"POINT (13.710542778000047 51.058648803000040)",Unfall 167142 (2018) Kat:3, Licht: 0,167142,3,7,7,05,17,6,0,0,1,0,0,0,0,0
"POINT (13.807616208000070 51.152747190000071)",Unfall 167145 (2018) Kat:2, Licht: 0,167145,2,3,5,05,19,6,0,0,0,1,0,0,0,1
"POINT (13.816596177000065 51.031813488000068)",Unfall 167147 (2018) Kat:3, Licht: 0,167147,3,3,5,05,18,6,0,0,1,1,0,0,0,0
"POINT (13.733374019000053 51.046449280000047)",Unfall 167149 (2018) Kat:3, Licht: 0,167149,3,3,5,05,16,6,0,0,1,0,0,0,0,1
"POINT (13.817971314000033 51.040059448000079)",Unfall 167150 (2018) Kat:3, Licht: 0,167150,3,7,5,05,11,6,0,0,0,1,0,0,0,0
"POINT (13.758719745000064 51.049525754000058)",Unfall 167152 (2018) Kat:3, Licht: 0,167152,3,3,5,05,07,6,0,0,1,1,0,0,0,0
"POINT (13.817958188000034 51.040070280000066)",Unfall 167154 (2018) Kat:3, Licht: 0,167154,3,1,0,05,11,6,0,0,0,0,0,1,0,0
"POINT (13.780782789000057 51.059011034000036)",Unfall 167156 (2018) Kat:3, Licht: 0,167156,3,7,0,05,08,6,0,0,0,1,0,0,0,0
"POINT (13.807202763000078 51.035948236000081)",Unfall 167158 (2018) Kat:3, Licht: 0,167158,3,7,0,05,09,6,0,0,0,0,0,0,0,1
"POINT (13.772505602000024 51.031120580000049)",Unfall 167160 (2018) Kat:3, Licht: 0,167160,3,7,6,05,13,6,0,0,1,0,1,0,0,0
"POINT (13.757874300000026 51.075813200000027)",Unfall 167162 (2018) Kat:3, Licht: 0,167162,3,2,2,05,15,6,0,0,0,1,0,0,1,0
"POINT (13.752045134000070 51.062130452000076)",Unfall 167164 (2018) Kat:3, Licht: 0,167164,3,1,0,05,14,6,0,0,0,0,0,1,0,0
"POINT (13.808103549000066 51.053547894000076)",Unfall 167165 (2018) Kat:3, Licht: 0,167165,3,3,5,05,07,6,0,0,1,0,0,0,0,0
"POINT (13.724700505000044 51.057585820000043)",Unfall 167169 (2018) Kat:3, Licht: 0,167169,3,2,6,05,15,4,0,0,0,1,1,0,0,0
"POINT (13.746915018000038 51.063491097000053)",Unfall 167171 (2018) Kat:3, Licht: 0,167171,3,3,5,05,19,4,0,0,1,0,0,0,0,0
"POINT (13.776566236000065 51.066823956000064)",Unfall 167172 (2018) Kat:3, Licht: 0,167172,3,6,2,05,15,4,0,0,0,1,0,0,0,0
"POINT (13.707772809000062 51.046444849000068)",Unfall 167174 (2018) Kat:3, Licht: 0,167174,3,3,5,05,15,4,0,0,0,1,0,0,0,1
"POINT (13.773049140000069 51.023346825000033)",Unfall 167176 (2018) Kat:3, Licht: 0,167176,3,5,1,05,13,3,1,0,1,1,0,0,0,0
"POINT (13.806921563000060 51.026890567000066)",Unfall 167179 (2018) Kat:3, Licht: 0,167179,3,2,5,05,19,4,0,0,1,1,0,0,0,0
"POINT (13.725564056000053 51.053077605000055)",Unfall 167182 (2018) Kat:2, Licht: 0,167182,2,7,0,05,09,4,0,0,1,1,0,0,0,0
"POINT (13.793346111000062 51.036826325000050)",Unfall 167184 (2018) Kat:3, Licht: 0,167184,3,1,0,05,19,4,0,0,1,0,0,0,0,0
"POINT (13.774963060000061 51.038130045000059)",Unfall 167185 (2018) Kat:3, Licht: 0,167185,3,3,5,05,15,4,0,0,0,1,0,1,0,0
"POINT (13.766414717000032 51.056402134000052)",Unfall 167188 (2018) Kat:3, Licht: 0,167188,3,3,5,05,15,4,0,0,1,0,0,0,0,0
"POINT (13.766637456000069 51.041429280000045)",Unfall 167202 (2018) Kat:3, Licht: 0,167202,3,7,0,05,10,5,0,0,0,1,1,0,0,0
"POINT (13.789421588000039 51.024792680000076)",Unfall 167204 (2018) Kat:2, Licht: 0,167204,2,6,3,05,16,5,0,0,1,0,0,0,0,1
"POINT (13.802083308000022 51.022271842000066)",Unfall 167206 (2018) Kat:3, Licht: 0,167206,3,6,2,05,16,5,0,0,0,1,0,0,0,0
"POINT (13.769415605000063 51.060034918000042)",Unfall 167207 (2018) Kat:3, Licht: 0,167207,3,3,5,05,15,5,0,0,1,1,0,0,0,0
"POINT (13.790915359000053 51.013474504000044)",Unfall 167226 (2018) Kat:3, Licht: 0,167226,3,6,0,05,09,5,0,0,0,0,0,0,0,1
"POINT (13.704238978000035 51.019314284000075)",Unfall 167228 (2018) Kat:3, Licht: 0,167228,3,3,5,05,14,5,0,0,0,1,0,1,0,0
"POINT (13.747244263000027 51.030596468000056)",Unfall 167229 (2018) Kat:3, Licht: 0,167229,3,1,0,05,07,5,0,0,1,0,0,0,0,0
"POINT (13.696945408000033 51.080521266000062)",Unfall 167230 (2018) Kat:3, Licht: 0,167230,3,3,5,05,12,4,0,0,1,0,0,1,0,0
"POINT (13.823700262000045 51.012860106000062)",Unfall 167231 (2018) Kat:3, Licht: 0,167231,3,2,2,05,15,5,0,0,0,1,0,0,0,0
"POINT (13.808778262000033 51.052861759000052)",Unfall 167232 (2018) Kat:2, Licht: 0,167232,2,7,0,05,15,5,0,0,1,0,0,0,0,0
"POINT (13.718666873000075 51.028788478000081)",Unfall 167233 (2018) Kat:3, Licht: 0,167233,3,3,5,05,10,4,0,0,1,1,0,0,0,0
"POINT (13.809261684000035 51.032220609000035)",Unfall 167234 (2018) Kat:3, Licht: 0,167234,3,3,5,05,17,5,0,0,1,1,0,0,0,0
"POINT (13.757979357000067 51.052258549000044)",Unfall 167235 (2018) Kat:3, Licht: 1,167235,3,3,5,05,20,5,0,1,1,1,0,0,0,0
"POINT (13.715458173000059 51.027267490000042)",Unfall 167236 (2018) Kat:3, Licht: 0,167236,3,6,3,05,05,4,0,0,0,1,0,0,0,0
"POINT (13.796824033000064 51.041484294000043)",Unfall 167237 (2018) Kat:2, Licht: 2,167237,2,3,5,05,22,5,0,2,0,1,0,1,0,0
"POINT (13.750605388000054 51.060879240000077)",Unfall 167238 (2018) Kat:3, Licht: 0,167238,3,4,6,05,07,4,0,0,1,0,1,0,0,0
"POINT (13.745254338000052 51.066217584000071)",Unfall 167239 (2018) Kat:3, Licht: 0,167239,3,3,5,05,13,4,0,0,1,0,0,0,0,1
"POINT (13.730962960000056 51.081384989000071)",Unfall 167240 (2018) Kat:2, Licht: 0,167240,2,2,5,05,07,5,0,0,1,1,0,0,0,0
"POINT (13.738296843000057 51.039265113000056)",Unfall 167241 (2018) Kat:3, Licht: 0,167241,3,3,5,05,12,4,0,0,1,1,0,0,0,0
"POINT (13.775071752000031 51.047235524000030)",Unfall 167243 (2018) Kat:3, Licht: 0,167243,3,5,0,05,15,4,0,0,1,1,0,0,0,0
"POINT (13.745455412000069 51.068315861000031)",Unfall 167283 (2018) Kat:3, Licht: 2,167283,3,3,5,05,21,4,0,2,1,1,0,0,0,0
"POINT (13.722256888000061 51.030024575000027)",Unfall 167285 (2018) Kat:3, Licht: 0,167285,3,3,5,05,18,4,0,0,0,1,0,1,0,0
"POINT (13.730466443000068 51.019739360000074)",Unfall 167287 (2018) Kat:3, Licht: 0,167287,3,3,5,05,09,4,0,0,1,1,0,0,0,0
"POINT (13.747528820000070 51.031039571000065)",Unfall 167288 (2018) Kat:2, Licht: 2,167288,2,1,9,05,03,4,0,2,0,1,0,0,0,0
"POINT (13.714802395000049 51.051601415000050)",Unfall 167289 (2018) Kat:3, Licht: 0,167289,3,7,0,05,16,3,1,0,0,0,0,1,0,1
"POINT (13.711970645000065 51.049499405000063)",Unfall 167292 (2018) Kat:3, Licht: 0,167292,3,1,0,05,15,3,0,0,1,0,0,0,0,0
"POINT (13.690946007000036 51.053006476000064)",Unfall 167294 (2018) Kat:3, Licht: 0,167294,3,1,0,05,18,3,0,0,1,0,0,0,0,0
"POINT (13.735314535000043 51.021869920000029)",Unfall 167295 (2018) Kat:3, Licht: 0,167295,3,3,5,05,15,3,0,0,1,1,0,0,0,0
"POINT (13.764729968000040 51.059104532000049)",Unfall 167297 (2018) Kat:2, Licht: 0,167297,2,7,0,05,07,3,0,0,1,0,0,0,0,0
"POINT (13.802867976000073 51.034743743000035)",Unfall 167299 (2018) Kat:3, Licht: 0,167299,3,7,6,05,15,3,0,0,0,1,1,0,0,0
"POINT (13.702048591000050 51.078284963000044)",Unfall 167302 (2018) Kat:2, Licht: 0,167302,2,3,5,05,08,3,0,0,1,1,0,0,0,0
"POINT (13.720093499000029 51.054767266000056)",Unfall 167311 (2018) Kat:3, Licht: 0,167311,3,6,2,05,11,3,0,0,0,1,0,0,0,0
"POINT (13.773812153000051 51.046026393000034)",Unfall 167313 (2018) Kat:3, Licht: 0,167313,3,3,5,05,15,3,0,0,1,1,0,0,0,0
"POINT (13.761943667000025 51.053118356000027)",Unfall 167315 (2018) Kat:3, Licht: 0,167315,3,1,0,05,16,3,0,0,1,0,0,0,0,0
"POINT (13.749230868000041 51.074282341000071)",Unfall 167338 (2018) Kat:3, Licht: 0,167338,3,6,4,05,17,2,0,0,1,0,0,1,0,0
"POINT (13.760623170000031 51.117207404000055)",Unfall 167350 (2018) Kat:3, Licht: 0,167350,3,7,0,05,07,2,0,0,1,1,0,0,0,0
"POINT (13.806908157000066 51.052154831000053)",Unfall 167352 (2018) Kat:2, Licht: 0,167352,2,7,0,05,17,2,0,0,1,0,0,0,0,1
"POINT (13.777164128000038 51.060319767000067)",Unfall 167354 (2018) Kat:3, Licht: 0,167354,3,6,3,05,07,2,0,0,1,1,0,0,0,0
"POINT (13.748619388000066 51.039864137000052)",Unfall 167355 (2018) Kat:3, Licht: 0,167355,3,6,3,05,15,2,0,0,1,0,0,0,0,0
"POINT (13.794419095000023 51.028523925000059)",Unfall 167357 (2018) Kat:3, Licht: 0,167357,3,6,2,05,07,2,0,0,0,1,0,0,0,0
"POINT (13.813331999000070 51.014778723000063)",Unfall 167359 (2018) Kat:3, Licht: 0,167359,3,1,0,05,15,1,0,0,1,0,0,0,0,0
"POINT (13.797844894000036 51.003332668000041)",Unfall 167360 (2018) Kat:3, Licht: 2,167360,3,4,6,05,22,2,0,2,0,0,1,0,0,1
"POINT (13.776705107000055 51.051826840000047)",Unfall 167363 (2018) Kat:3, Licht: 0,167363,3,6,1,05,12,2,0,0,0,1,0,0,0,0
"POINT (13.722089849000042 51.055929723000077)",Unfall 167365 (2018) Kat:3, Licht: 0,167365,3,6,3,05,07,2,0,0,0,1,0,1,0,0
"POINT (13.732683351000048 51.039183660000049)",Unfall 167373 (2018) Kat:3, Licht: 2,167373,3,1,0,05,03,7,0,2,1,0,0,0,0,0
"POINT (13.690640875000042 51.042630571000075)",Unfall 167394 (2018) Kat:3, Licht: 0,167394,3,6,1,05,14,1,0,0,0,1,0,0,0,0
"POINT (13.751557580000053 51.047203449000051)",Unfall 167396 (2018) Kat:2, Licht: 0,167396,2,3,5,05,15,1,0,0,1,1,0,0,0,0
"POINT (13.750280688000032 51.065572608000082)",Unfall 167398 (2018) Kat:3, Licht: 1,167398,3,4,6,05,06,1,0,1,1,0,1,0,0,0
"POINT (13.751645025000073 51.023294805000035)",Unfall 167400 (2018) Kat:3, Licht: 0,167400,3,2,5,05,07,6,0,0,1,1,0,0,0,0
"POINT (13.749386624000067 51.035758837000060)",Unfall 167401 (2018) Kat:2, Licht: 0,167401,2,3,5,05,14,1,0,0,0,1,0,0,0,0
"POINT (13.722228497000060 51.026462302000027)",Unfall 167402 (2018) Kat:3, Licht: 0,167402,3,5,1,05,07,6,0,0,1,1,0,0,0,0
"POINT (13.751809633000050 51.063071993000051)",Unfall 167403 (2018) Kat:3, Licht: 0,167403,3,7,0,05,10,6,0,0,1,1,0,0,0,0
"POINT (13.757959759000073 51.052259773000060)",Unfall 167404 (2018) Kat:3, Licht: 0,167404,3,3,5,05,13,6,0,0,1,1,0,0,0,0
"POINT (13.719589559000042 51.077405785000053)",Unfall 167405 (2018) Kat:3, Licht: 0,167405,3,3,5,05,08,6,0,0,0,1,0,0,0,0
"POINT (13.734775092000064 51.047056223000027)",Unfall 167421 (2018) Kat:3, Licht: 0,167421,3,2,6,05,10,5,0,0,0,1,1,0,0,0
"POINT (13.703816258000074 51.039453226000035)",Unfall 167427 (2018) Kat:3, Licht: 0,167427,3,7,0,05,11,7,0,0,1,0,0,0,0,0
"POINT (13.838847357000077 51.001208049000070)",Unfall 167429 (2018) Kat:3, Licht: 2,167429,3,1,8,05,00,7,0,2,1,0,0,0,0,0
"POINT (13.721277852000071 51.054345690000048)",Unfall 167431 (2018) Kat:3, Licht: 0,167431,3,2,5,05,06,5,0,0,1,0,0,0,0,1
"POINT (13.769757871000024 51.044794803000059)",Unfall 167432 (2018) Kat:2, Licht: 0,167432,2,2,2,05,14,7,0,0,1,1,0,0,0,0
"POINT (13.780806700000028 51.044058281000048)",Unfall 167433 (2018) Kat:3, Licht: 0,167433,3,6,0,05,17,5,0,0,0,0,0,0,0,1
"POINT (13.771756054000036 51.040835888000061)",Unfall 167435 (2018) Kat:3, Licht: 0,167435,3,3,5,05,12,7,0,0,0,1,0,1,0,0
"POINT (13.840668305000065 51.023748556000044)",Unfall 167436 (2018) Kat:3, Licht: 0,167436,3,7,0,05,08,5,0,0,1,0,0,0,0,0
"POINT (13.751649334000035 51.047238134000054)",Unfall 167438 (2018) Kat:2, Licht: 0,167438,2,4,6,05,15,5,0,0,0,1,1,0,0,0
"POINT (13.720847665000065 51.014363870000068)",Unfall 167463 (2018) Kat:2, Licht: 0,167463,2,2,5,05,10,4,1,0,0,1,0,0,0,1
"POINT (13.751702425000076 51.066962388000036)",Unfall 167464 (2018) Kat:3, Licht: 0,167464,3,3,5,05,15,4,0,0,0,1,0,0,0,0
"POINT (13.744101935000060 51.072558352000044)",Unfall 167466 (2018) Kat:3, Licht: 0,167466,3,7,3,05,08,4,1,0,0,1,0,0,0,0
"POINT (13.678753365000034 51.043487333000030)",Unfall 167467 (2018) Kat:3, Licht: 0,167467,3,4,0,05,09,6,0,0,0,1,1,0,0,0
"POINT (13.757980655000040 51.052258468000048)",Unfall 167468 (2018) Kat:3, Licht: 2,167468,3,3,5,05,22,6,0,2,1,1,0,0,0,0
"POINT (13.805030168000030 51.052169809000077)",Unfall 167469 (2018) Kat:3, Licht: 0,167469,3,4,0,05,17,4,0,0,0,0,1,0,0,1
"POINT (13.803222139000070 51.021726704000059)",Unfall 167470 (2018) Kat:3, Licht: 0,167470,3,3,5,05,07,4,1,0,0,1,0,1,0,0
"POINT (13.739284848000068 51.037010478000070)",Unfall 167471 (2018) Kat:3, Licht: 0,167471,3,3,5,05,14,6,0,0,0,1,0,1,0,0
"POINT (13.775591801000076 51.045427218000043)",Unfall 167472 (2018) Kat:3, Licht: 0,167472,3,2,0,05,19,4,0,0,1,0,0,0,0,1
"POINT (13.770107082000038 51.052366053000071)",Unfall 167474 (2018) Kat:3, Licht: 0,167474,3,1,0,05,08,4,1,0,1,0,0,0,0,0
"POINT (13.757230103000040 51.049944035000067)",Unfall 167475 (2018) Kat:3, Licht: 0,167475,3,4,6,05,19,4,0,0,0,0,1,0,0,1
"POINT (13.874082458000032 51.008942803000082)",Unfall 167513 (2018) Kat:3, Licht: 0,167513,3,3,0,06,16,4,0,0,1,0,0,0,0,0
"POINT (13.691938130000040 51.049066736000043)",Unfall 167523 (2018) Kat:3, Licht: 0,167523,3,2,3,06,18,4,0,0,1,1,0,0,0,0
"POINT (13.876058215000057 50.990790687000072)",Unfall 167525 (2018) Kat:3, Licht: 0,167525,3,1,0,06,10,4,0,0,1,0,0,0,0,0
"POINT (13.677623464000021 51.060958598000070)",Unfall 167526 (2018) Kat:3, Licht: 0,167526,3,4,6,06,12,4,0,0,0,0,1,1,0,0
"POINT (13.748843768000029 51.051218266000035)",Unfall 167532 (2018) Kat:3, Licht: 0,167532,3,3,5,06,13,3,0,0,1,1,0,0,0,0
"POINT (13.776744767000025 51.037424516000044)",Unfall 167533 (2018) Kat:3, Licht: 0,167533,3,4,6,06,18,3,0,0,0,1,1,0,0,0
"POINT (13.831629526000029 50.986125126000047)",Unfall 167535 (2018) Kat:3, Licht: 0,167535,3,7,0,06,07,3,0,0,0,0,0,0,0,1
"POINT (13.830899638000062 51.001523390000045)",Unfall 167537 (2018) Kat:3, Licht: 0,167537,3,1,0,06,09,3,0,0,1,0,0,0,0,0
"POINT (13.820383115000027 50.995671217000051)",Unfall 167540 (2018) Kat:3, Licht: 0,167540,3,6,2,06,07,3,0,0,0,1,0,0,1,0
"POINT (13.749122906000025 51.057666708000056)",Unfall 167542 (2018) Kat:3, Licht: 1,167542,3,1,0,06,20,3,0,1,1,0,0,0,0,0
"POINT (13.785417976000076 51.035937384000079)",Unfall 167543 (2018) Kat:3, Licht: 0,167543,3,3,5,06,08,3,1,0,1,1,0,0,0,0
"POINT (13.809594611000023 51.049563549000027)",Unfall 167545 (2018) Kat:3, Licht: 0,167545,3,1,0,06,05,3,1,0,1,0,0,0,0,0
"POINT (13.739113214000042 51.050232825000080)",Unfall 167549 (2018) Kat:2, Licht: 0,167549,2,2,5,06,09,3,0,0,1,1,0,0,0,0
"POINT (13.672715408000045 51.052880959000049)",Unfall 167553 (2018) Kat:3, Licht: 0,167553,3,2,5,06,19,3,0,0,1,1,0,0,0,0
"POINT (13.738137372000040 51.047041697000054)",Unfall 167555 (2018) Kat:3, Licht: 0,167555,3,2,5,06,13,3,0,0,1,1,0,0,0,0