WKT,Name,OBJECTID,UKATEGORIE,UTYP1,UART,UMONAT,USTUNDE,UWOCHENTAG,STRZUSTAND,ULICHTVERH,ISTRAD,ISTPKW,ISTFUSS,ISTKRAD,ISTGKFZ,ISTSONSTIG
"POINT (13.737650899000073 51.073425770000028)",Unfall 167564 (2018) Kat:3, Licht: 0,167564,3,3,0,06,16,3,0,0,0,1,0,1,0,0
"POINT (13.822066944000028 51.024742126000035)",Unfall 167566 (2018) Kat:3, Licht: 0,167566,3,1,0,06,10,3,0,0,1,0,0,0,0,0
"POINT (13.797185560000059 51.003889796000067)",Unfall 167568 (2018) Kat:3, Licht: 0,167568,3,3,0,06,10,3,0,0,1,1,0,0,0,0
"POINT (13.733337968000058 51.051022561000082)",Unfall 167569 (2018) Kat:2, Licht: 0,167569,2,2,5,06,15,3,0,0,1,1,0,0,0,0
"POINT (13.736581978000061 51.117897521000032)",Unfall 167571 (2018) Kat:3, Licht: 0,167571,3,2,5,06,07,3,0,0,1,1,0,0,0,0
"POINT (13.753029236000032 51.058736694000061)",Unfall 167572 (2018) Kat:3, Licht: 0,167572,3,1,0,06,14,3,0,0,1,0,0,0,0,0
"POINT (13.765337462000048 51.073312899000030)",Unfall 167574 (2018) Kat:3, Licht: 0,167574,3,1,0,06,06,3,0,0,1,0,0,0,0,0
"POINT (13.755866834000074 51.035467777000065)",Unfall 167577 (2018) Kat:3, Licht: 0,167577,3,6,3,06,07,3,0,0,1,0,0,0,0,0
"POINT (13.752202497000042 51.058938918000081)",Unfall 167579 (2018) Kat:2, Licht: 0,167579,2,2,5,06,07,3,0,0,0,1,0,1,0,0
"POINT (13.678362483000058 51.048226112000066)",Unfall 167581 (2018) Kat:3, Licht: 0,167581,3,6,0,06,14,3,0,0,0,0,0,1,0,0
"POINT (13.702097202000061 51.086449628000082)",Unfall 167588 (2018) Kat:3, Licht: 0,167588,3,7,0,06,14,2,0,0,1,1,0,0,0,0
"POINT (13.749482476000026 51.030853916000069)",Unfall 167590 (2018) Kat:3, Licht: 0,167590,3,5,1,06,16,2,0,0,1,1,0,0,0,0
"POINT (13.775784447000035 51.117363361000059)",Unfall 167591 (2018) Kat:3, Licht: 0,167591,3,3,5,06,08,2,0,0,1,0,0,0,0,0
"POINT (13.751553421000040 51.047204921000059)",Unfall 167593 (2018) Kat:3, Licht: 0,167593,3,3,5,06,12,2,0,0,1,1,0,0,0,0
"POINT (13.805344790000049 51.052152985000077)",Unfall 167595 (2018) Kat:2, Licht: 0,167595,2,7,6,06,14,2,0,0,0,0,1,0,0,1
"POINT (13.791360729000075 51.044750641000064)",Unfall 167615 (2018) Kat:3, Licht: 0,167615,3,1,1,06,10,1,0,0,0,1,0,0,0,0
"POINT (13.698997594000048 51.087801372000058)",Unfall 167617 (2018) Kat:3, Licht: 0,167617,3,3,5,06,10,1,1,0,0,1,0,0,0,0
"POINT (13.736920578000024 51.087529666000080)",Unfall 167618 (2018) Kat:3, Licht: 0,167618,3,6,6,06,15,2,0,0,1,0,1,0,0,0
"POINT (13.835829637000074 51.064044956000032)",Unfall 167619 (2018) Kat:3, Licht: 0,167619,3,3,5,06,07,2,0,0,1,0,0,0,0,0
"POINT (8.408572303000028 49.010830355000053)",Unfall 167621 (2018) Kat:3, Licht: 0,167621,3,7,0,06,19,2,0,0,1,0,0,0,0,0
"POINT (13.770209994000027 51.028893905000075)",Unfall 167623 (2018) Kat:3, Licht: 0,167623,3,3,5,06,09,2,0,0,1,1,0,1,0,0
"POINT (13.773660352000036 51.048743645000059)",Unfall 167624 (2018) Kat:3, Licht: 0,167624,3,2,2,06,07,2,0,0,1,1,0,0,0,0
"POINT (13.728924744000039 51.052070922000041)",Unfall 167626 (2018) Kat:2, Licht: 0,167626,2,3,5,06,20,2,0,0,0,1,0,0,0,0
"POINT (13.776590511000052 51.066570901000034)",Unfall 167627 (2018) Kat:3, Licht: 0,167627,3,6,2,06,09,2,0,0,0,1,0,1,0,0
"POINT (13.774057899000070 51.033407596000075)",Unfall 167629 (2018) Kat:3, Licht: 0,167629,3,1,0,06,16,2,0,0,1,0,0,0,0,0
"POINT (13.737798552000072 51.019120007000026)",Unfall 167641 (2018) Kat:3, Licht: 0,167641,3,6,4,06,13,7,0,0,0,1,0,0,0,0
"POINT (13.762763117000077 51.016432657000053)",Unfall 167644 (2018) Kat:3, Licht: 0,167644,3,7,6,06,09,7,0,0,0,1,1,0,0,0
"POINT (13.773743356000068 51.078367402000026)",Unfall 167646 (2018) Kat:3, Licht: 0,167646,3,1,4,06,18,7,0,0,1,0,0,0,0,0
"POINT (13.840043047000052 51.021782228000063)",Unfall 167654 (2018) Kat:3, Licht: 0,167654,3,5,1,06,20,1,0,0,0,1,0,1,0,0
"POINT (13.794053987000041 51.013084302000038)",Unfall 167655 (2018) Kat:3, Licht: 0,167655,3,1,0,06,18,1,0,0,1,0,0,0,0,0
"POINT (13.755612574000054 51.073070842000050)",Unfall 167657 (2018) Kat:2, Licht: 0,167657,2,1,0,06,07,1,0,0,1,0,0,0,0,0
"POINT (13.781081903000029 51.054243747000044)",Unfall 167660 (2018) Kat:3, Licht: 0,167660,3,4,6,06,14,1,0,0,1,0,1,0,0,0
"POINT (13.777312640000048 51.058728483000039)",Unfall 167662 (2018) Kat:3, Licht: 0,167662,3,2,5,06,11,1,0,0,1,1,0,0,0,0
"POINT (13.746430623000037 51.069354574000045)",Unfall 167679 (2018) Kat:3, Licht: 0,167679,3,7,5,06,07,6,0,0,1,1,0,0,0,0
"POINT (13.704723785000056 51.046322136000072)",Unfall 167680 (2018) Kat:3, Licht: 0,167680,3,7,1,06,12,7,0,0,1,1,0,0,0,0
"POINT (13.711257095000065 51.077543654000067)",Unfall 167682 (2018) Kat:2, Licht: 2,167682,2,7,0,06,23,6,0,2,1,0,0,0,0,0
"POINT (13.710857745000055 51.045860570000059)",Unfall 167714 (2018) Kat:3, Licht: 0,167714,3,1,0,06,14,6,0,0,0,0,0,1,0,0
"POINT (13.701031016000059 51.042418866000048)",Unfall 167717 (2018) Kat:3, Licht: 0,167717,3,7,0,06,15,6,0,0,1,0,0,0,0,0
"POINT (13.820469536000076 51.013002612000037)",Unfall 167719 (2018) Kat:2, Licht: 0,167719,2,4,6,06,17,6,1,0,0,1,1,0,0,0
"POINT (13.709567055000036 51.028213317000052)",Unfall 167721 (2018) Kat:3, Licht: 0,167721,3,5,0,06,15,6,1,0,1,1,0,0,0,0
"POINT (13.790505188000054 51.013605191000067)",Unfall 167723 (2018) Kat:3, Licht: 0,167723,3,4,6,06,13,6,0,0,0,1,1,0,0,0
"POINT (13.742006475000039 51.023585003000051)",Unfall 167725 (2018) Kat:3, Licht: 0,167725,3,1,0,06,17,6,1,0,1,0,0,0,0,0
"POINT (13.781498252000063 51.053268647000039)",Unfall 167727 (2018) Kat:3, Licht: 0,167727,3,3,0,06,13,6,0,0,0,0,0,1,0,1
"POINT (13.733425305000026 51.072032545000070)",Unfall 167729 (2018) Kat:3, Licht: 0,167729,3,7,6,06,10,6,0,0,0,1,1,0,0,0
"POINT (13.765389415000072 51.072232812000038)",Unfall 167731 (2018) Kat:3, Licht: 0,167731,3,1,0,06,19,6,1,0,1,0,0,0,0,0
"POINT (13.811081856000044 51.038607861000060)",Unfall 167732 (2018) Kat:2, Licht: 0,167732,2,6,3,06,19,6,0,0,1,0,0,0,0,0
"POINT (13.813067767000064 51.028632708000032)",Unfall 167734 (2018) Kat:3, Licht: 0,167734,3,1,0,06,17,6,1,0,0,0,0,1,0,0
"POINT (13.771841435000056 51.040860188000067)",Unfall 167737 (2018) Kat:3, Licht: 0,167737,3,3,5,06,07,6,0,0,1,1,0,0,0,0
"POINT (13.782690146000050 51.033530909000035)",Unfall 167739 (2018) Kat:3, Licht: 2,167739,3,6,2,06,23,6,0,2,0,1,0,0,0,0
"POINT (13.733817913000053 51.050764282000046)",Unfall 167741 (2018) Kat:3, Licht: 0,167741,3,4,6,06,11,6,0,0,0,0,1,0,0,1
"POINT (13.828272171000037 50.998865745000046)",Unfall 167742 (2018) Kat:3, Licht: 0,167742,3,1,0,06,15,6,1,0,0,1,0,1,0,0
"POINT (13.688726224000050 51.049213575000067)",Unfall 167743 (2018) Kat:3, Licht: 0,167743,3,2,2,06,19,5,0,0,0,1,0,1,0,0
"POINT (13.725279327000067 51.057985794000047)",Unfall 167746 (2018) Kat:3, Licht: 0,167746,3,7,2,06,10,5,0,0,1,1,0,0,0,0
"POINT (13.685890957000026 51.084285230000035)",Unfall 167748 (2018) Kat:3, Licht: 0,167748,3,3,5,06,10,5,0,0,0,1,0,1,0,0
"POINT (13.800856924000072 50.999759507000078)",Unfall 167749 (2018) Kat:3, Licht: 0,167749,3,6,0,06,19,5,0,0,0,1,0,0,0,1
"POINT (13.822468293000043 51.011131310000053)",Unfall 167752 (2018) Kat:3, Licht: 0,167752,3,3,5,06,05,5,0,0,0,1,0,1,0,0
"POINT (13.734489579000069 51.033725450000077)",Unfall 167754 (2018) Kat:3, Licht: 0,167754,3,5,1,06,15,5,0,0,1,1,0,0,0,0
"POINT (13.773357257000043 51.031952841000077)",Unfall 167778 (2018) Kat:3, Licht: 0,167778,3,3,5,05,18,5,0,0,1,1,0,0,0,0
"POINT (13.633898398000042 51.043104228000061)",Unfall 167781 (2018) Kat:2, Licht: 0,167781,2,4,6,05,07,5,0,0,0,1,1,0,0,0
"POINT (13.749035050000032 51.048941929000080)",Unfall 167782 (2018) Kat:3, Licht: 0,167782,3,3,5,06,12,4,0,0,0,1,0,0,0,0
"POINT (13.770823733000043 51.039768229000060)",Unfall 167783 (2018) Kat:3, Licht: 0,167783,3,7,9,06,13,4,0,0,0,1,0,0,0,0
"POINT (13.806787181000061 50.984882351000067)",Unfall 167784 (2018) Kat:2, Licht: 2,167784,2,1,9,06,00,4,0,2,1,0,0,0,0,0
"POINT (13.694971442000053 51.081856773000027)",Unfall 167785 (2018) Kat:3, Licht: 0,167785,3,3,5,06,14,4,0,0,1,1,0,0,0,0
"POINT (13.786422049000066 51.034276760000068)",Unfall 167786 (2018) Kat:3, Licht: 0,167786,3,3,5,06,13,3,0,0,1,0,0,0,0,1
"POINT (13.700020278000068 51.082251298000074)",Unfall 167815 (2018) Kat:3, Licht: 0,167815,3,5,3,06,20,3,0,0,1,1,0,0,0,1
"POINT (13.744158917000050 51.024414880000052)",Unfall 167817 (2018) Kat:3, Licht: 0,167817,3,7,6,06,10,3,0,0,0,1,1,0,0,0
"POINT (13.765833078000071 51.065788994000059)",Unfall 167819 (2018) Kat:3, Licht: 0,167819,3,2,5,06,07,3,0,0,1,1,0,0,0,0
"POINT (13.750339538000048 51.065631940000060)",Unfall 167820 (2018) Kat:3, Licht: 2,167820,3,3,5,06,22,3,0,2,1,0,0,0,0,0
"POINT (13.796029012000076 51.024687235000044)",Unfall 167822 (2018) Kat:3, Licht: 0,167822,3,2,5,06,14,3,0,0,1,1,0,0,0,0
"POINT (13.726542729000073 51.082647240000028)",Unfall 167823 (2018) Kat:2, Licht: 0,167823,2,5,0,06,13,2,0,0,0,1,0,0,0,1
"POINT (13.807223689000068 51.005144756000050)",Unfall 167824 (2018) Kat:3, Licht: 0,167824,3,6,2,06,18,2,0,0,0,1,0,0,0,0
"POINT (13.798140874000069 51.023839469000052)",Unfall 167825 (2018) Kat:2, Licht: 0,167825,2,2,5,06,18,3,0,0,1,1,0,0,0,0
"POINT (13.775169568000024 51.038398091000033)",Unfall 167826 (2018) Kat:3, Licht: 0,167826,3,2,5,06,09,2,0,0,1,1,0,0,0,0
"POINT (13.814879913000027 51.054050403000076)",Unfall 167827 (2018) Kat:3, Licht: 0,167827,3,7,2,06,13,3,0,0,0,1,0,0,0,1
"POINT (13.755946183000049 51.055882693000058)",Unfall 167830 (2018) Kat:3, Licht: 0,167830,3,2,3,06,14,2,0,0,1,1,0,0,0,0
"POINT (13.773275349000073 51.046274829000026)",Unfall 167832 (2018) Kat:2, Licht: 0,167832,2,6,8,06,08,2,0,0,1,0,0,0,0,1
"POINT (13.721246508000036 51.029725443000075)",Unfall 167834 (2018) Kat:3, Licht: 0,167834,3,3,5,06,09,2,0,0,0,1,0,0,0,0
"POINT (13.726306990000069 51.082142685000065)",Unfall 167836 (2018) Kat:3, Licht: 0,167836,3,5,3,06,12,2,0,0,1,1,0,0,0,0
"POINT (13.822745489000056 51.004877746000034)",Unfall 167861 (2018) Kat:3, Licht: 0,167861,3,3,0,06,06,2,1,0,0,1,0,1,0,0
"POINT (13.779847837000034 51.044298464000065)",Unfall 167863 (2018) Kat:3, Licht: 0,167863,3,3,5,06,08,2,0,0,0,1,0,0,0,0
"POINT (13.757239810000044 51.049972353000044)",Unfall 167864 (2018) Kat:3, Licht: 0,167864,3,6,2,06,16,2,0,0,0,1,0,0,0,1
"POINT (13.774519814000030 51.117779639000048)",Unfall 167866 (2018) Kat:2, Licht: 0,167866,2,6,2,06,14,2,0,0,0,1,0,0,0,0
"POINT (13.749300835000042 51.035740478000037)",Unfall 167867 (2018) Kat:3, Licht: 0,167867,3,3,1,06,12,1,0,0,1,1,0,0,0,0
"POINT (13.781877735000023 51.123845304000042)",Unfall 167872 (2018) Kat:3, Licht: 0,167872,3,2,5,06,15,3,0,0,1,1,0,0,0,0
"POINT (13.686271643000055 51.057396197000060)",Unfall 167881 (2018) Kat:3, Licht: 0,167881,3,3,5,06,10,1,0,0,1,1,0,0,0,0
"POINT (13.738573647000067 51.051778645000070)",Unfall 167883 (2018) Kat:3, Licht: 0,167883,3,6,6,06,15,1,0,0,1,0,1,0,0,0
"POINT (13.713293572000055 51.093091211000058)",Unfall 167912 (2018) Kat:3, Licht: 0,167912,3,3,5,06,12,7,0,0,0,1,0,0,0,0
"POINT (13.689939074000051 51.079115688000059)",Unfall 167920 (2018) Kat:3, Licht: 0,167920,3,3,5,06,09,6,0,0,1,1,0,0,0,0
"POINT (13.733322938000072 51.035689119000040)",Unfall 167922 (2018) Kat:3, Licht: 0,167922,3,3,5,06,09,6,0,0,1,0,0,0,0,0
"POINT (13.731930048000038 51.048353823000070)",Unfall 167925 (2018) Kat:3, Licht: 0,167925,3,7,6,06,15,6,0,0,0,1,1,0,0,0
"POINT (13.773304671000062 51.046263388000057)",Unfall 167928 (2018) Kat:3, Licht: 0,167928,3,6,3,06,10,6,0,0,1,0,0,0,0,1
"POINT (13.808253606000051 51.050921356000060)",Unfall 167930 (2018) Kat:3, Licht: 0,167930,3,3,5,06,13,6,0,0,1,1,0,0,0,0
"POINT (13.693330600000024 51.045471781000060)",Unfall 167944 (2018) Kat:3, Licht: 2,167944,3,1,0,06,01,6,0,2,1,0,0,0,0,0
"POINT (13.783076302000040 51.043449288000033)",Unfall 167946 (2018) Kat:3, Licht: 0,167946,3,3,5,06,17,6,1,0,1,0,0,0,0,0
"POINT (13.695944551000025 51.082002806000048)",Unfall 167948 (2018) Kat:3, Licht: 1,167948,3,4,6,06,20,6,1,1,0,1,1,0,0,0
"POINT (13.811598902000071 51.021880428000031)",Unfall 167950 (2018) Kat:3, Licht: 2,167950,3,7,0,06,22,6,0,2,1,0,0,0,0,0
"POINT (13.808363327000052 51.050827051000056)",Unfall 167952 (2018) Kat:3, Licht: 2,167952,3,1,0,06,23,6,1,2,1,0,0,0,0,0
"POINT (13.745279728000071 51.062900208000030)",Unfall 167954 (2018) Kat:3, Licht: 0,167954,3,1,0,06,18,6,1,0,1,0,0,0,0,0
"POINT (13.755978010000035 51.055896820000044)",Unfall 167956 (2018) Kat:2, Licht: 2,167956,2,2,3,06,01,6,0,2,1,0,0,0,0,1
"POINT (13.885608789000059 51.059203589000049)",Unfall 167958 (2018) Kat:3, Licht: 0,167958,3,4,6,06,07,6,0,0,1,0,1,0,0,0
"POINT (13.833898367000074 51.028490691000059)",Unfall 167990 (2018) Kat:3, Licht: 0,167990,3,2,5,06,08,5,0,0,1,1,0,0,0,0
"POINT (13.693196836000027 51.086943277000046)",Unfall 167991 (2018) Kat:2, Licht: 0,167991,2,7,0,06,15,5,0,0,0,1,1,0,0,0
"POINT (13.765689944000030 51.073194763000060)",Unfall 167992 (2018) Kat:2, Licht: 0,167992,2,3,5,06,17,5,0,0,1,0,0,0,0,0
"POINT (13.803352550000056 51.022941525000078)",Unfall 167994 (2018) Kat:3, Licht: 0,167994,3,4,6,06,16,5,0,0,1,0,1,0,0,0
"POINT (13.838409132000038 51.005872029000045)",Unfall 167995 (2018) Kat:2, Licht: 0,167995,2,4,6,06,06,5,0,0,0,1,1,0,0,0
"POINT (13.837443444000030 51.024889791000078)",Unfall 167996 (2018) Kat:3, Licht: 0,167996,3,1,0,06,11,3,0,0,1,0,0,0,0,0
"POINT (13.830446582000036 51.002741582000056)",Unfall 168000 (2018) Kat:2, Licht: 0,168000,2,6,3,06,15,5,0,0,1,1,0,0,0,0
"POINT (13.745033573000057 51.035133900000062)",Unfall 168006 (2018) Kat:2, Licht: 0,168006,2,2,3,06,08,4,0,0,0,1,0,1,0,0
"POINT (13.777689345000056 51.127894158000061)",Unfall 168020 (2018) Kat:3, Licht: 0,168020,3,6,3,06,09,4,0,0,1,1,0,0,0,0
"POINT (13.765589938000062 51.073255962000076)",Unfall 168028 (2018) Kat:3, Licht: 0,168028,3,2,6,06,09,4,0,0,0,1,1,0,0,0
"POINT (13.787881921000064 51.060044560000051)",Unfall 168031 (2018) Kat:3, Licht: 0,168031,3,3,5,06,09,4,0,0,0,1,0,0,0,0
"POINT (13.790200546000051 51.020202722000079)",Unfall 168039 (2018) Kat:3, Licht: 0,168039,3,7,0,06,07,4,0,0,1,0,0,0,0,1
"POINT (13.721861612000055 51.117686983000056)",Unfall 168041 (2018) Kat:3, Licht: 0,168041,3,2,5,06,19,4,0,0,1,1,0,0,0,0
"POINT (13.755966752000063 51.055863789000057)",Unfall 168042 (2018) Kat:3, Licht: 0,168042,3,3,5,06,09,4,0,0,0,1,0,0,0,0
"POINT (13.806730492000042 51.052101335000032)",Unfall 168044 (2018) Kat:3, Licht: 0,168044,3,2,2,06,18,4,0,0,1,1,0,0,0,0
"POINT (13.779242144000023 51.037933991000045)",Unfall 168047 (2018) Kat:3, Licht: 0,168047,3,6,5,06,16,4,0,0,1,1,0,0,0,0
"POINT (13.765162039000074 51.040158714000029)",Unfall 168048 (2018) Kat:2, Licht: 0,168048,2,6,6,06,09,4,0,0,1,0,1,0,0,0
"POINT (13.776528181000060 51.035173983000050)",Unfall 168049 (2018) Kat:3, Licht: 0,168049,3,6,2,06,16,4,0,0,0,1,0,0,0,0
"POINT (13.783747891000075 51.029707028000075)",Unfall 168050 (2018) Kat:3, Licht: 0,168050,3,3,5,06,17,4,0,0,1,1,0,0,0,0
"POINT (13.819747772000028 51.006660335000049)",Unfall 168051 (2018) Kat:3, Licht: 0,168051,3,6,2,06,11,4,0,0,0,1,0,0,0,0
"POINT (13.807972361000054 51.024039410000057)",Unfall 168052 (2018) Kat:3, Licht: 0,168052,3,3,5,06,15,4,0,0,1,1,0,0,0,0
"POINT (13.777038725000068 51.027867946000072)",Unfall 168055 (2018) Kat:3, Licht: 0,168055,3,2,5,06,07,4,0,0,1,0,0,0,0,0
"POINT (13.809901085000035 51.022985512000048)",Unfall 168058 (2018) Kat:3, Licht: 0,168058,3,1,0,06,06,4,1,0,0,0,0,1,0,0
"POINT (13.748192747000076 51.032075473000077)",Unfall 168060 (2018) Kat:3, Licht: 0,168060,3,5,1,06,06,4,0,0,0,1,0,1,0,0
"POINT (13.773309544000028 51.046261487000038)",Unfall 168061 (2018) Kat:2, Licht: 0,168061,2,1,0,06,15,4,0,0,1,0,0,0,0,0
"POINT (13.766764569000031 51.041786648000027)",Unfall 168084 (2018) Kat:2, Licht: 0,168084,2,2,5,07,15,6,0,0,0,1,0,0,0,0
"POINT (13.761578063000059 51.049032477000026)",Unfall 168085 (2018) Kat:3, Licht: 1,168085,3,5,1,07,21,3,0,1,1,1,0,0,0,0
"POINT (13.772301746000039 51.070978310000044)",Unfall 168086 (2018) Kat:3, Licht: 0,168086,3,6,3,07,06,6,0,0,0,1,0,0,0,0
"POINT (13.770331906000024 51.057242350000081)",Unfall 168088 (2018) Kat:3, Licht: 0,168088,3,6,2,07,08,3,0,0,1,1,0,0,0,0
"POINT (13.797098974000050 51.006971350000072)",Unfall 168091 (2018) Kat:3, Licht: 0,168091,3,3,5,07,16,3,0,0,1,1,0,0,0,0
"POINT (13.801286631000039 51.028402850000077)",Unfall 168106 (2018) Kat:3, Licht: 0,168106,3,6,2,07,13,5,0,0,0,1,0,0,0,0
"POINT (13.885133327000062 51.056221664000077)",Unfall 168108 (2018) Kat:3, Licht: 0,168108,3,3,5,07,07,5,0,0,1,1,0,0,0,0
"POINT (13.750235214000043 51.065526699000031)",Unfall 168112 (2018) Kat:3, Licht: 0,168112,3,4,6,07,08,5,1,0,1,0,1,0,0,0
"POINT (13.691841723000039 51.050512154000046)",Unfall 168134 (2018) Kat:3, Licht: 0,168134,3,1,0,07,14,4,0,0,1,1,0,0,0,0
"POINT (13.786923410000043 51.015812283000059)",Unfall 168135 (2018) Kat:2, Licht: 0,168135,2,1,0,07,15,4,0,0,1,0,0,0,0,0
"POINT (13.719277550000072 51.038287483000033)",Unfall 168137 (2018) Kat:3, Licht: 0,168137,3,3,5,07,15,4,0,0,1,1,0,0,0,0
"POINT (13.713886948000038 51.058734872000059)",Unfall 168140 (2018) Kat:2, Licht: 0,168140,2,5,1,07,16,4,1,0,1,1,0,0,0,0
"POINT (13.701993475000052 51.036532492000049)",Unfall 168143 (2018) Kat:3, Licht: 0,168143,3,3,5,07,11,2,0,0,0,1,0,0,0,0
"POINT (13.753861282000059 51.062747707000028)",Unfall 168145 (2018) Kat:3, Licht: 0,168145,3,4,6,07,07,2,0,0,0,1,1,0,0,0
"POINT (13.780471335000072 51.030999611000027)",Unfall 168148 (2018) Kat:3, Licht: 0,168148,3,3,5,07,16,2,0,0,1,1,0,0,0,0
"POINT (13.770094192000045 51.045134330000053)",Unfall 168151 (2018) Kat:3, Licht: 0,168151,3,6,4,07,17,2,0,0,1,0,0,0,0,0
"POINT (13.761593552000022 51.051929828000027)",Unfall 168153 (2018) Kat:2, Licht: 0,168153,2,3,0,07,17,2,0,0,1,1,0,0,0,0
"POINT (13.772851636000041 51.046440888000063)",Unfall 168154 (2018) Kat:3, Licht: 0,168154,3,1,0,07,12,2,0,0,1,0,0,0,0,0
"POINT (13.698867712000037 51.032447757000057)",Unfall 168163 (2018) Kat:3, Licht: 2,168163,3,5,1,07,00,3,0,2,0,1,0,0,0,0
"POINT (13.743485500000077 51.023477619000062)",Unfall 168165 (2018) Kat:3, Licht: 0,168165,3,7,6,07,20,3,0,0,0,1,1,0,0,0
"POINT (13.741534365000064 51.023632264000071)",Unfall 168166 (2018) Kat:3, Licht: 0,168166,3,1,0,07,09,3,1,0,1,0,0,0,0,0
"POINT (13.765414196000052 51.059284957000045)",Unfall 168168 (2018) Kat:2, Licht: 0,168168,2,3,5,07,10,3,1,0,0,1,0,0,0,0
"POINT (13.687957016000041 51.056457150000028)",Unfall 168187 (2018) Kat:3, Licht: 0,168187,3,1,8,07,19,1,0,0,1,0,0,0,0,0
"POINT (13.748618424000028 51.071739759000081)",Unfall 168190 (2018) Kat:2, Licht: 0,168190,2,2,5,07,18,1,0,0,1,1,0,0,0,0
"POINT (13.726846355000077 51.033299197000076)",Unfall 168205 (2018) Kat:3, Licht: 0,168205,3,3,5,07,13,2,0,0,1,1,0,0,0,0
"POINT (13.774671626000043 51.033238275000031)",Unfall 168207 (2018) Kat:3, Licht: 0,168207,3,2,6,07,16,2,0,0,0,1,1,0,0,0
"POINT (13.838452431000064 51.005846972000029)",Unfall 168208 (2018) Kat:2, Licht: 0,168208,2,3,5,07,16,2,0,0,1,1,0,0,0,0
"POINT (13.741607722000026 51.023624582000082)",Unfall 168210 (2018) Kat:3, Licht: 0,168210,3,1,0,07,11,2,0,0,1,0,0,0,0,0
"POINT (13.744963505000044 51.072361604000037)",Unfall 168223 (2018) Kat:3, Licht: 2,168223,3,4,6,06,22,7,0,2,0,1,1,0,0,0
"POINT (13.743628020000074 51.035592009000027)",Unfall 168251 (2018) Kat:3, Licht: 0,168251,3,2,5,07,11,7,0,0,0,1,0,1,0,0
"POINT (13.738665422000054 51.048490855000068)",Unfall 168253 (2018) Kat:3, Licht: 2,168253,3,1,0,07,23,7,0,2,1,0,0,0,0,0
"POINT (13.785326056000031 51.035946258000081)",Unfall 168256 (2018) Kat:3, Licht: 0,168256,3,3,5,07,10,7,0,0,1,1,0,0,0,0
"POINT (13.746716385000070 51.053399148000040)",Unfall 168258 (2018) Kat:3, Licht: 0,168258,3,3,5,07,09,7,0,0,1,1,0,0,0,0
"POINT (13.760984107000070 51.027362395000068)",Unfall 168285 (2018) Kat:3, Licht: 0,168285,3,5,1,06,11,6,0,0,0,1,0,1,0,0
"POINT (13.673564417000023 51.064444495000032)",Unfall 168286 (2018) Kat:3, Licht: 0,168286,3,3,5,07,11,6,0,0,0,1,0,1,0,0
"POINT (13.792383996000069 51.053825549000067)",Unfall 168287 (2018) Kat:3, Licht: 0,168287,3,6,2,06,07,6,0,0,0,1,0,0,0,0
"POINT (13.753533843000071 51.052913502000081)",Unfall 168289 (2018) Kat:3, Licht: 0,168289,3,3,5,06,07,6,0,0,0,1,0,0,0,0
"POINT (13.787320410000063 51.060100032000037)",Unfall 168290 (2018) Kat:3, Licht: 0,168290,3,7,0,06,18,6,0,0,0,1,0,1,0,0
"POINT (13.845160187000033 51.058721409000043)",Unfall 168291 (2018) Kat:3, Licht: 0,168291,3,3,5,07,08,6,0,0,0,1,0,1,0,0
"POINT (13.749463802000037 51.033584153000049)",Unfall 168292 (2018) Kat:2, Licht: 0,168292,2,1,0,06,11,6,0,0,1,0,0,0,0,0
"POINT (13.771201604000055 51.059367107000071)",Unfall 168294 (2018) Kat:2, Licht: 0,168294,2,7,1,06,08,6,0,0,0,1,0,0,0,0
"POINT (13.734154309000076 51.044841511000072)",Unfall 168337 (2018) Kat:3, Licht: 0,168337,3,7,6,06,11,5,0,0,0,1,1,0,0,0
"POINT (13.757965607000074 51.075825951000070)",Unfall 168340 (2018) Kat:3, Licht: 0,168340,3,3,5,06,14,5,0,0,1,1,0,0,0,0
"POINT (13.776912212000070 51.038850628000034)",Unfall 168341 (2018) Kat:3, Licht: 0,168341,3,7,0,06,16,5,0,0,1,1,0,0,0,0
"POINT (13.746100675000037 51.080616361000068)",Unfall 168343 (2018) Kat:2, Licht: 0,168343,2,7,1,06,05,5,0,0,0,1,0,0,0,0
"POINT (13.766577706000021 51.031307685000058)",Unfall 168345 (2018) Kat:2, Licht: 0,168345,2,7,0,06,17,5,0,0,0,1,0,1,0,0
"POINT (13.718433265000044 51.087718434000067)",Unfall 168348 (2018) Kat:2, Licht: 0,168348,2,2,3,06,14,5,0,0,1,1,0,0,0,0
"POINT (13.800856924000072 50.999759507000078)",Unfall 168361 (2018) Kat:3, Licht: 0,168361,3,4,6,07,16,4,0,0,0,1,1,0,0,0
"POINT (13.711601856000073 51.028164721000053)",Unfall 168362 (2018) Kat:3, Licht: 0,168362,3,2,5,07,13,4,0,0,1,0,0,0,0,1
"POINT (13.830055866000066 50.999347436000050)",Unfall 168364 (2018) Kat:3, Licht: 0,168364,3,2,5,07,19,4,0,0,1,1,0,0,0,0
"POINT (13.748227978000045 51.071800521000057)",Unfall 168365 (2018) Kat:3, Licht: 0,168365,3,6,2,07,15,4,0,0,0,1,0,1,0,0
"POINT (13.725686898000049 51.073685001000058)",Unfall 168367 (2018) Kat:2, Licht: 0,168367,2,3,5,07,07,4,0,0,1,1,0,0,0,0