WKT,Name,OBJECTID,UKATEGORIE,UTYP1,UART,UMONAT,USTUNDE,UWOCHENTAG,STRZUSTAND,ULICHTVERH,ISTRAD,ISTPKW,ISTFUSS,ISTKRAD,ISTGKFZ,ISTSONSTIG
"POINT (13.756566428000042 51.055093687000067)",Unfall 168372 (2018) Kat:2, Licht: 0,168372,2,3,5,07,17,4,0,0,1,1,0,0,0,0
"POINT (13.809014457000046 51.062572048000050)",Unfall 168374 (2018) Kat:2, Licht: 0,168374,2,1,0,07,07,4,0,0,1,0,0,0,0,0
"POINT (13.800460882000039 50.999265821000051)",Unfall 168376 (2018) Kat:3, Licht: 1,168376,3,3,5,07,21,4,0,1,1,1,0,0,0,0
"POINT (13.770272261000059 51.119004084000039)",Unfall 168390 (2018) Kat:3, Licht: 0,168390,3,7,0,07,16,3,0,0,0,1,0,0,0,0
"POINT (13.741566023000075 51.053534762000027)",Unfall 168392 (2018) Kat:3, Licht: 0,168392,3,6,2,07,15,3,0,0,0,1,0,0,0,0
"POINT (13.777364467000041 51.058757753000066)",Unfall 168395 (2018) Kat:2, Licht: 0,168395,2,4,6,07,06,3,0,0,1,0,1,0,0,0
"POINT (13.808261183000070 51.006039001000033)",Unfall 168397 (2018) Kat:3, Licht: 1,168397,3,3,5,07,21,1,0,1,0,1,0,0,0,0
"POINT (13.737713162000034 51.039486525000029)",Unfall 168398 (2018) Kat:3, Licht: 1,168398,3,6,4,07,04,3,0,1,1,0,0,0,0,0
"POINT (13.733136822000063 51.044014907000076)",Unfall 168399 (2018) Kat:3, Licht: 2,168399,3,1,4,07,22,1,0,2,0,1,0,1,0,0
"POINT (13.771400758000027 51.046456761000059)",Unfall 168400 (2018) Kat:3, Licht: 0,168400,3,6,2,07,17,3,0,0,0,1,0,0,0,0
"POINT (13.757193366000024 51.116471628000056)",Unfall 168402 (2018) Kat:3, Licht: 0,168402,3,1,4,07,15,3,0,0,0,1,0,0,0,0
"POINT (13.751284355000053 51.066552314000035)",Unfall 168413 (2018) Kat:3, Licht: 2,168413,3,6,4,07,21,7,0,2,1,0,0,0,0,0
"POINT (13.748456686000054 51.053552205000074)",Unfall 168415 (2018) Kat:3, Licht: 0,168415,3,2,5,07,14,7,0,0,0,1,0,1,0,0
"POINT (13.781111322000072 51.035759286000030)",Unfall 168432 (2018) Kat:3, Licht: 2,168432,3,3,5,07,21,2,0,2,1,0,0,0,0,1
"POINT (13.809608403000027 51.045892419000040)",Unfall 168436 (2018) Kat:3, Licht: 0,168436,3,7,0,07,13,2,0,0,1,1,0,0,0,0
"POINT (13.782335828000043 51.047623884000075)",Unfall 168438 (2018) Kat:3, Licht: 0,168438,3,3,5,07,15,2,0,0,0,1,0,0,0,0
"POINT (13.775655145000030 51.045352608000030)",Unfall 168440 (2018) Kat:3, Licht: 0,168440,3,2,5,07,10,2,0,0,1,1,0,0,0,0
"POINT (13.749691164000069 51.064977433000081)",Unfall 168441 (2018) Kat:2, Licht: 0,168441,2,3,6,07,14,2,0,0,1,0,1,0,0,0
"POINT (13.710080987000026 51.057107608000081)",Unfall 168442 (2018) Kat:3, Licht: 0,168442,3,1,1,07,13,6,0,0,0,1,0,1,0,0
"POINT (13.804367617000025 51.049652290000040)",Unfall 168443 (2018) Kat:3, Licht: 0,168443,3,7,1,07,11,2,0,0,1,0,0,0,0,1
"POINT (13.692008390000069 51.049062791000040)",Unfall 168444 (2018) Kat:3, Licht: 0,168444,3,3,5,07,07,6,0,0,1,1,0,0,0,0
"POINT (13.757687576000023 51.069259083000077)",Unfall 168445 (2018) Kat:3, Licht: 0,168445,3,6,3,07,08,6,0,0,1,0,0,0,0,1
"POINT (13.775643794000075 51.050747685000033)",Unfall 168446 (2018) Kat:3, Licht: 0,168446,3,6,2,07,12,2,0,0,0,1,0,0,0,0
"POINT (13.759151285000030 51.065063175000034)",Unfall 168448 (2018) Kat:3, Licht: 0,168448,3,1,0,07,09,6,0,0,0,0,0,1,0,0
"POINT (13.753434006000077 51.070546955000054)",Unfall 168470 (2018) Kat:3, Licht: 2,168470,3,1,8,07,03,1,0,2,1,0,0,0,0,0
"POINT (13.606287572000042 51.061108776000026)",Unfall 168472 (2018) Kat:2, Licht: 2,168472,2,3,5,07,01,1,0,2,0,1,0,0,0,0
"POINT (13.644352180000055 51.039949116000059)",Unfall 168481 (2018) Kat:3, Licht: 0,168481,3,5,0,07,14,5,0,0,0,1,0,1,0,0
"POINT (13.715057515000069 51.047763271000065)",Unfall 168485 (2018) Kat:3, Licht: 0,168485,3,4,6,07,09,5,0,0,0,1,1,0,0,0
"POINT (13.735235754000030 51.046716902000071)",Unfall 168487 (2018) Kat:3, Licht: 0,168487,3,1,8,07,16,5,0,0,1,0,0,0,0,0
"POINT (13.782336704000045 51.047625023000080)",Unfall 168489 (2018) Kat:3, Licht: 0,168489,3,2,5,07,17,5,0,0,1,1,0,0,0,0
"POINT (13.719658941000034 51.018810836000057)",Unfall 168493 (2018) Kat:3, Licht: 0,168493,3,7,7,07,11,7,0,0,0,1,0,0,0,0
"POINT (13.756472124000027 51.065682172000038)",Unfall 168522 (2018) Kat:3, Licht: 0,168522,3,7,0,07,19,4,0,0,1,1,0,0,0,0
"POINT (13.689939074000051 51.079115688000059)",Unfall 168524 (2018) Kat:3, Licht: 0,168524,3,3,5,07,13,4,0,0,1,1,0,0,0,0
"POINT (13.709304839000026 51.089622327000029)",Unfall 168525 (2018) Kat:3, Licht: 0,168525,3,2,5,07,06,4,0,0,1,1,0,0,0,0
"POINT (13.782848262000073 51.033549412000070)",Unfall 168527 (2018) Kat:2, Licht: 0,168527,2,4,6,07,10,6,0,0,0,0,1,0,0,1
"POINT (13.721205733000033 51.029768600000068)",Unfall 168528 (2018) Kat:3, Licht: 0,168528,3,2,5,07,15,4,0,0,0,1,0,0,0,1
"POINT (13.737003038000068 51.037730864000082)",Unfall 168529 (2018) Kat:3, Licht: 0,168529,3,3,5,07,17,6,0,0,1,1,0,0,0,0
"POINT (13.865698677000069 51.002247427000043)",Unfall 168530 (2018) Kat:3, Licht: 0,168530,3,3,5,08,10,4,0,0,0,1,0,1,0,0
"POINT (13.700594605000049 51.082238917000041)",Unfall 168533 (2018) Kat:2, Licht: 0,168533,2,3,5,07,15,4,0,0,1,1,0,0,0,0
"POINT (13.848224953000056 51.007012169000063)",Unfall 168545 (2018) Kat:2, Licht: 0,168545,2,7,6,08,15,4,0,0,0,1,1,0,0,0
"POINT (13.689083421000078 51.047687956000061)",Unfall 168557 (2018) Kat:3, Licht: 0,168557,3,6,6,07,08,3,0,0,1,0,1,0,0,0
"POINT (13.776640291000035 51.046869779000076)",Unfall 168558 (2018) Kat:3, Licht: 0,168558,3,7,0,08,08,4,0,0,1,0,0,0,0,0
"POINT (13.677623464000021 51.060958598000070)",Unfall 168560 (2018) Kat:3, Licht: 0,168560,3,4,6,07,19,3,0,0,0,1,1,0,0,0
"POINT (13.741648865000059 51.023620272000073)",Unfall 168563 (2018) Kat:3, Licht: 0,168563,3,1,0,07,14,3,0,0,1,0,0,0,0,0
"POINT (13.771271167000066 51.024268631000041)",Unfall 168565 (2018) Kat:3, Licht: 0,168565,3,3,5,07,05,3,0,0,1,1,0,0,0,0
"POINT (13.766772208000077 51.041793866000035)",Unfall 168567 (2018) Kat:2, Licht: 0,168567,2,1,0,07,16,3,0,0,1,0,0,0,0,0
"POINT (13.736804947000053 51.047854093000069)",Unfall 168568 (2018) Kat:3, Licht: 0,168568,3,3,5,08,08,4,0,0,1,0,0,0,1,0
"POINT (13.784539300000063 51.035146029000032)",Unfall 168570 (2018) Kat:3, Licht: 0,168570,3,7,0,07,15,3,0,0,0,0,0,0,0,1
"POINT (13.758204130000024 51.053960136000057)",Unfall 168573 (2018) Kat:3, Licht: 0,168573,3,6,5,08,17,4,0,0,1,1,0,0,0,0
"POINT (13.672723435000023 51.052888701000029)",Unfall 168578 (2018) Kat:3, Licht: 0,168578,3,3,5,07,06,5,0,0,1,1,0,0,0,0
"POINT (13.827964791000056 50.994988146000026)",Unfall 168581 (2018) Kat:3, Licht: 0,168581,3,7,1,07,17,5,0,0,1,1,0,0,0,0
"POINT (13.856008555000074 51.005232331000059)",Unfall 168584 (2018) Kat:3, Licht: 0,168584,3,1,8,07,10,5,0,0,1,0,0,0,0,0
"POINT (13.745200963000059 51.062834827000074)",Unfall 168586 (2018) Kat:3, Licht: 0,168586,3,3,5,07,07,5,0,0,1,1,0,0,0,0
"POINT (13.763715125000033 51.110605845000066)",Unfall 168589 (2018) Kat:3, Licht: 0,168589,3,1,5,07,07,5,0,0,1,1,0,0,0,0
"POINT (13.783756102000041 51.017706047000047)",Unfall 168595 (2018) Kat:2, Licht: 0,168595,2,4,6,07,07,5,0,0,0,1,1,0,0,1
"POINT (13.718230075000065 51.031422740000039)",Unfall 168610 (2018) Kat:3, Licht: 0,168610,3,3,5,07,08,2,0,0,1,1,0,0,0,0
"POINT (13.789634783000054 51.033381053000028)",Unfall 168613 (2018) Kat:3, Licht: 0,168613,3,6,4,07,14,2,0,0,1,1,0,0,0,0
"POINT (13.784342752000043 51.060595863000060)",Unfall 168617 (2018) Kat:2, Licht: 0,168617,2,7,0,07,07,2,0,0,1,0,0,0,0,0
"POINT (13.791133903000059 51.029576906000045)",Unfall 168622 (2018) Kat:3, Licht: 0,168622,3,3,5,07,15,2,0,0,1,1,0,0,0,0
"POINT (13.723677708000025 51.117930275000049)",Unfall 168624 (2018) Kat:2, Licht: 0,168624,2,2,5,07,15,2,0,0,0,1,0,1,0,0
"POINT (13.700439722000056 51.036489391000032)",Unfall 168631 (2018) Kat:3, Licht: 0,168631,3,7,6,07,17,4,0,0,0,1,1,0,0,0
"POINT (13.757717217000049 51.066852681000057)",Unfall 168632 (2018) Kat:3, Licht: 0,168632,3,7,0,07,08,4,0,0,1,0,0,0,0,0
"POINT (13.775862549000067 51.037771309000050)",Unfall 168634 (2018) Kat:3, Licht: 0,168634,3,6,2,07,15,4,0,0,0,1,0,0,0,0
"POINT (13.826092229000039 50.994184644000029)",Unfall 168636 (2018) Kat:2, Licht: 0,168636,2,3,5,07,06,4,0,0,0,1,0,1,0,0
"POINT (13.757444014000043 51.050561251000033)",Unfall 168638 (2018) Kat:2, Licht: 0,168638,2,6,2,07,10,4,0,0,0,1,0,0,0,0
"POINT (13.640291520000062 51.089083728000048)",Unfall 168649 (2018) Kat:3, Licht: 0,168649,3,7,1,07,19,1,0,0,1,1,0,0,0,0
"POINT (13.778591230000075 51.042638403000069)",Unfall 168652 (2018) Kat:3, Licht: 0,168652,3,3,5,07,13,1,0,0,0,1,0,0,0,0
"POINT (13.782041103000040 51.030317383000067)",Unfall 168656 (2018) Kat:3, Licht: 0,168656,3,7,0,07,14,1,0,0,0,1,0,1,0,0
"POINT (13.692656195000040 51.085674156000039)",Unfall 168671 (2018) Kat:3, Licht: 0,168671,3,3,5,07,18,7,0,0,1,1,0,0,0,0
"POINT (13.689250723000043 51.037285089000079)",Unfall 168673 (2018) Kat:3, Licht: 0,168673,3,1,4,07,17,7,0,0,0,1,0,1,0,0
"POINT (13.704761943000051 51.046324453000068)",Unfall 168674 (2018) Kat:3, Licht: 0,168674,3,3,5,07,10,3,0,0,1,1,0,0,0,0
"POINT (13.682809343000031 51.059910174000038)",Unfall 168676 (2018) Kat:3, Licht: 0,168676,3,1,0,07,16,7,0,0,1,1,0,0,0,0
"POINT (13.828619240000023 51.010866052000040)",Unfall 168677 (2018) Kat:3, Licht: 0,168677,3,2,3,07,17,3,0,0,1,0,0,0,0,1
"POINT (13.816203735000045 51.016226399000061)",Unfall 168680 (2018) Kat:3, Licht: 0,168680,3,1,8,07,20,3,0,0,1,0,0,0,0,0
"POINT (13.780575582000040 51.042187114000058)",Unfall 168682 (2018) Kat:3, Licht: 0,168682,3,3,5,07,14,3,0,0,0,1,0,0,0,0
"POINT (13.713740687000040 51.052112762000036)",Unfall 168712 (2018) Kat:2, Licht: 0,168712,2,2,1,08,08,4,0,0,0,1,0,0,0,0
"POINT (13.822666534000064 51.011290027000030)",Unfall 168714 (2018) Kat:3, Licht: 0,168714,3,1,0,08,18,4,1,0,0,0,0,1,0,0
"POINT (13.793776891000050 51.025581427000077)",Unfall 168716 (2018) Kat:3, Licht: 0,168716,3,2,5,08,15,4,0,0,1,1,0,0,0,0
"POINT (13.808862003000058 51.031028598000034)",Unfall 168720 (2018) Kat:3, Licht: 0,168720,3,2,5,08,12,4,0,0,0,1,0,0,0,0
"POINT (13.741425340000035 51.023695131000068)",Unfall 168721 (2018) Kat:1, Licht: 0,168721,1,4,6,08,09,4,0,0,0,0,1,0,1,0
"POINT (13.731050070000038 51.042423999000050)",Unfall 168722 (2018) Kat:3, Licht: 0,168722,3,2,5,08,16,5,0,0,1,1,0,0,0,0
"POINT (13.792800083000031 51.059325681000075)",Unfall 168724 (2018) Kat:3, Licht: 0,168724,3,2,5,08,17,5,0,0,1,1,0,0,0,0
"POINT (13.729525523000063 51.055407520000074)",Unfall 168726 (2018) Kat:2, Licht: 0,168726,2,7,0,08,09,5,0,0,0,1,0,0,0,1
"POINT (13.830021980000026 51.010264709000069)",Unfall 168748 (2018) Kat:3, Licht: 0,168748,3,2,5,08,12,4,0,0,1,1,0,0,0,0
"POINT (13.759071947000052 51.044435259000068)",Unfall 168749 (2018) Kat:3, Licht: 0,168749,3,3,5,08,09,4,0,0,1,1,0,0,0,0
"POINT (13.757780878000062 51.047254083000041)",Unfall 168751 (2018) Kat:3, Licht: 0,168751,3,3,4,08,16,4,0,0,1,1,0,0,0,0
"POINT (13.728412764000041 51.061014478000061)",Unfall 168752 (2018) Kat:3, Licht: 0,168752,3,1,0,08,14,3,0,0,1,0,0,0,0,0
"POINT (13.809039465000069 51.047232897000072)",Unfall 168753 (2018) Kat:3, Licht: 0,168753,3,2,2,08,16,4,0,0,0,1,0,0,0,0
"POINT (13.796742295000058 51.022793385000057)",Unfall 168754 (2018) Kat:3, Licht: 0,168754,3,6,3,08,13,3,0,0,1,1,0,0,0,0
"POINT (13.679532680000023 51.061343996000062)",Unfall 168756 (2018) Kat:3, Licht: 0,168756,3,3,5,08,14,4,0,0,0,1,0,1,0,0
"POINT (13.775195401000076 51.032835915000078)",Unfall 168757 (2018) Kat:3, Licht: 0,168757,3,3,5,08,18,3,0,0,1,1,0,0,0,0
"POINT (13.738297054000043 51.039265353000076)",Unfall 168760 (2018) Kat:2, Licht: 0,168760,2,3,5,08,16,3,0,0,1,1,0,0,0,0
"POINT (13.773811725000030 51.046026030000064)",Unfall 168764 (2018) Kat:3, Licht: 0,168764,3,3,5,08,11,3,0,0,1,0,0,0,0,1
"POINT (13.719271957000046 51.076596902000063)",Unfall 168793 (2018) Kat:3, Licht: 0,168793,3,5,3,08,10,3,0,0,0,1,0,0,0,0
"POINT (13.718427065000071 51.087717573000077)",Unfall 168795 (2018) Kat:3, Licht: 0,168795,3,2,5,08,19,3,0,0,1,1,0,0,0,0
"POINT (13.800660343000061 51.006198553000047)",Unfall 168799 (2018) Kat:3, Licht: 0,168799,3,6,6,08,15,3,0,0,1,0,1,0,0,0
"POINT (13.706107100000054 51.016621094000072)",Unfall 168801 (2018) Kat:3, Licht: 0,168801,3,3,5,08,18,3,0,0,0,1,0,0,0,0
"POINT (13.724623939000026 51.057776064000052)",Unfall 168802 (2018) Kat:3, Licht: 0,168802,3,6,3,08,12,2,0,0,0,1,0,0,0,0
"POINT (13.744988169000067 51.072313539000049)",Unfall 168803 (2018) Kat:3, Licht: 0,168803,3,2,5,08,18,3,0,0,1,1,0,0,0,0
"POINT (13.690013997000051 51.055425167000067)",Unfall 168804 (2018) Kat:3, Licht: 2,168804,3,1,0,08,02,7,1,2,0,0,0,1,0,0
"POINT (13.741374883000049 51.023648668000078)",Unfall 168805 (2018) Kat:3, Licht: 0,168805,3,6,3,08,16,2,0,0,1,0,0,0,0,1
"POINT (13.782788083000071 51.042581590000054)",Unfall 168806 (2018) Kat:3, Licht: 0,168806,3,3,5,08,07,3,0,0,1,1,0,0,0,0
"POINT (13.717540895000070 51.028381903000081)",Unfall 168807 (2018) Kat:3, Licht: 0,168807,3,1,0,08,16,2,0,0,1,0,0,0,0,0
"POINT (13.802847600000064 51.040300777000027)",Unfall 168808 (2018) Kat:3, Licht: 0,168808,3,3,5,08,15,3,0,0,1,1,0,0,0,0
"POINT (13.802926636000052 51.040497162000065)",Unfall 168809 (2018) Kat:3, Licht: 0,168809,3,2,6,08,11,2,0,0,0,1,1,0,0,0
"POINT (13.757833867000045 51.051450254000031)",Unfall 168810 (2018) Kat:3, Licht: 0,168810,3,3,5,08,10,2,0,0,1,1,0,0,0,0
"POINT (13.757934508000062 51.032866893000062)",Unfall 168811 (2018) Kat:3, Licht: 0,168811,3,2,5,08,16,3,0,0,1,1,0,0,0,1
"POINT (13.793497302000048 51.025691799000072)",Unfall 168812 (2018) Kat:3, Licht: 0,168812,3,3,5,08,15,2,0,0,1,0,0,0,0,0
"POINT (13.769782783000039 51.044753681000032)",Unfall 168813 (2018) Kat:3, Licht: 0,168813,3,6,2,08,16,3,0,0,1,1,0,0,0,0
"POINT (13.749634164000042 51.043108275000066)",Unfall 168814 (2018) Kat:3, Licht: 0,168814,3,7,0,08,17,2,0,0,1,1,0,0,0,0
"POINT (13.705392272000040 51.043359595000027)",Unfall 168815 (2018) Kat:2, Licht: 0,168815,2,3,3,08,09,3,0,0,1,0,0,0,1,0
"POINT (13.688850928000022 51.057922465000047)",Unfall 168816 (2018) Kat:3, Licht: 2,168816,3,1,9,08,04,7,1,2,0,1,0,0,0,0
"POINT (13.728886179000028 51.086257449000072)",Unfall 168817 (2018) Kat:2, Licht: 0,168817,2,1,0,08,09,2,0,0,0,0,0,1,0,0
"POINT (13.731502923000050 51.053166949000058)",Unfall 168818 (2018) Kat:3, Licht: 0,168818,3,5,3,08,07,3,0,0,0,1,0,0,0,0
"POINT (13.831319034000046 50.999652598000068)",Unfall 168819 (2018) Kat:2, Licht: 0,168819,2,3,5,08,07,2,0,0,1,0,0,0,1,0
"POINT (13.681741874000068 51.052377137000065)",Unfall 168822 (2018) Kat:3, Licht: 0,168822,3,1,5,08,13,2,0,0,0,1,0,1,0,0
"POINT (13.753265890000023 51.065345293000064)",Unfall 168825 (2018) Kat:3, Licht: 2,168825,3,1,0,08,05,7,0,2,1,0,0,0,0,0
"POINT (13.745300227000030 51.068324816000029)",Unfall 168831 (2018) Kat:3, Licht: 0,168831,3,1,1,08,14,7,0,0,0,1,0,0,0,0
"POINT (13.778056961000061 51.052914363000070)",Unfall 168840 (2018) Kat:2, Licht: 1,168840,2,1,0,08,05,7,1,1,1,0,0,0,0,0
"POINT (13.681142068000042 51.042376703000059)",Unfall 168858 (2018) Kat:3, Licht: 0,168858,3,6,4,08,16,2,0,0,1,1,0,0,0,0
"POINT (13.706926750000036 51.082272066000030)",Unfall 168861 (2018) Kat:2, Licht: 0,168861,2,6,2,08,10,2,0,0,0,1,0,0,0,0
"POINT (13.809748188000071 51.049248925000029)",Unfall 168862 (2018) Kat:3, Licht: 2,168862,3,1,0,08,00,1,0,2,1,0,0,0,0,0
"POINT (13.728830214000027 51.043268643000033)",Unfall 168863 (2018) Kat:3, Licht: 0,168863,3,6,3,08,15,1,0,0,0,1,0,1,0,0
"POINT (13.828291484000033 51.024730322000039)",Unfall 168864 (2018) Kat:3, Licht: 0,168864,3,2,5,08,10,2,0,0,1,1,0,0,0,0
"POINT (13.805275985000037 51.051553078000040)",Unfall 168865 (2018) Kat:3, Licht: 0,168865,3,4,6,08,14,1,0,0,1,0,1,0,0,0
"POINT (13.808370085000035 51.045299819000036)",Unfall 168867 (2018) Kat:3, Licht: 0,168867,3,2,5,08,18,1,0,0,0,1,0,0,0,0
"POINT (13.846348363000061 51.007815096000058)",Unfall 168871 (2018) Kat:3, Licht: 0,168871,3,1,0,08,16,1,0,0,1,0,0,0,0,0
"POINT (13.807501554000055 51.034947059000046)",Unfall 168874 (2018) Kat:3, Licht: 0,168874,3,2,5,08,19,1,0,0,0,1,0,1,0,0
"POINT (13.807504217000030 51.034953697000049)",Unfall 168892 (2018) Kat:3, Licht: 0,168892,3,2,5,08,11,7,0,0,1,1,0,0,0,0
"POINT (13.748921061000033 51.051258730000029)",Unfall 168895 (2018) Kat:3, Licht: 0,168895,3,3,5,08,12,7,0,0,1,1,0,0,0,0
"POINT (13.746475932000067 51.038444009000045)",Unfall 168898 (2018) Kat:3, Licht: 0,168898,3,3,5,08,09,7,0,0,1,1,0,0,0,0
"POINT (13.700905490000025 51.074590676000071)",Unfall 168900 (2018) Kat:3, Licht: 2,168900,3,1,4,08,22,7,0,2,0,1,0,0,0,0
"POINT (13.822641517000022 51.004917921000072)",Unfall 168911 (2018) Kat:3, Licht: 0,168911,3,1,8,08,15,7,0,0,0,1,0,0,0,0
"POINT (13.796855674000028 51.049984987000073)",Unfall 168926 (2018) Kat:3, Licht: 0,168926,3,3,5,08,07,6,0,0,1,1,0,0,0,0
"POINT (13.724083472000075 51.075808916000028)",Unfall 168930 (2018) Kat:3, Licht: 0,168930,3,1,8,08,17,6,0,0,1,0,0,0,0,0
"POINT (13.790955376000056 51.021387810000078)",Unfall 168934 (2018) Kat:3, Licht: 0,168934,3,2,3,08,12,6,0,0,0,1,0,0,0,1
"POINT (13.753600278000022 51.070497010000054)",Unfall 168943 (2018) Kat:3, Licht: 0,168943,3,1,0,08,17,6,0,0,1,0,0,0,0,0
"POINT (13.723608715000069 51.036304298000061)",Unfall 168947 (2018) Kat:3, Licht: 0,168947,3,3,5,08,16,6,0,0,0,1,0,0,0,0
"POINT (13.759909203000063 51.027346581000074)",Unfall 168949 (2018) Kat:3, Licht: 0,168949,3,7,6,08,11,6,0,0,0,1,1,0,0,0
"POINT (13.754544668000051 51.069797130000040)",Unfall 168951 (2018) Kat:3, Licht: 0,168951,3,4,6,08,11,6,0,0,1,0,1,0,0,0
"POINT (13.754768278000029 51.046281056000055)",Unfall 168953 (2018) Kat:2, Licht: 0,168953,2,2,5,08,09,6,0,0,1,0,0,0,0,1
"POINT (13.777011798000046 51.059996707000039)",Unfall 168955 (2018) Kat:3, Licht: 0,168955,3,6,2,08,15,6,0,0,0,1,0,0,0,0
"POINT (13.687448318000065 51.048043984000060)",Unfall 168956 (2018) Kat:3, Licht: 0,168956,3,3,5,08,16,6,0,0,0,1,0,1,0,0
"POINT (13.732511186000067 51.056252882000081)",Unfall 168957 (2018) Kat:2, Licht: 0,168957,2,1,7,08,07,6,0,0,1,0,0,0,0,0
"POINT (13.788738104000061 51.043792992000078)",Unfall 168958 (2018) Kat:3, Licht: 0,168958,3,2,2,08,15,6,0,0,0,1,0,0,0,0
"POINT (13.791445446000068 51.050704858000074)",Unfall 168959 (2018) Kat:3, Licht: 0,168959,3,3,5,08,09,6,0,0,1,1,0,0,0,0
"POINT (13.708763471000054 51.078965013000072)",Unfall 168960 (2018) Kat:3, Licht: 0,168960,3,7,0,08,18,6,0,0,1,0,0,0,0,0
"POINT (13.697130463000065 51.049070586000028)",Unfall 168961 (2018) Kat:3, Licht: 0,168961,3,6,2,08,17,6,0,0,0,1,0,1,0,0
"POINT (13.684648352000067 51.056189084000039)",Unfall 168963 (2018) Kat:3, Licht: 0,168963,3,3,0,08,13,6,0,0,0,1,0,0,0,1
"POINT (13.810440011000026 51.048148726000079)",Unfall 168965 (2018) Kat:2, Licht: 0,168965,2,3,5,08,06,6,0,0,0,1,0,1,0,0
"POINT (13.845672214000047 51.017492492000031)",Unfall 168990 (2018) Kat:3, Licht: 0,168990,3,6,4,08,17,5,0,0,1,0,0,0,0,0
"POINT (13.742349187000059 51.068355538000048)",Unfall 168991 (2018) Kat:2, Licht: 0,168991,2,6,2,08,17,5,0,0,1,1,0,0,0,0
"POINT (13.831951668000045 51.027272975000074)",Unfall 168993 (2018) Kat:2, Licht: 0,168993,2,3,5,08,08,5,0,0,1,1,0,0,0,0
"POINT (13.721457650000048 51.055629540000041)",Unfall 168998 (2018) Kat:3, Licht: 0,168998,3,2,5,08,17,5,0,0,1,1,0,0,0,0
"POINT (13.774593835000076 51.022549550000065)",Unfall 169000 (2018) Kat:3, Licht: 0,169000,3,1,8,08,10,5,0,0,0,1,0,0,0,0
"POINT (13.772253564000039 51.047317032000080)",Unfall 169002 (2018) Kat:3, Licht: 0,169002,3,5,3,08,19,5,0,0,0,1,0,1,0,0
"POINT (13.743724173000032 51.035560671000042)",Unfall 169005 (2018) Kat:3, Licht: 0,169005,3,6,1,08,17,5,0,0,0,1,0,0,0,0
"POINT (13.792377624000039 51.053796461000047)",Unfall 169014 (2018) Kat:3, Licht: 0,169014,3,3,5,08,07,2,0,0,0,1,0,0,0,0
"POINT (13.683622704000072 51.085593800000026)",Unfall 169015 (2018) Kat:3, Licht: 0,169015,3,6,2,08,13,1,0,0,0,1,0,0,0,1
"POINT (13.719904663000023 51.037486653000030)",Unfall 169018 (2018) Kat:3, Licht: 0,169018,3,7,1,08,16,4,0,0,1,1,0,0,0,0
"POINT (13.691404048000038 51.051673638000068)",Unfall 169023 (2018) Kat:3, Licht: 0,169023,3,1,0,08,08,5,1,0,1,0,0,0,0,0
"POINT (13.689607271000057 51.011507854000058)",Unfall 169036 (2018) Kat:3, Licht: 2,169036,3,7,7,08,22,5,0,2,1,0,0,0,0,0
"POINT (13.753889903000072 51.066524665000031)",Unfall 169040 (2018) Kat:3, Licht: 0,169040,3,5,1,08,18,1,0,0,1,1,0,0,0,0
"POINT (13.782915356000046 51.116034127000034)",Unfall 169041 (2018) Kat:2, Licht: 0,169041,2,4,6,08,16,1,0,0,0,0,1,1,0,0
"POINT (13.848556692000045 51.009785373000057)",Unfall 169054 (2018) Kat:2, Licht: 0,169054,2,5,1,08,10,6,0,0,0,1,0,0,0,0
"POINT (13.768976020000025 51.043993762000071)",Unfall 169062 (2018) Kat:3, Licht: 0,169062,3,1,0,08,13,7,0,0,1,0,0,0,0,0
"POINT (13.729390411000054 51.070402341000033)",Unfall 169064 (2018) Kat:3, Licht: 0,169064,3,3,5,08,15,4,0,0,0,1,0,1,0,0
"POINT (13.755769980000025 51.047247917000050)",Unfall 169066 (2018) Kat:3, Licht: 0,169066,3,2,5,08,11,7,0,0,1,1,0,0,0,0
"POINT (13.736661431000073 51.046907777000058)",Unfall 169067 (2018) Kat:2, Licht: 0,169067,2,4,6,08,18,7,0,0,1,0,1,0,0,0
"POINT (13.707672973000058 51.029780681000034)",Unfall 169068 (2018) Kat:2, Licht: 0,169068,2,7,6,08,11,7,0,0,0,1,1,0,0,0
"POINT (13.686594847000038 51.055740291000063)",Unfall 169086 (2018) Kat:3, Licht: 0,169086,3,7,0,08,17,6,0,0,1,1,0,0,0,0
"POINT (13.818667080000068 51.011071968000067)",Unfall 169087 (2018) Kat:2, Licht: 0,169087,2,3,5,08,08,5,1,0,0,1,0,0,0,0
"POINT (13.687904546000027 51.042489247000049)",Unfall 169088 (2018) Kat:3, Licht: 0,169088,3,3,5,08,12,6,0,0,1,1,0,0,0,0
"POINT (13.799701265000067 50.997998053000060)",Unfall 169089 (2018) Kat:3, Licht: 0,169089,3,4,6,08,13,6,0,0,0,0,1,0,0,1
"POINT (13.752619936000031 51.043830562000039)",Unfall 169090 (2018) Kat:3, Licht: 0,169090,3,6,3,08,16,6,0,0,1,1,0,0,0,0
"POINT (13.773357257000043 51.031952841000077)",Unfall 169091 (2018) Kat:3, Licht: 0,169091,3,2,5,08,17,6,0,0,0,1,0,0,0,0