WKT,Name,OBJECTID,UKATEGORIE,UTYP1,UART,UMONAT,USTUNDE,UWOCHENTAG,STRZUSTAND,ULICHTVERH,ISTRAD,ISTPKW,ISTFUSS,ISTKRAD,ISTGKFZ,ISTSONSTIG
"POINT (13.806535523000036 51.039113493000059)",Unfall 169092 (2018) Kat:3, Licht: 0,169092,3,1,0,08,15,6,0,0,1,0,0,0,0,0
"POINT (13.732283531000064 51.088697938000053)",Unfall 169093 (2018) Kat:3, Licht: 0,169093,3,7,6,08,12,6,0,0,1,0,1,0,0,0
"POINT (13.692656382000052 51.053661726000030)",Unfall 169096 (2018) Kat:3, Licht: 0,169096,3,3,5,08,08,3,0,0,1,0,0,0,0,0
"POINT (13.765736593000042 51.022237635000067)",Unfall 169106 (2018) Kat:3, Licht: 0,169106,3,3,5,08,09,3,0,0,0,1,0,0,0,0
"POINT (13.791944508000029 50.999369034000040)",Unfall 169112 (2018) Kat:3, Licht: 1,169112,3,1,0,08,18,3,0,1,1,0,0,0,0,1
"POINT (13.741607516000045 51.023624603000030)",Unfall 169117 (2018) Kat:2, Licht: 0,169117,2,1,0,08,16,4,0,0,1,0,0,0,0,0
"POINT (13.751197795000053 51.067064211000059)",Unfall 169118 (2018) Kat:3, Licht: 0,169118,3,3,5,08,09,3,0,0,1,0,0,0,0,0
"POINT (13.676601251000022 51.041709534000063)",Unfall 169123 (2018) Kat:2, Licht: 2,169123,2,1,0,08,23,5,1,2,1,0,0,0,0,0
"POINT (13.790476330000047 51.045956729000068)",Unfall 169124 (2018) Kat:3, Licht: 0,169124,3,5,1,08,07,3,0,0,0,1,0,0,0,0
"POINT (13.729171018000045 51.055809680000038)",Unfall 169127 (2018) Kat:3, Licht: 0,169127,3,1,1,08,16,3,0,0,1,1,0,0,0,0
"POINT (13.787103718000026 51.043328000000031)",Unfall 169136 (2018) Kat:3, Licht: 0,169136,3,6,3,08,17,5,0,0,1,0,0,0,0,0
"POINT (13.749599625000030 51.033600020000051)",Unfall 169137 (2018) Kat:3, Licht: 0,169137,3,3,0,08,07,5,1,0,1,1,0,0,0,0
"POINT (13.823827646000041 51.012918113000069)",Unfall 169138 (2018) Kat:2, Licht: 0,169138,2,1,0,08,18,3,0,0,1,0,0,0,0,0
"POINT (13.706301819000032 51.019895620000057)",Unfall 169139 (2018) Kat:3, Licht: 0,169139,3,6,2,08,18,5,0,0,0,1,0,0,0,0
"POINT (13.774134361000051 51.048603360000072)",Unfall 169141 (2018) Kat:2, Licht: 0,169141,2,4,6,08,14,5,0,0,1,0,1,0,0,0
"POINT (13.757791550000036 51.051457225000036)",Unfall 169142 (2018) Kat:3, Licht: 0,169142,3,3,5,08,16,5,0,0,1,1,0,0,0,0
"POINT (13.811303033000058 51.050257876000046)",Unfall 169143 (2018) Kat:3, Licht: 0,169143,3,6,2,08,17,5,0,0,1,0,0,0,0,0
"POINT (13.733849740000039 51.046850528000050)",Unfall 169144 (2018) Kat:3, Licht: 0,169144,3,6,1,08,15,6,0,0,0,1,0,0,0,0
"POINT (13.729435060000071 51.045726017000050)",Unfall 169145 (2018) Kat:2, Licht: 0,169145,2,2,5,08,15,5,0,0,0,1,0,0,0,0
"POINT (13.753120816000035 51.058494408000058)",Unfall 169147 (2018) Kat:3, Licht: 2,169147,3,2,5,08,20,5,0,2,0,1,0,0,0,1
"POINT (13.748695868000027 51.044372184000053)",Unfall 169149 (2018) Kat:3, Licht: 0,169149,3,6,3,08,07,3,0,0,1,1,0,0,0,0
"POINT (13.743939254000054 51.049617367000053)",Unfall 169168 (2018) Kat:3, Licht: 0,169168,3,3,5,08,17,4,0,0,0,1,0,1,0,0
"POINT (13.757369483000048 51.027232686000048)",Unfall 169170 (2018) Kat:3, Licht: 0,169170,3,2,5,08,07,4,0,0,1,1,0,0,0,0
"POINT (13.809650271000066 50.997841949000076)",Unfall 169172 (2018) Kat:3, Licht: 0,169172,3,1,1,08,13,4,0,0,1,0,0,0,0,1
"POINT (13.806550955000034 51.037379454000074)",Unfall 169174 (2018) Kat:3, Licht: 0,169174,3,2,5,08,19,4,0,0,0,1,0,1,0,0
"POINT (13.719503605000057 51.059471782000060)",Unfall 169175 (2018) Kat:2, Licht: 0,169175,2,1,0,08,10,5,1,0,1,0,0,0,0,0
"POINT (13.814110271000061 51.036381868000035)",Unfall 169177 (2018) Kat:3, Licht: 0,169177,3,2,2,08,09,4,0,0,0,1,0,0,0,0
"POINT (13.804822532000060 51.032563912000057)",Unfall 169180 (2018) Kat:3, Licht: 0,169180,3,1,0,08,13,4,0,0,1,0,0,0,0,0
"POINT (13.773574528000040 51.048731612000040)",Unfall 169190 (2018) Kat:3, Licht: 0,169190,3,3,5,08,09,5,1,0,1,1,0,0,0,0
"POINT (13.792272759000070 51.043159103000050)",Unfall 169205 (2018) Kat:3, Licht: 0,169205,3,2,5,08,17,3,0,0,1,1,0,0,0,0
"POINT (13.755968006000046 51.055862636000029)",Unfall 169206 (2018) Kat:3, Licht: 0,169206,3,3,5,08,12,3,0,0,0,1,1,0,0,0
"POINT (13.764070018000041 51.086161740000080)",Unfall 169207 (2018) Kat:3, Licht: 0,169207,3,2,5,08,10,3,1,0,0,1,0,0,0,1
"POINT (13.811368733000052 51.057181191000041)",Unfall 169208 (2018) Kat:3, Licht: 0,169208,3,1,9,08,07,3,0,0,1,0,0,0,0,0
"POINT (13.732529243000045 51.043514807000065)",Unfall 169210 (2018) Kat:3, Licht: 0,169210,3,3,5,08,17,3,0,0,1,1,0,0,0,0
"POINT (13.760470914000052 51.049194698000065)",Unfall 169211 (2018) Kat:3, Licht: 0,169211,3,4,6,08,15,3,0,0,0,1,1,0,0,0
"POINT (13.741088954000077 51.019246357000043)",Unfall 169212 (2018) Kat:2, Licht: 2,169212,2,3,5,08,22,6,0,2,1,1,0,0,0,0
"POINT (13.783622298000068 51.057322709000061)",Unfall 169213 (2018) Kat:3, Licht: 0,169213,3,3,5,08,08,3,0,0,1,0,0,0,1,0
"POINT (13.769621701000062 51.051097839000079)",Unfall 169216 (2018) Kat:3, Licht: 0,169216,3,3,5,08,08,3,0,0,0,1,0,0,0,0
"POINT (13.745247448000043 51.026827740000044)",Unfall 169217 (2018) Kat:2, Licht: 0,169217,2,2,5,08,11,3,0,0,1,1,0,0,0,0
"POINT (13.815996386000052 51.034009196000056)",Unfall 169221 (2018) Kat:3, Licht: 0,169221,3,3,5,08,16,2,0,0,0,1,0,0,0,1
"POINT (13.724649827000064 51.053295104000028)",Unfall 169223 (2018) Kat:3, Licht: 0,169223,3,6,2,08,08,4,0,0,1,1,0,0,0,0
"POINT (13.686865082000054 51.057030940000061)",Unfall 169228 (2018) Kat:3, Licht: 0,169228,3,3,5,08,16,4,0,0,0,1,0,0,0,0
"POINT (13.726259863000053 51.093931142000031)",Unfall 169231 (2018) Kat:3, Licht: 0,169231,3,1,0,09,17,7,0,0,1,0,0,0,0,0
"POINT (13.686680740000043 51.056055968000067)",Unfall 169239 (2018) Kat:3, Licht: 0,169239,3,3,5,08,11,1,0,0,0,1,0,0,0,0
"POINT (13.683400538000058 51.042428640000026)",Unfall 169245 (2018) Kat:3, Licht: 0,169245,3,2,3,08,17,5,0,0,1,1,0,0,0,0
"POINT (13.747702483000069 51.053473568000072)",Unfall 169251 (2018) Kat:3, Licht: 0,169251,3,2,5,08,15,6,0,0,1,1,0,0,0,0
"POINT (13.747099457000047 51.071293063000041)",Unfall 169255 (2018) Kat:2, Licht: 1,169255,2,6,3,08,19,2,0,1,1,1,0,0,0,0
"POINT (13.756565331000047 51.055093227000043)",Unfall 169257 (2018) Kat:3, Licht: 0,169257,3,3,5,08,17,2,0,0,1,1,0,0,0,0
"POINT (13.785441995000042 51.035947649000036)",Unfall 169258 (2018) Kat:3, Licht: 0,169258,3,3,5,08,08,2,0,0,1,1,0,0,0,0
"POINT (13.808888719000038 51.052747072000045)",Unfall 169259 (2018) Kat:3, Licht: 0,169259,3,3,5,08,14,2,0,0,1,1,0,0,0,0
"POINT (13.721429352000030 51.094523849000041)",Unfall 169274 (2018) Kat:3, Licht: 0,169274,3,1,1,09,15,4,0,0,1,1,0,0,0,0
"POINT (13.783738167000024 51.017716176000079)",Unfall 169275 (2018) Kat:3, Licht: 0,169275,3,3,5,09,15,4,0,0,1,0,0,0,0,1
"POINT (13.752234572000077 51.077782361000061)",Unfall 169277 (2018) Kat:3, Licht: 0,169277,3,3,5,09,17,4,0,0,1,1,0,0,0,0
"POINT (13.718409665000024 51.053409070000043)",Unfall 169279 (2018) Kat:3, Licht: 0,169279,3,3,4,09,18,4,0,0,1,0,0,0,0,0
"POINT (13.713254918000075 51.050527108000040)",Unfall 169281 (2018) Kat:3, Licht: 2,169281,3,1,8,09,23,6,1,2,0,1,0,0,0,0
"POINT (13.792802531000063 51.059334837000051)",Unfall 169282 (2018) Kat:2, Licht: 0,169282,2,2,5,09,17,4,0,0,1,1,0,0,0,0
"POINT (13.807501626000033 51.034947239000076)",Unfall 169283 (2018) Kat:2, Licht: 0,169283,2,2,5,09,16,4,0,0,0,1,0,0,0,1
"POINT (13.831074225000066 50.999573997000027)",Unfall 169286 (2018) Kat:3, Licht: 0,169286,3,1,0,09,14,6,1,0,1,0,0,0,0,0
"POINT (13.775334017000034 51.069848183000033)",Unfall 169316 (2018) Kat:3, Licht: 0,169316,3,6,3,09,08,6,1,0,1,0,0,0,0,1
"POINT (13.712319983000043 51.079584698000076)",Unfall 169327 (2018) Kat:3, Licht: 0,169327,3,6,2,09,12,7,0,0,0,1,0,1,0,0
"POINT (13.736016342000028 51.024135370000067)",Unfall 169334 (2018) Kat:3, Licht: 0,169334,3,7,6,09,12,6,0,0,0,1,1,0,0,0
"POINT (13.801415425000073 51.006746298000053)",Unfall 169336 (2018) Kat:3, Licht: 0,169336,3,7,6,09,13,6,0,0,0,1,1,0,0,0
"POINT (13.757837408000057 51.075869461000082)",Unfall 169338 (2018) Kat:3, Licht: 2,169338,3,3,5,09,08,6,1,2,1,0,0,0,0,1
"POINT (13.810921419000067 51.013715768000054)",Unfall 169341 (2018) Kat:3, Licht: 0,169341,3,6,3,09,15,6,0,0,0,0,0,1,1,0
"POINT (13.801062762000072 51.022679818000029)",Unfall 169343 (2018) Kat:3, Licht: 0,169343,3,3,5,09,16,6,0,0,0,1,0,0,0,0
"POINT (13.794493751000061 51.053550698000038)",Unfall 169344 (2018) Kat:3, Licht: 0,169344,3,1,0,09,10,6,1,0,1,0,0,0,0,0
"POINT (13.715852312000038 51.080656363000060)",Unfall 169345 (2018) Kat:3, Licht: 2,169345,3,1,0,09,21,3,0,2,1,1,0,0,0,0
"POINT (13.745715776000054 51.063350403000072)",Unfall 169346 (2018) Kat:3, Licht: 0,169346,3,6,3,09,08,6,1,0,0,0,0,1,0,1
"POINT (13.828134360000035 50.997343959000034)",Unfall 169348 (2018) Kat:3, Licht: 0,169348,3,2,5,09,16,3,0,0,1,1,0,0,0,0
"POINT (13.785553012000037 51.010460960000046)",Unfall 169353 (2018) Kat:3, Licht: 2,169353,3,6,2,09,20,5,0,2,0,1,0,0,0,1
"POINT (13.781193336000058 51.035957552000070)",Unfall 169356 (2018) Kat:3, Licht: 0,169356,3,3,5,09,17,3,0,0,1,1,0,0,0,0
"POINT (13.770713898000054 51.045759927000063)",Unfall 169360 (2018) Kat:3, Licht: 0,169360,3,6,2,09,08,3,0,0,0,1,0,0,0,0
"POINT (13.732228632000044 51.052403349000031)",Unfall 169363 (2018) Kat:3, Licht: 0,169363,3,2,5,09,06,3,0,0,1,1,0,0,0,0
"POINT (13.788552043000038 51.043280643000060)",Unfall 169368 (2018) Kat:3, Licht: 0,169368,3,2,5,09,07,3,0,0,1,1,0,0,0,0
"POINT (13.800382603000060 51.027259632000039)",Unfall 169370 (2018) Kat:3, Licht: 0,169370,3,3,0,09,09,3,0,0,0,1,0,0,0,1
"POINT (13.686720992000062 51.056055400000048)",Unfall 169373 (2018) Kat:3, Licht: 0,169373,3,3,5,09,15,5,1,0,0,1,0,0,0,0
"POINT (13.710281167000062 51.052152013000068)",Unfall 169374 (2018) Kat:3, Licht: 0,169374,3,1,0,09,14,5,1,0,0,1,0,1,0,0
"POINT (13.697032981000064 51.087589794000053)",Unfall 169375 (2018) Kat:3, Licht: 2,169375,3,3,5,09,22,6,1,2,0,1,0,0,0,0
"POINT (13.742633631000047 51.072968601000071)",Unfall 169376 (2018) Kat:2, Licht: 0,169376,2,7,0,09,08,5,0,0,0,1,0,1,0,0
"POINT (13.719635460000063 51.018810080000037)",Unfall 169377 (2018) Kat:3, Licht: 0,169377,3,6,2,09,16,5,0,0,0,1,0,1,0,0
"POINT (13.719234310000047 51.094345117000046)",Unfall 169378 (2018) Kat:3, Licht: 0,169378,3,3,5,09,09,3,0,0,1,0,0,0,0,0
"POINT (13.688945624000041 51.048473770000044)",Unfall 169380 (2018) Kat:2, Licht: 0,169380,2,3,5,09,12,6,0,0,0,1,0,1,0,0
"POINT (13.742575192000061 51.023533572000076)",Unfall 169387 (2018) Kat:2, Licht: 0,169387,2,7,0,09,11,7,0,0,0,0,1,0,0,1
"POINT (13.798736322000025 51.012464559000080)",Unfall 169434 (2018) Kat:2, Licht: 0,169434,2,2,5,09,11,2,0,0,0,1,1,0,0,0
"POINT (13.802521423000030 50.994831901000055)",Unfall 169435 (2018) Kat:3, Licht: 0,169435,3,2,4,09,08,4,0,0,1,1,0,0,0,0
"POINT (13.765770879000058 51.027151489000062)",Unfall 169436 (2018) Kat:2, Licht: 2,169436,2,1,8,09,23,6,1,2,0,0,0,1,0,0
"POINT (13.843208468000057 51.020328146000054)",Unfall 169437 (2018) Kat:2, Licht: 0,169437,2,1,0,09,09,4,0,0,1,0,0,0,0,0
"POINT (13.796591675000059 51.147168242000077)",Unfall 169438 (2018) Kat:3, Licht: 1,169438,3,1,1,09,21,4,0,1,0,1,0,1,0,0
"POINT (13.706322818000046 51.033986531000039)",Unfall 169439 (2018) Kat:2, Licht: 2,169439,2,1,0,09,22,2,0,2,1,0,0,0,0,0
"POINT (13.785148214000060 51.029002452000043)",Unfall 169440 (2018) Kat:2, Licht: 0,169440,2,6,3,09,07,4,0,0,1,0,0,0,0,1
"POINT (13.747118967000063 51.076182774000074)",Unfall 169441 (2018) Kat:2, Licht: 0,169441,2,3,5,09,14,2,0,0,1,0,0,0,0,0
"POINT (13.770258790000071 51.046423147000041)",Unfall 169442 (2018) Kat:3, Licht: 0,169442,3,7,6,09,17,4,0,0,0,0,1,0,0,1
"POINT (13.789202813000031 51.027391029000057)",Unfall 169444 (2018) Kat:3, Licht: 0,169444,3,7,0,09,16,4,0,0,1,1,0,0,0,0
"POINT (13.767897000000062 51.042878779000034)",Unfall 169446 (2018) Kat:3, Licht: 0,169446,3,1,0,09,17,4,0,0,1,0,0,0,0,0
"POINT (13.756671460000064 51.065631286000041)",Unfall 169453 (2018) Kat:3, Licht: 0,169453,3,3,5,09,15,2,0,0,1,1,0,0,0,0
"POINT (13.806563519000065 51.037351978000061)",Unfall 169455 (2018) Kat:3, Licht: 0,169455,3,2,0,09,18,2,0,0,0,0,0,0,0,1
"POINT (13.775783242000045 51.050799923000056)",Unfall 169463 (2018) Kat:3, Licht: 0,169463,3,7,8,09,17,2,0,0,0,1,0,0,0,0
"POINT (13.755931404000023 51.055876664000039)",Unfall 169466 (2018) Kat:3, Licht: 0,169466,3,2,5,09,16,2,0,0,1,0,0,0,0,1
"POINT (13.765621459000045 51.073293636000074)",Unfall 169469 (2018) Kat:3, Licht: 0,169469,3,2,5,09,15,2,0,0,1,0,0,0,1,0
"POINT (13.695383464000031 51.072845969000070)",Unfall 169472 (2018) Kat:3, Licht: 0,169472,3,3,5,09,17,3,0,0,1,1,0,0,0,0
"POINT (13.720267606000050 51.039280290000079)",Unfall 169476 (2018) Kat:3, Licht: 2,169476,3,5,1,09,20,3,0,2,1,1,0,0,0,0
"POINT (13.773597249000034 51.048727130000032)",Unfall 169478 (2018) Kat:2, Licht: 0,169478,2,3,5,09,16,3,0,0,1,1,0,0,0,0
"POINT (13.705436647000056 51.021288882000079)",Unfall 169479 (2018) Kat:2, Licht: 0,169479,2,5,0,09,10,1,0,0,0,1,0,1,0,0
"POINT (13.702887218000058 51.038225870000076)",Unfall 169481 (2018) Kat:3, Licht: 0,169481,3,1,0,09,19,3,0,0,1,0,0,0,0,0
"POINT (13.740857560000052 51.047277576000056)",Unfall 169499 (2018) Kat:3, Licht: 2,169499,3,1,2,09,21,6,1,2,0,1,0,0,0,0
"POINT (13.753266230000065 51.065345846000071)",Unfall 169505 (2018) Kat:2, Licht: 2,169505,2,1,0,09,03,1,1,2,1,0,0,0,0,0
"POINT (13.779846196000051 51.044298880000042)",Unfall 169507 (2018) Kat:2, Licht: 0,169507,2,3,5,09,17,1,0,0,0,1,0,1,0,0
"POINT (13.775626387000045 51.045361431000060)",Unfall 169509 (2018) Kat:3, Licht: 2,169509,3,3,5,09,20,7,0,2,1,1,0,0,0,0
"POINT (13.822275957000045 50.997787622000033)",Unfall 169516 (2018) Kat:3, Licht: 0,169516,3,3,0,09,18,2,0,0,0,1,0,1,0,0
"POINT (13.808889462000025 51.052747288000035)",Unfall 169518 (2018) Kat:3, Licht: 0,169518,3,4,6,09,16,2,0,0,1,0,1,0,0,0
"POINT (13.760718902000065 51.049157450000052)",Unfall 169521 (2018) Kat:3, Licht: 0,169521,3,6,2,09,07,2,0,0,0,1,0,0,0,0
"POINT (13.790389483000070 51.026919726000074)",Unfall 169523 (2018) Kat:3, Licht: 0,169523,3,6,3,09,15,2,0,0,1,0,0,0,0,0
"POINT (13.788336225000023 51.037192483000069)",Unfall 169525 (2018) Kat:3, Licht: 2,169525,3,1,1,09,19,2,0,2,1,1,0,0,0,0
"POINT (13.688938219000022 51.057966947000068)",Unfall 169527 (2018) Kat:2, Licht: 2,169527,2,3,5,09,05,2,0,2,0,1,0,1,0,0
"POINT (13.773676178000073 51.048759793000045)",Unfall 169530 (2018) Kat:2, Licht: 0,169530,2,3,5,09,14,2,0,0,0,1,0,1,0,0
"POINT (13.742916237000031 51.072889003000057)",Unfall 169534 (2018) Kat:3, Licht: 0,169534,3,7,0,09,13,5,0,0,1,1,0,0,0,0
"POINT (13.702133208000078 51.034932417000050)",Unfall 169546 (2018) Kat:3, Licht: 0,169546,3,3,5,09,08,6,0,0,1,1,0,0,0,0
"POINT (13.824378216000071 51.010427559000050)",Unfall 169547 (2018) Kat:3, Licht: 0,169547,3,6,3,09,13,6,0,0,1,0,0,0,0,1
"POINT (13.806690847000027 51.052106934000051)",Unfall 169548 (2018) Kat:3, Licht: 0,169548,3,2,0,09,11,6,0,0,0,0,0,0,1,1
"POINT (13.755133877000048 51.026670457000080)",Unfall 169549 (2018) Kat:3, Licht: 2,169549,3,6,2,09,22,6,1,2,0,1,0,0,0,0
"POINT (13.719596304000049 51.030814331000045)",Unfall 169550 (2018) Kat:3, Licht: 0,169550,3,3,5,09,17,6,1,0,0,1,0,0,0,1
"POINT (13.820405240000071 51.001919660000056)",Unfall 169551 (2018) Kat:3, Licht: 0,169551,3,2,5,09,12,6,0,0,0,1,0,0,0,0
"POINT (13.790324198000064 51.020580882000047)",Unfall 169552 (2018) Kat:3, Licht: 0,169552,3,6,2,09,11,6,0,0,0,1,0,0,0,0
"POINT (13.809222843000043 51.047378917000060)",Unfall 169553 (2018) Kat:3, Licht: 0,169553,3,2,3,09,10,6,0,0,1,1,0,0,0,0
"POINT (13.725158183000076 51.050260474000027)",Unfall 169554 (2018) Kat:2, Licht: 0,169554,2,3,5,09,08,6,0,0,1,1,0,0,0,0
"POINT (13.763272434000044 51.050527275000036)",Unfall 169555 (2018) Kat:3, Licht: 0,169555,3,4,6,09,17,6,1,0,1,0,1,0,0,0
"POINT (13.779499896000061 51.070738835000043)",Unfall 169556 (2018) Kat:2, Licht: 0,169556,2,1,0,09,07,6,1,0,0,0,0,1,0,0
"POINT (13.683325979000074 51.036646313000062)",Unfall 169573 (2018) Kat:3, Licht: 0,169573,3,6,2,09,15,6,1,0,0,1,0,0,0,0
"POINT (13.743619373000058 51.035672935000036)",Unfall 169575 (2018) Kat:3, Licht: 0,169575,3,6,2,09,16,6,0,0,1,1,0,0,0,0
"POINT (13.799240603000044 50.998238826000033)",Unfall 169576 (2018) Kat:3, Licht: 0,169576,3,6,2,09,11,6,0,0,0,1,0,0,0,0
"POINT (13.749386490000063 51.035756225000057)",Unfall 169579 (2018) Kat:3, Licht: 0,169579,3,6,3,09,16,6,0,0,0,1,0,1,0,0
"POINT (13.795852658000058 51.012863603000028)",Unfall 169580 (2018) Kat:3, Licht: 0,169580,3,4,6,09,14,6,1,0,0,1,1,0,0,0
"POINT (13.777364491000071 51.058756172000074)",Unfall 169581 (2018) Kat:3, Licht: 2,169581,3,2,6,09,05,6,1,2,1,0,1,0,0,0
"POINT (13.686645173000045 51.056365451000033)",Unfall 169583 (2018) Kat:2, Licht: 2,169583,2,5,1,09,20,6,0,2,0,1,0,1,0,0
"POINT (13.795394120000026 51.045090891000029)",Unfall 169592 (2018) Kat:3, Licht: 0,169592,3,3,5,09,16,5,0,0,1,1,0,0,0,0
"POINT (13.769205145000058 51.118954115000065)",Unfall 169593 (2018) Kat:3, Licht: 0,169593,3,2,5,09,09,5,0,0,0,1,0,0,0,1
"POINT (13.753991053000050 51.057675385000039)",Unfall 169595 (2018) Kat:3, Licht: 0,169595,3,1,4,09,16,5,0,0,1,0,0,0,0,0
"POINT (13.777729688000022 51.052881136000053)",Unfall 169597 (2018) Kat:3, Licht: 0,169597,3,1,0,09,09,5,0,0,1,0,0,0,0,0
"POINT (13.757977080000046 51.052258692000066)",Unfall 169599 (2018) Kat:3, Licht: 2,169599,3,3,5,09,05,5,0,2,1,1,0,0,0,0
"POINT (13.818708350000065 51.011027510000076)",Unfall 169601 (2018) Kat:3, Licht: 0,169601,3,4,6,09,06,5,0,0,0,0,1,1,0,0
"POINT (13.839644474000067 51.022243900000035)",Unfall 169603 (2018) Kat:2, Licht: 0,169603,2,4,6,09,08,5,0,0,0,1,1,0,0,0
"POINT (13.684589549000066 51.048694930000067)",Unfall 169604 (2018) Kat:3, Licht: 0,169604,3,7,0,09,18,5,0,0,1,1,0,0,0,0
"POINT (13.679083507000030 51.058985674000041)",Unfall 169622 (2018) Kat:3, Licht: 0,169622,3,3,5,09,16,5,0,0,0,1,0,0,0,0
"POINT (13.726246930000059 51.081793137000034)",Unfall 169623 (2018) Kat:3, Licht: 0,169623,3,6,2,09,16,5,0,0,1,1,0,0,0,0
"POINT (13.752303743000027 51.070890762000033)",Unfall 169625 (2018) Kat:3, Licht: 0,169625,3,1,0,09,17,5,0,0,1,0,0,0,0,0
"POINT (13.748412240000050 51.076143653000031)",Unfall 169628 (2018) Kat:3, Licht: 0,169628,3,7,0,09,17,5,0,0,1,1,0,0,0,0
"POINT (13.686726970000052 51.034741677000056)",Unfall 169652 (2018) Kat:3, Licht: 0,169652,3,3,5,09,17,4,0,0,0,1,0,1,0,0
"POINT (13.678577941000071 51.063174903000061)",Unfall 169654 (2018) Kat:3, Licht: 0,169654,3,6,2,09,08,4,0,0,0,1,0,0,0,0
"POINT (13.702208051000071 51.045825769000032)",Unfall 169655 (2018) Kat:3, Licht: 0,169655,3,3,5,09,17,4,0,0,1,0,0,0,0,0
"POINT (13.755412626000066 51.068951760000061)",Unfall 169656 (2018) Kat:3, Licht: 0,169656,3,5,0,09,11,4,0,0,0,1,0,0,1,0
"POINT (13.848932032000050 51.053301288000057)",Unfall 169657 (2018) Kat:3, Licht: 0,169657,3,1,0,09,07,4,0,0,1,0,0,0,0,0
"POINT (13.767776429000037 51.026083772000050)",Unfall 169658 (2018) Kat:3, Licht: 0,169658,3,2,0,09,11,4,0,0,1,1,0,0,0,0
"POINT (13.777364457000033 51.058758447000059)",Unfall 169659 (2018) Kat:3, Licht: 0,169659,3,2,5,09,09,4,0,0,1,1,0,0,0,0
"POINT (13.770997770000065 51.040047434000030)",Unfall 169660 (2018) Kat:3, Licht: 0,169660,3,3,5,09,16,4,0,0,0,1,0,0,0,0
"POINT (13.771468905000063 51.046524957000031)",Unfall 169661 (2018) Kat:3, Licht: 0,169661,3,1,0,09,15,4,0,0,1,0,0,0,0,0
"POINT (13.758055607000074 51.052298012000051)",Unfall 169663 (2018) Kat:2, Licht: 0,169663,2,2,5,09,10,4,0,0,0,1,0,1,0,0
"POINT (13.713666745000069 51.080454352000061)",Unfall 169664 (2018) Kat:3, Licht: 0,169664,3,6,2,09,18,4,0,0,0,1,0,0,0,0
"POINT (13.676492492000023 51.063839503000054)",Unfall 169686 (2018) Kat:3, Licht: 0,169686,3,6,2,09,15,3,0,0,0,1,0,1,0,0
"POINT (13.772800586000074 51.041926092000040)",Unfall 169688 (2018) Kat:3, Licht: 0,169688,3,3,5,09,11,3,0,0,0,1,0,0,0,1
"POINT (13.722154190000026 51.055821114000082)",Unfall 169690 (2018) Kat:3, Licht: 0,169690,3,1,9,09,16,3,0,0,0,1,0,0,0,0
"POINT (13.755930319000072 51.055876221000062)",Unfall 169691 (2018) Kat:3, Licht: 0,169691,3,2,5,09,16,3,0,0,1,1,0,0,0,0
"POINT (13.812060475000067 50.990658428000074)",Unfall 169710 (2018) Kat:3, Licht: 0,169710,3,1,0,09,15,3,0,0,1,0,0,0,0,0
"POINT (13.701346313000045 51.040905302000056)",Unfall 169712 (2018) Kat:3, Licht: 0,169712,3,3,5,09,16,3,0,0,0,1,1,0,0,0
"POINT (13.716189015000054 51.065413167000031)",Unfall 169713 (2018) Kat:2, Licht: 0,169713,2,1,0,09,15,3,0,0,1,0,0,0,0,0
"POINT (13.712758606000023 51.080880341000068)",Unfall 169715 (2018) Kat:3, Licht: 0,169715,3,3,5,09,09,3,0,0,0,0,0,1,0,1
"POINT (13.790742576000071 51.021276689000047)",Unfall 169717 (2018) Kat:3, Licht: 0,169717,3,1,0,09,15,3,0,0,0,0,0,1,0,0
"POINT (13.752184051000029 51.058960995000064)",Unfall 169719 (2018) Kat:3, Licht: 0,169719,3,6,3,09,13,3,0,0,1,1,0,0,1,0
"POINT (13.749111045000063 51.077878747000057)",Unfall 169721 (2018) Kat:3, Licht: 0,169721,3,6,2,09,09,3,0,0,0,1,0,0,0,0
"POINT (13.754801399000030 51.046274588000074)",Unfall 169723 (2018) Kat:3, Licht: 0,169723,3,2,3,09,17,3,0,0,1,1,0,0,0,0
"POINT (13.705765896000059 51.090559066000026)",Unfall 169724 (2018) Kat:2, Licht: 0,169724,2,3,5,09,11,3,0,0,1,1,0,0,0,0
"POINT (13.730932460000076 51.076949791000061)",Unfall 169726 (2018) Kat:3, Licht: 0,169726,3,6,6,09,07,3,0,0,1,0,1,0,0,0
"POINT (13.823592434000034 51.012446522000062)",Unfall 169736 (2018) Kat:3, Licht: 0,169736,3,2,5,09,11,2,0,0,1,1,0,0,0,0
"POINT (13.826546602000064 50.998344017000079)",Unfall 169738 (2018) Kat:3, Licht: 0,169738,3,3,5,09,07,2,1,0,0,1,0,0,0,0
"POINT (13.740723766000031 51.047271536000039)",Unfall 169741 (2018) Kat:3, Licht: 0,169741,3,3,5,09,08,2,0,0,1,1,0,0,0,0
"POINT (13.753085217000034 51.034496488000059)",Unfall 169743 (2018) Kat:2, Licht: 0,169743,2,1,0,09,11,2,0,0,1,0,0,0,0,0
"POINT (13.807202974000063 51.035947765000060)",Unfall 169744 (2018) Kat:2, Licht: 0,169744,2,4,6,09,14,2,0,0,0,1,1,0,0,0