WKT,Name,OBJECTID,UKATEGORIE,UTYP1,UART,UMONAT,USTUNDE,UWOCHENTAG,STRZUSTAND,ULICHTVERH,ISTRAD,ISTPKW,ISTFUSS,ISTKRAD,ISTGKFZ,ISTSONSTIG
"POINT (13.806170183000063 51.038299309000081)",Unfall 169746 (2018) Kat:3, Licht: 0,169746,3,3,5,09,18,2,0,0,1,0,0,0,0,0
"POINT (13.727478336000047 51.084088870000073)",Unfall 169764 (2018) Kat:3, Licht: 0,169764,3,6,0,09,14,2,0,0,0,1,0,0,0,1
"POINT (13.698176771000021 51.044019143000071)",Unfall 169767 (2018) Kat:3, Licht: 0,169767,3,2,0,09,09,2,0,0,1,1,0,0,0,0
"POINT (13.780698014000052 51.116132080000057)",Unfall 169769 (2018) Kat:3, Licht: 0,169769,3,1,0,09,19,2,0,0,1,0,0,0,0,0
"POINT (13.777197265000041 51.060083090000035)",Unfall 169771 (2018) Kat:3, Licht: 0,169771,3,6,2,09,11,2,0,0,0,1,0,0,0,0
"POINT (13.715773836000039 51.106606516000056)",Unfall 169772 (2018) Kat:3, Licht: 2,169772,3,1,9,09,00,1,0,2,0,1,0,0,0,0
"POINT (13.744674188000033 51.116313806000051)",Unfall 169773 (2018) Kat:2, Licht: 0,169773,2,2,5,09,09,2,0,0,1,0,0,0,0,1
"POINT (13.707099126000060 51.029292069000064)",Unfall 169775 (2018) Kat:3, Licht: 0,169775,3,2,5,09,14,2,0,0,0,1,0,1,0,0
"POINT (13.766511248000029 51.071282415000042)",Unfall 169776 (2018) Kat:3, Licht: 0,169776,3,3,5,09,07,2,0,0,1,1,0,0,0,0
"POINT (13.695432134000043 51.053175003000035)",Unfall 169788 (2018) Kat:3, Licht: 0,169788,3,2,5,09,11,1,0,0,1,1,0,0,0,0
"POINT (13.799968052000054 51.003066504000060)",Unfall 169789 (2018) Kat:3, Licht: 0,169789,3,7,6,09,18,1,0,0,0,1,1,0,0,0
"POINT (13.710424446000047 51.057950633000075)",Unfall 169807 (2018) Kat:3, Licht: 1,169807,3,4,6,09,19,7,0,1,0,1,1,0,0,0
"POINT (13.708422797000026 51.028949607000072)",Unfall 169809 (2018) Kat:2, Licht: 0,169809,2,1,0,10,15,2,0,0,1,0,0,0,0,0
"POINT (13.726664826000047 51.052745806000075)",Unfall 169810 (2018) Kat:2, Licht: 0,169810,2,4,6,10,08,2,0,0,0,1,1,0,0,0
"POINT (13.813487955000028 51.053551346000063)",Unfall 169811 (2018) Kat:3, Licht: 0,169811,3,1,7,10,15,2,0,0,1,0,0,0,0,0
"POINT (13.783162967000067 51.070738314000039)",Unfall 169819 (2018) Kat:3, Licht: 0,169819,3,1,4,10,11,1,0,0,1,1,0,0,0,0
"POINT (13.766871092000031 51.163109161000079)",Unfall 169820 (2018) Kat:2, Licht: 0,169820,2,3,5,10,10,1,0,0,1,1,0,0,0,0
"POINT (13.904937209000025 51.021935830000075)",Unfall 169829 (2018) Kat:3, Licht: 0,169829,3,1,0,10,15,7,0,0,1,0,0,0,0,0
"POINT (13.750881022000044 51.063222735000068)",Unfall 169831 (2018) Kat:2, Licht: 2,169831,2,1,0,10,23,7,0,2,1,0,0,0,0,0
"POINT (13.802777573000071 51.040548125000043)",Unfall 169833 (2018) Kat:3, Licht: 2,169833,3,5,3,10,20,7,0,2,1,1,0,0,0,0
"POINT (13.759918108000022 51.027336787000081)",Unfall 169834 (2018) Kat:3, Licht: 0,169834,3,4,6,10,08,2,0,0,1,0,1,0,0,0
"POINT (13.775749907000034 51.050855266000042)",Unfall 169835 (2018) Kat:3, Licht: 0,169835,3,2,5,10,14,7,0,0,0,1,0,0,0,0
"POINT (13.770997566000062 51.040047213000037)",Unfall 169837 (2018) Kat:3, Licht: 1,169837,3,3,5,10,06,2,0,1,0,1,0,0,0,1
"POINT (13.783067665000033 51.050503161000051)",Unfall 169839 (2018) Kat:3, Licht: 0,169839,3,3,5,10,11,2,0,0,0,1,0,1,0,0
"POINT (13.771342906000029 51.060329966000040)",Unfall 169840 (2018) Kat:2, Licht: 2,169840,2,3,5,10,22,2,0,2,0,1,0,1,0,0
"POINT (13.725417577000030 51.070084254000051)",Unfall 169855 (2018) Kat:3, Licht: 0,169855,3,1,8,10,17,1,0,0,1,0,0,0,0,0
"POINT (13.752102895000064 51.061930790000076)",Unfall 169856 (2018) Kat:3, Licht: 0,169856,3,1,9,10,12,1,0,0,0,0,0,1,0,0
"POINT (13.720468939000057 51.082722540000077)",Unfall 169871 (2018) Kat:2, Licht: 0,169871,2,3,5,10,15,6,0,0,1,1,0,0,0,0
"POINT (13.722213827000076 51.049694640000041)",Unfall 169873 (2018) Kat:3, Licht: 0,169873,3,7,0,10,12,6,0,0,1,0,0,0,0,0
"POINT (13.836637476000021 51.000217565000071)",Unfall 169875 (2018) Kat:3, Licht: 0,169875,3,3,0,10,16,6,0,0,1,1,0,0,0,0
"POINT (13.808340853000061 51.050846078000063)",Unfall 169877 (2018) Kat:3, Licht: 0,169877,3,6,2,10,12,6,0,0,0,1,0,0,0,0
"POINT (13.769901856000047 51.024985447000063)",Unfall 169884 (2018) Kat:2, Licht: 0,169884,2,1,0,10,15,7,0,0,1,0,0,0,0,0
"POINT (13.703420896000068 51.046220435000066)",Unfall 169886 (2018) Kat:3, Licht: 2,169886,3,6,2,10,21,7,0,2,0,1,0,0,0,0
"POINT (13.687244639000028 51.056813782000063)",Unfall 169908 (2018) Kat:3, Licht: 0,169908,3,6,0,10,18,6,0,0,0,1,0,0,0,1
"POINT (13.793779357000062 51.006864912000026)",Unfall 169910 (2018) Kat:3, Licht: 0,169910,3,3,5,10,10,6,0,0,0,1,0,0,0,0
"POINT (13.736256948000062 51.047228280000070)",Unfall 169912 (2018) Kat:3, Licht: 0,169912,3,3,5,10,14,6,0,0,1,0,0,0,0,0
"POINT (13.716230394000036 51.093729032000056)",Unfall 169913 (2018) Kat:3, Licht: 0,169913,3,2,2,10,15,6,0,0,0,1,0,1,0,0
"POINT (13.708736393000038 51.044648691000077)",Unfall 169927 (2018) Kat:3, Licht: 0,169927,3,1,0,10,10,5,0,0,1,0,0,0,0,0
"POINT (13.694710514000064 51.053297303000079)",Unfall 169929 (2018) Kat:3, Licht: 0,169929,3,6,2,10,11,5,0,0,0,1,0,0,0,1
"POINT (13.731547979000027 51.039553780000062)",Unfall 169931 (2018) Kat:3, Licht: 2,169931,3,1,0,10,19,5,0,2,1,0,0,0,0,0
"POINT (13.736984018000044 51.031348686000058)",Unfall 169932 (2018) Kat:3, Licht: 0,169932,3,3,5,10,14,5,0,0,1,1,0,0,0,0
"POINT (13.755964746000075 51.055890932000068)",Unfall 169934 (2018) Kat:3, Licht: 0,169934,3,3,5,10,14,5,0,0,0,1,0,0,0,0
"POINT (13.857943150000040 51.004334627000048)",Unfall 169936 (2018) Kat:3, Licht: 0,169936,3,3,1,10,17,5,0,0,1,1,0,0,0,0
"POINT (13.749266801000033 51.064548991000038)",Unfall 169938 (2018) Kat:3, Licht: 2,169938,3,4,6,10,20,5,0,2,1,0,1,0,0,0
"POINT (13.800966862000053 51.010039677000066)",Unfall 169939 (2018) Kat:2, Licht: 0,169939,2,4,6,10,14,5,0,0,0,1,1,0,0,0
"POINT (13.720149812000045 51.081200024000054)",Unfall 169943 (2018) Kat:3, Licht: 0,169943,3,2,6,10,15,5,0,0,0,1,1,0,0,0
"POINT (13.710792303000062 51.032560095000065)",Unfall 169945 (2018) Kat:3, Licht: 2,169945,3,2,6,10,19,5,0,2,0,1,1,0,0,0
"POINT (13.828212197000028 50.998847776000048)",Unfall 169947 (2018) Kat:3, Licht: 0,169947,3,3,5,10,16,5,0,0,0,1,0,0,0,0
"POINT (13.854355228000031 51.008782995000047)",Unfall 169949 (2018) Kat:3, Licht: 0,169949,3,1,1,10,16,5,0,0,1,1,0,0,0,0
"POINT (13.698504705000062 51.074235821000059)",Unfall 169951 (2018) Kat:3, Licht: 0,169951,3,3,0,10,13,5,0,0,1,1,0,0,0,0
"POINT (13.690015269000071 51.042571574000078)",Unfall 169952 (2018) Kat:3, Licht: 0,169952,3,1,0,10,10,4,1,0,1,0,0,0,0,0
"POINT (13.758659942000065 51.049484446000065)",Unfall 169954 (2018) Kat:3, Licht: 0,169954,3,2,3,10,16,5,0,0,1,1,0,0,0,0
"POINT (13.787556516000052 51.035957236000058)",Unfall 169956 (2018) Kat:3, Licht: 0,169956,3,4,6,10,16,5,0,0,0,1,1,0,0,0
"POINT (13.795718530000045 51.042822970000032)",Unfall 169957 (2018) Kat:3, Licht: 0,169957,3,6,3,10,16,5,0,0,0,1,0,0,0,1
"POINT (13.777196770000046 51.060088956000072)",Unfall 169959 (2018) Kat:3, Licht: 2,169959,3,3,5,10,20,5,0,2,1,1,0,0,0,0
"POINT (13.720486636000032 51.093364782000037)",Unfall 169961 (2018) Kat:3, Licht: 0,169961,3,7,6,10,13,5,0,0,0,1,1,0,0,0
"POINT (13.664840691000052 51.059370665000074)",Unfall 169985 (2018) Kat:3, Licht: 0,169985,3,5,1,10,16,3,0,0,1,1,0,0,0,0
"POINT (13.704800081000030 51.088965313000074)",Unfall 169987 (2018) Kat:3, Licht: 0,169987,3,3,5,10,16,3,0,0,1,1,0,0,0,0
"POINT (13.785800478000056 51.035987207000062)",Unfall 169988 (2018) Kat:3, Licht: 0,169988,3,6,2,10,07,3,1,0,0,1,0,0,0,0
"POINT (13.817407701000036 51.040514499000039)",Unfall 169990 (2018) Kat:3, Licht: 0,169990,3,4,6,10,16,3,0,0,0,0,1,0,0,1
"POINT (13.705375801000059 51.034296306000044)",Unfall 170007 (2018) Kat:2, Licht: 0,170007,2,3,5,10,13,4,0,0,1,0,0,0,0,1
"POINT (13.689627919000031 51.057175571000073)",Unfall 170009 (2018) Kat:3, Licht: 0,170009,3,6,2,10,17,4,0,0,0,1,0,0,0,0
"POINT (13.710697572000072 51.032550351000054)",Unfall 170011 (2018) Kat:3, Licht: 2,170011,3,2,6,10,06,4,0,2,0,1,1,0,0,0
"POINT (13.741915625000047 51.032236281000053)",Unfall 170013 (2018) Kat:3, Licht: 0,170013,3,1,5,10,14,4,0,0,1,1,0,0,0,0
"POINT (13.741944415000034 51.116984024000033)",Unfall 170015 (2018) Kat:3, Licht: 0,170015,3,2,5,10,16,2,0,0,1,0,0,0,0,1
"POINT (13.745456717000025 51.068315786000028)",Unfall 170016 (2018) Kat:2, Licht: 1,170016,2,3,5,10,17,4,0,1,1,1,0,0,0,0
"POINT (13.811806563000061 51.020391182000026)",Unfall 170017 (2018) Kat:3, Licht: 0,170017,3,1,0,10,17,2,0,0,1,0,0,0,0,0
"POINT (13.706654683000068 51.044003538000027)",Unfall 170020 (2018) Kat:3, Licht: 0,170020,3,2,0,10,14,2,0,0,0,1,0,0,0,1
"POINT (13.723397179000074 51.040499955000030)",Unfall 170038 (2018) Kat:3, Licht: 2,170038,3,3,5,09,03,1,0,2,0,1,0,0,0,1
"POINT (13.723256584000069 51.049869686000079)",Unfall 170039 (2018) Kat:3, Licht: 0,170039,3,1,0,10,15,3,0,0,1,0,0,0,0,0
"POINT (13.775166269000067 51.038399412000047)",Unfall 170040 (2018) Kat:3, Licht: 0,170040,3,7,6,10,17,3,0,0,0,1,0,0,0,1
"POINT (13.775190447000057 51.038324845000034)",Unfall 170042 (2018) Kat:3, Licht: 0,170042,3,2,3,10,14,3,0,0,0,0,0,0,0,1
"POINT (13.727164241000025 51.047948777000045)",Unfall 170044 (2018) Kat:3, Licht: 0,170044,3,6,3,10,16,3,0,0,1,1,0,0,0,0
"POINT (13.668107516000077 51.039999231000081)",Unfall 170046 (2018) Kat:2, Licht: 2,170046,2,4,6,10,19,3,0,2,0,1,1,0,0,0
"POINT (13.747319241000071 51.070404070000052)",Unfall 170048 (2018) Kat:2, Licht: 0,170048,2,3,5,10,10,3,0,0,1,1,0,0,0,0
"POINT (13.799606357000073 51.041642741000032)",Unfall 170051 (2018) Kat:3, Licht: 2,170051,3,7,0,10,20,3,0,2,0,1,0,0,0,0
"POINT (13.745447025000033 51.027455719000045)",Unfall 170054 (2018) Kat:3, Licht: 0,170054,3,1,0,10,16,3,0,0,1,0,0,0,0,0
"POINT (13.775189403000070 51.038323736000052)",Unfall 170056 (2018) Kat:3, Licht: 0,170056,3,2,5,10,17,3,0,0,0,1,0,0,0,1
"POINT (13.744972128000029 51.072420718000046)",Unfall 170059 (2018) Kat:3, Licht: 0,170059,3,1,0,09,17,7,0,0,1,0,0,0,0,0
"POINT (13.751548722000052 51.047206583000047)",Unfall 170060 (2018) Kat:3, Licht: 0,170060,3,3,5,09,13,7,0,0,1,1,0,0,0,0
"POINT (13.750599437000062 51.047542184000065)",Unfall 170062 (2018) Kat:3, Licht: 2,170062,3,4,6,09,23,7,0,2,0,0,1,0,0,1
"POINT (13.687385024000037 51.083586078000053)",Unfall 170085 (2018) Kat:3, Licht: 2,170085,3,6,4,10,19,5,0,2,1,0,0,0,0,0
"POINT (13.720545726000068 51.029739279000069)",Unfall 170086 (2018) Kat:3, Licht: 0,170086,3,4,6,10,09,5,1,0,1,0,1,0,0,0
"POINT (13.731109527000058 51.019724154000073)",Unfall 170087 (2018) Kat:3, Licht: 0,170087,3,3,0,10,08,5,1,0,0,1,0,1,0,0
"POINT (13.777668442000049 51.128557654000076)",Unfall 170089 (2018) Kat:3, Licht: 0,170089,3,1,0,10,10,5,1,0,0,0,0,1,0,0
"POINT (13.774530225000035 51.033146287000079)",Unfall 170090 (2018) Kat:3, Licht: 2,170090,3,2,2,10,19,5,1,2,0,1,0,0,0,0
"POINT (13.738474710000048 51.039547897000034)",Unfall 170092 (2018) Kat:3, Licht: 2,170092,3,1,8,10,06,5,1,2,0,1,0,0,0,0
"POINT (13.816490763000047 51.008623492000027)",Unfall 170094 (2018) Kat:3, Licht: 0,170094,3,7,1,10,16,5,0,0,0,1,0,0,0,0
"POINT (13.816498953000064 51.008618570000067)",Unfall 170096 (2018) Kat:3, Licht: 0,170096,3,6,2,10,16,5,0,0,0,1,0,0,0,0
"POINT (13.785156246000042 51.031349372000079)",Unfall 170105 (2018) Kat:3, Licht: 2,170105,3,2,3,11,18,7,0,2,0,1,0,0,0,1
"POINT (13.770863301000077 51.039752503000045)",Unfall 170107 (2018) Kat:3, Licht: 2,170107,3,3,5,11,16,7,0,2,1,1,0,0,0,0
"POINT (13.797988136000072 51.023902575000079)",Unfall 170112 (2018) Kat:3, Licht: 0,170112,3,6,2,11,10,6,0,0,0,1,0,0,0,0
"POINT (13.812405181000031 51.011098826000079)",Unfall 170121 (2018) Kat:3, Licht: 2,170121,3,6,2,10,18,4,0,2,0,1,0,0,0,0
"POINT (13.803232483000045 51.021732381000049)",Unfall 170123 (2018) Kat:3, Licht: 0,170123,3,3,5,10,16,4,0,0,1,1,0,0,0,0
"POINT (13.742688571000031 51.047936576000041)",Unfall 170126 (2018) Kat:3, Licht: 2,170126,3,2,6,10,19,4,1,2,0,1,1,0,0,0
"POINT (13.770263242000055 51.028876296000078)",Unfall 170128 (2018) Kat:3, Licht: 0,170128,3,3,5,10,07,4,0,0,0,1,0,0,0,0
"POINT (13.759731362000025 51.027541649000057)",Unfall 170129 (2018) Kat:3, Licht: 0,170129,3,4,0,10,12,4,1,0,0,0,1,0,0,1
"POINT (13.733077763000040 51.048480040000072)",Unfall 170131 (2018) Kat:3, Licht: 0,170131,3,2,2,11,10,6,0,0,1,1,0,0,0,0
"POINT (13.776224822000074 51.115942284000027)",Unfall 170133 (2018) Kat:3, Licht: 0,170133,3,5,1,11,14,6,0,0,1,0,0,0,0,1
"POINT (13.785325057000023 51.035947388000068)",Unfall 170135 (2018) Kat:3, Licht: 0,170135,3,3,5,11,15,6,0,0,1,1,0,0,0,0
"POINT (13.791359293000028 51.046769120000079)",Unfall 170138 (2018) Kat:2, Licht: 2,170138,2,3,5,11,19,6,0,2,1,0,0,0,0,1
"POINT (13.697232781000025 51.036295944000074)",Unfall 170156 (2018) Kat:3, Licht: 0,170156,3,3,5,10,15,3,1,0,0,1,0,0,0,0
"POINT (13.754146914000046 51.069339199000069)",Unfall 170159 (2018) Kat:3, Licht: 0,170159,3,3,5,10,07,3,0,0,1,1,0,0,0,0
"POINT (13.747512029000063 51.031013372000075)",Unfall 170161 (2018) Kat:3, Licht: 0,170161,3,2,5,10,09,3,0,0,0,1,0,0,0,0
"POINT (13.790301864000071 51.020503922000046)",Unfall 170163 (2018) Kat:3, Licht: 0,170163,3,6,6,10,16,3,1,0,1,0,1,0,0,0
"POINT (13.757969815000024 51.052259145000050)",Unfall 170165 (2018) Kat:3, Licht: 0,170165,3,1,0,10,12,3,1,0,1,0,0,0,0,0
"POINT (13.717979680000042 51.033762455000044)",Unfall 170169 (2018) Kat:3, Licht: 0,170169,3,3,5,11,09,5,0,0,0,1,0,0,0,0
"POINT (13.733682820000070 51.062956421000081)",Unfall 170171 (2018) Kat:3, Licht: 2,170171,3,1,0,11,19,5,0,2,1,0,0,0,0,0
"POINT (13.777630369000065 51.056047764000027)",Unfall 170172 (2018) Kat:3, Licht: 0,170172,3,3,5,11,07,5,0,0,1,1,0,0,0,0
"POINT (13.777239699000063 51.059599351000031)",Unfall 170174 (2018) Kat:3, Licht: 0,170174,3,2,5,11,08,5,0,0,1,0,0,0,0,1
"POINT (13.785328774000050 51.035943181000050)",Unfall 170176 (2018) Kat:3, Licht: 0,170176,3,3,5,11,07,5,0,0,1,1,0,0,0,0
"POINT (13.761254929000074 51.050918476000049)",Unfall 170178 (2018) Kat:3, Licht: 0,170178,3,3,5,11,14,5,0,0,0,1,0,0,0,0
"POINT (13.809227861000068 51.010375639000074)",Unfall 170187 (2018) Kat:3, Licht: 0,170187,3,6,1,10,14,2,0,0,0,1,0,0,0,0
"POINT (13.757491290000075 51.032408822000036)",Unfall 170188 (2018) Kat:3, Licht: 1,170188,3,5,0,10,16,2,1,1,1,0,0,0,0,1
"POINT (13.744564173000072 51.062167230000057)",Unfall 170190 (2018) Kat:2, Licht: 0,170190,2,7,1,10,10,2,0,0,0,1,1,0,0,0
"POINT (13.780892841000025 51.031438830000070)",Unfall 170192 (2018) Kat:2, Licht: 0,170192,2,6,3,10,08,2,0,0,1,0,0,0,0,1
"POINT (13.747533109000074 51.031046262000075)",Unfall 170203 (2018) Kat:3, Licht: 0,170203,3,3,5,10,11,4,0,0,0,1,0,0,0,0
"POINT (13.815282289000038 51.045331796000028)",Unfall 170209 (2018) Kat:3, Licht: 0,170209,3,2,0,10,14,1,0,0,1,0,0,0,0,0
"POINT (13.799160618000030 51.004857263000076)",Unfall 170211 (2018) Kat:3, Licht: 1,170211,3,4,6,10,17,1,0,1,0,1,1,0,0,0
"POINT (13.700312858000075 51.044954342000040)",Unfall 170228 (2018) Kat:3, Licht: 0,170228,3,2,5,10,15,3,0,0,1,1,0,0,0,0
"POINT (13.665303396000070 51.040033745000073)",Unfall 170230 (2018) Kat:2, Licht: 2,170230,2,3,5,10,18,3,0,2,1,1,0,0,0,0
"POINT (13.810137321000070 51.048484005000034)",Unfall 170231 (2018) Kat:2, Licht: 0,170231,2,7,4,10,13,3,0,0,0,1,0,0,1,0
"POINT (13.802341791000060 51.012157506000051)",Unfall 170233 (2018) Kat:3, Licht: 0,170233,3,6,2,10,07,3,1,0,1,1,0,0,0,0
"POINT (13.805615435000050 51.026123189000032)",Unfall 170235 (2018) Kat:3, Licht: 0,170235,3,1,0,10,16,3,1,0,1,0,0,0,0,0
"POINT (13.798546356000031 50.993075803000067)",Unfall 170238 (2018) Kat:3, Licht: 0,170238,3,7,0,10,14,7,0,0,1,0,0,0,0,0
"POINT (13.789893927000037 51.036696375000076)",Unfall 170240 (2018) Kat:3, Licht: 0,170240,3,2,0,10,11,7,0,0,0,1,0,0,0,1
"POINT (13.780156309000063 51.116167991000054)",Unfall 170260 (2018) Kat:3, Licht: 2,170260,3,3,5,10,05,6,0,2,1,1,0,0,0,0
"POINT (13.734160123000038 51.115155169000047)",Unfall 170262 (2018) Kat:3, Licht: 0,170262,3,3,5,10,09,6,1,0,0,1,0,0,0,0
"POINT (13.745097519000069 51.072289285000068)",Unfall 170268 (2018) Kat:3, Licht: 0,170268,3,2,5,10,07,2,1,0,1,1,0,0,0,0
"POINT (13.784051655000042 51.047187440000073)",Unfall 170270 (2018) Kat:3, Licht: 0,170270,3,3,5,10,11,2,1,0,0,1,0,0,0,0
"POINT (13.771820067000021 51.046876369000074)",Unfall 170272 (2018) Kat:3, Licht: 2,170272,3,3,5,10,19,2,0,2,1,1,0,0,0,0
"POINT (13.714127984000072 51.035475711000061)",Unfall 170274 (2018) Kat:3, Licht: 0,170274,3,2,5,10,09,2,1,0,1,1,0,0,0,0
"POINT (13.779729426000074 51.040936027000043)",Unfall 170276 (2018) Kat:3, Licht: 0,170276,3,3,5,10,07,2,1,0,1,1,0,0,0,0
"POINT (13.800410921000037 51.027290229000073)",Unfall 170284 (2018) Kat:3, Licht: 0,170284,3,3,5,10,11,5,0,0,0,1,0,0,0,1
"POINT (13.757893864000039 51.075838202000057)",Unfall 170290 (2018) Kat:3, Licht: 2,170290,3,6,2,10,18,1,1,2,0,1,0,0,0,0
"POINT (13.754919652000069 51.028695186000050)",Unfall 170304 (2018) Kat:3, Licht: 2,170304,3,5,1,10,01,7,0,2,0,1,0,0,0,1
"POINT (13.778171674000077 51.122586550000051)",Unfall 170306 (2018) Kat:2, Licht: 0,170306,2,1,1,10,11,7,0,0,1,1,0,0,0,0
"POINT (13.701738782000064 51.038162937000038)",Unfall 170313 (2018) Kat:3, Licht: 2,170313,3,3,5,10,19,4,0,2,0,1,0,0,0,0
"POINT (13.820550980000064 51.013660695000056)",Unfall 170315 (2018) Kat:2, Licht: 0,170315,2,7,3,10,16,4,0,0,0,1,0,1,0,0
"POINT (13.739034815000025 51.050289444000043)",Unfall 170317 (2018) Kat:3, Licht: 0,170317,3,2,3,10,11,4,0,0,1,1,0,0,0,0
"POINT (13.760899177000056 51.033423508000055)",Unfall 170318 (2018) Kat:3, Licht: 0,170318,3,3,5,10,16,4,0,0,1,1,0,0,0,0
"POINT (13.817287023000063 51.029856368000026)",Unfall 170320 (2018) Kat:3, Licht: 0,170320,3,3,5,10,09,4,0,0,0,1,0,0,0,0
"POINT (13.705027704000031 51.082550982000043)",Unfall 170336 (2018) Kat:2, Licht: 0,170336,2,4,6,10,16,6,0,0,0,1,1,0,0,0
"POINT (13.811789381000040 51.020508581000058)",Unfall 170338 (2018) Kat:3, Licht: 2,170338,3,6,0,10,04,6,0,2,1,1,0,0,0,0
"POINT (13.835277589000043 51.024866685000063)",Unfall 170339 (2018) Kat:3, Licht: 0,170339,3,5,1,10,11,6,0,0,1,1,0,0,0,0
"POINT (13.790880014000038 51.026763116000041)",Unfall 170341 (2018) Kat:3, Licht: 0,170341,3,2,2,10,15,6,0,0,0,1,0,0,0,0
"POINT (13.699963686000046 51.084903284000063)",Unfall 170345 (2018) Kat:2, Licht: 1,170345,2,2,6,10,18,3,0,1,0,0,1,0,0,1
"POINT (13.771839791000048 51.040860844000065)",Unfall 170347 (2018) Kat:3, Licht: 2,170347,3,3,5,10,19,3,0,2,0,1,0,1,0,0
"POINT (13.806967807000035 51.051382784000054)",Unfall 170388 (2018) Kat:3, Licht: 0,170388,3,4,0,11,11,3,0,0,0,1,1,0,0,0
"POINT (13.686428823000028 51.083982296000045)",Unfall 170406 (2018) Kat:3, Licht: 2,170406,3,2,2,11,19,2,0,2,0,1,0,1,0,0
"POINT (13.832610146000036 51.002921665000031)",Unfall 170408 (2018) Kat:3, Licht: 0,170408,3,5,1,11,08,2,0,0,1,0,0,0,0,1
"POINT (13.718975150000063 51.032198861000040)",Unfall 170410 (2018) Kat:2, Licht: 0,170410,2,5,1,11,07,2,0,0,1,1,0,0,0,0
"POINT (13.761224730000038 51.112165624000056)",Unfall 170412 (2018) Kat:3, Licht: 0,170412,3,3,5,11,13,2,0,0,0,1,0,0,0,1
"POINT (13.750235301000032 51.071471331000055)",Unfall 170414 (2018) Kat:3, Licht: 0,170414,3,6,3,11,07,2,0,0,1,1,0,0,0,0
"POINT (13.801323356000069 51.028449630000068)",Unfall 170415 (2018) Kat:3, Licht: 0,170415,3,2,5,11,15,2,0,0,0,1,0,0,0,0
"POINT (13.780087124000033 51.116177604000029)",Unfall 170417 (2018) Kat:2, Licht: 2,170417,2,1,0,11,06,2,0,2,1,0,0,0,0,0
"POINT (13.809609977000036 50.987929531000077)",Unfall 170418 (2018) Kat:3, Licht: 1,170418,3,6,8,11,07,2,0,1,1,1,0,0,0,0
"POINT (13.720262923000064 51.037855530000058)",Unfall 170419 (2018) Kat:2, Licht: 0,170419,2,1,0,11,11,2,1,0,1,0,0,0,0,0
"POINT (13.757722169000033 51.062717110000051)",Unfall 170420 (2018) Kat:3, Licht: 0,170420,3,3,5,11,07,2,1,0,1,1,0,0,0,0
"POINT (13.774954389000072 51.038133468000069)",Unfall 170422 (2018) Kat:3, Licht: 2,170422,3,2,3,11,17,2,0,2,0,1,0,1,0,0
"POINT (13.782336362000024 51.047624580000047)",Unfall 170424 (2018) Kat:3, Licht: 0,170424,3,3,5,11,12,2,0,0,0,1,0,0,0,0
"POINT (13.631489523000027 51.039359553000054)",Unfall 170444 (2018) Kat:3, Licht: 0,170444,3,2,6,11,13,7,0,0,0,1,1,0,0,0
"POINT (13.713863075000063 51.056777267000029)",Unfall 170446 (2018) Kat:3, Licht: 0,170446,3,3,5,11,14,7,0,0,0,1,0,0,0,0
"POINT (13.808992336000074 51.011924436000072)",Unfall 170447 (2018) Kat:3, Licht: 0,170447,3,1,0,11,16,1,0,0,1,0,0,0,0,0
"POINT (13.732967688000031 51.034010059000082)",Unfall 170448 (2018) Kat:3, Licht: 0,170448,3,2,5,11,11,1,0,0,0,1,0,0,0,0
"POINT (13.661190513000065 51.050805402000037)",Unfall 170466 (2018) Kat:3, Licht: 2,170466,3,2,5,11,17,7,0,2,0,1,1,0,0,0
"POINT (13.720809469000073 51.054512057000068)",Unfall 170477 (2018) Kat:3, Licht: 0,170477,3,6,4,11,08,6,0,0,1,0,0,0,0,0
"POINT (13.836186639000061 51.026508532000037)",Unfall 170478 (2018) Kat:3, Licht: 0,170478,3,6,2,11,14,6,0,0,1,1,0,0,0,0
"POINT (13.795235955000066 51.036208301000045)",Unfall 170480 (2018) Kat:3, Licht: 0,170480,3,7,1,11,06,6,0,0,0,1,0,0,0,0
"POINT (13.654220736000070 51.046850919000065)",Unfall 170493 (2018) Kat:3, Licht: 2,170493,3,1,0,11,17,6,0,2,1,0,0,0,0,0
"POINT (13.741502424000032 51.023635610000042)",Unfall 170495 (2018) Kat:3, Licht: 0,170495,3,1,0,11,12,6,0,0,1,0,0,0,0,0
"POINT (13.789883596000038 51.047309024000072)",Unfall 170498 (2018) Kat:3, Licht: 0,170498,3,6,3,11,08,6,0,0,1,1,0,0,0,0
"POINT (13.785427542000036 51.049389877000067)",Unfall 170500 (2018) Kat:3, Licht: 0,170500,3,7,0,11,08,6,0,0,1,1,0,0,0,0
"POINT (13.749820987000021 51.077630525000075)",Unfall 170503 (2018) Kat:3, Licht: 2,170503,3,3,5,11,18,6,0,2,1,0,0,0,0,0
"POINT (13.830985942000041 51.009917049000080)",Unfall 170505 (2018) Kat:3, Licht: 0,170505,3,2,5,11,14,6,0,0,1,1,0,0,0,0
"POINT (13.777402726000048 51.058740846000035)",Unfall 170525 (2018) Kat:3, Licht: 2,170525,3,2,3,11,19,5,0,2,1,1,0,0,0,0