WKT,Name,OBJECTID,UKATEGORIE,UTYP1,UART,UMONAT,USTUNDE,UWOCHENTAG,STRZUSTAND,ULICHTVERH,ISTRAD,ISTPKW,ISTFUSS,ISTKRAD,ISTGKFZ,ISTSONSTIG
"POINT (13.717507702000034 51.055611135000049)",Unfall 170526 (2018) Kat:3, Licht: 0,170526,3,7,0,11,08,5,0,0,0,1,0,1,0,0
"POINT (13.844694763000064 51.003275176000045)",Unfall 170528 (2018) Kat:3, Licht: 1,170528,3,2,3,11,07,5,1,1,1,1,0,0,0,0
"POINT (13.722616545000051 51.031671016000075)",Unfall 170530 (2018) Kat:3, Licht: 0,170530,3,4,1,11,09,5,0,0,0,1,1,0,0,0
"POINT (13.760673289000067 51.049192592000054)",Unfall 170533 (2018) Kat:3, Licht: 0,170533,3,3,5,11,07,5,0,0,1,1,0,0,0,0
"POINT (13.803076579000049 51.047429731000079)",Unfall 170535 (2018) Kat:3, Licht: 2,170535,3,2,3,11,18,5,0,2,1,1,0,0,0,0
"POINT (13.750910448000070 51.060509351000064)",Unfall 170536 (2018) Kat:2, Licht: 0,170536,2,6,3,11,08,5,0,0,1,1,0,0,0,0
"POINT (13.756043835000071 51.073598233000041)",Unfall 170562 (2018) Kat:3, Licht: 0,170562,3,6,3,11,16,4,0,0,1,1,0,0,0,0
"POINT (13.710860910000065 51.059057287000030)",Unfall 170563 (2018) Kat:3, Licht: 0,170563,3,3,5,11,07,4,1,0,0,1,0,0,0,0
"POINT (13.798157469000046 51.023832612000035)",Unfall 170564 (2018) Kat:3, Licht: 0,170564,3,2,5,11,09,4,0,0,1,1,0,0,0,0
"POINT (13.714075257000047 51.051086002000034)",Unfall 170565 (2018) Kat:3, Licht: 0,170565,3,6,2,11,15,4,0,0,0,1,0,0,0,0
"POINT (13.710775037000076 51.032514142000082)",Unfall 170566 (2018) Kat:3, Licht: 0,170566,3,3,5,11,08,4,0,0,0,1,0,1,0,0
"POINT (13.738474234000023 51.074138119000054)",Unfall 170567 (2018) Kat:2, Licht: 0,170567,2,3,5,11,14,4,0,0,1,1,0,0,0,0
"POINT (13.757741382000063 51.062543299000026)",Unfall 170568 (2018) Kat:3, Licht: 0,170568,3,7,2,11,07,4,0,0,1,1,0,0,0,0
"POINT (13.767430854000054 51.066510515000061)",Unfall 170570 (2018) Kat:3, Licht: 0,170570,3,3,5,11,09,4,0,0,1,1,0,0,0,0
"POINT (13.795437386000060 51.042886150000072)",Unfall 170572 (2018) Kat:3, Licht: 0,170572,3,3,5,11,16,4,0,0,1,1,0,0,0,0
"POINT (13.751352765000036 51.023022671000035)",Unfall 170574 (2018) Kat:2, Licht: 0,170574,2,3,5,11,07,4,0,0,1,1,0,0,0,0
"POINT (13.749631184000066 51.033345100000076)",Unfall 170604 (2018) Kat:3, Licht: 0,170604,3,3,5,11,07,3,0,0,1,1,0,0,0,0
"POINT (13.752641610000069 51.060461856000074)",Unfall 170607 (2018) Kat:3, Licht: 0,170607,3,3,5,11,09,3,0,0,1,1,0,0,0,0
"POINT (13.752432398000053 51.116165551000051)",Unfall 170611 (2018) Kat:3, Licht: 1,170611,3,3,5,11,07,3,0,1,1,1,0,0,0,0
"POINT (13.770290622000061 51.028867237000043)",Unfall 170613 (2018) Kat:3, Licht: 0,170613,3,3,5,11,09,3,0,0,1,1,0,0,0,0
"POINT (13.755946183000049 51.055882693000058)",Unfall 170614 (2018) Kat:3, Licht: 0,170614,3,2,3,11,07,3,0,0,1,1,0,0,0,0
"POINT (13.726329412000041 51.084620304000055)",Unfall 170635 (2018) Kat:3, Licht: 0,170635,3,5,1,11,08,3,0,0,1,1,0,0,0,0
"POINT (13.838555328000041 51.005820855000081)",Unfall 170637 (2018) Kat:3, Licht: 2,170637,3,2,6,11,17,3,1,2,0,1,1,0,0,0
"POINT (13.747825545000069 51.060747587000037)",Unfall 170639 (2018) Kat:3, Licht: 2,170639,3,5,1,11,17,3,0,2,0,1,0,0,0,0
"POINT (13.752601509000044 51.060447996000050)",Unfall 170642 (2018) Kat:3, Licht: 0,170642,3,3,5,11,13,3,1,0,1,1,0,0,0,0
"POINT (13.728307364000045 51.056784430000050)",Unfall 170644 (2018) Kat:3, Licht: 0,170644,3,5,1,11,12,2,0,0,1,1,0,0,0,0
"POINT (13.808257593000064 51.050917866000077)",Unfall 170645 (2018) Kat:3, Licht: 0,170645,3,2,6,11,13,3,1,0,0,1,1,0,0,0
"POINT (13.715519074000042 51.088319178000063)",Unfall 170646 (2018) Kat:3, Licht: 0,170646,3,6,3,11,14,2,0,0,1,0,0,0,0,0
"POINT (13.700989207000077 51.082309758000065)",Unfall 170647 (2018) Kat:1, Licht: 2,170647,1,4,6,11,20,3,1,2,0,1,1,0,0,0
"POINT (13.725715743000023 51.050372103000029)",Unfall 170648 (2018) Kat:3, Licht: 1,170648,3,7,1,11,06,2,0,1,1,1,0,0,0,0
"POINT (13.783982139000045 51.047175877000029)",Unfall 170651 (2018) Kat:2, Licht: 2,170651,2,3,5,11,00,2,0,2,1,1,0,0,0,0
"POINT (13.807182173000058 51.006860765000056)",Unfall 170657 (2018) Kat:3, Licht: 0,170657,3,7,4,11,13,1,1,0,1,1,0,0,0,0
"POINT (13.773518097000021 51.048597159000053)",Unfall 170660 (2018) Kat:3, Licht: 2,170660,3,6,2,11,17,1,0,2,0,1,0,0,0,0
"POINT (13.678320578000069 51.061236685000040)",Unfall 170672 (2018) Kat:2, Licht: 2,170672,2,2,6,12,19,4,1,2,0,1,1,0,0,0
"POINT (13.827694964000045 51.011419732000036)",Unfall 170674 (2018) Kat:3, Licht: 0,170674,3,4,6,12,12,4,1,0,0,1,1,0,0,0
"POINT (13.741781713000023 51.074787556000047)",Unfall 170676 (2018) Kat:3, Licht: 2,170676,3,7,6,12,08,4,0,2,0,1,1,0,0,0
"POINT (13.755928969000024 51.055875671000081)",Unfall 170678 (2018) Kat:3, Licht: 1,170678,3,2,5,12,07,4,1,1,1,0,0,0,0,1
"POINT (13.786931692000053 51.015805775000047)",Unfall 170683 (2018) Kat:3, Licht: 2,170683,3,2,6,12,06,4,1,2,0,1,1,0,0,0
"POINT (13.748566649000054 51.071688366000046)",Unfall 170687 (2018) Kat:3, Licht: 0,170687,3,2,5,12,13,2,1,0,1,1,0,0,0,0
"POINT (13.782515389000025 51.033089378000057)",Unfall 170689 (2018) Kat:3, Licht: 2,170689,3,6,3,12,17,2,0,2,1,1,0,0,0,0
"POINT (13.752132505000077 51.048209184000029)",Unfall 170704 (2018) Kat:3, Licht: 1,170704,3,3,5,12,07,1,1,1,0,1,0,0,0,0
"POINT (13.777671653000027 51.031882428000074)",Unfall 170706 (2018) Kat:3, Licht: 0,170706,3,3,5,12,10,1,0,0,1,1,0,0,0,0
"POINT (13.788107297000067 51.043296286000043)",Unfall 170711 (2018) Kat:3, Licht: 2,170711,3,4,6,12,17,1,1,2,0,0,1,0,0,1
"POINT (13.786894871000072 51.015834709000046)",Unfall 170716 (2018) Kat:3, Licht: 0,170716,3,2,4,12,14,3,1,0,1,1,0,0,0,0
"POINT (13.788090984000064 51.043296860000055)",Unfall 170718 (2018) Kat:3, Licht: 0,170718,3,6,2,12,09,3,1,0,0,1,0,0,0,0
"POINT (13.819620066000027 51.062683134000054)",Unfall 170722 (2018) Kat:3, Licht: 0,170722,3,3,5,12,07,3,1,0,0,1,0,0,0,1
"POINT (13.780924713000047 51.057470498000043)",Unfall 170724 (2018) Kat:3, Licht: 0,170724,3,3,6,12,13,3,1,0,0,0,1,0,0,1
"POINT (13.773566138000035 51.042725220000079)",Unfall 170728 (2018) Kat:3, Licht: 1,170728,3,4,6,12,16,3,1,1,0,1,1,0,0,0
"POINT (13.853003427000033 51.006475407000039)",Unfall 170729 (2018) Kat:3, Licht: 0,170729,3,3,5,12,13,7,1,0,0,1,0,0,0,0
"POINT (13.729467045000035 51.045696595000038)",Unfall 170733 (2018) Kat:3, Licht: 2,170733,3,3,5,12,21,3,1,2,1,1,0,0,0,0
"POINT (13.719395329000065 51.054072089000044)",Unfall 170735 (2018) Kat:3, Licht: 0,170735,3,4,6,12,14,3,1,0,0,1,1,0,0,0
"POINT (13.771754557000065 51.040834333000078)",Unfall 170760 (2018) Kat:3, Licht: 2,170760,3,3,5,11,21,6,1,2,0,1,0,0,0,0
"POINT (13.749577947000034 51.033599366000033)",Unfall 170762 (2018) Kat:3, Licht: 0,170762,3,3,5,11,13,6,1,0,1,1,0,0,0,0
"POINT (13.747474384000043 51.053448633000073)",Unfall 170763 (2018) Kat:2, Licht: 2,170763,2,6,4,12,05,3,1,2,1,0,0,0,0,0
"POINT (13.849090974000035 50.995337624000058)",Unfall 170773 (2018) Kat:3, Licht: 0,170773,3,7,1,12,14,2,0,0,0,1,0,0,0,0
"POINT (13.742202184000064 51.065237891000038)",Unfall 170775 (2018) Kat:2, Licht: 0,170775,2,3,0,12,10,2,1,0,1,1,0,0,0,0
"POINT (13.727440874000024 51.048467635000065)",Unfall 170778 (2018) Kat:3, Licht: 1,170778,3,6,2,12,07,3,1,1,0,1,0,0,0,0
"POINT (13.765724211000077 51.071180904000073)",Unfall 170779 (2018) Kat:2, Licht: 0,170779,2,1,0,12,10,2,1,0,1,0,0,0,0,0
"POINT (13.795006407000074 51.046308985000053)",Unfall 170781 (2018) Kat:3, Licht: 2,170781,3,5,1,12,18,2,1,2,0,1,0,0,0,0
"POINT (13.780961158000025 51.045853903000079)",Unfall 170784 (2018) Kat:2, Licht: 1,170784,2,3,5,12,16,2,1,1,1,1,0,0,0,0
"POINT (13.779834618000052 51.044301820000044)",Unfall 170786 (2018) Kat:3, Licht: 2,170786,3,2,3,12,17,3,0,2,1,1,0,0,0,0
"POINT (13.755131736000067 51.046208906000061)",Unfall 170787 (2018) Kat:3, Licht: 0,170787,3,4,6,12,14,2,1,0,0,1,1,0,0,0
"POINT (13.808411049000028 51.045267542000033)",Unfall 170789 (2018) Kat:3, Licht: 2,170789,3,3,5,12,06,2,1,2,1,1,0,0,0,0
"POINT (13.714025998000068 51.086403678000067)",Unfall 170790 (2018) Kat:3, Licht: 1,170790,3,7,0,11,06,5,0,1,1,1,0,0,0,0
"POINT (13.702134744000034 51.034948604000078)",Unfall 170791 (2018) Kat:3, Licht: 0,170791,3,3,5,12,12,2,1,0,0,1,0,1,0,0
"POINT (13.743586826000069 51.035635745000036)",Unfall 170792 (2018) Kat:3, Licht: 0,170792,3,3,5,11,15,5,0,0,0,1,0,0,0,0
"POINT (13.770271037000043 51.028873717000067)",Unfall 170793 (2018) Kat:2, Licht: 0,170793,2,2,4,11,07,5,0,0,1,1,0,0,0,0
"POINT (13.699862759000041 51.074483458000032)",Unfall 170794 (2018) Kat:3, Licht: 1,170794,3,3,5,12,07,3,1,1,1,1,0,0,0,0
"POINT (13.749889330000030 51.063365890000057)",Unfall 170822 (2018) Kat:3, Licht: 2,170822,3,3,5,12,00,7,0,2,1,0,0,0,0,1
"POINT (13.766695432000063 51.041404466000074)",Unfall 170823 (2018) Kat:3, Licht: 0,170823,3,1,8,12,09,7,0,0,0,1,0,0,0,0
"POINT (13.816362426000069 51.016102575000048)",Unfall 170825 (2018) Kat:3, Licht: 0,170825,3,6,2,12,14,7,0,0,0,1,0,0,0,0
"POINT (13.678492235000022 51.056692135000048)",Unfall 170836 (2018) Kat:3, Licht: 2,170836,3,4,6,11,07,4,0,2,0,1,1,0,0,0
"POINT (13.755439073000048 51.049998828000071)",Unfall 170839 (2018) Kat:3, Licht: 2,170839,3,3,5,11,06,4,0,2,1,1,0,0,0,0
"POINT (13.812503737000043 51.019854601000077)",Unfall 170841 (2018) Kat:3, Licht: 0,170841,3,2,5,11,08,4,0,0,1,1,0,0,0,0
"POINT (13.774454647000027 51.033251677000067)",Unfall 170842 (2018) Kat:3, Licht: 1,170842,3,1,0,11,15,4,0,1,1,0,0,0,0,0
"POINT (13.673495675000026 51.040526651000050)",Unfall 170845 (2018) Kat:2, Licht: 0,170845,2,3,5,11,13,4,0,0,0,1,0,1,0,0
"POINT (13.715126862000034 51.055441122000047)",Unfall 170869 (2018) Kat:3, Licht: 0,170869,3,5,1,11,07,3,1,0,0,1,0,0,0,0
"POINT (13.720030242000064 51.092710857000043)",Unfall 170871 (2018) Kat:2, Licht: 1,170871,2,3,5,11,16,3,0,1,0,1,0,0,0,0
"POINT (13.725045934000036 51.077034446000027)",Unfall 170875 (2018) Kat:3, Licht: 2,170875,3,2,6,12,22,6,0,2,0,1,1,0,0,0
"POINT (13.697485087000075 51.006508160000067)",Unfall 170878 (2018) Kat:3, Licht: 0,170878,3,1,1,12,08,6,1,0,0,1,0,0,0,0
"POINT (13.790580247000037 51.021045197000035)",Unfall 170880 (2018) Kat:3, Licht: 0,170880,3,2,5,12,12,6,1,0,0,1,0,1,0,0
"POINT (13.720260603000042 51.054707638000082)",Unfall 170881 (2018) Kat:3, Licht: 0,170881,3,1,0,12,11,6,1,0,0,0,0,1,0,1
"POINT (13.709697235000021 51.044883555000069)",Unfall 170898 (2018) Kat:3, Licht: 0,170898,3,1,0,11,13,2,0,0,1,0,0,0,0,0
"POINT (13.754952105000029 51.070100274000026)",Unfall 170900 (2018) Kat:2, Licht: 2,170900,2,4,6,11,18,2,0,2,0,1,1,0,0,0
"POINT (13.765773341000056 51.065786775000049)",Unfall 170901 (2018) Kat:2, Licht: 2,170901,2,3,5,12,18,5,1,2,0,1,0,1,0,0
"POINT (13.821071293000045 51.036922489000062)",Unfall 170902 (2018) Kat:3, Licht: 0,170902,3,4,6,11,11,2,0,0,1,0,1,0,0,0
"POINT (13.756248469000070 51.068664656000067)",Unfall 170903 (2018) Kat:3, Licht: 2,170903,3,7,1,12,16,5,1,2,1,1,0,0,0,0
"POINT (13.829371962000039 51.010551452000072)",Unfall 170905 (2018) Kat:3, Licht: 2,170905,3,3,5,12,16,5,1,2,0,1,0,0,0,1
"POINT (13.777389488000040 51.052518692000035)",Unfall 170907 (2018) Kat:3, Licht: 0,170907,3,6,3,12,08,5,0,0,0,0,0,0,0,1
"POINT (13.744380509000052 51.072480855000038)",Unfall 170909 (2018) Kat:3, Licht: 2,170909,3,5,1,11,18,1,0,2,1,1,0,0,0,0
"POINT (13.693238415000053 51.084211415000027)",Unfall 170935 (2018) Kat:3, Licht: 2,170935,3,6,2,11,18,6,0,2,0,1,0,0,0,0
"POINT (13.758000515000049 51.075814369000057)",Unfall 170937 (2018) Kat:3, Licht: 0,170937,3,4,6,11,13,6,0,0,0,1,1,0,0,0
"POINT (13.781329373000062 51.127898461000029)",Unfall 170939 (2018) Kat:3, Licht: 0,170939,3,7,0,11,14,6,0,0,1,0,0,0,0,0
"POINT (13.737896437000074 51.047027474000060)",Unfall 170941 (2018) Kat:3, Licht: 0,170941,3,3,5,11,10,6,0,0,1,1,0,0,0,0
"POINT (13.701374120000025 51.040714832000049)",Unfall 170942 (2018) Kat:3, Licht: 2,170942,3,2,2,12,17,4,0,2,0,1,0,0,0,0
"POINT (13.777194832000077 51.060111952000057)",Unfall 170943 (2018) Kat:3, Licht: 2,170943,3,3,5,11,17,6,0,2,1,1,0,0,0,0
"POINT (13.700409388000026 51.016161916000044)",Unfall 170944 (2018) Kat:3, Licht: 0,170944,3,4,6,12,08,4,0,0,0,1,1,0,0,0
"POINT (13.710773885000037 51.032514690000028)",Unfall 170945 (2018) Kat:3, Licht: 2,170945,3,2,4,12,06,4,0,2,0,1,0,1,0,0
"POINT (13.767237596000029 51.118774716000075)",Unfall 170946 (2018) Kat:3, Licht: 0,170946,3,6,3,11,12,6,0,0,1,1,0,0,0,0
"POINT (13.770267601000057 51.028921879000052)",Unfall 170947 (2018) Kat:3, Licht: 2,170947,3,2,4,12,16,4,0,2,1,1,0,0,0,0
"POINT (13.801768576000029 51.146564395000041)",Unfall 170972 (2018) Kat:3, Licht: 2,170972,3,1,0,12,05,3,1,2,0,0,0,0,0,1
"POINT (13.746217192000074 51.028999101000068)",Unfall 170973 (2018) Kat:3, Licht: 0,170973,3,1,0,11,08,5,0,0,1,0,0,0,0,0
"POINT (13.789288784000064 51.036245610000037)",Unfall 170974 (2018) Kat:3, Licht: 2,170974,3,5,1,11,18,5,0,2,1,1,0,0,0,0
"POINT (13.738471461000074 51.039550592000069)",Unfall 170979 (2018) Kat:2, Licht: 0,170979,2,1,9,12,13,2,1,0,0,1,0,0,0,0
"POINT (13.768198418000054 51.109157357000072)",Unfall 170983 (2018) Kat:3, Licht: 0,170983,3,1,4,12,13,1,1,0,0,1,0,1,0,0
"POINT (13.804269509000051 51.040035901000067)",Unfall 170992 (2018) Kat:2, Licht: 2,170992,2,2,6,12,19,7,1,2,0,1,1,0,0,0
"POINT (13.756565982000041 51.055093499000066)",Unfall 171027 (2018) Kat:3, Licht: 2,171027,3,3,5,12,17,6,1,2,1,1,0,0,0,0
"POINT (13.797055665000073 51.044386785000029)",Unfall 171028 (2018) Kat:3, Licht: 2,171028,3,3,5,12,18,6,1,2,0,1,0,0,0,0
"POINT (13.745670840000059 51.077626301000066)",Unfall 171047 (2018) Kat:3, Licht: 0,171047,3,1,0,12,00,5,1,0,0,1,0,1,0,0
"POINT (13.781665343000043 51.046831507000036)",Unfall 171050 (2018) Kat:3, Licht: 2,171050,3,3,5,12,17,5,1,2,0,1,0,1,0,0
"POINT (13.716906310000070 51.055804469000066)",Unfall 171052 (2018) Kat:2, Licht: 2,171052,2,2,3,12,05,5,1,2,0,1,0,0,0,0
"POINT (13.791567742000041 51.006746053000029)",Unfall 171073 (2018) Kat:3, Licht: 0,171073,3,1,0,12,15,4,0,0,1,0,0,0,0,0
"POINT (13.788503992000074 51.043282333000036)",Unfall 171076 (2018) Kat:3, Licht: 0,171076,3,4,6,12,07,4,0,0,1,0,0,0,0,1
"POINT (13.690170482000042 51.060516193000069)",Unfall 171078 (2018) Kat:3, Licht: 0,171078,3,6,4,12,12,4,0,0,1,1,0,0,0,0
"POINT (13.680139036000071 51.042710935000059)",Unfall 171079 (2018) Kat:3, Licht: 2,171079,3,4,6,12,16,4,0,2,0,1,1,0,0,0
"POINT (13.700859568000055 51.088119543000062)",Unfall 171125 (2018) Kat:3, Licht: 0,171125,3,3,5,12,10,3,0,0,0,1,0,0,0,0
"POINT (13.724270752000052 51.030737034000026)",Unfall 171127 (2018) Kat:3, Licht: 2,171127,3,6,2,12,18,3,0,2,1,1,0,0,0,0
"POINT (13.712863793000054 51.079376020000041)",Unfall 171129 (2018) Kat:3, Licht: 2,171129,3,2,5,12,06,3,0,2,0,1,0,0,0,0
"POINT (13.694037444000060 51.087157228000081)",Unfall 171166 (2018) Kat:3, Licht: 0,171166,3,3,5,12,14,2,0,0,0,1,0,0,0,0
"POINT (13.771835163000048 51.046869856000058)",Unfall 171168 (2018) Kat:3, Licht: 0,171168,3,2,2,12,11,7,1,0,0,1,0,0,0,0
"POINT (13.749749566000048 51.040992788000040)",Unfall 171169 (2018) Kat:3, Licht: 2,171169,3,6,2,12,16,2,0,2,0,1,0,0,0,0
"POINT (13.700287861000049 51.087235058000033)",Unfall 171170 (2018) Kat:2, Licht: 2,171170,2,5,3,12,17,7,1,2,0,1,0,1,0,0
"POINT (13.705851050000035 51.043533048000029)",Unfall 171171 (2018) Kat:3, Licht: 2,171171,3,1,8,12,20,2,1,2,1,0,0,0,0,0
"POINT (13.606314560000044 51.061231523000060)",Unfall 171189 (2018) Kat:3, Licht: 2,171189,3,1,8,12,00,1,1,2,0,1,0,0,0,0
"POINT (13.780534533000036 51.019455398000048)",Unfall 171192 (2018) Kat:3, Licht: 2,171192,3,1,0,12,20,6,0,2,1,0,0,0,0,0
"POINT (13.710768176000045 51.032539443000076)",Unfall 171194 (2018) Kat:3, Licht: 0,171194,3,2,2,12,15,6,0,0,0,1,0,0,0,0
"POINT (13.835108360000049 51.027450506000037)",Unfall 171195 (2018) Kat:3, Licht: 2,171195,3,5,1,12,18,6,1,2,0,1,0,0,0,0
"POINT (13.813873908000062 51.054399717000081)",Unfall 171197 (2018) Kat:3, Licht: 0,171197,3,7,0,12,09,6,0,0,0,1,0,1,0,0
"POINT (13.697146081000028 51.082113023000034)",Unfall 171200 (2018) Kat:3, Licht: 2,171200,3,2,2,12,20,6,1,2,0,1,0,0,0,0
"POINT (13.694215019000069 51.085890621000033)",Unfall 171218 (2018) Kat:3, Licht: 0,171218,3,4,6,12,14,5,1,0,0,1,1,0,0,0
"POINT (13.721158797000044 51.058929113000033)",Unfall 171222 (2018) Kat:3, Licht: 2,171222,3,1,1,12,17,6,0,2,0,1,0,0,0,1
"POINT (13.759176753000077 51.034150216000057)",Unfall 171224 (2018) Kat:3, Licht: 2,171224,3,2,5,12,06,6,0,2,1,1,0,0,0,0
"POINT (13.708500841000046 51.030511579000063)",Unfall 171229 (2018) Kat:3, Licht: 0,171229,3,1,0,12,11,5,1,0,1,1,0,0,0,0
"POINT (13.744880899000066 51.068330243000048)",Unfall 171230 (2018) Kat:2, Licht: 2,171230,2,7,0,12,22,5,0,2,1,0,0,0,0,0
"POINT (13.765343565000023 51.046958571000062)",Unfall 171232 (2018) Kat:2, Licht: 2,171232,2,3,5,12,06,5,1,2,0,1,0,0,0,1
"POINT (13.757549898000036 51.045391930000051)",Unfall 171245 (2018) Kat:2, Licht: 2,171245,2,1,9,12,02,4,0,2,0,0,0,1,0,0
"POINT (13.777927069000043 51.038450209000075)",Unfall 171246 (2018) Kat:3, Licht: 0,171246,3,3,5,12,13,5,0,0,1,1,0,0,0,0
"POINT (13.777867231000073 51.053910573000053)",Unfall 171248 (2018) Kat:2, Licht: 2,171248,2,6,2,12,17,5,0,2,0,1,0,0,0,0
"POINT (13.746001543000034 51.115689262000046)",Unfall 171249 (2018) Kat:2, Licht: 0,171249,2,4,6,12,13,5,0,0,0,1,1,0,0,0
"POINT (13.807143117000066 51.005067156000052)",Unfall 171250 (2018) Kat:3, Licht: 2,171250,3,7,8,12,19,3,0,2,0,1,0,0,0,0
"POINT (13.798996158000023 51.043651113000067)",Unfall 171252 (2018) Kat:3, Licht: 0,171252,3,3,5,12,11,3,1,0,0,1,0,1,0,0
"POINT (13.684535090000054 51.057192364000059)",Unfall 171254 (2018) Kat:2, Licht: 1,171254,2,7,1,12,15,3,1,1,0,1,0,0,1,0
"POINT (13.795049798000036 51.000904808000030)",Unfall 132626 (2019) Kat:3, Licht: 2,132626,3,1,8,01,18,2,1,2,0,0,0,0,0,1
"POINT (13.605551031000061 51.062529930000039)",Unfall 132836 (2019) Kat:3, Licht: 1,132836,3,1,8,01,16,2,1,1,0,1,0,0,0,0
"POINT (13.763369191000038 51.120709681000051)",Unfall 132982 (2019) Kat:3, Licht: 2,132982,3,2,6,01,01,7,1,2,0,1,1,0,0,0
"POINT (13.606306388000064 51.092126224000026)",Unfall 133057 (2019) Kat:3, Licht: 2,133057,3,2,2,01,06,2,1,2,0,1,0,0,0,1
"POINT (13.770126389000040 51.147361125000032)",Unfall 133185 (2019) Kat:3, Licht: 0,133185,3,7,0,01,13,6,1,0,0,0,0,0,1,1
"POINT (13.668165842000064 51.072528890000058)",Unfall 133259 (2019) Kat:2, Licht: 0,133259,2,6,2,01,09,2,1,0,0,0,0,0,1,0
"POINT (13.748507513000050 51.063409013000069)",Unfall 133295 (2019) Kat:3, Licht: 2,133295,3,4,6,01,21,3,1,2,0,0,1,1,0,0
"POINT (13.702192714000034 51.043759576000070)",Unfall 133483 (2019) Kat:3, Licht: 0,133483,3,6,6,01,16,2,1,0,0,0,1,0,0,1
"POINT (13.746902635000026 51.063731478000079)",Unfall 133678 (2019) Kat:2, Licht: 2,133678,2,4,6,01,19,4,0,2,0,1,1,0,0,0
"POINT (13.729377045000035 51.070396787000050)",Unfall 133679 (2019) Kat:3, Licht: 0,133679,3,2,2,01,12,4,0,0,0,1,0,0,0,0
"POINT (13.808822672000076 50.977518823000025)",Unfall 133680 (2019) Kat:3, Licht: 1,133680,3,2,4,01,07,4,0,1,0,1,0,0,0,0
"POINT (13.716484308000076 51.077623232000064)",Unfall 133710 (2019) Kat:3, Licht: 2,133710,3,3,5,01,20,2,0,2,1,1,0,0,0,0
"POINT (13.839484226000025 51.062213175000068)",Unfall 133711 (2019) Kat:2, Licht: 0,133711,2,4,6,01,10,2,0,0,0,1,1,0,0,0
"POINT (13.752947071000051 51.073858169000061)",Unfall 133712 (2019) Kat:3, Licht: 0,133712,3,6,2,01,08,2,0,0,1,1,0,0,0,0
"POINT (13.723756516000037 51.045382835000055)",Unfall 133713 (2019) Kat:3, Licht: 2,133713,3,3,5,01,17,2,0,2,1,1,0,0,0,0
"POINT (13.728943673000060 51.059337723000056)",Unfall 133714 (2019) Kat:3, Licht: 0,133714,3,3,5,01,09,2,0,0,1,1,0,0,0,0
"POINT (13.738970418000065 51.065872449000040)",Unfall 133715 (2019) Kat:2, Licht: 0,133715,2,7,0,01,14,2,0,0,1,0,0,0,0,0
"POINT (13.689316142000052 51.067793822000056)",Unfall 133733 (2019) Kat:3, Licht: 0,133733,3,6,2,01,12,7,0,0,0,1,0,0,0,0
"POINT (13.705112442000029 51.044448987000067)",Unfall 133734 (2019) Kat:3, Licht: 0,133734,3,4,6,01,13,7,0,0,0,1,1,0,0,0
"POINT (13.600965735000045 51.094525243000078)",Unfall 133770 (2019) Kat:3, Licht: 1,133770,3,1,4,02,16,7,1,1,0,1,0,0,0,0
"POINT (13.739309416000026 51.073910738000052)",Unfall 133772 (2019) Kat:3, Licht: 0,133772,3,3,5,02,12,7,1,0,0,1,0,0,0,0
"POINT (13.737851724000052 51.061489681000069)",Unfall 133774 (2019) Kat:3, Licht: 0,133774,3,6,2,02,14,7,1,0,0,1,0,0,0,0
"POINT (13.723342608000053 51.060099802000082)",Unfall 133776 (2019) Kat:2, Licht: 2,133776,2,7,6,02,19,7,1,2,0,1,1,0,0,0
"POINT (13.718071444000032 51.035880713000040)",Unfall 133788 (2019) Kat:3, Licht: 2,133788,3,3,5,01,17,5,1,2,0,1,0,0,0,0
"POINT (13.730820003000076 51.029858603000037)",Unfall 133794 (2019) Kat:2, Licht: 0,133794,2,4,6,02,16,6,1,0,0,0,1,0,0,1
"POINT (13.838759395000068 51.058334060000050)",Unfall 133796 (2019) Kat:3, Licht: 2,133796,3,7,7,02,22,6,1,2,0,1,0,0,0,0
"POINT (13.716469599000050 51.037639980000051)",Unfall 133799 (2019) Kat:3, Licht: 1,133799,3,5,1,02,16,6,0,1,0,1,0,0,0,1
"POINT (13.746098903000075 51.057482420000042)",Unfall 133801 (2019) Kat:3, Licht: 2,133801,3,2,2,01,07,4,1,2,1,1,0,0,0,0
"POINT (13.752940674000058 51.073851131000026)",Unfall 133811 (2019) Kat:3, Licht: 1,133811,3,2,5,01,16,3,1,1,1,1,0,0,0,0
"POINT (13.812352083000064 51.063872403000062)",Unfall 133813 (2019) Kat:2, Licht: 2,133813,2,4,6,01,06,3,1,2,0,1,1,0,0,0
"POINT (13.849562480000031 51.061827958000038)",Unfall 133814 (2019) Kat:3, Licht: 2,133814,3,6,2,01,21,5,0,2,0,1,0,0,0,0
"POINT (13.793563863000031 50.977765899000076)",Unfall 133853 (2019) Kat:3, Licht: 0,133853,3,1,9,01,12,4,0,0,0,1,0,0,0,0
"POINT (13.701587914000072 51.030593393000061)",Unfall 133872 (2019) Kat:3, Licht: 0,133872,3,3,5,01,12,2,0,0,1,1,0,0,0,0
"POINT (13.752955104000023 51.073867008000036)",Unfall 133874 (2019) Kat:3, Licht: 1,133874,3,3,5,01,06,2,1,1,1,1,0,0,0,0
"POINT (13.844055135000076 51.094426812000052)",Unfall 133876 (2019) Kat:2, Licht: 0,133876,2,1,4,01,13,2,2,0,0,1,0,0,0,1