WKT,Name,OBJECTID,UKATEGORIE,UTYP1,UART,UMONAT,USTUNDE,UWOCHENTAG,STRZUSTAND,ULICHTVERH,ISTRAD,ISTPKW,ISTFUSS,ISTKRAD,ISTGKFZ,ISTSONSTIG
"POINT (13.764411449000022 51.021295321000082)",Unfall 133887 (2019) Kat:3, Licht: 0,133887,3,6,2,01,11,3,1,0,0,1,0,0,0,1
"POINT (13.651982962000034 51.071336389000066)",Unfall 133913 (2019) Kat:3, Licht: 0,133913,3,7,8,01,14,7,1,0,0,1,0,0,0,0
"POINT (13.712815782000064 51.061582984000040)",Unfall 133924 (2019) Kat:3, Licht: 0,133924,3,6,1,01,10,2,0,0,0,1,0,0,0,0
"POINT (13.690764303000037 51.084110728000041)",Unfall 133926 (2019) Kat:2, Licht: 0,133926,2,1,9,01,10,2,0,0,0,1,0,0,0,0
"POINT (13.689502167000057 51.066828033000036)",Unfall 133928 (2019) Kat:3, Licht: 0,133928,3,6,2,01,12,2,0,0,0,1,0,0,0,1
"POINT (13.815253243000029 51.053883213000063)",Unfall 133944 (2019) Kat:3, Licht: 2,133944,3,4,6,01,21,6,1,2,0,1,1,0,0,0
"POINT (13.838262856000028 51.091909598000029)",Unfall 133947 (2019) Kat:3, Licht: 0,133947,3,1,4,01,13,6,2,0,0,1,0,0,0,0
"POINT (13.765777741000022 51.020900722000079)",Unfall 133953 (2019) Kat:2, Licht: 2,133953,2,4,6,01,17,6,1,2,0,1,1,0,0,0
"POINT (13.716418598000075 51.037410736000027)",Unfall 133954 (2019) Kat:3, Licht: 0,133954,3,4,6,01,08,6,1,0,0,1,1,0,0,0
"POINT (13.869357341000068 51.048562618000062)",Unfall 133987 (2019) Kat:3, Licht: 0,133987,3,4,6,01,09,5,2,0,0,0,1,0,0,1
"POINT (13.762255528000026 51.022196814000040)",Unfall 133989 (2019) Kat:3, Licht: 2,133989,3,1,8,01,05,7,2,2,0,1,0,0,0,0
"POINT (13.737087197000051 51.063250045000075)",Unfall 133990 (2019) Kat:3, Licht: 2,133990,3,6,2,01,17,7,1,2,0,1,0,0,0,0
"POINT (13.727900479000027 51.060198361000062)",Unfall 133995 (2019) Kat:3, Licht: 2,133995,3,1,8,01,17,7,1,2,0,1,0,0,0,0
"POINT (13.799853610000071 50.998489559000063)",Unfall 134032 (2019) Kat:3, Licht: 2,134032,3,6,2,01,18,6,0,2,0,1,0,0,0,0
"POINT (13.722619102000067 51.033476541000027)",Unfall 134033 (2019) Kat:3, Licht: 2,134033,3,4,6,01,17,4,1,2,0,1,1,0,0,0
"POINT (13.703089303000070 51.089260025000044)",Unfall 134051 (2019) Kat:3, Licht: 2,134051,3,7,0,01,18,5,0,2,1,1,0,0,0,0
"POINT (13.763467711000033 51.000083747000076)",Unfall 134058 (2019) Kat:3, Licht: 0,134058,3,3,5,02,14,2,0,0,1,1,0,0,0,0
"POINT (13.824484935000044 51.125514915000053)",Unfall 134061 (2019) Kat:3, Licht: 2,134061,3,2,2,02,17,2,0,2,0,1,0,1,0,0
"POINT (13.741297209000038 51.064740659000051)",Unfall 134063 (2019) Kat:2, Licht: 0,134063,2,7,6,02,14,2,0,0,1,0,1,0,0,0
"POINT (13.691890457000056 51.084306250000054)",Unfall 134079 (2019) Kat:3, Licht: 0,134079,3,2,5,03,16,6,0,0,1,1,0,0,0,0
"POINT (13.702221316000077 51.032877719000055)",Unfall 134092 (2019) Kat:3, Licht: 0,134092,3,2,5,03,15,4,0,0,1,1,0,0,0,0
"POINT (13.628172556000038 51.068016376000060)",Unfall 134103 (2019) Kat:3, Licht: 0,134103,3,6,2,03,10,3,0,0,0,0,0,0,1,0
"POINT (13.607795490000058 51.037230434000037)",Unfall 134106 (2019) Kat:3, Licht: 0,134106,3,6,2,03,07,3,0,0,0,1,0,0,0,0
"POINT (13.741646481000032 51.046493404000046)",Unfall 134109 (2019) Kat:3, Licht: 0,134109,3,6,3,03,15,3,1,0,0,1,0,0,0,1
"POINT (13.797712423000064 51.164219547000073)",Unfall 134137 (2019) Kat:3, Licht: 0,134137,3,6,2,03,06,2,0,0,0,1,0,0,0,1
"POINT (13.715442915000040 51.078289869000059)",Unfall 134161 (2019) Kat:3, Licht: 1,134161,3,6,2,03,17,1,0,1,0,1,0,0,0,0
"POINT (13.612004456000022 51.064485676000061)",Unfall 134163 (2019) Kat:3, Licht: 0,134163,3,6,3,03,13,1,0,0,0,1,0,0,0,0
"POINT (13.681146126000044 51.048603581000066)",Unfall 134176 (2019) Kat:3, Licht: 0,134176,3,3,5,02,12,6,0,0,0,1,0,0,0,0
"POINT (13.737307601000055 51.085404681000057)",Unfall 134178 (2019) Kat:3, Licht: 0,134178,3,3,5,02,15,6,0,0,0,1,0,0,0,0
"POINT (13.774123473000031 51.066984531000060)",Unfall 134185 (2019) Kat:3, Licht: 0,134185,3,6,2,03,07,6,0,0,0,1,0,0,0,1
"POINT (13.773860367000054 51.066940002000081)",Unfall 134194 (2019) Kat:3, Licht: 0,134194,3,6,2,03,12,7,0,0,0,1,0,0,0,0
"POINT (13.878460573000041 51.059959947000038)",Unfall 134198 (2019) Kat:3, Licht: 0,134198,3,3,5,03,15,4,0,0,0,1,0,0,0,0
"POINT (13.869885635000060 51.048217452000074)",Unfall 134231 (2019) Kat:3, Licht: 0,134231,3,3,5,02,10,5,0,0,0,1,0,0,0,1
"POINT (13.855913313000030 51.018848633000061)",Unfall 134233 (2019) Kat:3, Licht: 0,134233,3,1,8,02,07,5,0,0,1,0,0,0,0,0
"POINT (13.798365237000041 51.138573352000037)",Unfall 134235 (2019) Kat:3, Licht: 2,134235,3,3,5,02,05,5,0,2,0,1,0,1,0,0
"POINT (13.707971643000064 51.084370487000058)",Unfall 134242 (2019) Kat:3, Licht: 0,134242,3,1,0,03,17,6,1,0,1,0,0,0,0,0
"POINT (13.704224868000040 51.018129732000034)",Unfall 134244 (2019) Kat:3, Licht: 2,134244,3,1,0,03,20,6,1,2,1,0,0,0,0,0
"POINT (13.854933276000054 51.061852268000052)",Unfall 134247 (2019) Kat:3, Licht: 2,134247,3,3,5,03,19,6,0,2,0,1,0,0,0,0
"POINT (13.736790754000026 51.071546346000048)",Unfall 134286 (2019) Kat:3, Licht: 0,134286,3,3,5,02,11,5,0,0,0,1,0,0,0,0
"POINT (13.723093577000043 51.045593470000028)",Unfall 134294 (2019) Kat:3, Licht: 2,134294,3,3,5,02,06,3,0,2,1,1,0,0,0,0
"POINT (13.796883803000071 51.163519850000057)",Unfall 134298 (2019) Kat:3, Licht: 0,134298,3,1,3,02,12,3,2,0,0,1,0,0,1,0
"POINT (13.736819099000058 51.063083260000042)",Unfall 134321 (2019) Kat:3, Licht: 0,134321,3,3,5,02,10,4,0,0,1,0,0,0,0,0
"POINT (13.728965438000046 51.059322298000041)",Unfall 134323 (2019) Kat:3, Licht: 0,134323,3,6,2,02,15,4,0,0,0,1,0,0,0,0
"POINT (13.691947329000072 51.084365023000032)",Unfall 134326 (2019) Kat:3, Licht: 0,134326,3,3,5,02,13,4,0,0,0,1,0,0,0,0
"POINT (13.735584002000053 51.062277364000067)",Unfall 134328 (2019) Kat:3, Licht: 0,134328,3,7,0,02,08,4,0,0,0,1,0,0,0,1
"POINT (13.728629770000055 51.010557686000027)",Unfall 134334 (2019) Kat:3, Licht: 0,134334,3,6,2,02,15,1,1,0,0,1,0,0,0,0
"POINT (13.840610272000049 51.094152423000025)",Unfall 134338 (2019) Kat:3, Licht: 0,134338,3,1,9,02,07,1,2,0,0,1,0,0,0,0
"POINT (13.770063921000030 51.066290996000077)",Unfall 134349 (2019) Kat:2, Licht: 2,134349,2,1,9,02,05,7,1,2,0,1,0,0,0,0
"POINT (13.745627409000065 51.049298088000057)",Unfall 134351 (2019) Kat:2, Licht: 2,134351,2,6,2,02,19,7,1,2,0,1,0,0,0,0
"POINT (13.737535136000076 51.087230912000052)",Unfall 134355 (2019) Kat:3, Licht: 0,134355,3,3,5,02,12,3,0,0,0,1,0,0,0,1
"POINT (13.641214037000054 51.086405285000069)",Unfall 134357 (2019) Kat:3, Licht: 0,134357,3,6,2,02,14,3,0,0,0,1,0,0,0,0
"POINT (13.722723009000049 51.014167643000064)",Unfall 134396 (2019) Kat:3, Licht: 0,134396,3,6,2,03,08,6,0,0,0,1,0,0,0,0
"POINT (13.713858727000058 51.080387217000066)",Unfall 134410 (2019) Kat:3, Licht: 0,134410,3,3,5,03,07,4,0,0,1,1,0,0,0,0
"POINT (13.706089860000077 51.046428143000071)",Unfall 134414 (2019) Kat:3, Licht: 0,134414,3,3,5,02,11,2,0,0,0,1,0,0,0,0
"POINT (13.880275745000063 51.006775992000030)",Unfall 134453 (2019) Kat:3, Licht: 0,134453,3,6,4,02,15,6,0,0,1,1,0,0,0,0
"POINT (13.754143617000068 51.075163850000081)",Unfall 134477 (2019) Kat:3, Licht: 2,134477,3,6,3,02,20,4,0,2,1,1,0,0,0,0
"POINT (13.749735446000045 51.070329324000056)",Unfall 134502 (2019) Kat:3, Licht: 0,134502,3,6,2,02,15,4,0,0,0,1,0,1,0,0
"POINT (13.828559665000057 51.038643515000047)",Unfall 134505 (2019) Kat:3, Licht: 0,134505,3,3,5,02,09,4,0,0,0,1,0,0,0,0
"POINT (13.747544784000070 51.051699114000030)",Unfall 134507 (2019) Kat:3, Licht: 0,134507,3,3,5,02,10,4,0,0,1,1,0,0,0,0
"POINT (13.721500580000054 51.047275558000081)",Unfall 134534 (2019) Kat:3, Licht: 0,134534,3,6,2,02,12,2,0,0,0,1,0,0,0,0
"POINT (13.878474060000030 51.059959630000037)",Unfall 134539 (2019) Kat:3, Licht: 0,134539,3,3,5,02,10,3,0,0,1,1,0,0,0,0
"POINT (13.905795076000061 51.046614681000051)",Unfall 134581 (2019) Kat:3, Licht: 2,134581,3,1,8,02,17,1,2,2,0,1,0,0,0,0
"POINT (13.704033693000042 51.035203367000065)",Unfall 134583 (2019) Kat:3, Licht: 1,134583,3,6,3,03,06,2,0,1,1,1,0,0,0,0
"POINT (13.884072656000058 51.112572685000032)",Unfall 134584 (2019) Kat:3, Licht: 2,134584,3,1,8,02,17,1,2,2,0,1,0,0,0,0
"POINT (13.797596336000026 51.150243394000029)",Unfall 134594 (2019) Kat:2, Licht: 0,134594,2,1,4,02,13,1,2,0,0,1,0,0,0,0
"POINT (13.854937406000033 51.061850471000071)",Unfall 134599 (2019) Kat:3, Licht: 2,134599,3,2,4,02,18,1,1,2,0,1,0,0,0,0
"POINT (13.697647934000031 51.022527770000067)",Unfall 134600 (2019) Kat:3, Licht: 0,134600,3,2,5,03,07,4,0,0,1,0,0,0,0,1
"POINT (13.808822672000076 50.977518823000025)",Unfall 134603 (2019) Kat:3, Licht: 0,134603,3,2,5,03,08,4,1,0,0,1,0,0,1,0
"POINT (13.875603383000055 51.008324012000060)",Unfall 134604 (2019) Kat:3, Licht: 0,134604,3,1,8,03,09,4,0,0,0,1,0,0,0,0
"POINT (13.743458028000077 51.047592669000039)",Unfall 134608 (2019) Kat:3, Licht: 2,134608,3,3,5,03,01,4,0,2,1,1,0,0,0,0
"POINT (13.671518451000054 51.016906962000064)",Unfall 134621 (2019) Kat:3, Licht: 0,134621,3,6,2,04,16,3,0,0,0,1,0,1,0,0
"POINT (13.832780438000043 51.059325959000034)",Unfall 134622 (2019) Kat:3, Licht: 0,134622,3,6,2,04,17,3,0,0,0,1,0,0,0,0
"POINT (13.816900298000064 51.125846147000061)",Unfall 134624 (2019) Kat:3, Licht: 0,134624,3,1,0,04,11,3,0,0,0,0,0,1,0,0
"POINT (13.851536675000034 51.061732905000042)",Unfall 134627 (2019) Kat:3, Licht: 2,134627,3,2,2,03,19,3,1,2,0,1,0,0,0,0
"POINT (13.678073137000069 51.049455624000075)",Unfall 134628 (2019) Kat:3, Licht: 2,134628,3,3,5,03,22,3,0,2,0,1,0,0,0,0
"POINT (13.717444981000028 51.077214764000075)",Unfall 134653 (2019) Kat:3, Licht: 0,134653,3,4,6,03,06,2,0,0,1,0,1,0,0,0
"POINT (13.696553563000066 51.043339124000056)",Unfall 134654 (2019) Kat:3, Licht: 0,134654,3,6,2,03,09,2,1,0,0,1,0,0,0,0
"POINT (13.739929701000051 51.064548998000078)",Unfall 134657 (2019) Kat:3, Licht: 0,134657,3,2,5,03,15,2,0,0,1,0,0,0,0,1
"POINT (13.839826834000064 51.058608125000035)",Unfall 134659 (2019) Kat:3, Licht: 2,134659,3,6,2,03,17,2,1,2,0,1,0,0,0,1
"POINT (13.690103184000066 51.072732737000081)",Unfall 134664 (2019) Kat:3, Licht: 0,134664,3,3,5,03,16,2,0,0,1,0,0,0,0,1
"POINT (13.726349546000051 51.058978924000030)",Unfall 134674 (2019) Kat:3, Licht: 0,134674,3,1,0,04,14,2,0,0,0,0,0,1,0,0
"POINT (13.798176356000056 51.139890434000051)",Unfall 134675 (2019) Kat:3, Licht: 0,134675,3,2,5,04,15,2,0,0,0,1,0,0,0,0
"POINT (13.745809053000073 51.119158055000071)",Unfall 134676 (2019) Kat:3, Licht: 0,134676,3,7,1,04,09,2,0,0,0,1,0,0,1,0
"POINT (13.721372126000063 51.041812846000028)",Unfall 134679 (2019) Kat:2, Licht: 0,134679,2,2,4,04,15,2,0,0,0,1,0,1,0,0
"POINT (13.667937553000058 51.074052701000028)",Unfall 134727 (2019) Kat:3, Licht: 0,134727,3,7,0,04,16,1,0,0,0,0,0,0,0,1
"POINT (13.890990219000059 51.113259531000040)",Unfall 134731 (2019) Kat:2, Licht: 0,134731,2,2,5,04,16,1,0,0,0,1,0,0,0,0
"POINT (13.727370855000061 51.058047334000037)",Unfall 134732 (2019) Kat:3, Licht: 0,134732,3,6,1,04,16,1,0,0,0,1,0,1,0,0
"POINT (13.688394802000062 51.040819324000040)",Unfall 134735 (2019) Kat:3, Licht: 2,134735,3,3,5,03,04,7,0,2,1,1,0,0,0,0
"POINT (13.795583830000055 50.981369600000050)",Unfall 134737 (2019) Kat:2, Licht: 2,134737,2,1,9,04,03,1,0,2,0,1,0,0,0,0
"POINT (13.768671121000068 51.117244265000068)",Unfall 134742 (2019) Kat:3, Licht: 0,134742,3,2,5,03,15,7,0,0,1,1,0,0,0,0
"POINT (13.816176864000056 51.054294153000058)",Unfall 134743 (2019) Kat:3, Licht: 0,134743,3,2,2,03,10,7,0,0,0,1,0,0,0,0
"POINT (13.727945853000051 51.113213828000028)",Unfall 134753 (2019) Kat:3, Licht: 0,134753,3,3,5,04,18,2,0,0,0,1,0,0,0,1
"POINT (13.778486592000036 51.012659612000050)",Unfall 134757 (2019) Kat:3, Licht: 0,134757,3,6,2,04,16,2,0,0,0,1,0,1,0,0
"POINT (13.765920581000046 51.006775724000079)",Unfall 134795 (2019) Kat:3, Licht: 2,134795,3,1,0,04,23,1,0,2,1,0,0,0,0,0
"POINT (13.783763732000068 51.009565746000078)",Unfall 134826 (2019) Kat:3, Licht: 0,134826,3,3,5,04,14,7,0,0,1,1,0,0,0,0
"POINT (13.739055179000047 51.074024570000063)",Unfall 134827 (2019) Kat:3, Licht: 0,134827,3,2,5,04,09,7,0,0,1,1,0,0,0,0
"POINT (13.771561785000074 51.015781207000032)",Unfall 134829 (2019) Kat:3, Licht: 0,134829,3,2,6,03,15,6,0,0,0,1,1,0,0,0
"POINT (13.657788827000047 51.071789007000064)",Unfall 134831 (2019) Kat:3, Licht: 2,134831,3,6,2,03,03,6,0,2,0,0,0,0,0,1
"POINT (13.739054150000072 51.073829087000036)",Unfall 134859 (2019) Kat:3, Licht: 0,134859,3,6,2,04,12,7,0,0,0,1,0,0,0,0
"POINT (13.793812224000021 51.161627271000043)",Unfall 134893 (2019) Kat:3, Licht: 0,134893,3,6,2,03,15,5,0,0,0,1,0,0,0,1
"POINT (13.716656174000036 51.037810086000036)",Unfall 134900 (2019) Kat:3, Licht: 0,134900,3,3,5,04,06,6,0,0,1,1,0,0,0,0
"POINT (13.741234531000032 51.111670829000047)",Unfall 134904 (2019) Kat:3, Licht: 0,134904,3,6,3,04,09,6,0,0,0,1,0,0,1,0
"POINT (13.687951270000042 51.061975536000034)",Unfall 134906 (2019) Kat:2, Licht: 0,134906,2,3,5,04,10,6,0,0,1,1,0,0,0,0
"POINT (13.696158170000047 51.110078626000075)",Unfall 134919 (2019) Kat:2, Licht: 2,134919,2,1,8,04,20,6,0,2,0,0,0,1,0,0
"POINT (13.761304442000039 51.083383892000029)",Unfall 134959 (2019) Kat:3, Licht: 0,134959,3,2,5,04,15,5,0,0,1,0,0,0,0,1
"POINT (13.738627442000052 51.060020022000060)",Unfall 134974 (2019) Kat:3, Licht: 0,134974,3,4,6,03,16,4,0,0,0,1,1,0,0,0
"POINT (13.747408812000060 51.052641830000027)",Unfall 134977 (2019) Kat:3, Licht: 0,134977,3,6,2,03,14,4,0,0,0,1,0,0,0,0
"POINT (13.699615122000068 51.059470784000041)",Unfall 134983 (2019) Kat:3, Licht: 0,134983,3,7,0,03,15,4,0,0,0,1,0,0,0,1
"POINT (13.729124261000038 51.083383726000079)",Unfall 134987 (2019) Kat:2, Licht: 0,134987,2,3,5,03,10,4,0,0,0,1,0,1,0,0
"POINT (13.726057165000043 51.058730164000053)",Unfall 134990 (2019) Kat:3, Licht: 0,134990,3,2,3,04,13,5,0,0,1,1,0,0,0,0
"POINT (13.730758697000056 51.024543769000047)",Unfall 134995 (2019) Kat:3, Licht: 0,134995,3,3,5,04,16,5,0,0,1,1,0,0,0,0
"POINT (13.727295245000050 51.058003611000061)",Unfall 134998 (2019) Kat:3, Licht: 0,134998,3,3,5,04,19,5,0,0,1,1,0,0,0,0
"POINT (13.751412982000033 51.121150388000046)",Unfall 135003 (2019) Kat:3, Licht: 0,135003,3,6,2,04,11,5,0,0,0,1,0,0,0,0
"POINT (13.721291810000025 51.048012809000056)",Unfall 135010 (2019) Kat:2, Licht: 0,135010,2,4,6,04,09,4,0,0,0,1,1,0,0,0
"POINT (13.756913737000048 51.077765609000039)",Unfall 135025 (2019) Kat:3, Licht: 0,135025,3,6,2,03,15,3,0,0,0,1,0,0,0,0
"POINT (13.720419932000027 51.051285032000067)",Unfall 135027 (2019) Kat:3, Licht: 2,135027,3,6,2,03,18,3,0,2,0,1,0,0,0,0
"POINT (13.608156763000068 51.033829195000067)",Unfall 135068 (2019) Kat:3, Licht: 2,135068,3,6,2,03,20,2,0,2,0,1,0,0,0,0
"POINT (13.670852219000039 51.049958013000037)",Unfall 135070 (2019) Kat:3, Licht: 0,135070,3,7,2,04,18,4,0,0,0,1,0,0,0,0
"POINT (13.722818020000034 51.074688864000052)",Unfall 135071 (2019) Kat:3, Licht: 0,135071,3,6,2,03,16,2,0,0,0,1,0,0,0,0
"POINT (13.791787282000030 51.125505632000056)",Unfall 135072 (2019) Kat:3, Licht: 0,135072,3,6,2,03,14,2,0,0,0,1,0,0,0,0
"POINT (13.717635502000064 51.077138757000057)",Unfall 135075 (2019) Kat:3, Licht: 0,135075,3,6,4,04,07,4,0,0,1,0,0,0,0,0
"POINT (13.788137920000054 51.005743576000043)",Unfall 135076 (2019) Kat:3, Licht: 0,135076,3,2,5,04,08,4,0,0,1,0,0,0,0,1
"POINT (13.741805207000027 51.028902311000081)",Unfall 135078 (2019) Kat:3, Licht: 0,135078,3,3,5,04,17,4,0,0,1,1,0,0,0,0
"POINT (13.815760888000057 51.054162411000050)",Unfall 135081 (2019) Kat:3, Licht: 0,135081,3,3,5,04,07,4,0,0,1,1,0,0,0,0
"POINT (13.775636022000072 51.110545453000043)",Unfall 135083 (2019) Kat:3, Licht: 0,135083,3,7,6,04,08,4,0,0,1,0,1,0,0,0
"POINT (13.741306861000055 51.045918228000062)",Unfall 135084 (2019) Kat:3, Licht: 0,135084,3,1,0,04,18,4,0,0,1,0,0,0,0,0
"POINT (13.779124774000024 51.152451860000042)",Unfall 135088 (2019) Kat:2, Licht: 0,135088,2,6,2,04,15,4,0,0,0,1,0,0,0,0
"POINT (13.663402619000067 51.049498915000072)",Unfall 135094 (2019) Kat:3, Licht: 0,135094,3,7,1,04,06,3,0,0,0,0,0,1,0,1
"POINT (13.667256573000031 51.070606986000030)",Unfall 135095 (2019) Kat:3, Licht: 0,135095,3,3,5,04,06,3,0,0,0,1,0,0,0,1
"POINT (13.699140276000037 51.061158519000060)",Unfall 135124 (2019) Kat:3, Licht: 0,135124,3,7,6,03,10,1,0,0,0,1,1,0,0,0
"POINT (13.754920045000063 51.062909542000057)",Unfall 135127 (2019) Kat:3, Licht: 0,135127,3,3,5,03,15,1,1,0,0,1,0,0,0,0
"POINT (13.854805443000032 51.061907260000055)",Unfall 135130 (2019) Kat:3, Licht: 0,135130,3,6,2,03,12,1,0,0,0,1,0,0,0,0
"POINT (13.878437742000074 51.059960483000054)",Unfall 135135 (2019) Kat:3, Licht: 0,135135,3,2,5,04,16,3,0,0,1,1,0,0,0,0
"POINT (13.736829262000072 51.063090383000031)",Unfall 135138 (2019) Kat:3, Licht: 0,135138,3,2,5,04,15,3,0,0,1,1,0,0,0,0
"POINT (13.718004606000022 51.038790874000028)",Unfall 135142 (2019) Kat:3, Licht: 0,135142,3,3,5,04,07,2,0,0,1,1,0,0,0,0
"POINT (13.748115665000057 51.126246096000045)",Unfall 135143 (2019) Kat:3, Licht: 0,135143,3,6,2,04,14,3,0,0,0,1,0,0,0,0
"POINT (13.735725641000045 51.099729914000079)",Unfall 135144 (2019) Kat:2, Licht: 0,135144,2,2,5,04,06,3,0,0,1,0,0,0,1,0
"POINT (13.739057819000038 51.069292898000072)",Unfall 135147 (2019) Kat:3, Licht: 0,135147,3,6,2,04,18,2,0,0,0,1,0,0,0,0
"POINT (13.678716815000030 51.063223784000058)",Unfall 135148 (2019) Kat:3, Licht: 0,135148,3,3,5,04,14,3,0,0,0,1,0,0,0,0
"POINT (13.735346784000058 51.029294639000057)",Unfall 135196 (2019) Kat:3, Licht: 0,135196,3,3,5,03,17,6,1,0,1,1,0,0,0,0
"POINT (13.874670350000031 51.060558464000053)",Unfall 135199 (2019) Kat:2, Licht: 2,135199,2,7,7,04,20,2,0,2,0,0,0,1,0,0
"POINT (13.789843817000076 51.118940897000073)",Unfall 135200 (2019) Kat:3, Licht: 2,135200,3,2,6,03,20,6,1,2,0,1,1,0,0,0
"POINT (13.734892836000029 51.106160922000072)",Unfall 135202 (2019) Kat:3, Licht: 0,135202,3,2,5,04,12,2,0,0,0,1,0,0,0,0
"POINT (13.726522905000024 51.032096954000053)",Unfall 135207 (2019) Kat:3, Licht: 2,135207,3,3,5,04,20,2,0,2,1,1,0,0,0,0
"POINT (13.791794037000045 51.125535644000081)",Unfall 135208 (2019) Kat:3, Licht: 0,135208,3,3,0,04,15,2,0,0,0,1,0,0,0,1
"POINT (13.718611271000043 51.076705536000077)",Unfall 135235 (2019) Kat:3, Licht: 0,135235,3,3,5,04,19,1,0,0,0,1,0,0,0,0
"POINT (13.731015240000033 51.081356056000061)",Unfall 135239 (2019) Kat:3, Licht: 0,135239,3,3,5,03,13,7,0,0,0,1,0,0,0,0
"POINT (13.735991244000047 51.072421428000041)",Unfall 135242 (2019) Kat:3, Licht: 0,135242,3,4,6,03,18,7,0,0,0,1,1,0,0,0
"POINT (13.690436766000062 51.082460743000070)",Unfall 135246 (2019) Kat:3, Licht: 0,135246,3,3,5,03,12,7,0,0,1,1,0,0,0,0
"POINT (13.745459741000047 51.057216858000061)",Unfall 135247 (2019) Kat:3, Licht: 0,135247,3,6,2,03,13,7,0,0,0,1,0,1,0,0
"POINT (13.736835755000072 51.063094935000038)",Unfall 135251 (2019) Kat:3, Licht: 0,135251,3,2,5,03,12,7,0,0,1,1,0,0,0,0
"POINT (13.848364523000043 51.061831451000046)",Unfall 135258 (2019) Kat:2, Licht: 2,135258,2,4,6,03,08,7,0,2,0,1,1,0,0,0
"POINT (13.731320285000038 51.035002243000065)",Unfall 135264 (2019) Kat:2, Licht: 0,135264,2,4,6,03,12,5,0,0,0,1,1,0,0,0
"POINT (13.691942099000073 51.084369483000046)",Unfall 135271 (2019) Kat:3, Licht: 2,135271,3,3,5,04,21,7,0,2,0,1,0,0,0,0
"POINT (13.724421989000064 51.043643771000063)",Unfall 135274 (2019) Kat:2, Licht: 2,135274,2,1,0,04,05,7,0,2,1,0,0,0,0,0
"POINT (13.814015093000023 50.988426152000045)",Unfall 135279 (2019) Kat:3, Licht: 0,135279,3,3,5,04,15,7,0,0,0,1,0,0,0,0
"POINT (13.632543657000042 51.039476269000033)",Unfall 135313 (2019) Kat:3, Licht: 0,135313,3,3,5,03,17,4,0,0,0,1,0,0,0,0
"POINT (13.726573402000042 51.085888057000034)",Unfall 135318 (2019) Kat:3, Licht: 0,135318,3,7,1,04,17,6,1,0,1,1,0,0,0,0
"POINT (13.724419259000058 51.088292145000025)",Unfall 135322 (2019) Kat:3, Licht: 0,135322,3,5,1,04,09,6,0,0,1,1,0,0,0,0
"POINT (13.720580371000040 51.049430662000077)",Unfall 135327 (2019) Kat:3, Licht: 2,135327,3,3,5,03,21,6,0,2,0,1,0,0,1,0
"POINT (13.649153437000052 51.083711288000075)",Unfall 135357 (2019) Kat:3, Licht: 0,135357,3,6,4,04,16,5,0,0,0,1,0,0,0,0
"POINT (13.697335366000061 51.014553002000071)",Unfall 135360 (2019) Kat:3, Licht: 0,135360,3,7,0,04,18,5,0,0,0,0,0,0,0,1
"POINT (13.719368210000027 51.076399746000050)",Unfall 135361 (2019) Kat:3, Licht: 0,135361,3,3,5,04,15,5,0,0,1,1,0,0,0,0
"POINT (13.852950163000060 51.062058482000054)",Unfall 135362 (2019) Kat:3, Licht: 0,135362,3,4,6,03,06,3,1,0,0,1,1,0,0,0
"POINT (13.758432166000034 51.063459625000064)",Unfall 135363 (2019) Kat:3, Licht: 0,135363,3,7,6,03,12,3,0,0,0,0,1,0,0,1
"POINT (13.743432596000048 51.064517460000047)",Unfall 135366 (2019) Kat:3, Licht: 0,135366,3,3,5,03,14,3,0,0,1,1,0,0,0,0
"POINT (13.793793867000034 51.001799781000045)",Unfall 135367 (2019) Kat:3, Licht: 1,135367,3,2,5,03,17,5,1,1,1,1,0,0,0,0
"POINT (13.749195954000072 51.069734873000073)",Unfall 135370 (2019) Kat:3, Licht: 2,135370,3,7,0,03,20,5,1,2,0,1,0,1,0,0
"POINT (13.718037271000071 51.035896136000076)",Unfall 135374 (2019) Kat:2, Licht: 0,135374,2,2,5,03,10,5,1,0,0,1,0,0,0,1
"POINT (13.769428000000062 51.066148817000055)",Unfall 135377 (2019) Kat:3, Licht: 0,135377,3,1,0,03,06,5,1,0,0,0,0,1,0,0
"POINT (13.622368523000034 51.089130441000066)",Unfall 135446 (2019) Kat:3, Licht: 0,135446,3,6,2,06,14,3,0,0,0,1,0,0,1,0
"POINT (13.710131494000052 51.083832061000066)",Unfall 135448 (2019) Kat:3, Licht: 0,135448,3,3,5,05,15,5,0,0,0,1,0,1,0,0
"POINT (13.736618506000070 51.042493311000044)",Unfall 135450 (2019) Kat:3, Licht: 0,135450,3,5,1,06,17,3,0,0,1,1,0,0,0,0
"POINT (13.789371791000065 51.118296243000032)",Unfall 135451 (2019) Kat:3, Licht: 0,135451,3,4,6,05,15,5,0,0,1,0,1,0,0,0
"POINT (13.629356173000076 51.068476417000056)",Unfall 135453 (2019) Kat:3, Licht: 0,135453,3,6,2,06,07,3,0,0,0,0,0,0,1,0
"POINT (13.776851225000030 51.111076039000068)",Unfall 135456 (2019) Kat:3, Licht: 0,135456,3,7,3,05,11,5,0,0,0,1,0,0,0,0