WKT,Name,OBJECTID,UKATEGORIE,UTYP1,UART,UMONAT,USTUNDE,UWOCHENTAG,STRZUSTAND,ULICHTVERH,ISTRAD,ISTPKW,ISTFUSS,ISTKRAD,ISTGKFZ,ISTSONSTIG
"POINT (13.715053933000036 51.101226822000058)",Unfall 135483 (2019) Kat:3, Licht: 0,135483,3,7,8,06,06,6,0,0,0,1,0,0,0,0
"POINT (13.741900688000044 51.112356035000062)",Unfall 135489 (2019) Kat:3, Licht: 0,135489,3,6,3,05,13,5,0,0,0,1,0,0,1,0
"POINT (13.783720279000022 51.009598113000038)",Unfall 135491 (2019) Kat:2, Licht: 0,135491,2,2,3,06,13,6,0,0,1,0,0,0,1,0
"POINT (13.745102072000066 51.049521799000047)",Unfall 135492 (2019) Kat:3, Licht: 0,135492,3,1,0,05,08,4,0,0,1,0,0,0,0,0
"POINT (13.691241743000035 51.061483071000055)",Unfall 135493 (2019) Kat:2, Licht: 0,135493,2,6,2,05,09,5,0,0,0,1,0,1,0,0
"POINT (13.863812772000074 51.103742607000072)",Unfall 135499 (2019) Kat:3, Licht: 0,135499,3,1,9,05,14,4,1,0,0,1,0,0,0,0
"POINT (13.822090957000057 51.063587763000044)",Unfall 135552 (2019) Kat:3, Licht: 0,135552,3,6,1,06,12,2,0,0,0,1,0,0,0,0
"POINT (13.707314998000072 51.051597161000075)",Unfall 135558 (2019) Kat:3, Licht: 0,135558,3,6,2,06,06,2,0,0,0,0,0,1,1,0
"POINT (13.695608489000051 51.043239217000064)",Unfall 135565 (2019) Kat:3, Licht: 0,135565,3,2,5,05,07,4,0,0,1,1,0,0,0,0
"POINT (13.739455983000028 51.062789784000074)",Unfall 135569 (2019) Kat:2, Licht: 0,135569,2,2,5,05,15,4,0,0,0,1,0,0,0,0
"POINT (13.595204036000041 51.062350946000038)",Unfall 135573 (2019) Kat:2, Licht: 0,135573,2,1,9,05,05,4,0,0,0,0,0,0,1,0
"POINT (13.774686812000027 51.110145007000028)",Unfall 135590 (2019) Kat:3, Licht: 0,135590,3,6,4,05,14,3,0,0,1,0,0,0,0,0
"POINT (13.741269237000040 51.046347768000032)",Unfall 135596 (2019) Kat:3, Licht: 0,135596,3,6,3,05,07,3,0,0,0,1,0,0,0,1
"POINT (13.677136537000024 51.074384768000073)",Unfall 135600 (2019) Kat:3, Licht: 0,135600,3,7,2,05,11,3,0,0,0,0,0,0,1,0
"POINT (13.681252485000073 51.061852447000035)",Unfall 135611 (2019) Kat:3, Licht: 0,135611,3,2,5,05,08,3,0,0,1,1,0,0,0,0
"POINT (13.724265697000021 51.073604062000072)",Unfall 135615 (2019) Kat:3, Licht: 0,135615,3,6,2,06,18,5,0,0,0,1,0,0,0,0
"POINT (13.692917658000056 51.081784059000029)",Unfall 135619 (2019) Kat:2, Licht: 0,135619,2,7,0,06,17,5,0,0,1,0,0,0,0,0
"POINT (13.739120634000074 51.064249390000043)",Unfall 135623 (2019) Kat:3, Licht: 0,135623,3,6,3,06,15,5,0,0,1,1,0,0,0,0
"POINT (13.694673562000048 51.013094545000058)",Unfall 135644 (2019) Kat:3, Licht: 0,135644,3,7,1,06,17,1,0,0,0,1,0,1,0,0
"POINT (13.743116625000027 51.113987173000055)",Unfall 135648 (2019) Kat:3, Licht: 0,135648,3,6,2,06,10,1,0,0,0,1,0,0,0,1
"POINT (13.852592939000033 51.034641376000081)",Unfall 135651 (2019) Kat:3, Licht: 2,135651,3,1,1,05,21,2,0,2,0,1,0,0,0,0
"POINT (13.723958152000023 51.103591926000036)",Unfall 135691 (2019) Kat:2, Licht: 0,135691,2,7,2,05,08,1,0,0,0,1,0,0,1,0
"POINT (13.664079052000034 51.071755195000037)",Unfall 135695 (2019) Kat:3, Licht: 0,135695,3,6,3,05,19,1,0,0,0,0,0,1,0,1
"POINT (13.645208855000021 51.071181942000067)",Unfall 135697 (2019) Kat:2, Licht: 0,135697,2,7,8,05,16,1,0,0,0,1,0,0,0,0
"POINT (13.805597309000063 50.993443187000082)",Unfall 135704 (2019) Kat:3, Licht: 0,135704,3,6,0,05,14,2,1,0,1,0,0,0,0,1
"POINT (13.735510526000041 51.072962511000071)",Unfall 135710 (2019) Kat:3, Licht: 0,135710,3,3,5,05,17,2,1,0,1,1,0,0,0,0
"POINT (13.779608483000061 51.152779191000036)",Unfall 135726 (2019) Kat:2, Licht: 0,135726,2,6,2,06,10,4,0,0,0,1,0,0,0,0
"POINT (13.745041377000064 51.049450764000028)",Unfall 135735 (2019) Kat:3, Licht: 0,135735,3,3,5,06,09,7,0,0,0,1,0,0,0,0
"POINT (13.605189108000047 51.057938848000049)",Unfall 135736 (2019) Kat:2, Licht: 0,135736,2,6,3,06,10,4,0,0,0,1,0,0,1,0
"POINT (13.737840296000059 51.061579352000081)",Unfall 135740 (2019) Kat:2, Licht: 0,135740,2,3,5,06,10,4,0,0,0,1,0,0,0,0
"POINT (13.686179248000030 51.062231901000075)",Unfall 135747 (2019) Kat:3, Licht: 0,135747,3,7,0,06,09,4,0,0,0,0,0,1,0,1
"POINT (13.741641331000039 51.046491486000036)",Unfall 135748 (2019) Kat:3, Licht: 0,135748,3,6,0,05,17,7,1,0,0,1,0,0,0,1
"POINT (13.823999641000057 51.062988448000056)",Unfall 135758 (2019) Kat:2, Licht: 0,135758,2,4,6,05,09,7,1,0,0,1,1,0,0,0
"POINT (13.696937449000075 51.043382788000031)",Unfall 135796 (2019) Kat:3, Licht: 0,135796,3,1,0,05,07,6,0,0,1,0,0,0,0,0
"POINT (13.690577221000069 51.077898828000059)",Unfall 135797 (2019) Kat:3, Licht: 0,135797,3,6,2,05,10,6,0,0,0,1,0,0,0,0
"POINT (13.746866118000071 51.064862073000029)",Unfall 135798 (2019) Kat:3, Licht: 0,135798,3,7,6,05,08,6,0,0,1,0,1,0,0,0
"POINT (13.710451230000047 51.104618235000032)",Unfall 135806 (2019) Kat:2, Licht: 0,135806,2,3,5,05,16,1,0,0,1,1,0,0,0,0
"POINT (13.632546611000066 51.039470495000046)",Unfall 135807 (2019) Kat:3, Licht: 0,135807,3,3,5,05,18,1,0,0,0,1,0,0,0,0
"POINT (13.680731684000023 51.048702202000072)",Unfall 135860 (2019) Kat:2, Licht: 0,135860,2,7,0,05,14,7,0,0,0,0,0,0,0,1
"POINT (13.739256400000045 51.066056857000035)",Unfall 135865 (2019) Kat:3, Licht: 0,135865,3,4,6,05,19,7,0,0,1,0,1,0,0,0
"POINT (13.723624946000029 51.042979565000053)",Unfall 135868 (2019) Kat:3, Licht: 0,135868,3,7,8,05,12,7,0,0,1,0,0,0,0,0
"POINT (13.653119979000053 51.082287005000069)",Unfall 135869 (2019) Kat:3, Licht: 0,135869,3,6,2,05,16,7,0,0,0,1,0,0,0,0
"POINT (13.721680746000061 51.047241140000040)",Unfall 135870 (2019) Kat:3, Licht: 0,135870,3,6,2,05,15,5,0,0,0,1,0,1,0,0
"POINT (13.742035677000047 51.064673851000066)",Unfall 135871 (2019) Kat:3, Licht: 0,135871,3,3,5,06,13,3,0,0,1,1,0,0,0,0
"POINT (13.740219447000072 51.064816816000075)",Unfall 135872 (2019) Kat:3, Licht: 0,135872,3,6,2,05,15,5,0,0,0,1,0,0,0,0
"POINT (13.749018943000067 51.130018485000051)",Unfall 135876 (2019) Kat:3, Licht: 0,135876,3,6,3,05,07,5,0,0,0,0,0,0,1,1
"POINT (13.799504813000055 50.998547537000036)",Unfall 135878 (2019) Kat:3, Licht: 2,135878,3,3,5,06,21,3,1,2,0,1,0,0,0,0
"POINT (13.723246675000041 51.033920604000059)",Unfall 135882 (2019) Kat:3, Licht: 0,135882,3,6,2,05,11,5,0,0,0,1,0,0,0,0
"POINT (13.936236807000057 51.039476449000063)",Unfall 135906 (2019) Kat:3, Licht: 0,135906,3,1,2,05,15,5,0,0,1,0,0,0,0,0
"POINT (13.802600648000066 50.994864769000060)",Unfall 135917 (2019) Kat:3, Licht: 0,135917,3,7,7,06,13,2,0,0,1,0,0,0,0,0
"POINT (13.739359395000065 51.078319292000060)",Unfall 135920 (2019) Kat:3, Licht: 0,135920,3,6,0,06,16,2,0,0,1,0,0,0,0,0
"POINT (13.863820379000060 51.103743261000034)",Unfall 135929 (2019) Kat:3, Licht: 0,135929,3,1,8,05,12,4,1,0,0,1,0,0,0,0
"POINT (13.726118261000067 51.058755029000054)",Unfall 135982 (2019) Kat:3, Licht: 0,135982,3,6,3,05,13,6,0,0,1,1,0,0,0,0
"POINT (13.744761551000067 51.049130720000051)",Unfall 135986 (2019) Kat:2, Licht: 0,135986,2,6,3,05,11,6,0,0,1,0,0,0,0,1
"POINT (13.704080555000075 51.029618415000073)",Unfall 136017 (2019) Kat:3, Licht: 0,136017,3,3,5,04,18,3,1,0,1,1,0,0,0,0
"POINT (13.680829988000028 51.048678826000071)",Unfall 136020 (2019) Kat:3, Licht: 0,136020,3,2,5,04,14,3,0,0,1,1,0,0,0,0
"POINT (13.806680871000026 51.124712646000035)",Unfall 136023 (2019) Kat:2, Licht: 0,136023,2,1,9,04,14,3,0,0,0,1,0,0,0,0
"POINT (13.747054674000026 51.066681288000041)",Unfall 136030 (2019) Kat:3, Licht: 0,136030,3,7,0,04,14,3,0,0,0,0,0,1,0,0
"POINT (13.680383197000026 51.023270967000030)",Unfall 136036 (2019) Kat:2, Licht: 0,136036,2,7,0,04,10,3,0,0,1,0,0,0,0,0
"POINT (13.885011417000044 51.060983260000057)",Unfall 136037 (2019) Kat:2, Licht: 0,136037,2,3,5,05,12,4,0,0,1,1,0,0,0,0
"POINT (13.747169494000048 51.054556282000078)",Unfall 136040 (2019) Kat:3, Licht: 0,136040,3,6,2,04,14,3,0,0,0,1,0,0,1,0
"POINT (13.705263316000071 51.041789943000026)",Unfall 136081 (2019) Kat:3, Licht: 0,136081,3,4,6,05,14,5,0,0,1,0,1,0,0,0
"POINT (13.784656810000058 51.066869383000039)",Unfall 136082 (2019) Kat:3, Licht: 0,136082,3,6,2,05,12,5,1,0,0,1,0,0,0,0
"POINT (13.695655478000049 51.043244185000049)",Unfall 136107 (2019) Kat:3, Licht: 0,136107,3,3,5,05,08,3,1,0,1,1,0,0,0,0
"POINT (13.728949121000028 51.059333862000074)",Unfall 136108 (2019) Kat:3, Licht: 0,136108,3,3,5,05,08,3,1,0,1,1,0,0,0,0
"POINT (13.734664740000028 51.074099629000045)",Unfall 136112 (2019) Kat:3, Licht: 0,136112,3,3,5,04,13,2,1,0,1,1,0,0,0,0
"POINT (13.747041975000059 51.063694180000027)",Unfall 136121 (2019) Kat:2, Licht: 0,136121,2,3,5,04,08,2,1,0,1,1,0,0,0,0
"POINT (13.748482825000053 51.063412675000052)",Unfall 136126 (2019) Kat:2, Licht: 0,136126,2,6,6,04,10,2,1,0,1,0,1,0,0,0
"POINT (13.780372480000040 51.066829531000053)",Unfall 136143 (2019) Kat:2, Licht: 0,136143,2,3,5,05,14,4,1,0,1,1,0,0,0,0
"POINT (13.740379927000049 51.064713000000040)",Unfall 136149 (2019) Kat:3, Licht: 0,136149,3,6,6,05,07,4,0,0,1,0,1,0,0,0
"POINT (13.722046730000045 51.102964177000047)",Unfall 136150 (2019) Kat:3, Licht: 0,136150,3,7,0,05,11,4,1,0,0,1,0,0,1,0
"POINT (13.726666115000057 51.044152461000067)",Unfall 136154 (2019) Kat:3, Licht: 0,136154,3,1,0,05,18,4,1,0,0,0,0,1,0,0
"POINT (13.735510526000041 51.072962511000071)",Unfall 136160 (2019) Kat:3, Licht: 0,136160,3,2,5,05,11,4,1,0,1,0,0,0,0,1
"POINT (13.746906829000068 51.063730356000065)",Unfall 136172 (2019) Kat:3, Licht: 2,136172,3,4,6,04,01,1,1,2,0,1,1,0,0,0
"POINT (13.734401589000072 51.040224382000076)",Unfall 136179 (2019) Kat:3, Licht: 0,136179,3,4,0,05,13,2,0,0,0,0,1,0,0,1
"POINT (13.704853216000060 51.039528205000067)",Unfall 136186 (2019) Kat:3, Licht: 0,136186,3,3,5,05,14,2,0,0,0,1,0,1,0,0
"POINT (13.731500688000040 51.034961582000051)",Unfall 136200 (2019) Kat:3, Licht: 0,136200,3,7,0,06,09,6,0,0,1,0,0,0,0,0
"POINT (13.827446007000049 50.986047473000042)",Unfall 136207 (2019) Kat:3, Licht: 0,136207,3,6,1,06,13,6,0,0,0,1,0,0,0,0
"POINT (13.701830556000061 51.031757907000042)",Unfall 136214 (2019) Kat:3, Licht: 0,136214,3,5,0,05,08,3,0,0,1,0,0,0,0,1
"POINT (13.707392598000069 51.051845670000034)",Unfall 136215 (2019) Kat:3, Licht: 0,136215,3,6,2,05,17,3,0,0,0,1,0,0,1,0
"POINT (13.856293069000060 51.018597510000063)",Unfall 136221 (2019) Kat:2, Licht: 0,136221,2,7,4,05,09,3,0,0,0,1,0,0,0,0
"POINT (13.745360222000045 51.049000129000035)",Unfall 136262 (2019) Kat:3, Licht: 0,136262,3,3,5,05,18,1,0,0,0,1,0,0,0,0
"POINT (13.823291594000068 51.045292927000048)",Unfall 136273 (2019) Kat:3, Licht: 0,136273,3,6,6,05,15,1,0,0,0,1,0,0,0,1
"POINT (13.735518683000066 51.072953243000029)",Unfall 136311 (2019) Kat:2, Licht: 0,136311,2,3,5,05,12,2,0,0,1,1,0,0,0,0
"POINT (13.701788841000052 51.090943880000054)",Unfall 136321 (2019) Kat:3, Licht: 0,136321,3,1,0,06,15,5,1,0,1,0,0,0,0,0
"POINT (13.738529531000040 51.044257587000061)",Unfall 136336 (2019) Kat:2, Licht: 0,136336,2,3,5,05,18,7,0,0,0,1,0,0,0,1
"POINT (13.615488023000069 51.065027975000078)",Unfall 136340 (2019) Kat:3, Licht: 0,136340,3,6,9,05,18,7,0,0,0,1,0,0,0,0
"POINT (13.615277895000077 51.037170842000080)",Unfall 136343 (2019) Kat:3, Licht: 0,136343,3,1,9,05,07,7,0,0,0,0,0,1,0,0
"POINT (13.594900265000035 51.062341525000079)",Unfall 136344 (2019) Kat:3, Licht: 0,136344,3,1,8,05,11,7,0,0,0,1,0,0,0,0
"POINT (13.694068458000061 51.043081580000035)",Unfall 136347 (2019) Kat:3, Licht: 0,136347,3,6,3,04,09,5,0,0,1,1,0,0,0,0
"POINT (13.796439548000023 51.000082055000064)",Unfall 136352 (2019) Kat:3, Licht: 0,136352,3,2,5,04,13,5,0,0,1,1,0,0,0,0
"POINT (13.607755440000062 51.045836334000057)",Unfall 136355 (2019) Kat:2, Licht: 0,136355,2,6,2,05,14,1,0,0,0,1,0,0,0,0
"POINT (13.879929456000070 51.006856459000062)",Unfall 136356 (2019) Kat:3, Licht: 0,136356,3,6,2,04,14,5,0,0,0,1,0,0,0,0
"POINT (13.796714935000068 51.075091672000042)",Unfall 136358 (2019) Kat:2, Licht: 2,136358,2,7,3,04,20,5,0,2,1,0,0,0,0,0
"POINT (13.776256438000075 51.067440999000041)",Unfall 136362 (2019) Kat:3, Licht: 0,136362,3,3,5,04,14,5,0,0,1,1,0,0,0,0
"POINT (13.783524565000050 51.155384657000070)",Unfall 136366 (2019) Kat:2, Licht: 0,136366,2,1,2,04,16,5,0,0,0,1,0,0,0,0
"POINT (13.705152727000041 51.085176721000039)",Unfall 136400 (2019) Kat:2, Licht: 0,136400,2,3,5,06,06,4,0,0,1,1,0,0,0,0
"POINT (13.723203735000027 51.033942660000037)",Unfall 136403 (2019) Kat:3, Licht: 0,136403,3,2,5,06,07,4,0,0,1,1,0,0,0,0
"POINT (13.690412693000042 51.082468973000061)",Unfall 136408 (2019) Kat:2, Licht: 0,136408,2,6,4,05,10,7,0,0,1,0,0,0,0,0
"POINT (13.789904347000061 51.119029821000026)",Unfall 136410 (2019) Kat:3, Licht: 0,136410,3,6,3,06,18,4,0,0,0,1,0,1,0,0
"POINT (13.721505603000026 51.047265154000058)",Unfall 136414 (2019) Kat:3, Licht: 0,136414,3,3,5,06,17,4,0,0,0,1,0,0,0,1
"POINT (13.734870903000058 51.040979229000072)",Unfall 136415 (2019) Kat:3, Licht: 2,136415,3,4,0,05,23,7,1,2,0,0,1,0,0,1
"POINT (13.670884659000023 51.071350681000069)",Unfall 136438 (2019) Kat:3, Licht: 2,136438,3,7,7,04,21,4,0,2,0,1,0,0,0,0
"POINT (13.739658631000054 51.045077912000067)",Unfall 136440 (2019) Kat:2, Licht: 0,136440,2,6,2,04,13,4,0,0,0,0,0,1,0,1
"POINT (13.715439537000066 51.099331839000058)",Unfall 136445 (2019) Kat:3, Licht: 0,136445,3,2,3,05,15,6,0,0,1,1,0,0,0,0
"POINT (13.690955119000023 51.078451117000043)",Unfall 136483 (2019) Kat:3, Licht: 0,136483,3,1,0,05,11,6,0,0,1,0,0,0,0,0
"POINT (13.766186902000072 51.065244622000080)",Unfall 136484 (2019) Kat:3, Licht: 0,136484,3,3,5,05,13,6,0,0,0,1,0,1,0,0
"POINT (13.783525249000036 51.155385109000065)",Unfall 136489 (2019) Kat:3, Licht: 0,136489,3,6,2,05,16,6,0,0,0,1,0,0,0,1
"POINT (13.791794177000043 51.125536265000051)",Unfall 136492 (2019) Kat:2, Licht: 0,136492,2,3,5,05,15,6,0,0,1,1,0,0,0,0
"POINT (13.715745793000053 51.062872137000056)",Unfall 136497 (2019) Kat:3, Licht: 2,136497,3,3,5,05,22,6,0,2,0,1,0,0,0,1
"POINT (13.702440350000074 51.059098557000027)",Unfall 136502 (2019) Kat:2, Licht: 0,136502,2,4,6,04,19,3,0,0,0,1,1,0,0,0
"POINT (13.707019478000063 51.041396340000063)",Unfall 136522 (2019) Kat:3, Licht: 0,136522,3,3,5,06,13,3,0,0,1,1,0,0,0,0
"POINT (13.714714259000061 51.100059601000055)",Unfall 136525 (2019) Kat:3, Licht: 0,136525,3,3,5,06,16,3,0,0,0,1,0,0,0,0
"POINT (13.724948580000046 51.043890027000032)",Unfall 136527 (2019) Kat:3, Licht: 0,136527,3,3,5,06,10,3,0,0,1,1,0,0,0,0
"POINT (13.732824074000064 51.061141441000075)",Unfall 136533 (2019) Kat:3, Licht: 0,136533,3,6,3,06,16,3,0,0,1,0,0,0,0,0
"POINT (13.661804821000032 51.071850401000063)",Unfall 136535 (2019) Kat:2, Licht: 0,136535,2,6,2,07,09,4,0,0,0,0,0,0,1,0
"POINT (13.721321944000067 51.041683804000058)",Unfall 136537 (2019) Kat:3, Licht: 0,136537,3,6,2,06,12,3,0,0,0,1,0,0,0,0
"POINT (13.730747125000050 51.058298646000026)",Unfall 136538 (2019) Kat:2, Licht: 0,136538,2,1,0,08,14,2,0,0,0,0,0,0,0,1
"POINT (13.764499110000031 51.021261033000030)",Unfall 136561 (2019) Kat:3, Licht: 1,136561,3,1,0,07,20,4,1,1,1,0,0,0,0,0
"POINT (13.703759838000053 51.029749289000051)",Unfall 136562 (2019) Kat:3, Licht: 0,136562,3,6,2,07,10,4,0,0,0,1,0,0,0,1
"POINT (13.799102892000064 51.143236745000081)",Unfall 136566 (2019) Kat:2, Licht: 0,136566,2,3,5,07,14,4,0,0,0,1,0,1,0,0
"POINT (13.790554757000052 51.159848493000027)",Unfall 136571 (2019) Kat:2, Licht: 0,136571,2,6,2,07,12,4,0,0,0,0,0,0,1,0
"POINT (13.773573358000021 51.014179957000067)",Unfall 136584 (2019) Kat:3, Licht: 0,136584,3,2,5,08,10,3,0,0,1,0,0,0,1,0
"POINT (13.813193729000034 50.988794238000025)",Unfall 136611 (2019) Kat:3, Licht: 0,136611,3,1,0,07,13,3,0,0,1,0,0,0,0,0
"POINT (13.740198604000057 51.064647573000059)",Unfall 136613 (2019) Kat:3, Licht: 0,136613,3,6,2,08,16,4,1,0,0,1,0,1,0,0
"POINT (13.623517056000026 51.038177911000048)",Unfall 136617 (2019) Kat:3, Licht: 0,136617,3,6,9,07,09,3,0,0,0,1,0,0,0,0
"POINT (13.773816887000066 51.113039559000072)",Unfall 136618 (2019) Kat:3, Licht: 0,136618,3,2,2,07,15,3,0,0,0,0,0,0,0,1
"POINT (13.752965013000050 51.073878078000064)",Unfall 136622 (2019) Kat:2, Licht: 0,136622,2,3,5,07,16,3,0,0,1,0,0,0,0,1
"POINT (13.762466518000053 51.085055795000073)",Unfall 136625 (2019) Kat:3, Licht: 0,136625,3,6,3,06,06,2,0,0,1,1,0,0,0,0
"POINT (13.733832898000060 51.075186503000054)",Unfall 136627 (2019) Kat:3, Licht: 0,136627,3,4,0,07,12,3,0,0,1,0,1,0,0,0
"POINT (13.703611370000033 51.050692248000075)",Unfall 136674 (2019) Kat:3, Licht: 0,136674,3,3,5,07,18,3,0,0,0,1,0,1,0,0
"POINT (13.735817488000066 51.099229760000071)",Unfall 136676 (2019) Kat:3, Licht: 0,136676,3,6,2,07,16,2,0,0,0,1,0,0,0,1
"POINT (13.739275374000044 51.066280856000049)",Unfall 136681 (2019) Kat:3, Licht: 0,136681,3,1,4,07,08,3,0,0,1,0,0,0,0,0
"POINT (13.768902344000026 51.099523700000077)",Unfall 136684 (2019) Kat:3, Licht: 0,136684,3,3,5,07,11,3,0,0,1,0,0,0,0,1
"POINT (13.730856789000029 51.105903051000041)",Unfall 136691 (2019) Kat:2, Licht: 0,136691,2,6,3,07,14,3,0,0,0,1,0,0,0,1
"POINT (13.597631288000059 51.072983690000058)",Unfall 136706 (2019) Kat:3, Licht: 0,136706,3,5,1,06,11,2,0,0,0,1,0,1,0,0
"POINT (13.682935908000047 51.061825807000048)",Unfall 136708 (2019) Kat:3, Licht: 0,136708,3,3,5,06,16,2,0,0,0,1,0,1,0,0
"POINT (13.746858265000071 51.064661153000031)",Unfall 136711 (2019) Kat:3, Licht: 0,136711,3,2,5,06,14,2,0,0,1,1,0,0,0,0
"POINT (13.745096664000073 51.049515311000050)",Unfall 136716 (2019) Kat:3, Licht: 0,136716,3,6,2,06,11,2,0,0,0,1,0,0,0,0
"POINT (13.737563928000043 51.087300675000051)",Unfall 136718 (2019) Kat:2, Licht: 0,136718,2,1,0,07,11,1,1,0,0,0,0,1,0,0
"POINT (13.816662836000035 51.053216688000077)",Unfall 136719 (2019) Kat:3, Licht: 0,136719,3,3,5,06,14,2,0,0,0,1,0,0,0,0
"POINT (13.720419956000057 51.051281949000042)",Unfall 136733 (2019) Kat:3, Licht: 0,136733,3,6,2,07,13,2,0,0,0,1,0,0,0,0
"POINT (13.800550030000068 51.147917501000052)",Unfall 136735 (2019) Kat:3, Licht: 0,136735,3,1,0,07,17,2,0,0,1,0,0,0,0,0
"POINT (13.728812627000025 51.019674693000070)",Unfall 136765 (2019) Kat:3, Licht: 0,136765,3,2,0,07,21,7,1,0,0,1,0,1,0,0
"POINT (13.691898936000030 51.084343541000067)",Unfall 136773 (2019) Kat:3, Licht: 0,136773,3,3,5,07,19,7,1,0,0,1,0,0,0,0
"POINT (13.719868798000050 51.076197361000027)",Unfall 136802 (2019) Kat:3, Licht: 0,136802,3,1,0,06,11,1,0,0,1,0,0,0,0,0
"POINT (13.841685305000055 51.094472378000034)",Unfall 136810 (2019) Kat:3, Licht: 0,136810,3,1,0,06,14,1,0,0,1,0,0,0,0,0
"POINT (13.809647829000028 51.153567471000031)",Unfall 136817 (2019) Kat:3, Licht: 0,136817,3,3,5,06,11,1,0,0,0,1,0,1,0,0
"POINT (13.791816259000029 51.125615245000063)",Unfall 136840 (2019) Kat:3, Licht: 0,136840,3,2,5,08,14,3,0,0,0,1,0,0,0,1
"POINT (13.705248625000024 51.051018890000080)",Unfall 136844 (2019) Kat:3, Licht: 0,136844,3,3,5,07,13,1,0,0,1,1,0,0,0,0
"POINT (13.610374785000033 51.037665532000062)",Unfall 136848 (2019) Kat:3, Licht: 0,136848,3,1,8,07,18,1,0,0,0,0,0,1,0,0
"POINT (13.725706505000062 51.056787408000048)",Unfall 136862 (2019) Kat:3, Licht: 0,136862,3,1,0,07,09,2,0,0,1,0,0,0,0,0
"POINT (13.701996595000026 51.032498553000039)",Unfall 136867 (2019) Kat:3, Licht: 0,136867,3,3,0,07,10,2,0,0,0,0,0,0,0,1
"POINT (13.749018461000048 51.130016910000052)",Unfall 136871 (2019) Kat:3, Licht: 0,136871,3,6,3,08,06,4,0,0,0,1,0,0,1,0
"POINT (13.707219141000053 51.028284853000059)",Unfall 136874 (2019) Kat:3, Licht: 0,136874,3,3,5,07,12,2,0,0,0,1,0,0,0,0
"POINT (13.740329046000056 51.064695363000055)",Unfall 136877 (2019) Kat:3, Licht: 0,136877,3,3,5,07,17,2,0,0,0,1,0,0,0,0
"POINT (13.727758196000025 51.043764154000030)",Unfall 136882 (2019) Kat:3, Licht: 0,136882,3,3,5,06,13,7,0,0,1,1,0,0,0,0
"POINT (13.748878623000053 51.129560403000028)",Unfall 136885 (2019) Kat:2, Licht: 0,136885,2,6,3,07,05,2,0,0,0,1,0,0,1,0
"POINT (13.742033309000021 51.064674066000066)",Unfall 136903 (2019) Kat:3, Licht: 0,136903,3,3,5,07,16,6,0,0,1,1,0,0,0,0
"POINT (13.746060724000074 51.057161068000028)",Unfall 136942 (2019) Kat:3, Licht: 0,136942,3,3,5,07,15,7,0,0,0,1,0,0,0,0
"POINT (13.638521290000028 51.069243019000055)",Unfall 136946 (2019) Kat:2, Licht: 0,136946,2,3,0,08,12,1,0,0,1,0,0,0,0,0
"POINT (13.907019979000040 51.089692523000053)",Unfall 136970 (2019) Kat:3, Licht: 2,136970,3,1,9,06,02,6,1,2,0,1,0,0,0,0
"POINT (13.679626521000046 51.074982258000034)",Unfall 136971 (2019) Kat:3, Licht: 1,136971,3,7,8,08,05,5,0,1,0,0,0,0,1,0
"POINT (13.719216764000066 51.076459672000055)",Unfall 136991 (2019) Kat:3, Licht: 0,136991,3,3,5,06,15,6,0,0,0,1,0,0,0,0
"POINT (13.757395111000051 51.025230114000067)",Unfall 136995 (2019) Kat:2, Licht: 0,136995,2,3,5,06,17,6,0,0,1,1,0,0,0,0
"POINT (13.689216691000070 51.082868447000067)",Unfall 137000 (2019) Kat:3, Licht: 2,137000,3,7,0,07,22,5,0,2,1,0,0,0,0,0
"POINT (13.744224080000038 51.057407967000074)",Unfall 137001 (2019) Kat:3, Licht: 0,137001,3,3,5,07,09,5,0,0,1,1,0,0,0,0
"POINT (13.733229367000035 51.039050295000038)",Unfall 137003 (2019) Kat:3, Licht: 1,137003,3,6,2,06,21,6,0,1,0,1,0,0,0,0
"POINT (13.823629877000030 51.044678265000073)",Unfall 137006 (2019) Kat:3, Licht: 0,137006,3,6,3,06,19,1,0,0,1,0,0,0,0,0
"POINT (13.783399030000055 51.155482548000066)",Unfall 137007 (2019) Kat:3, Licht: 0,137007,3,7,2,06,17,6,0,0,0,1,0,0,0,1
"POINT (13.718563214000028 51.039471476000074)",Unfall 137015 (2019) Kat:3, Licht: 0,137015,3,3,5,06,12,6,0,0,1,1,0,0,0,0
"POINT (13.680621985000073 51.062033389000078)",Unfall 137025 (2019) Kat:3, Licht: 0,137025,3,3,5,08,13,3,0,0,1,1,0,0,0,0
"POINT (13.675289785000075 51.017802200000062)",Unfall 137045 (2019) Kat:3, Licht: 0,137045,3,6,4,07,17,6,0,0,0,1,0,0,0,0
"POINT (13.733392201000072 51.039252827000041)",Unfall 137049 (2019) Kat:2, Licht: 0,137049,2,1,0,07,10,6,0,0,1,0,0,0,0,0
"POINT (13.706879362000052 51.099570140000026)",Unfall 137053 (2019) Kat:2, Licht: 0,137053,2,7,8,08,15,2,0,0,0,1,0,0,0,0
"POINT (13.733676769000056 51.039615037000033)",Unfall 137071 (2019) Kat:3, Licht: 0,137071,3,5,2,07,08,4,0,0,1,0,0,0,0,1