WKT,Name,OBJECTID,UKATEGORIE,UTYP1,UART,UMONAT,USTUNDE,UWOCHENTAG,STRZUSTAND,ULICHTVERH,ISTRAD,ISTPKW,ISTFUSS,ISTKRAD,ISTGKFZ,ISTSONSTIG
"POINT (13.768063559000041 51.097474538000029)",Unfall 137072 (2019) Kat:3, Licht: 0,137072,3,6,3,07,16,4,0,0,1,0,0,0,0,0
"POINT (13.600185461000024 51.094118148000064)",Unfall 137079 (2019) Kat:2, Licht: 0,137079,2,1,0,07,16,4,0,0,1,0,0,0,0,0
"POINT (13.696775399000046 51.043363076000048)",Unfall 137096 (2019) Kat:3, Licht: 1,137096,3,1,0,06,21,5,1,1,1,0,0,0,0,0
"POINT (13.612004114000058 51.044566489000033)",Unfall 137103 (2019) Kat:2, Licht: 0,137103,2,1,0,06,16,5,0,0,1,0,0,0,0,0
"POINT (13.646826237000028 51.068821452000066)",Unfall 137113 (2019) Kat:2, Licht: 0,137113,2,6,4,06,17,5,0,0,0,1,0,1,0,0
"POINT (13.691937903000053 51.084373061000065)",Unfall 137127 (2019) Kat:3, Licht: 0,137127,3,3,5,08,12,7,0,0,0,1,0,0,0,0
"POINT (13.693102344000067 51.081978106000065)",Unfall 137130 (2019) Kat:3, Licht: 0,137130,3,2,5,06,20,7,0,0,1,1,0,0,0,0
"POINT (13.727762615000074 51.043762425000068)",Unfall 137137 (2019) Kat:3, Licht: 0,137137,3,3,5,07,14,5,0,0,1,1,0,0,0,0
"POINT (13.646748826000021 51.084608371000058)",Unfall 137149 (2019) Kat:3, Licht: 0,137149,3,2,6,07,08,5,0,0,0,1,1,0,0,0
"POINT (13.692456660000062 51.083328927000082)",Unfall 137174 (2019) Kat:3, Licht: 0,137174,3,2,4,07,16,3,0,0,1,1,0,0,0,0
"POINT (13.843323093000038 51.030957908000062)",Unfall 137177 (2019) Kat:3, Licht: 0,137177,3,7,0,07,07,3,0,0,0,1,0,0,0,0
"POINT (13.722069129000033 51.046458777000055)",Unfall 137178 (2019) Kat:3, Licht: 0,137178,3,3,5,07,06,3,0,0,1,1,0,0,0,0
"POINT (13.768598976000021 51.019431521000058)",Unfall 137208 (2019) Kat:3, Licht: 0,137208,3,1,0,07,11,4,0,0,0,0,0,1,0,0
"POINT (13.707019551000030 51.041396310000039)",Unfall 137210 (2019) Kat:3, Licht: 0,137210,3,3,5,06,10,4,0,0,1,1,0,0,0,0
"POINT (13.839666619000070 51.126039334000041)",Unfall 137212 (2019) Kat:3, Licht: 0,137212,3,3,5,07,16,4,0,0,1,1,0,0,0,0
"POINT (13.746650127000066 51.057154616000048)",Unfall 137215 (2019) Kat:3, Licht: 0,137215,3,6,3,06,10,4,0,0,1,1,0,0,0,0
"POINT (13.723833906000038 51.045217840000078)",Unfall 137217 (2019) Kat:3, Licht: 0,137217,3,3,5,06,17,4,0,0,1,1,0,0,0,0
"POINT (13.709213089000059 51.084311232000061)",Unfall 137220 (2019) Kat:2, Licht: 0,137220,2,4,6,06,10,4,0,0,1,0,1,0,0,0
"POINT (13.662267224000061 51.078090456000041)",Unfall 137246 (2019) Kat:3, Licht: 0,137246,3,7,4,08,14,6,0,0,0,1,0,0,0,0
"POINT (13.727545768000027 51.071462429000064)",Unfall 137263 (2019) Kat:2, Licht: 1,137263,2,4,6,06,22,6,0,1,1,0,1,0,0,0
"POINT (13.796839981000062 51.135958764000065)",Unfall 137267 (2019) Kat:3, Licht: 0,137267,3,3,5,06,08,6,0,0,1,0,0,0,0,1
"POINT (13.705332504000069 51.014975039000035)",Unfall 137271 (2019) Kat:3, Licht: 0,137271,3,6,2,06,11,6,0,0,0,1,0,0,0,0
"POINT (13.715843484000061 51.062867107000045)",Unfall 137293 (2019) Kat:3, Licht: 0,137293,3,2,5,07,18,2,0,0,0,1,0,0,0,0
"POINT (13.720911426000043 51.092519060000029)",Unfall 137297 (2019) Kat:2, Licht: 0,137297,2,4,6,07,16,2,0,0,0,1,1,0,0,0
"POINT (13.679571996000050 51.062641134000046)",Unfall 137303 (2019) Kat:3, Licht: 0,137303,3,6,2,07,15,3,0,0,0,1,0,0,0,0
"POINT (13.749497901000041 51.131841642000040)",Unfall 137304 (2019) Kat:3, Licht: 0,137304,3,6,3,07,10,2,0,0,0,1,0,0,1,0
"POINT (13.733896856000058 51.075110495000047)",Unfall 137305 (2019) Kat:3, Licht: 2,137305,3,1,0,07,22,2,1,2,1,0,0,0,0,0
"POINT (13.718079805000059 51.035876939000048)",Unfall 137309 (2019) Kat:3, Licht: 0,137309,3,3,5,07,10,3,0,0,1,0,0,0,0,1
"POINT (13.731002107000052 51.121018141000036)",Unfall 137314 (2019) Kat:3, Licht: 0,137314,3,7,1,07,15,3,0,0,0,1,0,1,0,0
"POINT (13.629073745000028 51.088373796000042)",Unfall 137322 (2019) Kat:3, Licht: 0,137322,3,2,5,06,14,3,0,0,0,1,0,0,0,0
"POINT (13.670182774000068 51.049784514000066)",Unfall 137327 (2019) Kat:3, Licht: 0,137327,3,6,2,06,07,3,0,0,0,1,0,0,0,0
"POINT (13.768017804000067 51.019223473000068)",Unfall 137330 (2019) Kat:3, Licht: 0,137330,3,6,3,06,09,3,0,0,0,1,0,1,0,0
"POINT (13.770814537000035 51.016658997000036)",Unfall 137332 (2019) Kat:3, Licht: 0,137332,3,6,3,06,11,3,0,0,0,1,0,0,1,0
"POINT (13.802661585000067 50.987786639000035)",Unfall 137336 (2019) Kat:3, Licht: 0,137336,3,3,5,06,14,3,0,0,1,1,0,0,0,0
"POINT (13.720865978000063 51.092580369000075)",Unfall 137338 (2019) Kat:3, Licht: 0,137338,3,7,0,06,07,3,0,0,1,0,0,0,0,0
"POINT (13.727240381000058 51.031779811000035)",Unfall 137345 (2019) Kat:3, Licht: 0,137345,3,3,5,06,11,3,0,0,0,1,0,0,0,0
"POINT (13.747039020000045 51.063694971000075)",Unfall 137346 (2019) Kat:2, Licht: 0,137346,2,3,5,08,13,3,0,0,1,1,0,0,0,0
"POINT (13.736404267000069 51.063837055000079)",Unfall 137355 (2019) Kat:3, Licht: 0,137355,3,1,0,07,12,1,0,0,1,0,0,0,0,0
"POINT (13.729007227000068 51.059943183000030)",Unfall 137362 (2019) Kat:3, Licht: 0,137362,3,1,0,07,12,1,0,0,1,0,0,0,0,0
"POINT (13.608243718000040 51.064402453000071)",Unfall 137368 (2019) Kat:3, Licht: 0,137368,3,6,2,07,16,1,0,0,0,1,0,0,0,1
"POINT (13.689669068000057 51.069359498000040)",Unfall 137371 (2019) Kat:2, Licht: 0,137371,2,6,2,08,13,7,0,0,0,1,0,0,0,0
"POINT (13.652013650000072 51.071428695000066)",Unfall 137378 (2019) Kat:2, Licht: 2,137378,2,1,8,08,00,4,0,2,0,1,0,0,0,0
"POINT (13.732452511000076 51.061024793000058)",Unfall 137409 (2019) Kat:3, Licht: 0,137409,3,6,4,08,19,5,0,0,1,0,0,0,0,0
"POINT (13.730683851000038 51.030414122000082)",Unfall 137417 (2019) Kat:3, Licht: 0,137417,3,2,5,07,13,2,0,0,1,1,0,0,0,0
"POINT (13.807571664000022 51.151206550000040)",Unfall 137422 (2019) Kat:3, Licht: 0,137422,3,3,5,07,16,2,0,0,1,1,0,0,0,0
"POINT (13.656843683000034 51.069132123000031)",Unfall 137423 (2019) Kat:3, Licht: 0,137423,3,1,8,06,11,5,0,0,0,1,0,0,0,0
"POINT (13.715757831000076 51.036905728000079)",Unfall 137424 (2019) Kat:3, Licht: 0,137424,3,1,0,07,14,2,0,0,1,0,0,0,0,0
"POINT (13.883708677000072 51.060822906000055)",Unfall 137438 (2019) Kat:2, Licht: 0,137438,2,2,6,07,15,7,0,0,0,1,1,0,0,0
"POINT (13.723229607000064 51.089810199000055)",Unfall 137447 (2019) Kat:3, Licht: 0,137447,3,2,5,06,07,2,0,0,1,1,0,0,0,0
"POINT (13.724618887000076 51.088072292000049)",Unfall 137457 (2019) Kat:3, Licht: 0,137457,3,3,5,06,15,2,0,0,1,1,0,0,0,0
"POINT (13.661747691000073 51.078354306000051)",Unfall 137462 (2019) Kat:3, Licht: 2,137462,3,1,0,08,01,1,0,2,1,0,0,0,0,0
"POINT (13.719733771000051 51.094224166000060)",Unfall 137468 (2019) Kat:2, Licht: 0,137468,2,5,0,06,10,2,0,0,1,1,0,0,0,0
"POINT (13.636467262000053 51.087283156000069)",Unfall 137470 (2019) Kat:2, Licht: 0,137470,2,2,5,06,18,2,0,0,0,1,0,1,0,0
"POINT (13.881711086000053 50.994691205000038)",Unfall 137474 (2019) Kat:3, Licht: 0,137474,3,3,5,08,12,6,0,0,1,1,0,0,0,0
"POINT (13.737668829000029 51.061378699000045)",Unfall 137500 (2019) Kat:2, Licht: 2,137500,2,1,8,07,02,1,1,2,0,0,0,0,0,1
"POINT (13.696273658000052 51.022403334000046)",Unfall 137507 (2019) Kat:3, Licht: 0,137507,3,2,5,08,19,5,0,0,1,1,0,0,0,0
"POINT (13.756901635000077 51.025412452000069)",Unfall 137536 (2019) Kat:3, Licht: 0,137536,3,3,5,08,19,5,0,0,0,1,0,0,0,0
"POINT (13.725497289000032 51.072687901000052)",Unfall 137542 (2019) Kat:3, Licht: 2,137542,3,1,4,08,01,3,0,2,1,1,0,0,0,0
"POINT (13.769529769000030 51.010122810000041)",Unfall 137546 (2019) Kat:3, Licht: 0,137546,3,2,3,07,12,7,0,0,1,1,0,0,0,0
"POINT (13.832910898000023 51.037079436000056)",Unfall 137550 (2019) Kat:3, Licht: 0,137550,3,1,0,07,11,7,0,0,1,0,0,0,0,0
"POINT (13.720619116000023 51.049235731000067)",Unfall 137555 (2019) Kat:3, Licht: 0,137555,3,4,6,07,11,7,0,0,0,1,1,0,0,0
"POINT (13.713899902000037 51.129782114000079)",Unfall 137557 (2019) Kat:2, Licht: 2,137557,2,6,2,07,23,7,1,2,0,1,0,0,0,0
"POINT (13.953253899000060 51.035131999000043)",Unfall 137563 (2019) Kat:3, Licht: 0,137563,3,1,8,07,17,7,0,0,0,0,0,1,0,0
"POINT (13.748133998000071 51.063475898000036)",Unfall 137567 (2019) Kat:3, Licht: 0,137567,3,7,6,06,16,1,0,0,0,0,1,0,0,1
"POINT (13.728606870000021 51.083884656000066)",Unfall 137570 (2019) Kat:3, Licht: 0,137570,3,4,6,07,15,6,0,0,0,1,1,0,0,0
"POINT (13.704506371000036 51.050926761000028)",Unfall 137572 (2019) Kat:3, Licht: 0,137572,3,7,1,06,13,1,0,0,0,1,0,1,0,0
"POINT (13.853650054000070 51.062157701000046)",Unfall 137573 (2019) Kat:3, Licht: 0,137573,3,4,6,08,08,2,0,0,1,0,1,0,0,0
"POINT (13.726520860000051 51.126985388000037)",Unfall 137577 (2019) Kat:2, Licht: 0,137577,2,3,5,07,13,6,0,0,1,1,0,0,0,0
"POINT (13.792381991000070 51.002730523000082)",Unfall 137600 (2019) Kat:3, Licht: 0,137600,3,6,2,06,14,4,0,0,0,1,0,1,0,0
"POINT (13.747040600000048 51.063694548000058)",Unfall 137605 (2019) Kat:3, Licht: 0,137605,3,3,5,08,12,3,0,0,1,1,0,0,0,0
"POINT (13.715362972000037 51.099407720000045)",Unfall 137616 (2019) Kat:3, Licht: 0,137616,3,1,0,06,11,4,0,0,1,0,0,0,0,0
"POINT (13.709421403000022 51.084227422000026)",Unfall 137638 (2019) Kat:3, Licht: 2,137638,3,1,1,08,19,4,1,2,0,1,0,0,0,0
"POINT (13.825072877000025 51.062518294000029)",Unfall 137649 (2019) Kat:3, Licht: 0,137649,3,3,5,06,11,7,0,0,0,1,0,1,0,0
"POINT (13.712356983000063 51.100710762000062)",Unfall 137658 (2019) Kat:2, Licht: 0,137658,2,7,0,06,05,7,0,0,0,1,0,0,0,1
"POINT (13.689750065000055 51.022524985000075)",Unfall 137667 (2019) Kat:2, Licht: 2,137667,2,7,0,06,22,7,1,2,0,0,0,1,0,1
"POINT (13.689489637000065 51.067702058000066)",Unfall 137668 (2019) Kat:3, Licht: 2,137668,3,3,5,07,02,6,0,2,0,1,0,0,0,1
"POINT (13.718962824000073 51.096605107000073)",Unfall 137671 (2019) Kat:2, Licht: 0,137671,2,3,5,06,19,7,0,0,1,1,0,0,0,0
"POINT (13.764716264000072 51.002971387000059)",Unfall 137675 (2019) Kat:3, Licht: 0,137675,3,2,6,07,09,6,0,0,0,1,1,0,0,0
"POINT (13.750614319000022 51.071291918000043)",Unfall 137677 (2019) Kat:3, Licht: 0,137677,3,2,6,07,13,6,1,0,1,0,1,0,0,0
"POINT (13.707041918000073 51.041743157000042)",Unfall 137688 (2019) Kat:2, Licht: 0,137688,2,1,0,07,11,6,0,0,1,0,0,0,0,0
"POINT (13.796025548000046 50.981958752000025)",Unfall 137705 (2019) Kat:3, Licht: 0,137705,3,1,8,07,20,5,0,0,0,0,0,1,0,0
"POINT (13.821540990000074 51.063714397000069)",Unfall 137712 (2019) Kat:3, Licht: 0,137712,3,4,6,07,18,5,0,0,0,1,1,0,0,0
"POINT (13.738895497000044 51.044334977000062)",Unfall 137716 (2019) Kat:3, Licht: 0,137716,3,1,0,07,15,5,0,0,1,0,0,0,0,0
"POINT (13.840701852000052 51.032170175000033)",Unfall 137723 (2019) Kat:3, Licht: 0,137723,3,2,5,07,07,5,0,0,1,1,0,0,0,0
"POINT (13.720919188000039 51.092508589000033)",Unfall 137729 (2019) Kat:2, Licht: 0,137729,2,3,5,08,17,1,0,0,1,1,0,0,0,0
"POINT (13.733312761000036 51.076005318000057)",Unfall 137731 (2019) Kat:2, Licht: 0,137731,2,3,5,07,13,5,0,0,1,1,0,0,0,0
"POINT (13.765836326000056 51.006166433000033)",Unfall 137775 (2019) Kat:3, Licht: 0,137775,3,2,5,07,13,5,0,0,1,1,0,0,0,0
"POINT (13.719408267000063 51.076383896000038)",Unfall 137789 (2019) Kat:3, Licht: 0,137789,3,6,1,06,13,6,0,0,0,1,0,0,0,0
"POINT (13.737265916000069 51.085514593000028)",Unfall 137793 (2019) Kat:3, Licht: 0,137793,3,2,5,10,16,6,0,0,1,1,0,0,0,0
"POINT (13.782210480000060 51.113454936000039)",Unfall 137855 (2019) Kat:3, Licht: 0,137855,3,3,0,09,15,2,1,0,1,1,0,0,0,0
"POINT (13.662797828000066 51.049457236000080)",Unfall 137856 (2019) Kat:3, Licht: 0,137856,3,4,6,09,07,4,0,0,0,1,1,0,0,0
"POINT (13.770353205000049 51.017230137000070)",Unfall 137864 (2019) Kat:3, Licht: 0,137864,3,6,1,08,19,5,0,0,0,1,0,0,0,0
"POINT (13.735519281000052 51.072952563000058)",Unfall 137865 (2019) Kat:3, Licht: 0,137865,3,3,5,08,08,5,0,0,1,1,0,0,0,0
"POINT (13.672250311000028 51.073356181000065)",Unfall 137866 (2019) Kat:2, Licht: 1,137866,2,6,2,09,06,2,0,1,0,1,0,0,1,0
"POINT (13.795965393000074 50.996079103000056)",Unfall 137873 (2019) Kat:3, Licht: 0,137873,3,3,5,08,15,5,0,0,0,1,0,0,0,0
"POINT (13.645187657000065 51.071339282000054)",Unfall 137874 (2019) Kat:3, Licht: 1,137874,3,6,2,09,06,2,0,1,0,0,0,0,1,0
"POINT (13.748227868000072 51.063457539000069)",Unfall 137878 (2019) Kat:2, Licht: 0,137878,2,1,0,08,09,5,0,0,0,0,0,1,0,0
"POINT (13.815527751000047 51.053749956000047)",Unfall 137879 (2019) Kat:3, Licht: 0,137879,3,6,3,08,15,5,0,0,1,1,0,0,0,0
"POINT (13.720400268000049 51.041132294000079)",Unfall 137881 (2019) Kat:3, Licht: 0,137881,3,7,6,09,11,2,0,0,0,1,1,0,0,0
"POINT (13.745645868000054 51.049321081000073)",Unfall 137888 (2019) Kat:3, Licht: 2,137888,3,2,2,10,20,6,0,2,1,1,0,0,0,0
"POINT (13.721522646000039 51.047229854000079)",Unfall 137891 (2019) Kat:3, Licht: 0,137891,3,3,5,08,06,5,0,0,1,0,0,0,0,1
"POINT (13.762319647000027 51.084836418000066)",Unfall 137898 (2019) Kat:3, Licht: 0,137898,3,6,2,08,13,5,0,0,0,1,0,0,0,0
"POINT (13.828781540000023 51.058544207000068)",Unfall 137933 (2019) Kat:2, Licht: 0,137933,2,2,5,10,16,4,0,0,1,1,0,0,0,0
"POINT (13.701996267000027 51.032497688000035)",Unfall 137954 (2019) Kat:3, Licht: 0,137954,3,3,5,08,09,7,0,0,1,1,0,0,0,0
"POINT (13.699981755000067 51.096474662000048)",Unfall 137958 (2019) Kat:3, Licht: 1,137958,3,6,2,10,18,6,0,1,0,1,0,0,0,0
"POINT (13.702454370000055 51.090465344000052)",Unfall 137959 (2019) Kat:3, Licht: 0,137959,3,2,4,10,11,2,0,0,1,1,0,0,0,0
"POINT (13.764942699000073 51.091432628000064)",Unfall 137966 (2019) Kat:2, Licht: 0,137966,2,4,6,10,09,5,1,0,0,0,1,0,0,1
"POINT (13.736765384000023 51.093738839000082)",Unfall 137972 (2019) Kat:3, Licht: 0,137972,3,6,1,10,13,5,0,0,0,1,0,0,0,0
"POINT (13.706633287000045 51.019624793000048)",Unfall 137976 (2019) Kat:3, Licht: 0,137976,3,3,5,10,10,7,0,0,1,1,0,0,0,0
"POINT (13.724418204000074 51.033048925000060)",Unfall 137978 (2019) Kat:3, Licht: 2,137978,3,3,5,10,06,5,0,2,1,1,0,0,0,0
"POINT (13.750431294000066 51.063152839000054)",Unfall 137980 (2019) Kat:3, Licht: 0,137980,3,7,3,10,16,5,0,0,1,1,0,0,0,0
"POINT (13.782080954000037 51.010782978000066)",Unfall 137988 (2019) Kat:3, Licht: 0,137988,3,6,2,09,16,3,0,0,0,1,0,0,0,0
"POINT (13.689308508000067 51.067726644000061)",Unfall 137989 (2019) Kat:3, Licht: 0,137989,3,3,5,10,09,4,1,0,0,1,0,0,0,1
"POINT (13.754937128000051 51.062911740000061)",Unfall 137994 (2019) Kat:3, Licht: 0,137994,3,2,6,10,08,3,0,0,0,1,1,0,0,0
"POINT (13.738986080000075 51.044585451000046)",Unfall 138000 (2019) Kat:3, Licht: 0,138000,3,1,9,09,18,3,1,0,0,1,0,0,0,0
"POINT (13.734628009000062 51.106590374000064)",Unfall 138004 (2019) Kat:3, Licht: 0,138004,3,3,5,09,17,3,1,0,0,1,0,0,0,0
"POINT (13.727360226000030 51.126845153000033)",Unfall 138006 (2019) Kat:2, Licht: 0,138006,2,7,9,09,11,3,0,0,0,1,0,0,0,0
"POINT (13.733228855000050 51.039049669000065)",Unfall 138007 (2019) Kat:3, Licht: 0,138007,3,6,2,10,11,3,0,0,0,1,0,0,0,1
"POINT (13.705100352000045 51.044440543000064)",Unfall 138010 (2019) Kat:2, Licht: 0,138010,2,3,5,08,20,4,0,0,1,1,0,0,0,0
"POINT (13.852556780000043 51.061970172000031)",Unfall 138030 (2019) Kat:3, Licht: 0,138030,3,3,5,10,12,7,0,0,0,1,0,0,0,0
"POINT (13.729812834000029 51.082709310000041)",Unfall 138097 (2019) Kat:3, Licht: 0,138097,3,3,5,10,07,2,0,0,1,1,0,0,0,0
"POINT (13.614605478000044 51.038377856000068)",Unfall 138104 (2019) Kat:3, Licht: 1,138104,3,6,2,09,18,7,0,1,0,1,0,0,0,0
"POINT (13.715684212000042 51.036913474000073)",Unfall 138111 (2019) Kat:3, Licht: 2,138111,3,3,5,09,03,7,0,2,0,1,0,0,0,0
"POINT (13.706505032000052 51.028730424000059)",Unfall 138119 (2019) Kat:3, Licht: 0,138119,3,2,5,10,12,1,0,0,0,1,0,1,0,0
"POINT (13.723204513000042 51.089847149000036)",Unfall 138122 (2019) Kat:2, Licht: 0,138122,2,2,5,09,17,7,0,0,0,1,0,0,0,0
"POINT (13.778653808000058 51.152134065000041)",Unfall 138137 (2019) Kat:2, Licht: 0,138137,2,6,2,09,14,4,0,0,0,1,0,0,0,0
"POINT (13.690198030000033 51.073823155000071)",Unfall 138138 (2019) Kat:3, Licht: 0,138138,3,1,0,09,15,6,1,0,1,0,0,0,0,0
"POINT (13.678525450000052 51.019987924000077)",Unfall 138139 (2019) Kat:2, Licht: 0,138139,2,6,4,09,13,2,0,0,0,1,0,0,0,0
"POINT (13.704873084000042 51.036348999000040)",Unfall 138144 (2019) Kat:3, Licht: 0,138144,3,2,5,08,07,3,0,0,1,1,0,0,0,0
"POINT (13.727195283000071 51.058040312000060)",Unfall 138150 (2019) Kat:3, Licht: 2,138150,3,3,5,08,20,3,1,2,1,0,0,0,0,0
"POINT (13.752005276000034 51.062974783000072)",Unfall 138187 (2019) Kat:3, Licht: 2,138187,3,2,5,08,22,6,0,2,1,1,0,0,0,0
"POINT (13.689659525000025 51.069271465000043)",Unfall 138198 (2019) Kat:3, Licht: 1,138198,3,1,0,10,07,4,1,1,1,0,0,0,0,0
"POINT (13.883741662000034 51.060825097000077)",Unfall 138211 (2019) Kat:2, Licht: 0,138211,2,2,5,10,12,4,0,0,1,1,0,0,0,0
"POINT (13.759888256000067 51.023421201000076)",Unfall 138213 (2019) Kat:2, Licht: 0,138213,2,6,2,08,10,4,0,0,0,1,0,0,0,0
"POINT (13.701377209000043 51.049974850000069)",Unfall 138217 (2019) Kat:3, Licht: 0,138217,3,6,2,09,07,2,0,0,0,1,0,0,0,1
"POINT (13.759886684000037 51.023547815000029)",Unfall 138223 (2019) Kat:3, Licht: 0,138223,3,7,9,08,12,4,0,0,0,1,0,0,0,0
"POINT (13.734737319000033 51.061757824000040)",Unfall 138230 (2019) Kat:3, Licht: 0,138230,3,6,2,08,15,4,0,0,0,1,0,0,0,0
"POINT (13.712351577000049 51.100709438000081)",Unfall 138234 (2019) Kat:3, Licht: 0,138234,3,6,2,10,13,4,0,0,0,1,0,0,1,0
"POINT (13.681249468000033 51.061853196000072)",Unfall 138241 (2019) Kat:3, Licht: 1,138241,3,1,0,09,19,1,0,1,1,0,0,0,0,0
"POINT (13.749483914000052 51.131789449000053)",Unfall 138245 (2019) Kat:3, Licht: 0,138245,3,6,2,09,11,1,0,0,0,1,0,0,0,0
"POINT (13.727806488000056 51.084638578000067)",Unfall 138246 (2019) Kat:2, Licht: 0,138246,2,2,4,09,08,1,0,0,0,1,0,1,0,0
"POINT (13.707014981000043 51.041398225000080)",Unfall 138253 (2019) Kat:3, Licht: 0,138253,3,3,5,10,07,3,0,0,1,1,0,0,0,0
"POINT (13.738247109000042 51.063899647000028)",Unfall 138255 (2019) Kat:3, Licht: 0,138255,3,6,0,09,16,1,0,0,0,1,0,1,0,0
"POINT (13.712335252000059 51.102579468000044)",Unfall 138282 (2019) Kat:3, Licht: 0,138282,3,6,2,08,08,2,1,0,0,1,0,1,0,0
"POINT (13.706917453000074 51.029130110000040)",Unfall 138291 (2019) Kat:3, Licht: 0,138291,3,1,0,08,09,2,1,0,1,0,0,0,0,0
"POINT (13.800195211000073 50.998298050000074)",Unfall 138293 (2019) Kat:3, Licht: 0,138293,3,1,0,08,09,2,1,0,0,0,0,1,0,1
"POINT (13.716821153000069 51.036438354000040)",Unfall 138296 (2019) Kat:3, Licht: 0,138296,3,4,6,10,07,4,0,0,1,0,1,0,0,0
"POINT (13.744783185000074 51.049157654000055)",Unfall 138298 (2019) Kat:3, Licht: 0,138298,3,3,5,08,10,2,1,0,0,1,0,0,0,1
"POINT (13.704745570000057 51.046296821000055)",Unfall 138300 (2019) Kat:3, Licht: 0,138300,3,2,0,09,09,6,0,0,1,0,0,0,0,1
"POINT (13.746863357000052 51.064785874000052)",Unfall 138371 (2019) Kat:3, Licht: 2,138371,3,1,0,09,02,7,0,2,0,0,0,0,0,1
"POINT (13.736847898000065 51.071483880000073)",Unfall 138372 (2019) Kat:3, Licht: 2,138372,3,1,0,09,04,7,0,2,1,0,0,0,0,0
"POINT (13.770906351000065 51.115745947000050)",Unfall 138382 (2019) Kat:2, Licht: 0,138382,2,4,6,09,17,7,0,0,1,1,1,0,0,0
"POINT (13.740345652000030 51.064701447000061)",Unfall 138394 (2019) Kat:3, Licht: 0,138394,3,2,2,10,17,3,1,0,0,1,0,0,0,0
"POINT (13.733523426000033 51.039417137000044)",Unfall 138397 (2019) Kat:2, Licht: 0,138397,2,6,2,10,15,3,1,0,0,1,0,0,0,0
"POINT (13.793344408000053 51.001962233000029)",Unfall 138407 (2019) Kat:2, Licht: 0,138407,2,1,9,10,14,3,1,0,0,1,0,0,0,0
"POINT (13.750749064000047 51.063110741000060)",Unfall 138417 (2019) Kat:3, Licht: 0,138417,3,3,5,10,07,3,0,0,1,1,0,0,0,0
"POINT (13.738403366000057 51.109489936000045)",Unfall 138420 (2019) Kat:3, Licht: 0,138420,3,3,3,09,15,5,0,0,0,1,0,0,1,0
"POINT (13.790965467000035 51.160092971000040)",Unfall 138423 (2019) Kat:2, Licht: 0,138423,2,6,2,09,09,5,0,0,0,1,0,0,1,0
"POINT (13.707355959000040 51.051688355000067)",Unfall 138433 (2019) Kat:2, Licht: 2,138433,2,2,5,10,05,3,0,2,0,1,0,0,0,1
"POINT (13.709277688000043 51.105898123000031)",Unfall 138435 (2019) Kat:2, Licht: 2,138435,2,1,9,08,22,3,0,2,0,1,0,0,0,0
"POINT (13.761304465000023 51.083383925000078)",Unfall 138441 (2019) Kat:3, Licht: 0,138441,3,3,5,10,08,3,0,0,1,0,0,0,1,0
"POINT (13.747863508000023 51.063524845000074)",Unfall 138443 (2019) Kat:3, Licht: 0,138443,3,6,2,08,14,3,0,0,0,1,0,0,0,0
"POINT (13.751774502000046 51.062987623000026)",Unfall 138446 (2019) Kat:3, Licht: 2,138446,3,1,2,09,21,3,0,2,1,0,0,0,0,1
"POINT (13.707398606000027 51.051873912000076)",Unfall 138458 (2019) Kat:3, Licht: 2,138458,3,1,9,08,22,1,0,2,0,1,0,0,0,0
"POINT (13.794305019000035 51.066502200000059)",Unfall 138459 (2019) Kat:3, Licht: 0,138459,3,6,2,08,13,3,0,0,0,1,0,0,0,0
"POINT (13.726372166000033 51.032168478000074)",Unfall 138464 (2019) Kat:3, Licht: 0,138464,3,6,2,08,09,1,0,0,0,1,0,0,0,1
"POINT (13.827767348000066 51.085283250000032)",Unfall 138468 (2019) Kat:2, Licht: 0,138468,2,1,8,10,13,3,0,0,0,0,0,1,0,0
"POINT (13.694238789000053 51.043103387000031)",Unfall 138469 (2019) Kat:3, Licht: 0,138469,3,2,2,08,19,1,0,0,0,1,0,0,0,0
"POINT (13.737655665000034 51.061461443000042)",Unfall 138480 (2019) Kat:3, Licht: 0,138480,3,3,2,08,18,1,0,0,1,0,0,0,0,1
"POINT (13.683118998000054 51.036932743000079)",Unfall 138491 (2019) Kat:3, Licht: 0,138491,3,2,5,09,14,4,0,0,0,1,0,1,0,0
"POINT (13.732902073000048 51.077866171000039)",Unfall 138539 (2019) Kat:2, Licht: 2,138539,2,1,0,08,04,6,0,2,0,0,0,0,0,1
"POINT (13.703814683000076 51.087782982000078)",Unfall 138547 (2019) Kat:3, Licht: 0,138547,3,3,5,09,15,1,0,0,1,1,0,0,0,0
"POINT (13.774083784000027 51.112604806000036)",Unfall 138558 (2019) Kat:3, Licht: 0,138558,3,3,5,10,06,2,0,0,1,0,0,0,0,1
"POINT (13.728444038000077 51.084042304000036)",Unfall 138592 (2019) Kat:3, Licht: 0,138592,3,3,5,10,11,2,0,0,0,1,0,0,0,0
"POINT (13.789353564000066 51.070840465000060)",Unfall 138598 (2019) Kat:3, Licht: 0,138598,3,3,5,10,07,2,0,0,0,1,0,1,0,0
"POINT (13.785730217000037 50.994994281000061)",Unfall 138603 (2019) Kat:3, Licht: 0,138603,3,6,2,10,08,2,0,0,0,1,0,0,0,0