WKT,Name,OBJECTID,UKATEGORIE,UTYP1,UART,UMONAT,USTUNDE,UWOCHENTAG,STRZUSTAND,ULICHTVERH,ISTRAD,ISTPKW,ISTFUSS,ISTKRAD,ISTGKFZ,ISTSONSTIG
"POINT (13.700580804000026 51.032181538000032)",Unfall 140147 (2019) Kat:3, Licht: 1,140147,3,3,5,11,07,5,1,1,1,1,0,0,0,0
"POINT (13.731265731000065 51.034440285000073)",Unfall 140179 (2019) Kat:3, Licht: 0,140179,3,2,6,12,09,4,0,0,0,1,1,0,0,0
"POINT (13.746940207000023 51.065695788000028)",Unfall 140207 (2019) Kat:3, Licht: 2,140207,3,6,2,12,17,3,0,2,1,1,0,0,0,0
"POINT (13.725001715000076 51.043915266000056)",Unfall 140208 (2019) Kat:2, Licht: 2,140208,2,3,5,12,17,3,0,2,1,1,0,0,0,0
"POINT (13.678712960000041 51.063226429000053)",Unfall 140212 (2019) Kat:2, Licht: 1,140212,2,2,2,12,16,3,0,1,1,1,0,0,0,0
"POINT (13.704002369000023 51.018015078000076)",Unfall 140213 (2019) Kat:3, Licht: 2,140213,3,3,5,11,05,3,0,2,0,1,0,0,0,0
"POINT (13.738387828000043 51.063962172000060)",Unfall 140214 (2019) Kat:3, Licht: 0,140214,3,2,3,11,13,3,0,0,1,1,0,0,0,0
"POINT (13.729358733000026 51.070407399000032)",Unfall 140215 (2019) Kat:2, Licht: 2,140215,2,6,2,12,16,3,0,2,0,1,0,1,0,0
"POINT (13.722040183000047 51.010670109000046)",Unfall 140218 (2019) Kat:3, Licht: 0,140218,3,1,9,11,08,3,0,0,0,1,0,0,0,0
"POINT (13.724995709000041 51.044802565000055)",Unfall 140219 (2019) Kat:3, Licht: 0,140219,3,4,6,11,12,3,0,0,1,0,1,0,0,0
"POINT (13.796840135000025 51.135958950000031)",Unfall 140240 (2019) Kat:3, Licht: 2,140240,3,3,5,12,17,2,1,2,0,1,0,0,0,1
"POINT (13.710077287000047 51.058061193000071)",Unfall 140241 (2019) Kat:3, Licht: 2,140241,3,2,6,12,18,2,1,2,0,1,1,0,0,0
"POINT (13.641342947000055 51.086351596000043)",Unfall 140244 (2019) Kat:3, Licht: 0,140244,3,6,4,12,15,2,0,0,1,0,0,0,0,0
"POINT (13.700447444000076 51.029073967000045)",Unfall 140260 (2019) Kat:3, Licht: 0,140260,3,3,5,12,15,1,1,0,1,1,0,0,0,0
"POINT (13.721518079000077 51.061273916000061)",Unfall 140274 (2019) Kat:3, Licht: 0,140274,3,6,2,11,15,2,1,0,0,1,0,0,0,0
"POINT (13.775591579000036 51.154745367000032)",Unfall 140275 (2019) Kat:3, Licht: 0,140275,3,6,2,11,12,2,1,0,0,1,0,0,1,0
"POINT (13.773931803000039 51.112865717000034)",Unfall 140279 (2019) Kat:3, Licht: 2,140279,3,3,5,11,18,2,1,2,0,1,0,1,0,0
"POINT (13.796249284000055 51.163297362000037)",Unfall 140280 (2019) Kat:3, Licht: 0,140280,3,6,2,11,07,2,0,0,0,1,0,0,0,1
"POINT (13.747009609000031 51.054639749000046)",Unfall 140285 (2019) Kat:3, Licht: 2,140285,3,6,2,11,16,7,0,2,0,1,0,0,0,0
"POINT (13.720420285000046 51.051238651000062)",Unfall 140307 (2019) Kat:3, Licht: 0,140307,3,3,5,11,12,1,0,0,1,1,0,0,0,0
"POINT (13.723310365000032 51.074335076000068)",Unfall 140327 (2019) Kat:3, Licht: 2,140327,3,4,6,11,23,7,0,2,0,1,1,0,0,0
"POINT (13.742025479000063 51.064674776000061)",Unfall 140330 (2019) Kat:3, Licht: 0,140330,3,3,5,11,10,7,0,0,1,1,0,0,0,0
"POINT (13.738554564000026 51.068545828000026)",Unfall 140359 (2019) Kat:2, Licht: 2,140359,2,1,0,11,23,6,0,2,0,0,0,0,0,1
"POINT (13.738418989000024 51.063974386000041)",Unfall 140388 (2019) Kat:3, Licht: 2,140388,3,2,6,12,17,1,1,2,0,0,1,0,0,1
"POINT (13.748963978000063 51.129130881000037)",Unfall 140400 (2019) Kat:2, Licht: 0,140400,2,6,2,12,13,7,0,0,0,1,0,0,0,0
"POINT (13.741164971000046 51.046279414000026)",Unfall 140431 (2019) Kat:3, Licht: 2,140431,3,2,5,12,17,6,0,2,1,1,0,0,0,0
"POINT (13.746233697000036 51.056656316000044)",Unfall 140432 (2019) Kat:3, Licht: 2,140432,3,6,2,12,18,6,0,2,0,1,0,0,0,0
"POINT (13.741736032000063 51.112182393000069)",Unfall 140433 (2019) Kat:3, Licht: 2,140433,3,6,3,12,18,6,0,2,0,1,0,0,1,0
"POINT (13.652039993000074 51.082661779000034)",Unfall 140466 (2019) Kat:3, Licht: 0,140466,3,5,1,12,09,5,1,0,0,0,0,0,0,1
"POINT (13.719202937000034 51.076465093000081)",Unfall 140468 (2019) Kat:3, Licht: 0,140468,3,3,5,12,13,5,0,0,0,1,0,0,0,0
"POINT (13.731792615000074 51.025267714000051)",Unfall 140471 (2019) Kat:3, Licht: 2,140471,3,2,5,12,06,5,0,2,1,1,0,0,0,0
"POINT (13.731469108000056 51.027291594000076)",Unfall 140499 (2019) Kat:3, Licht: 0,140499,3,6,2,12,06,4,0,0,0,1,0,0,0,1
"POINT (13.646137858000031 51.084839553000052)",Unfall 140500 (2019) Kat:3, Licht: 0,140500,3,3,5,12,14,4,0,0,1,1,0,0,0,0
"POINT (13.672261321000065 51.050256118000050)",Unfall 140503 (2019) Kat:3, Licht: 0,140503,3,6,1,12,11,4,0,0,0,1,0,0,0,0
"POINT (13.672389062000036 51.017234690000066)",Unfall 140535 (2019) Kat:3, Licht: 2,140535,3,3,5,12,17,3,0,2,1,1,0,0,0,0
"POINT (13.724996134000037 51.044802378000043)",Unfall 140536 (2019) Kat:3, Licht: 0,140536,3,4,6,12,15,3,0,0,1,0,1,0,0,0
"POINT (13.744232208000028 51.047626693000041)",Unfall 140537 (2019) Kat:3, Licht: 2,140537,3,6,2,12,20,3,0,2,0,1,0,0,0,0
"POINT (13.764285550000068 51.002444158000060)",Unfall 140539 (2019) Kat:3, Licht: 2,140539,3,4,6,12,17,3,0,2,0,1,1,0,0,0
"POINT (13.700558540000031 51.059344650000071)",Unfall 140541 (2019) Kat:3, Licht: 0,140541,3,3,5,12,14,3,0,0,1,1,0,0,0,0
"POINT (13.731070921000025 51.034433602000036)",Unfall 140542 (2019) Kat:3, Licht: 0,140542,3,3,5,12,08,3,1,0,1,0,0,0,0,1
"POINT (13.720667179000031 51.049287297000035)",Unfall 140545 (2019) Kat:3, Licht: 2,140545,3,2,5,12,16,3,0,2,1,1,0,0,0,0
"POINT (13.690053130000024 51.075077342000043)",Unfall 140588 (2019) Kat:3, Licht: 2,140588,3,3,5,12,17,2,0,2,0,1,0,0,0,0
"POINT (13.733383427000035 51.038968806000071)",Unfall 140589 (2019) Kat:3, Licht: 2,140589,3,3,5,12,17,2,0,2,1,1,0,0,0,0
"POINT (13.723518582000054 51.055136627000081)",Unfall 140590 (2019) Kat:3, Licht: 0,140590,3,6,2,12,12,2,1,0,0,1,0,0,0,0
"POINT (13.682372821000058 51.036321054000041)",Unfall 140667 (2019) Kat:2, Licht: 0,140667,2,3,5,12,15,6,1,0,1,1,0,0,0,0
"POINT (13.738908241000047 51.044344804000048)",Unfall 140668 (2019) Kat:2, Licht: 2,140668,2,4,6,12,07,6,0,2,1,0,1,0,0,0
"POINT (13.759454427000037 51.080720979000034)",Unfall 140670 (2019) Kat:3, Licht: 2,140670,3,2,5,12,17,6,1,2,1,1,0,0,0,0
"POINT (13.713288559000034 51.081200439000042)",Unfall 140703 (2019) Kat:3, Licht: 0,140703,3,2,3,12,08,5,1,0,1,1,0,0,0,0
"POINT (13.878522774000032 51.059958486000028)",Unfall 140704 (2019) Kat:2, Licht: 0,140704,2,6,3,12,12,5,0,0,0,1,0,0,0,0
"POINT (13.725827179000078 51.072446575000072)",Unfall 140706 (2019) Kat:3, Licht: 1,140706,3,6,2,12,17,2,0,1,0,1,0,1,0,0
"POINT (13.739375174000031 51.079744156000061)",Unfall 140708 (2019) Kat:2, Licht: 0,140708,2,1,8,12,14,2,0,0,0,1,0,0,0,0
"POINT (13.718036841000071 51.035896330000071)",Unfall 140722 (2019) Kat:2, Licht: 2,140722,2,3,5,12,16,4,0,2,1,1,0,0,0,0
"POINT (13.752833356000053 51.062931141000035)",Unfall 140725 (2019) Kat:3, Licht: 1,140725,3,4,6,12,16,4,0,1,1,0,1,0,0,0
"POINT (13.729849377000050 51.082673092000050)",Unfall 140726 (2019) Kat:3, Licht: 2,140726,3,2,5,12,18,4,0,2,1,1,0,0,0,0
"POINT (13.764221952000071 51.089407994000055)",Unfall 140729 (2019) Kat:3, Licht: 2,140729,3,7,0,12,20,4,0,2,1,0,0,0,0,0
"POINT (13.731887082000071 51.067718244000048)",Unfall 140732 (2019) Kat:3, Licht: 2,140732,3,6,2,12,18,7,1,2,0,1,0,0,0,0
"POINT (13.854127823000056 51.098986996000065)",Unfall 140734 (2019) Kat:3, Licht: 0,140734,3,2,2,12,14,7,0,0,0,1,0,0,0,0
"POINT (13.610617728000022 51.037592153000048)",Unfall 140737 (2019) Kat:3, Licht: 2,140737,3,3,5,12,18,7,0,2,0,1,0,0,0,0
"POINT (13.760141623000038 51.023377071000027)",Unfall 140796 (2019) Kat:3, Licht: 2,140796,3,4,6,12,17,2,1,2,1,0,1,0,0,0
"POINT (13.739308510000058 51.073861283000042)",Unfall 140797 (2019) Kat:3, Licht: 2,140797,3,6,2,12,18,4,1,2,0,1,0,0,1,0
"POINT (13.727722694000022 51.084721800000068)",Unfall 140798 (2019) Kat:3, Licht: 2,140798,3,2,6,12,17,4,1,2,0,1,1,0,0,0
"POINT (13.721360341000036 51.041766061000033)",Unfall 140799 (2019) Kat:3, Licht: 0,140799,3,3,5,12,08,2,0,0,1,1,0,0,0,0
"POINT (13.742029800000068 51.064674384000057)",Unfall 140800 (2019) Kat:2, Licht: 1,140800,2,3,5,12,07,2,1,1,1,1,0,0,0,0
"POINT (13.715411732000064 51.099359124000046)",Unfall 140828 (2019) Kat:3, Licht: 0,140828,3,6,2,12,13,1,0,0,0,1,0,0,0,0
"POINT (13.761247882000077 51.050898246000031)",Unfall 255870 (2019) Kat:3, Licht: 2,255870,3,3,5,01,18,5,1,2,0,1,0,0,0,0
"POINT (13.726559819000045 51.031518361000053)",Unfall 255902 (2019) Kat:3, Licht: 2,255902,3,7,0,01,04,4,0,2,1,0,0,0,0,0
"POINT (13.721102884000061 51.029937004000033)",Unfall 255912 (2019) Kat:3, Licht: 0,255912,3,3,5,01,14,4,1,0,0,1,0,0,0,0
"POINT (13.785019398000031 51.029052830000069)",Unfall 255945 (2019) Kat:2, Licht: 2,255945,2,1,0,01,18,3,1,2,1,0,0,0,0,0
"POINT (13.693187607000027 51.045825770000079)",Unfall 256128 (2019) Kat:3, Licht: 2,256128,3,4,6,01,17,6,1,2,0,1,1,0,0,0
"POINT (13.754182820000040 51.025141745000042)",Unfall 256154 (2019) Kat:3, Licht: 0,256154,3,2,2,01,15,5,0,0,0,1,0,0,0,0
"POINT (13.806170804000033 51.011482346000037)",Unfall 256155 (2019) Kat:3, Licht: 0,256155,3,1,0,01,07,6,1,0,1,0,0,0,0,0
"POINT (13.751877959000069 51.050660917000073)",Unfall 256159 (2019) Kat:2, Licht: 2,256159,2,4,6,01,17,6,1,2,0,1,1,0,0,0
"POINT (13.804951736000078 51.032453283000052)",Unfall 256162 (2019) Kat:3, Licht: 0,256162,3,3,5,01,13,6,1,0,0,1,0,0,0,1
"POINT (13.763819859000023 51.044042877000038)",Unfall 256163 (2019) Kat:3, Licht: 0,256163,3,7,0,01,15,5,0,0,1,1,0,0,0,0
"POINT (13.743596073000049 51.035646311000050)",Unfall 256164 (2019) Kat:2, Licht: 0,256164,2,3,5,01,10,2,0,0,0,1,0,0,0,1
"POINT (13.749142304000031 51.057670923000046)",Unfall 256166 (2019) Kat:3, Licht: 0,256166,3,3,5,01,15,6,1,0,1,1,0,0,0,0
"POINT (13.725166403000060 51.050252868000030)",Unfall 256168 (2019) Kat:3, Licht: 2,256168,3,3,5,01,18,3,0,2,1,1,0,0,0,0
"POINT (13.803083526000023 51.047459809000031)",Unfall 256173 (2019) Kat:3, Licht: 2,256173,3,2,5,01,07,4,1,2,0,1,0,0,0,0
"POINT (13.830393550000053 51.010156807000044)",Unfall 256187 (2019) Kat:3, Licht: 0,256187,3,4,5,01,09,4,0,0,0,0,1,0,0,1
"POINT (13.781188641000028 51.055099396000060)",Unfall 256194 (2019) Kat:3, Licht: 0,256194,3,6,6,01,09,3,0,0,0,1,1,0,0,0
"POINT (13.749177562000057 51.033590040000036)",Unfall 256196 (2019) Kat:3, Licht: 2,256196,3,2,3,01,16,6,1,2,1,1,0,0,0,0
"POINT (13.781159535000029 51.043022191000034)",Unfall 256203 (2019) Kat:3, Licht: 2,256203,3,2,2,01,18,5,0,2,1,1,0,0,0,0
"POINT (13.769620601000042 51.051095205000081)",Unfall 256204 (2019) Kat:3, Licht: 0,256204,3,3,5,01,13,6,0,0,0,1,0,0,0,0
"POINT (13.686136296000029 51.050222381000026)",Unfall 256206 (2019) Kat:3, Licht: 0,256206,3,1,7,01,09,3,0,0,0,1,0,0,0,0
"POINT (13.789490003000026 51.018324050000047)",Unfall 256209 (2019) Kat:3, Licht: 0,256209,3,3,5,01,10,5,1,0,1,1,0,0,0,0
"POINT (13.769965505000073 51.049373446000061)",Unfall 256210 (2019) Kat:2, Licht: 0,256210,2,1,0,01,08,2,2,0,1,0,0,0,0,0
"POINT (13.668354730000033 51.046873634000065)",Unfall 256211 (2019) Kat:3, Licht: 0,256211,3,3,5,01,07,4,1,0,0,1,0,0,0,0
"POINT (13.773833252000031 51.022940283000025)",Unfall 256213 (2019) Kat:3, Licht: 0,256213,3,7,5,01,08,5,1,0,0,0,0,0,1,1
"POINT (13.775001885000052 51.117608920000066)",Unfall 256218 (2019) Kat:2, Licht: 0,256218,2,2,5,01,10,3,0,0,0,1,0,0,0,0
"POINT (13.664366323000024 51.046080476000043)",Unfall 256220 (2019) Kat:3, Licht: 1,256220,3,6,6,01,18,6,0,1,1,0,1,0,0,0
"POINT (13.809204588000057 51.047392025000079)",Unfall 256232 (2019) Kat:3, Licht: 2,256232,3,3,5,01,07,4,2,2,1,1,0,0,0,0
"POINT (13.777626756000075 51.056080609000048)",Unfall 256234 (2019) Kat:3, Licht: 2,256234,3,2,5,01,16,4,1,2,1,1,0,0,0,0
"POINT (13.848586463000061 51.004463718000068)",Unfall 256237 (2019) Kat:3, Licht: 0,256237,3,6,4,01,13,4,1,0,0,1,0,1,0,0
"POINT (13.723927013000036 51.078399259000037)",Unfall 256238 (2019) Kat:3, Licht: 2,256238,3,3,5,01,20,4,0,2,0,1,0,0,0,0
"POINT (13.791341686000067 51.046752955000045)",Unfall 256239 (2019) Kat:3, Licht: 2,256239,3,3,5,01,17,7,1,2,1,1,0,0,0,0
"POINT (13.755158282000025 51.046203522000042)",Unfall 256241 (2019) Kat:3, Licht: 0,256241,3,6,2,01,11,4,1,0,0,1,0,0,0,0
"POINT (13.756570535000037 51.055095407000067)",Unfall 256243 (2019) Kat:3, Licht: 2,256243,3,3,5,01,06,5,0,2,1,1,0,0,0,0
"POINT (13.717883216000075 51.053169096000033)",Unfall 256248 (2019) Kat:3, Licht: 2,256248,3,2,5,01,18,3,1,2,1,1,0,0,0,0
"POINT (13.748006608000026 51.068744222000078)",Unfall 256251 (2019) Kat:3, Licht: 2,256251,3,1,7,01,01,1,1,2,1,0,0,0,0,0
"POINT (13.778173960000061 51.036811654000076)",Unfall 256254 (2019) Kat:3, Licht: 2,256254,3,4,6,01,07,5,1,2,0,1,1,0,0,0
"POINT (13.826920420000022 51.005246534000037)",Unfall 256257 (2019) Kat:3, Licht: 2,256257,3,4,6,01,20,3,1,2,0,0,1,0,0,1
"POINT (13.709912807000023 51.028587050000056)",Unfall 256266 (2019) Kat:3, Licht: 0,256266,3,3,5,01,07,5,0,0,1,1,0,0,0,0
"POINT (13.775624320000077 51.045362065000063)",Unfall 256267 (2019) Kat:3, Licht: 0,256267,3,3,5,01,14,2,1,0,1,1,0,0,0,0
"POINT (13.700836676000051 51.036447101000078)",Unfall 256277 (2019) Kat:2, Licht: 0,256277,2,3,5,01,10,4,1,0,0,1,0,0,1,0
"POINT (13.780565728000056 51.042173023000032)",Unfall 256284 (2019) Kat:3, Licht: 0,256284,3,3,5,01,10,7,1,0,0,1,0,0,0,0
"POINT (13.771087181000041 51.029750962000037)",Unfall 256298 (2019) Kat:3, Licht: 0,256298,3,3,5,01,07,3,1,0,0,1,0,0,0,0
"POINT (13.780364354000028 51.042241961000059)",Unfall 256307 (2019) Kat:3, Licht: 2,256307,3,3,5,01,06,5,0,2,0,1,0,0,0,0
"POINT (13.803256285000032 51.021745445000079)",Unfall 256308 (2019) Kat:3, Licht: 1,256308,3,3,5,01,07,6,1,1,1,1,0,0,0,0
"POINT (13.698542942000074 51.077274153000076)",Unfall 256310 (2019) Kat:2, Licht: 2,256310,2,1,8,01,18,3,2,2,0,1,0,0,0,0
"POINT (13.799233744000048 50.998233532000029)",Unfall 256313 (2019) Kat:3, Licht: 0,256313,3,6,2,01,13,3,1,0,0,1,0,0,0,0
"POINT (13.757947162000050 51.075902571000029)",Unfall 256316 (2019) Kat:3, Licht: 0,256316,3,3,5,01,14,3,1,0,1,1,0,0,0,0
"POINT (13.701652388000070 51.045300695000037)",Unfall 256322 (2019) Kat:3, Licht: 0,256322,3,4,6,01,11,3,0,0,0,1,1,0,0,0
"POINT (13.632543820000024 51.039445453000042)",Unfall 256323 (2019) Kat:3, Licht: 2,256323,3,2,4,01,17,3,1,2,0,1,0,0,0,0
"POINT (13.757961713000043 51.052259651000043)",Unfall 256325 (2019) Kat:3, Licht: 2,256325,3,3,5,01,07,3,1,2,1,1,0,0,0,0
"POINT (13.829021554000064 51.007646553000029)",Unfall 256326 (2019) Kat:3, Licht: 0,256326,3,1,0,01,11,1,0,0,1,0,0,0,0,0
"POINT (13.733018964000053 51.034021430000053)",Unfall 256340 (2019) Kat:3, Licht: 0,256340,3,3,5,01,13,4,0,0,1,1,0,0,0,0
"POINT (13.710688310000023 51.032468589000075)",Unfall 256341 (2019) Kat:3, Licht: 2,256341,3,4,6,01,18,7,1,2,0,1,1,0,0,0
"POINT (13.705928769000025 51.090846634000059)",Unfall 256355 (2019) Kat:3, Licht: 2,256355,3,3,5,01,07,2,1,2,1,1,0,0,0,0
"POINT (13.729847430000063 51.087771660000044)",Unfall 256357 (2019) Kat:2, Licht: 0,256357,2,7,0,01,08,5,0,0,1,1,0,0,0,0
"POINT (13.723232263000057 51.040613191000034)",Unfall 256360 (2019) Kat:3, Licht: 2,256360,3,6,6,01,05,3,0,2,1,0,1,0,0,0
"POINT (13.808512984000060 51.011603643000058)",Unfall 256361 (2019) Kat:3, Licht: 1,256361,3,6,2,01,15,2,1,1,0,1,0,0,0,0
"POINT (13.757536119000065 51.068281738000053)",Unfall 256364 (2019) Kat:3, Licht: 0,256364,3,1,0,01,13,6,1,0,1,0,0,0,0,0
"POINT (13.677453720000074 51.059691571000030)",Unfall 256365 (2019) Kat:2, Licht: 0,256365,2,3,4,01,12,7,0,0,1,1,0,0,0,0
"POINT (13.708484839000050 51.046931489000031)",Unfall 256369 (2019) Kat:3, Licht: 1,256369,3,2,3,01,08,5,2,1,1,0,0,0,0,1
"POINT (13.713697044000071 51.052117231000068)",Unfall 256370 (2019) Kat:3, Licht: 0,256370,3,2,3,01,08,2,1,0,1,1,0,0,0,0
"POINT (13.773660871000061 51.048744176000071)",Unfall 256373 (2019) Kat:3, Licht: 0,256373,3,3,5,01,11,6,0,0,0,1,0,0,0,0
"POINT (13.809797835000040 51.023038969000027)",Unfall 256380 (2019) Kat:2, Licht: 0,256380,2,3,5,01,09,2,0,0,1,0,0,0,0,1
"POINT (13.709409618000052 51.022755379000046)",Unfall 256381 (2019) Kat:3, Licht: 2,256381,3,1,0,01,19,4,0,2,1,0,0,0,0,0
"POINT (13.868553857000052 51.148133023000071)",Unfall 256389 (2019) Kat:3, Licht: 0,256389,3,7,5,01,10,7,1,0,0,1,0,0,0,0
"POINT (13.784246812000049 51.053546392000044)",Unfall 256393 (2019) Kat:3, Licht: 0,256393,3,1,0,01,11,7,1,0,1,0,0,0,0,0
"POINT (13.794545321000044 51.025274138000043)",Unfall 256397 (2019) Kat:3, Licht: 2,256397,3,5,1,01,17,2,1,2,1,1,0,0,0,0
"POINT (13.848449764000065 51.007962763000080)",Unfall 256402 (2019) Kat:2, Licht: 2,256402,2,2,6,01,17,3,1,2,0,1,1,0,0,0
"POINT (13.769289561000051 51.050369815000067)",Unfall 256405 (2019) Kat:3, Licht: 1,256405,3,4,6,01,07,1,0,1,0,1,1,0,0,0
"POINT (13.684607254000070 51.042446886000050)",Unfall 256412 (2019) Kat:2, Licht: 2,256412,2,3,5,02,19,5,1,2,1,1,0,0,0,0
"POINT (13.730284841000071 51.070767685000078)",Unfall 256413 (2019) Kat:3, Licht: 0,256413,3,5,1,02,08,5,0,0,0,1,0,0,0,0
"POINT (13.745240810000041 51.066219096000054)",Unfall 256414 (2019) Kat:3, Licht: 2,256414,3,3,5,02,19,5,1,2,1,1,0,0,0,0
"POINT (13.751959350000050 51.062426968000068)",Unfall 256415 (2019) Kat:3, Licht: 0,256415,3,6,6,02,11,5,0,0,1,0,1,0,0,0
"POINT (13.777199071000041 51.060061670000039)",Unfall 256416 (2019) Kat:3, Licht: 0,256416,3,3,5,02,09,5,0,0,1,1,0,0,0,0
"POINT (13.840242431000036 51.001746989000026)",Unfall 256426 (2019) Kat:3, Licht: 0,256426,3,7,0,02,13,4,0,0,0,1,0,1,0,0
"POINT (13.765825775000053 51.065785696000034)",Unfall 256427 (2019) Kat:3, Licht: 0,256427,3,3,5,02,16,4,0,0,0,1,0,0,0,0
"POINT (13.768019445000050 51.051321731000030)",Unfall 256436 (2019) Kat:3, Licht: 0,256436,3,7,0,02,14,3,1,0,1,1,0,0,0,0
"POINT (13.749414036000076 51.064697642000056)",Unfall 256437 (2019) Kat:3, Licht: 0,256437,3,1,1,02,13,3,0,0,1,1,0,0,0,0
"POINT (13.719748021000044 51.077375422000046)",Unfall 256438 (2019) Kat:3, Licht: 0,256438,3,2,6,02,16,3,1,0,0,1,1,0,0,0
"POINT (13.807959575000041 51.034158487000070)",Unfall 256439 (2019) Kat:2, Licht: 0,256439,2,3,5,02,12,3,0,0,0,1,0,0,0,0
"POINT (13.728196247000028 51.085217320000027)",Unfall 256449 (2019) Kat:3, Licht: 2,256449,3,4,6,02,18,2,0,2,0,1,1,0,0,0
"POINT (13.792276994000076 51.053780886000027)",Unfall 256450 (2019) Kat:2, Licht: 0,256450,2,2,6,02,14,2,0,0,0,1,1,0,0,0
"POINT (13.677857216000064 51.043188094000072)",Unfall 256460 (2019) Kat:3, Licht: 0,256460,3,1,0,02,16,1,0,0,1,0,0,0,0,0
"POINT (13.736872950000077 51.087546353000050)",Unfall 256461 (2019) Kat:3, Licht: 0,256461,3,1,0,02,16,1,0,0,1,0,0,0,0,0
"POINT (13.778959064000048 51.037800064000066)",Unfall 256462 (2019) Kat:3, Licht: 0,256462,3,1,0,02,15,1,0,0,1,0,0,0,0,0
"POINT (13.774716474000058 51.033220681000046)",Unfall 256472 (2019) Kat:3, Licht: 0,256472,3,6,4,02,12,7,0,0,1,0,0,0,0,0
"POINT (13.725137360000076 51.092133616000069)",Unfall 256484 (2019) Kat:3, Licht: 0,256484,3,7,0,02,12,6,0,0,0,1,0,0,0,0
"POINT (13.731332571000053 51.039623998000081)",Unfall 256485 (2019) Kat:3, Licht: 0,256485,3,4,6,02,10,6,0,0,0,0,1,0,1,0
"POINT (13.747769924000067 51.082351122000034)",Unfall 256486 (2019) Kat:3, Licht: 0,256486,3,3,5,02,07,6,0,0,1,1,0,0,0,0
"POINT (13.718548755000029 51.068099339000071)",Unfall 256487 (2019) Kat:3, Licht: 2,256487,3,4,6,02,18,6,0,2,0,1,1,0,0,0
"POINT (13.713627495000026 51.050643801000035)",Unfall 256499 (2019) Kat:3, Licht: 1,256499,3,6,2,02,06,5,0,1,0,1,0,0,0,0
"POINT (13.827738619000058 51.026697671000079)",Unfall 256500 (2019) Kat:3, Licht: 0,256500,3,3,5,02,14,5,0,0,1,1,0,0,0,0
"POINT (13.814279378000037 51.017931096000041)",Unfall 256501 (2019) Kat:3, Licht: 2,256501,3,3,5,02,05,5,0,2,1,1,0,0,0,0
"POINT (13.795572648000075 51.052269947000070)",Unfall 256502 (2019) Kat:3, Licht: 0,256502,3,5,0,02,15,5,0,0,0,1,0,0,0,0
"POINT (13.705936794000024 51.090860803000055)",Unfall 256508 (2019) Kat:3, Licht: 0,256508,3,2,4,02,17,4,0,0,1,1,0,0,0,0
"POINT (13.778350745000068 51.037021431000028)",Unfall 256509 (2019) Kat:1, Licht: 0,256509,1,3,5,02,09,4,1,0,0,0,0,0,0,1
"POINT (13.705921778000061 51.090834291000078)",Unfall 256514 (2019) Kat:3, Licht: 2,256514,3,3,5,02,06,3,1,2,1,0,0,0,0,1
"POINT (13.757186893000039 51.049817981000047)",Unfall 256515 (2019) Kat:3, Licht: 0,256515,3,1,0,02,15,3,1,0,1,0,0,0,0,0
"POINT (13.740246983000077 51.053739342000029)",Unfall 256518 (2019) Kat:3, Licht: 1,256518,3,2,5,02,17,2,1,1,1,1,0,0,0,0
"POINT (13.748830155000064 51.037464130000046)",Unfall 256519 (2019) Kat:3, Licht: 0,256519,3,6,3,02,07,2,1,0,1,0,0,0,0,0
"POINT (13.741915636000044 51.073170825000034)",Unfall 256525 (2019) Kat:2, Licht: 2,256525,2,5,1,02,22,1,0,2,1,1,0,0,0,0
"POINT (13.801678568000057 51.046144610000056)",Unfall 256536 (2019) Kat:3, Licht: 0,256536,3,3,5,02,15,7,0,0,1,1,0,0,0,0
"POINT (13.682920955000043 51.085984729000074)",Unfall 256537 (2019) Kat:2, Licht: 0,256537,2,3,5,02,15,7,0,0,0,1,0,0,0,0
"POINT (13.749132135000025 51.033518515000026)",Unfall 256546 (2019) Kat:3, Licht: 0,256546,3,6,2,02,12,6,1,0,1,0,0,0,0,1
"POINT (13.803213704000029 51.021722073000035)",Unfall 256547 (2019) Kat:3, Licht: 0,256547,3,3,5,02,06,6,1,0,0,1,0,0,0,1
"POINT (13.811773357000050 51.020618065000065)",Unfall 256555 (2019) Kat:3, Licht: 0,256555,3,6,3,02,09,5,2,0,1,1,0,0,0,0
"POINT (13.749499482000033 51.048798026000043)",Unfall 256557 (2019) Kat:3, Licht: 2,256557,3,7,0,02,22,5,2,2,1,0,0,0,0,0
"POINT (13.764045125000052 51.030953977000081)",Unfall 256558 (2019) Kat:3, Licht: 0,256558,3,3,5,02,09,5,1,0,0,1,0,0,0,0
"POINT (13.770546176000039 51.071571159000030)",Unfall 256569 (2019) Kat:3, Licht: 2,256569,3,1,2,02,18,4,2,2,0,1,0,0,0,0
"POINT (13.721228211000039 51.029745125000034)",Unfall 256570 (2019) Kat:3, Licht: 0,256570,3,2,3,02,07,4,2,0,0,1,0,0,0,1
"POINT (13.799290972000051 51.005511855000066)",Unfall 256571 (2019) Kat:1, Licht: 0,256571,1,4,6,02,14,4,1,0,0,0,1,0,0,1
"POINT (13.678336890000026 51.047698541000045)",Unfall 256578 (2019) Kat:3, Licht: 0,256578,3,6,4,02,13,3,2,0,0,1,0,0,0,0