WKT,Name,OBJECTID,UKATEGORIE,UTYP1,UART,UMONAT,USTUNDE,UWOCHENTAG,STRZUSTAND,ULICHTVERH,ISTRAD,ISTPKW,ISTFUSS,ISTKRAD,ISTGKFZ,ISTSONSTIG
"POINT (13.755313213000022 51.064347679000036)",Unfall 256579 (2019) Kat:3, Licht: 2,256579,3,1,0,02,18,3,2,2,1,0,0,0,0,0
"POINT (13.836758689000021 51.026018328000077)",Unfall 256593 (2019) Kat:3, Licht: 2,256593,3,1,0,02,18,2,2,2,1,0,0,0,0,0
"POINT (13.746870918000070 51.062531220000039)",Unfall 256595 (2019) Kat:3, Licht: 0,256595,3,4,6,02,10,2,1,0,0,0,1,0,0,1
"POINT (13.656898907000027 51.058294982000064)",Unfall 256606 (2019) Kat:3, Licht: 0,256606,3,3,5,02,12,7,1,0,0,1,0,0,0,0
"POINT (13.771032134000052 51.040051479000056)",Unfall 256607 (2019) Kat:3, Licht: 0,256607,3,2,5,02,13,7,1,0,0,1,0,0,0,0
"POINT (13.749606308000068 51.033662154000069)",Unfall 256608 (2019) Kat:1, Licht: 0,256608,1,1,9,02,07,7,1,0,0,1,0,0,0,0
"POINT (13.792795260000048 51.121259825000038)",Unfall 256618 (2019) Kat:3, Licht: 0,256618,3,6,2,02,12,6,0,0,0,1,0,0,0,0
"POINT (13.701251154000033 51.093067047000034)",Unfall 256619 (2019) Kat:2, Licht: 0,256619,2,3,5,02,08,6,0,0,1,1,0,0,0,0
"POINT (13.791304944000046 51.026557230000037)",Unfall 256620 (2019) Kat:3, Licht: 0,256620,3,6,2,02,07,6,0,0,0,1,0,0,0,0
"POINT (13.821675473000028 51.031849312000077)",Unfall 256621 (2019) Kat:3, Licht: 0,256621,3,3,5,02,09,6,0,0,0,1,0,0,0,0
"POINT (13.786944272000028 51.015795889000060)",Unfall 256622 (2019) Kat:3, Licht: 2,256622,3,3,5,02,00,6,0,2,0,1,0,0,0,0
"POINT (13.779442428000038 51.070683433000056)",Unfall 256623 (2019) Kat:2, Licht: 0,256623,2,3,5,02,16,6,1,0,1,1,0,0,0,0
"POINT (13.764182042000073 51.053132819000041)",Unfall 256624 (2019) Kat:3, Licht: 0,256624,3,3,5,02,11,6,0,0,0,1,0,0,0,0
"POINT (13.796573095000042 51.024447373000044)",Unfall 256625 (2019) Kat:3, Licht: 0,256625,3,3,5,02,07,6,0,0,0,1,0,0,0,0
"POINT (13.826799864000066 51.011719176000042)",Unfall 256633 (2019) Kat:3, Licht: 0,256633,3,7,6,01,12,5,0,0,0,0,1,0,0,1
"POINT (13.729445889000033 51.045716055000071)",Unfall 256634 (2019) Kat:3, Licht: 0,256634,3,2,5,01,08,5,0,0,1,1,0,0,0,0
"POINT (13.822763006000059 51.004844037000055)",Unfall 256646 (2019) Kat:3, Licht: 2,256646,3,3,5,01,07,4,1,2,1,1,0,0,0,0
"POINT (13.804221057000063 51.053376578000041)",Unfall 256647 (2019) Kat:3, Licht: 2,256647,3,6,2,01,17,4,1,2,0,1,0,0,0,0
"POINT (13.822732204000033 51.004862427000035)",Unfall 256665 (2019) Kat:3, Licht: 2,256665,3,2,4,01,17,3,0,2,1,1,0,0,0,0
"POINT (13.793825109000068 51.006901451000033)",Unfall 256666 (2019) Kat:3, Licht: 0,256666,3,3,5,01,09,3,1,0,0,1,0,0,0,0
"POINT (13.780565254000066 51.042172344000051)",Unfall 256667 (2019) Kat:3, Licht: 2,256667,3,2,5,01,20,3,1,2,0,1,0,1,0,0
"POINT (13.790711291000036 51.058434425000030)",Unfall 256668 (2019) Kat:3, Licht: 0,256668,3,1,0,01,08,3,2,0,1,0,0,0,0,0
"POINT (13.724145979000070 51.030955762000076)",Unfall 256673 (2019) Kat:2, Licht: 2,256673,2,3,5,01,05,2,0,2,0,1,0,0,0,0
"POINT (13.697503202000064 51.035092311000028)",Unfall 256676 (2019) Kat:3, Licht: 0,256676,3,3,5,03,15,6,1,0,0,1,0,0,0,0
"POINT (13.809953407000023 51.037533064000058)",Unfall 256677 (2019) Kat:3, Licht: 0,256677,3,3,5,03,14,6,1,0,0,1,0,0,0,0
"POINT (13.746969838000041 51.075036726000064)",Unfall 256678 (2019) Kat:3, Licht: 0,256678,3,3,5,03,14,6,1,0,1,1,0,0,0,0
"POINT (13.761256994000064 51.050926014000026)",Unfall 256679 (2019) Kat:3, Licht: 0,256679,3,3,5,03,09,1,0,0,0,1,0,0,0,0
"POINT (13.746333703000062 51.069336385000042)",Unfall 256680 (2019) Kat:3, Licht: 0,256680,3,1,7,03,15,6,1,0,1,0,0,0,0,0
"POINT (13.733751759000029 51.050857434000079)",Unfall 256681 (2019) Kat:3, Licht: 0,256681,3,3,5,03,16,6,0,0,1,1,0,0,0,0
"POINT (13.729149377000056 51.050742675000038)",Unfall 256682 (2019) Kat:3, Licht: 0,256682,3,4,6,03,13,6,0,0,0,1,1,0,0,0
"POINT (13.800980559000038 51.050622953000072)",Unfall 256693 (2019) Kat:3, Licht: 0,256693,3,6,2,03,13,7,1,0,0,1,0,0,0,0
"POINT (13.718704963000050 51.088109325000062)",Unfall 256696 (2019) Kat:3, Licht: 0,256696,3,5,1,03,07,5,0,0,1,1,0,0,0,0
"POINT (13.774413443000071 51.070136324000032)",Unfall 256697 (2019) Kat:2, Licht: 1,256697,2,6,3,03,17,5,1,1,1,1,0,0,0,0
"POINT (13.751725246000035 51.066984543000046)",Unfall 256698 (2019) Kat:3, Licht: 0,256698,3,3,5,03,10,5,0,0,1,1,0,0,0,0
"POINT (13.716159288000028 51.029708725000035)",Unfall 256703 (2019) Kat:3, Licht: 2,256703,3,4,6,03,21,4,0,2,1,0,1,0,0,0
"POINT (13.808301456000038 51.052688639000053)",Unfall 256704 (2019) Kat:3, Licht: 0,256704,3,6,3,03,07,4,0,0,1,1,0,0,0,0
"POINT (13.797603566000078 51.042324454000038)",Unfall 256705 (2019) Kat:3, Licht: 0,256705,3,3,5,03,17,4,0,0,1,1,0,0,0,0
"POINT (13.780832047000047 51.031375481000055)",Unfall 256706 (2019) Kat:3, Licht: 0,256706,3,1,1,03,16,4,0,0,1,1,0,0,0,0
"POINT (13.719021151000049 51.049045415000080)",Unfall 256707 (2019) Kat:3, Licht: 0,256707,3,3,5,03,14,4,0,0,0,1,0,1,0,0
"POINT (13.773597391000067 51.042757843000061)",Unfall 256708 (2019) Kat:3, Licht: 0,256708,3,2,5,03,16,4,0,0,1,1,0,0,0,0
"POINT (13.702253198000051 51.045851063000043)",Unfall 256716 (2019) Kat:3, Licht: 0,256716,3,2,5,03,16,3,0,0,1,1,0,0,0,0
"POINT (13.730791081000064 51.038696843000082)",Unfall 256717 (2019) Kat:3, Licht: 2,256717,3,4,6,03,05,3,0,2,0,1,1,0,0,0
"POINT (13.735574429000053 51.050516764000065)",Unfall 256718 (2019) Kat:3, Licht: 0,256718,3,1,6,03,17,3,0,0,1,0,1,0,0,0
"POINT (13.808884919000036 51.050420077000069)",Unfall 256719 (2019) Kat:3, Licht: 0,256719,3,6,2,03,16,3,0,0,0,1,0,0,0,0
"POINT (13.803250389000027 51.021742209000081)",Unfall 256720 (2019) Kat:2, Licht: 0,256720,2,3,5,03,06,3,1,0,1,0,0,0,0,1
"POINT (13.722079679000046 51.049666888000047)",Unfall 256736 (2019) Kat:3, Licht: 2,256736,3,3,5,03,19,2,0,2,0,1,0,0,0,0
"POINT (13.800385182000070 51.027262419000067)",Unfall 256737 (2019) Kat:2, Licht: 0,256737,2,2,5,03,10,2,0,0,0,1,0,1,0,0
"POINT (13.706160026000077 51.046413176000044)",Unfall 256751 (2019) Kat:3, Licht: 0,256751,3,3,5,03,09,7,0,0,0,1,0,0,0,0
"POINT (13.780574634000061 51.042185758000073)",Unfall 256752 (2019) Kat:2, Licht: 0,256752,2,3,5,03,07,7,1,0,0,1,0,0,0,0
"POINT (13.813232009000046 51.010567470000069)",Unfall 256768 (2019) Kat:3, Licht: 0,256768,3,2,2,03,11,6,0,0,0,1,0,0,0,1
"POINT (13.765830708000067 51.065787923000073)",Unfall 256769 (2019) Kat:3, Licht: 0,256769,3,3,5,03,16,6,1,0,0,1,0,0,0,1
"POINT (13.769885133000059 51.051728666000031)",Unfall 256770 (2019) Kat:3, Licht: 2,256770,3,1,1,03,20,6,1,2,0,1,0,0,0,0
"POINT (13.808000406000076 51.024054083000067)",Unfall 256771 (2019) Kat:3, Licht: 0,256771,3,3,5,03,12,6,0,0,1,1,0,0,0,0
"POINT (13.755185776000076 51.055548312000042)",Unfall 256772 (2019) Kat:2, Licht: 0,256772,2,3,5,03,12,6,0,0,1,1,0,0,0,0
"POINT (13.705715400000031 51.090570425000067)",Unfall 256782 (2019) Kat:3, Licht: 0,256782,3,2,5,03,15,2,0,0,1,1,0,0,0,0
"POINT (13.728585369000029 51.076418855000043)",Unfall 256783 (2019) Kat:3, Licht: 0,256783,3,1,0,03,17,5,0,0,1,0,0,0,0,0
"POINT (13.723621977000050 51.036377464000054)",Unfall 256784 (2019) Kat:3, Licht: 0,256784,3,7,6,03,15,5,1,0,0,1,1,0,0,0
"POINT (13.803689483000028 51.002397064000036)",Unfall 256785 (2019) Kat:3, Licht: 0,256785,3,3,5,03,17,5,0,0,0,1,0,1,0,0
"POINT (13.852566929000034 51.013313510000046)",Unfall 256786 (2019) Kat:2, Licht: 0,256786,2,1,0,03,08,5,0,0,1,0,0,0,0,0
"POINT (13.711281284000052 51.050601290000031)",Unfall 256800 (2019) Kat:3, Licht: 1,256800,3,4,6,03,17,4,0,1,1,0,1,0,0,0
"POINT (13.710768301000030 51.081257512000036)",Unfall 256801 (2019) Kat:3, Licht: 0,256801,3,6,3,03,07,4,0,0,0,0,0,1,0,1
"POINT (13.748716718000026 51.048246909000056)",Unfall 256802 (2019) Kat:3, Licht: 0,256802,3,3,5,03,15,4,0,0,1,1,0,0,0,0
"POINT (13.797481522000055 51.024319539000032)",Unfall 256804 (2019) Kat:3, Licht: 0,256804,3,4,6,03,16,4,0,0,0,1,1,0,0,0
"POINT (13.825141068000050 51.003412720000028)",Unfall 256805 (2019) Kat:3, Licht: 2,256805,3,3,5,03,06,4,0,2,0,1,0,1,0,0
"POINT (13.817765254000051 51.031042823000064)",Unfall 256808 (2019) Kat:2, Licht: 0,256808,2,7,1,03,15,7,0,0,0,1,0,0,0,0
"POINT (13.697355396000034 51.088440238000032)",Unfall 256821 (2019) Kat:3, Licht: 0,256821,3,6,2,03,10,3,1,0,0,1,0,0,0,0
"POINT (13.813933568000039 51.014959767000050)",Unfall 256822 (2019) Kat:2, Licht: 0,256822,2,3,5,03,07,3,0,0,1,1,0,0,0,0
"POINT (13.769735885000046 51.044772607000027)",Unfall 256823 (2019) Kat:3, Licht: 0,256823,3,3,5,03,16,3,1,0,0,1,0,0,0,0
"POINT (13.792807953000022 51.059355117000052)",Unfall 256824 (2019) Kat:3, Licht: 0,256824,3,3,5,03,08,3,0,0,0,1,0,0,0,0
"POINT (13.796412915000076 51.044681378000064)",Unfall 256825 (2019) Kat:3, Licht: 0,256825,3,2,5,03,07,3,0,0,0,1,0,1,0,0
"POINT (13.807177383000067 51.038778209000043)",Unfall 256826 (2019) Kat:3, Licht: 2,256826,3,2,5,03,18,3,0,2,0,1,0,0,0,1
"POINT (13.777403343000060 51.058193369000037)",Unfall 256827 (2019) Kat:3, Licht: 0,256827,3,6,3,03,16,3,0,0,1,1,0,0,0,0
"POINT (13.705844830000046 51.026938560000076)",Unfall 256828 (2019) Kat:2, Licht: 0,256828,2,2,5,03,10,3,0,0,1,1,0,0,0,0
"POINT (13.657932793000043 51.051801667000063)",Unfall 256829 (2019) Kat:3, Licht: 2,256829,3,1,0,03,05,3,0,2,0,1,0,0,0,0
"POINT (13.705725236000035 51.090568213000040)",Unfall 256838 (2019) Kat:3, Licht: 0,256838,3,3,5,03,13,2,0,0,0,1,0,0,0,0
"POINT (13.687263857000062 51.056802787000038)",Unfall 256845 (2019) Kat:3, Licht: 0,256845,3,4,5,03,15,2,0,0,0,1,1,0,0,0
"POINT (13.770995492000054 51.040044972000032)",Unfall 256846 (2019) Kat:2, Licht: 0,256846,2,3,5,03,07,2,0,0,0,1,0,0,0,0
"POINT (13.801070760000073 51.054670029000079)",Unfall 256847 (2019) Kat:3, Licht: 0,256847,3,3,5,03,11,2,0,0,1,1,0,0,0,0
"POINT (13.734516777000067 51.050663083000074)",Unfall 256856 (2019) Kat:3, Licht: 2,256856,3,4,6,03,06,1,0,2,0,1,1,0,0,0
"POINT (13.733026453000036 51.034020030000079)",Unfall 256862 (2019) Kat:3, Licht: 2,256862,3,3,5,03,18,7,0,2,1,1,0,0,0,0
"POINT (13.811671274000048 51.021388008000031)",Unfall 256875 (2019) Kat:3, Licht: 0,256875,3,6,3,03,07,6,1,0,1,0,0,0,0,1
"POINT (13.756911493000075 51.055233802000032)",Unfall 256877 (2019) Kat:3, Licht: 0,256877,3,3,5,03,10,6,0,0,1,1,0,0,0,0
"POINT (13.772070576000033 51.045783345000075)",Unfall 256878 (2019) Kat:3, Licht: 0,256878,3,1,0,03,16,6,1,0,1,0,0,0,0,0
"POINT (13.829645246000041 51.008461641000054)",Unfall 256887 (2019) Kat:2, Licht: 0,256887,2,3,5,02,16,5,0,0,0,1,0,0,0,0
"POINT (13.757162550000032 51.049746967000033)",Unfall 256896 (2019) Kat:3, Licht: 0,256896,3,3,5,03,14,2,0,0,0,1,0,0,0,0
"POINT (13.721284260000061 51.058888589000048)",Unfall 256904 (2019) Kat:2, Licht: 0,256904,2,7,6,02,09,4,0,0,0,1,1,0,0,0
"POINT (13.772685821000039 51.047740913000041)",Unfall 256906 (2019) Kat:2, Licht: 0,256906,2,3,5,02,16,4,0,0,1,1,0,0,0,0
"POINT (13.691235153000036 51.052450618000080)",Unfall 256907 (2019) Kat:3, Licht: 0,256907,3,3,5,02,15,4,0,0,1,1,0,0,0,0
"POINT (13.718741092000073 51.087840655000036)",Unfall 256919 (2019) Kat:2, Licht: 0,256919,2,1,0,02,14,3,0,0,1,0,0,0,0,1
"POINT (13.826481980000040 51.011846022000043)",Unfall 256929 (2019) Kat:3, Licht: 0,256929,3,6,1,02,07,2,0,0,0,0,0,0,0,1
"POINT (13.756567477000033 51.055094126000029)",Unfall 256930 (2019) Kat:3, Licht: 2,256930,3,3,5,02,22,2,0,2,1,1,0,0,0,0
"POINT (13.724807152000039 51.050744720000068)",Unfall 256946 (2019) Kat:3, Licht: 0,256946,3,3,5,02,14,7,0,0,1,1,0,0,0,0
"POINT (13.768804500000044 51.072168153000064)",Unfall 256953 (2019) Kat:3, Licht: 0,256953,3,6,2,03,07,2,0,0,0,1,0,0,0,0
"POINT (13.678096630000027 51.061386639000034)",Unfall 256955 (2019) Kat:3, Licht: 0,256955,3,4,6,02,11,6,0,0,0,1,1,0,0,0
"POINT (13.698504705000062 51.074235821000059)",Unfall 256960 (2019) Kat:3, Licht: 0,256960,3,3,5,04,14,7,0,0,1,0,0,0,0,1
"POINT (13.723745745000031 51.077260284000033)",Unfall 256961 (2019) Kat:3, Licht: 0,256961,3,5,1,04,10,7,0,0,1,0,0,0,0,1
"POINT (13.790747554000063 51.013524779000079)",Unfall 256962 (2019) Kat:3, Licht: 0,256962,3,4,6,04,16,7,0,0,0,1,1,0,0,0
"POINT (13.758814104000066 51.082593075000034)",Unfall 256963 (2019) Kat:3, Licht: 2,256963,3,1,0,04,21,7,0,2,1,0,0,0,0,0
"POINT (13.729435060000071 51.045726017000050)",Unfall 256964 (2019) Kat:3, Licht: 0,256964,3,2,5,04,15,7,0,0,0,1,0,0,0,0
"POINT (13.731276351000076 51.050946725000074)",Unfall 256965 (2019) Kat:3, Licht: 0,256965,3,7,0,04,15,7,0,0,0,0,0,1,0,0
"POINT (13.737799848000066 51.074324796000042)",Unfall 256980 (2019) Kat:3, Licht: 0,256980,3,2,5,04,19,6,0,0,1,1,0,0,0,0
"POINT (13.748978902000033 51.033780234000062)",Unfall 256981 (2019) Kat:3, Licht: 0,256981,3,3,5,04,18,6,0,0,1,1,0,0,0,0
"POINT (13.772678583000072 51.050877221000064)",Unfall 256982 (2019) Kat:2, Licht: 0,256982,2,3,5,04,14,6,0,0,0,0,0,1,0,1
"POINT (13.698657819000061 51.038022289000025)",Unfall 256996 (2019) Kat:3, Licht: 0,256996,3,4,6,04,18,5,0,0,0,0,1,0,0,1
"POINT (13.750983828000074 51.066270936000080)",Unfall 256997 (2019) Kat:3, Licht: 0,256997,3,7,1,04,16,5,0,0,1,1,0,0,0,0
"POINT (13.774691547000032 51.033230460000027)",Unfall 256998 (2019) Kat:3, Licht: 0,256998,3,2,2,04,07,5,0,0,0,1,0,0,0,0
"POINT (13.791293783000071 51.013332655000056)",Unfall 256999 (2019) Kat:3, Licht: 0,256999,3,2,5,04,13,5,0,0,0,1,0,1,0,0
"POINT (13.720846790000053 51.092527221000068)",Unfall 257000 (2019) Kat:3, Licht: 0,257000,3,7,0,04,10,5,0,0,0,0,0,0,0,1
"POINT (13.765716449000024 51.073185892000026)",Unfall 257001 (2019) Kat:3, Licht: 0,257001,3,6,2,04,14,5,0,0,0,1,0,1,0,0
"POINT (13.777674993000062 51.052875537000034)",Unfall 257002 (2019) Kat:3, Licht: 0,257002,3,3,5,04,17,5,0,0,0,1,0,0,0,0
"POINT (13.759917297000072 51.062701768000068)",Unfall 257014 (2019) Kat:3, Licht: 0,257014,3,3,5,04,09,4,0,0,1,1,0,0,0,0
"POINT (13.774954527000034 51.117623836000064)",Unfall 257015 (2019) Kat:3, Licht: 0,257015,3,3,5,04,09,4,0,0,0,1,0,1,0,0
"POINT (13.695456898000032 51.081888098000036)",Unfall 257027 (2019) Kat:3, Licht: 0,257027,3,6,2,04,14,3,0,0,0,1,0,0,0,0
"POINT (13.762256287000071 51.070027946000039)",Unfall 257028 (2019) Kat:3, Licht: 0,257028,3,3,5,04,16,3,0,0,0,1,0,1,0,0
"POINT (13.781195275000073 51.042994075000081)",Unfall 257029 (2019) Kat:3, Licht: 0,257029,3,3,5,04,07,3,0,0,1,1,0,0,0,0
"POINT (13.753803090000076 51.036296561000029)",Unfall 257030 (2019) Kat:3, Licht: 0,257030,3,6,2,04,18,3,0,0,0,1,0,0,0,0
"POINT (13.749493735000044 51.052532877000033)",Unfall 257031 (2019) Kat:2, Licht: 0,257031,2,4,6,04,17,3,0,0,1,0,1,0,0,0
"POINT (13.788358558000027 51.030591017000063)",Unfall 257032 (2019) Kat:3, Licht: 2,257032,3,3,5,04,04,3,0,2,0,1,0,0,1,0
"POINT (13.779689108000071 51.040919041000052)",Unfall 257033 (2019) Kat:3, Licht: 0,257033,3,2,5,04,13,3,0,0,0,1,0,0,0,0
"POINT (13.741987016000053 51.116982921000044)",Unfall 257034 (2019) Kat:2, Licht: 0,257034,2,7,0,04,08,3,0,0,1,0,0,0,0,0
"POINT (13.664399038000056 51.045943532000081)",Unfall 257047 (2019) Kat:3, Licht: 1,257047,3,3,5,04,18,2,0,1,0,1,0,0,0,0
"POINT (13.790610511000068 51.021091803000047)",Unfall 257048 (2019) Kat:3, Licht: 0,257048,3,4,6,04,15,2,0,0,1,0,1,0,0,0
"POINT (13.832583286000045 51.027761896000072)",Unfall 257049 (2019) Kat:3, Licht: 0,257049,3,3,5,04,17,2,0,0,0,1,0,1,0,0
"POINT (13.718903329000057 51.087848710000060)",Unfall 257050 (2019) Kat:3, Licht: 0,257050,3,3,5,04,17,2,0,0,1,1,0,0,0,0
"POINT (13.756570535000037 51.055095407000067)",Unfall 257051 (2019) Kat:3, Licht: 0,257051,3,3,5,04,09,2,0,0,1,1,0,0,0,0
"POINT (13.785322290000067 51.035950519000039)",Unfall 257052 (2019) Kat:3, Licht: 0,257052,3,3,5,04,17,2,0,0,1,1,0,0,0,0
"POINT (13.766450761000044 51.056463219000079)",Unfall 257059 (2019) Kat:3, Licht: 0,257059,3,3,5,03,15,1,0,0,1,1,0,0,0,0
"POINT (13.829890657000021 50.999307073000068)",Unfall 257074 (2019) Kat:3, Licht: 2,257074,3,6,2,03,20,7,0,2,0,1,0,0,0,0
"POINT (13.821543425000073 51.009856258000070)",Unfall 257090 (2019) Kat:3, Licht: 0,257090,3,4,6,03,16,6,0,0,0,1,1,0,0,0
"POINT (13.776573812000038 51.066747272000043)",Unfall 257091 (2019) Kat:2, Licht: 0,257091,2,4,6,03,17,6,0,0,1,0,1,0,0,0
"POINT (13.709484224000050 51.092871091000063)",Unfall 257092 (2019) Kat:3, Licht: 0,257092,3,2,5,03,14,6,0,0,0,1,0,1,0,0
"POINT (13.779337419000058 51.060863725000047)",Unfall 257093 (2019) Kat:2, Licht: 0,257093,2,1,8,03,10,6,0,0,0,1,0,0,0,0
"POINT (13.774712706000059 51.049807061000081)",Unfall 257102 (2019) Kat:3, Licht: 0,257102,3,3,5,03,08,5,0,0,1,0,0,0,0,1
"POINT (13.801150594000035 51.041067984000051)",Unfall 257103 (2019) Kat:3, Licht: 0,257103,3,3,5,03,15,5,1,0,1,1,0,0,0,0
"POINT (13.807140727000046 51.038797384000077)",Unfall 257104 (2019) Kat:3, Licht: 0,257104,3,1,0,03,12,5,1,0,1,0,0,0,0,0
"POINT (13.728389332000063 51.060977216000026)",Unfall 257105 (2019) Kat:2, Licht: 1,257105,2,3,5,03,17,5,1,1,1,1,0,0,0,0
"POINT (13.706143789000066 51.046412236000037)",Unfall 257106 (2019) Kat:3, Licht: 0,257106,3,2,4,03,08,5,1,0,0,1,0,0,0,0
"POINT (13.815413543000034 51.016890912000065)",Unfall 257107 (2019) Kat:1, Licht: 0,257107,1,7,9,03,10,5,0,0,0,1,0,0,0,0
"POINT (13.725820201000033 51.058476607000046)",Unfall 257109 (2019) Kat:3, Licht: 0,257109,3,4,6,03,16,5,1,0,0,1,1,0,0,0
"POINT (13.731204636000029 51.042369752000070)",Unfall 257120 (2019) Kat:3, Licht: 0,257120,3,3,5,03,10,4,1,0,1,1,0,0,0,0
"POINT (13.781616703000054 51.046842910000066)",Unfall 257121 (2019) Kat:3, Licht: 2,257121,3,7,0,03,21,4,1,2,1,0,0,0,0,0
"POINT (13.736835892000045 51.064033411000025)",Unfall 257132 (2019) Kat:3, Licht: 0,257132,3,6,4,03,13,3,0,0,1,0,0,0,0,0
"POINT (13.715289534000021 51.051599164000038)",Unfall 257133 (2019) Kat:2, Licht: 0,257133,2,6,0,03,08,3,0,0,1,0,0,0,0,0
"POINT (13.773799511000050 51.046015704000069)",Unfall 257134 (2019) Kat:3, Licht: 0,257134,3,2,5,03,08,3,0,0,1,1,0,0,0,0
"POINT (13.773563062000051 51.048733874000050)",Unfall 257135 (2019) Kat:3, Licht: 0,257135,3,2,5,03,08,3,0,0,1,1,0,0,0,0
"POINT (13.673406538000052 51.091647498000043)",Unfall 257146 (2019) Kat:3, Licht: 0,257146,3,6,2,03,08,2,1,0,0,1,0,0,0,0
"POINT (13.741009167000072 51.022442804000036)",Unfall 257147 (2019) Kat:3, Licht: 1,257147,3,2,5,03,17,2,1,1,1,1,0,0,0,0
"POINT (13.754685557000073 51.061113200000079)",Unfall 257148 (2019) Kat:3, Licht: 0,257148,3,3,5,03,14,2,0,0,0,1,0,0,0,0
"POINT (13.701733311000055 51.038197623000030)",Unfall 257158 (2019) Kat:3, Licht: 0,257158,3,3,5,03,10,7,0,0,0,1,0,0,0,0
"POINT (13.779313659000024 51.037926029000062)",Unfall 257159 (2019) Kat:3, Licht: 0,257159,3,2,5,03,16,7,0,0,1,1,0,0,0,0
"POINT (13.750748127000065 51.047257637000030)",Unfall 257160 (2019) Kat:2, Licht: 0,257160,2,2,5,03,13,7,0,0,1,1,0,0,0,0
"POINT (13.717276714000036 51.035170024000081)",Unfall 257177 (2019) Kat:3, Licht: 0,257177,3,5,1,03,08,6,0,0,1,1,0,0,0,0
"POINT (13.769831069000077 51.025000964000071)",Unfall 257178 (2019) Kat:3, Licht: 0,257178,3,2,5,03,11,6,0,0,1,1,0,0,0,0
"POINT (13.782051998000043 51.116074931000071)",Unfall 257179 (2019) Kat:3, Licht: 0,257179,3,1,1,03,13,6,0,0,0,1,0,0,0,0
"POINT (13.789823503000036 51.058565770000030)",Unfall 257180 (2019) Kat:3, Licht: 0,257180,3,7,0,03,07,6,0,0,1,1,0,0,0,0
"POINT (13.761257070000056 51.050926247000064)",Unfall 257193 (2019) Kat:3, Licht: 0,257193,3,3,0,03,17,5,0,0,0,1,0,0,0,1
"POINT (13.777124133000029 51.035764161000031)",Unfall 257194 (2019) Kat:3, Licht: 0,257194,3,3,5,03,17,5,0,0,1,1,0,0,0,0
"POINT (13.669209159000047 51.040023164000047)",Unfall 257214 (2019) Kat:3, Licht: 0,257214,3,2,5,03,16,4,0,0,1,1,0,0,0,0
"POINT (13.682280406000075 51.053771151000035)",Unfall 257215 (2019) Kat:3, Licht: 0,257215,3,5,3,03,14,4,0,0,1,1,0,0,0,0
"POINT (13.757187439000063 51.049742604000073)",Unfall 257216 (2019) Kat:3, Licht: 0,257216,3,2,5,03,14,4,0,0,0,1,0,0,0,1
"POINT (13.835963156000048 51.026695861000064)",Unfall 257222 (2019) Kat:3, Licht: 0,257222,3,2,5,03,15,3,0,0,0,1,0,0,0,0
"POINT (13.786824931000069 51.043335992000038)",Unfall 257223 (2019) Kat:3, Licht: 0,257223,3,2,5,03,16,3,0,0,1,0,0,0,0,1
"POINT (13.783135397000024 51.047435838000069)",Unfall 257224 (2019) Kat:3, Licht: 0,257224,3,3,5,03,07,3,0,0,0,1,0,0,0,0
"POINT (13.757947718000025 51.052260525000065)",Unfall 257225 (2019) Kat:3, Licht: 0,257225,3,3,5,03,15,3,0,0,1,1,0,0,0,0
"POINT (13.668612996000036 51.093428754000058)",Unfall 257226 (2019) Kat:3, Licht: 2,257226,3,4,6,03,19,3,0,2,0,0,1,0,0,1
"POINT (13.765094417000057 51.073394412000027)",Unfall 257245 (2019) Kat:3, Licht: 0,257245,3,6,2,04,13,1,0,0,0,1,0,0,0,0
"POINT (13.647039223000036 51.040026350000062)",Unfall 257247 (2019) Kat:3, Licht: 0,257247,3,3,0,04,06,5,0,0,0,1,0,1,0,0
"POINT (13.777562433000071 51.012384771000029)",Unfall 257248 (2019) Kat:3, Licht: 0,257248,3,3,5,04,14,5,0,0,0,0,0,0,1,1
"POINT (13.849065946000053 51.003056751000031)",Unfall 257249 (2019) Kat:3, Licht: 2,257249,3,6,3,04,16,5,0,2,1,1,0,0,0,0
"POINT (13.799241169000027 51.027654593000079)",Unfall 257250 (2019) Kat:3, Licht: 0,257250,3,6,3,04,14,5,0,0,1,1,0,0,0,0
"POINT (13.691222958000026 51.052135674000056)",Unfall 257251 (2019) Kat:3, Licht: 0,257251,3,3,5,04,12,5,0,0,1,1,0,0,0,0
"POINT (13.848680948000037 51.004269253000075)",Unfall 257263 (2019) Kat:3, Licht: 1,257263,3,3,5,04,19,4,0,1,0,1,0,0,0,0
"POINT (13.847648406000076 50.990562802000056)",Unfall 257264 (2019) Kat:2, Licht: 0,257264,2,3,5,04,09,4,0,0,0,1,0,1,0,0
"POINT (13.740388195000037 51.056470601000058)",Unfall 257265 (2019) Kat:3, Licht: 0,257265,3,1,8,04,14,4,0,0,1,0,0,0,0,0
"POINT (13.807742743000063 51.052474735000033)",Unfall 257266 (2019) Kat:2, Licht: 0,257266,2,4,6,04,08,4,0,0,0,1,1,0,0,0
"POINT (13.751492243000030 51.050775114000032)",Unfall 257267 (2019) Kat:2, Licht: 0,257267,2,3,5,04,16,4,0,0,0,1,0,1,0,0