WKT,Name,OBJECTID,UKATEGORIE,UTYP1,UART,UMONAT,USTUNDE,UWOCHENTAG,STRZUSTAND,ULICHTVERH,ISTRAD,ISTPKW,ISTFUSS,ISTKRAD,ISTGKFZ,ISTSONSTIG
"POINT (13.741911339000069 51.032237131000045)",Unfall 257277 (2019) Kat:3, Licht: 0,257277,3,3,5,04,09,3,0,0,1,1,0,0,0,0
"POINT (13.741358543000047 51.073329028000046)",Unfall 257278 (2019) Kat:3, Licht: 0,257278,3,4,6,04,19,3,0,0,0,1,1,0,0,0
"POINT (13.778386279000074 51.052948536000031)",Unfall 257279 (2019) Kat:3, Licht: 0,257279,3,4,6,04,13,3,0,0,0,1,1,0,0,0
"POINT (13.748108394000042 51.051417933000039)",Unfall 257291 (2019) Kat:3, Licht: 2,257291,3,6,0,04,20,2,0,2,1,0,0,0,0,0
"POINT (13.698660879000045 51.074194525000053)",Unfall 257312 (2019) Kat:3, Licht: 0,257312,3,3,5,04,16,7,0,0,1,1,0,0,0,0
"POINT (13.836130833000027 51.009280556000078)",Unfall 257313 (2019) Kat:3, Licht: 0,257313,3,1,0,04,18,7,0,0,1,0,0,0,0,0
"POINT (13.728328153000064 51.052255345000049)",Unfall 257314 (2019) Kat:3, Licht: 0,257314,3,1,0,04,11,1,0,0,1,0,0,0,0,0
"POINT (13.883373504000076 51.057848258000035)",Unfall 257315 (2019) Kat:3, Licht: 0,257315,3,3,5,04,15,7,0,0,1,1,0,0,0,0
"POINT (13.691991823000023 51.084391192000055)",Unfall 257316 (2019) Kat:3, Licht: 0,257316,3,3,5,04,16,7,0,0,0,1,0,0,0,0
"POINT (13.786301366000032 51.028551458000038)",Unfall 257317 (2019) Kat:3, Licht: 0,257317,3,3,5,04,05,7,0,0,0,1,0,0,0,0
"POINT (13.788594243000034 51.043279158000075)",Unfall 257321 (2019) Kat:3, Licht: 0,257321,3,2,5,04,14,2,0,0,0,1,0,1,0,0
"POINT (13.786359610000034 51.028528679000033)",Unfall 257325 (2019) Kat:3, Licht: 0,257325,3,4,6,04,19,6,0,0,0,0,1,1,0,0
"POINT (13.719562832000065 51.077373408000028)",Unfall 257340 (2019) Kat:3, Licht: 0,257340,3,2,0,04,18,5,0,0,1,1,0,0,0,0
"POINT (13.834876521000069 51.023421573000064)",Unfall 257341 (2019) Kat:3, Licht: 0,257341,3,1,0,04,12,5,0,0,1,0,0,0,0,0
"POINT (13.812797855000042 51.019887936000032)",Unfall 257342 (2019) Kat:3, Licht: 0,257342,3,1,6,04,13,5,0,0,0,1,1,0,0,0
"POINT (13.765832640000042 51.065788796000049)",Unfall 257343 (2019) Kat:3, Licht: 0,257343,3,3,2,04,17,5,0,0,0,1,0,0,0,0
"POINT (13.775789301000032 51.050895281000066)",Unfall 257344 (2019) Kat:2, Licht: 0,257344,2,3,5,04,10,5,0,0,1,1,0,0,0,0
"POINT (13.759783606000042 51.052076350000050)",Unfall 257359 (2019) Kat:2, Licht: 0,257359,2,3,5,04,16,4,0,0,1,1,0,0,0,0
"POINT (13.748275439000054 51.037644622000073)",Unfall 257360 (2019) Kat:3, Licht: 0,257360,3,4,6,04,07,4,0,0,0,1,1,0,0,0
"POINT (13.770780937000040 51.039785238000036)",Unfall 257361 (2019) Kat:2, Licht: 0,257361,2,3,5,04,09,4,0,0,0,1,0,0,0,0
"POINT (13.780577576000042 51.019433929000058)",Unfall 257362 (2019) Kat:2, Licht: 0,257362,2,4,6,04,15,4,0,0,0,1,1,0,0,0
"POINT (13.688441453000053 51.056192444000033)",Unfall 257370 (2019) Kat:3, Licht: 0,257370,3,3,5,04,07,3,0,0,1,1,0,0,0,0
"POINT (13.688441610000041 51.056192600000031)",Unfall 257371 (2019) Kat:3, Licht: 0,257371,3,3,5,04,07,3,0,0,1,1,0,0,0,0
"POINT (13.836133845000063 51.026552784000046)",Unfall 257373 (2019) Kat:3, Licht: 0,257373,3,2,3,04,17,3,0,0,1,1,0,0,0,0
"POINT (13.756210945000078 51.069744536000030)",Unfall 257374 (2019) Kat:3, Licht: 0,257374,3,4,6,04,19,3,0,0,0,1,1,0,0,0
"POINT (13.769709147000071 51.024904038000045)",Unfall 257375 (2019) Kat:3, Licht: 0,257375,3,4,6,04,16,3,0,0,0,1,1,0,0,0
"POINT (13.734656473000030 51.047025664000046)",Unfall 257376 (2019) Kat:3, Licht: 0,257376,3,6,3,04,14,3,0,0,0,0,1,0,1,0
"POINT (13.700605565000046 51.038072982000074)",Unfall 257377 (2019) Kat:3, Licht: 0,257377,3,3,5,04,08,1,0,0,0,1,0,0,0,0
"POINT (13.750643964000062 51.058166321000044)",Unfall 257378 (2019) Kat:3, Licht: 0,257378,3,3,5,04,17,3,0,0,0,1,0,1,0,0
"POINT (13.691205903000025 51.052475956000080)",Unfall 257392 (2019) Kat:3, Licht: 0,257392,3,1,0,04,14,2,0,0,1,0,0,0,0,0
"POINT (13.740535793000049 51.038614783000071)",Unfall 257393 (2019) Kat:3, Licht: 2,257393,3,6,2,04,19,2,0,2,0,1,0,0,0,0
"POINT (13.782517813000027 51.033091810000030)",Unfall 257394 (2019) Kat:3, Licht: 0,257394,3,2,5,04,13,2,0,0,1,1,0,0,0,0
"POINT (13.780097202000036 51.032761195000035)",Unfall 257395 (2019) Kat:3, Licht: 0,257395,3,3,5,04,15,2,0,0,0,1,0,0,0,0
"POINT (13.808617098000070 51.038029294000069)",Unfall 257396 (2019) Kat:3, Licht: 0,257396,3,1,0,04,17,2,0,0,1,0,0,0,0,0
"POINT (13.719716031000075 51.049194687000067)",Unfall 257397 (2019) Kat:3, Licht: 0,257397,3,6,2,04,07,2,0,0,0,1,0,0,0,0
"POINT (13.806512979000047 51.039125848000026)",Unfall 257398 (2019) Kat:3, Licht: 0,257398,3,1,0,04,08,2,0,0,1,0,0,0,0,0
"POINT (13.746047007000072 51.061951602000079)",Unfall 257410 (2019) Kat:3, Licht: 0,257410,3,1,0,04,14,1,1,0,0,0,0,1,0,0
"POINT (13.665924537000024 51.064983211000026)",Unfall 257417 (2019) Kat:3, Licht: 0,257417,3,3,5,04,14,7,0,0,0,1,0,0,0,0
"POINT (13.741045398000040 51.036439416000064)",Unfall 257418 (2019) Kat:3, Licht: 2,257418,3,7,1,04,22,7,0,2,1,1,0,0,0,0
"POINT (13.700747170000056 51.088382555000067)",Unfall 257427 (2019) Kat:3, Licht: 0,257427,3,3,5,04,12,6,0,0,1,1,0,0,0,0
"POINT (13.695295878000024 51.077905357000077)",Unfall 257428 (2019) Kat:3, Licht: 0,257428,3,3,5,04,15,6,0,0,0,1,0,0,0,0
"POINT (13.819278894000036 51.021631437000053)",Unfall 257429 (2019) Kat:3, Licht: 0,257429,3,3,5,04,11,6,0,0,0,1,0,0,0,0
"POINT (13.777199174000032 51.060060453000062)",Unfall 257430 (2019) Kat:3, Licht: 0,257430,3,3,5,04,07,6,0,0,1,1,0,0,0,0
"POINT (13.756558900000073 51.055090534000044)",Unfall 257431 (2019) Kat:3, Licht: 0,257431,3,2,5,04,07,6,0,0,1,1,0,0,0,0
"POINT (13.750090173000046 51.065380269000059)",Unfall 257432 (2019) Kat:3, Licht: 1,257432,3,6,0,04,19,6,0,1,1,1,0,0,0,0
"POINT (13.786178603000053 51.059392062000029)",Unfall 257433 (2019) Kat:3, Licht: 0,257433,3,7,0,04,12,6,0,0,1,1,0,0,0,0
"POINT (13.741183817000035 51.019232112000054)",Unfall 257434 (2019) Kat:2, Licht: 2,257434,2,3,5,04,23,6,0,2,0,1,0,0,0,0
"POINT (13.760347683000077 51.024723016000053)",Unfall 257436 (2019) Kat:3, Licht: 0,257436,3,3,5,04,07,2,0,0,0,1,0,0,0,0
"POINT (13.687596641000027 51.083561393000082)",Unfall 257447 (2019) Kat:2, Licht: 0,257447,2,6,0,04,13,5,0,0,0,0,0,0,1,1
"POINT (13.744701251000038 51.066917310000065)",Unfall 257448 (2019) Kat:3, Licht: 2,257448,3,2,5,04,20,5,0,2,1,1,0,0,0,0
"POINT (13.729415387000074 51.045717853000042)",Unfall 257449 (2019) Kat:3, Licht: 0,257449,3,2,5,04,18,5,0,0,1,1,0,0,0,0
"POINT (13.803678516000048 51.051094093000074)",Unfall 257451 (2019) Kat:3, Licht: 0,257451,3,2,5,04,11,5,0,0,1,1,0,0,0,0
"POINT (13.743809653000028 51.087979648000044)",Unfall 257457 (2019) Kat:3, Licht: 0,257457,3,3,5,04,08,4,0,0,1,1,0,0,0,0
"POINT (13.761521033000065 51.055119580000053)",Unfall 257471 (2019) Kat:3, Licht: 0,257471,3,3,5,04,17,3,0,0,1,1,0,0,0,0
"POINT (13.746479099000055 51.060058832000038)",Unfall 257472 (2019) Kat:2, Licht: 0,257472,2,6,4,04,17,3,0,0,1,0,0,0,0,0
"POINT (13.772732585000028 51.047786771000062)",Unfall 257473 (2019) Kat:3, Licht: 0,257473,3,3,5,04,06,3,0,0,1,1,0,0,0,0
"POINT (13.760680756000056 51.049213739000038)",Unfall 257474 (2019) Kat:3, Licht: 0,257474,3,3,5,04,16,3,0,0,1,1,0,0,0,0
"POINT (13.792393812000057 51.058185480000077)",Unfall 257475 (2019) Kat:3, Licht: 0,257475,3,3,5,04,18,3,0,0,0,1,0,0,0,0
"POINT (13.765587254000025 51.073252754000066)",Unfall 257494 (2019) Kat:2, Licht: 0,257494,2,3,5,04,13,1,0,0,1,1,0,0,0,0
"POINT (13.695743126000025 51.077932545000067)",Unfall 257511 (2019) Kat:3, Licht: 0,257511,3,5,1,05,07,2,0,0,1,1,0,0,0,0
"POINT (13.685346417000062 51.050718806000077)",Unfall 257512 (2019) Kat:3, Licht: 0,257512,3,1,0,05,18,2,0,0,1,0,0,0,0,0
"POINT (13.781232181000064 51.114227465000056)",Unfall 257513 (2019) Kat:3, Licht: 0,257513,3,3,5,05,11,2,0,0,0,0,0,0,0,1
"POINT (13.758066596000049 51.052326494000056)",Unfall 257514 (2019) Kat:3, Licht: 0,257514,3,7,0,05,08,2,0,0,1,0,0,0,0,0
"POINT (13.773605298000064 51.118232953000074)",Unfall 257526 (2019) Kat:2, Licht: 0,257526,2,2,5,05,17,1,0,0,1,1,0,0,0,0
"POINT (13.699006818000043 51.087797324000064)",Unfall 257534 (2019) Kat:2, Licht: 0,257534,2,3,5,05,07,7,0,0,0,1,0,1,0,0
"POINT (13.748987125000042 51.067657948000033)",Unfall 257543 (2019) Kat:3, Licht: 0,257543,3,7,0,05,10,6,0,0,1,1,0,0,0,0
"POINT (13.742826122000054 51.049732444000028)",Unfall 257544 (2019) Kat:3, Licht: 0,257544,3,4,0,05,16,6,0,0,0,0,1,0,0,1
"POINT (13.761582807000025 51.052000836000047)",Unfall 257545 (2019) Kat:3, Licht: 0,257545,3,3,5,05,13,6,0,0,1,1,0,0,0,0
"POINT (13.787942049000037 51.030159440000034)",Unfall 257546 (2019) Kat:3, Licht: 0,257546,3,5,1,05,12,6,0,0,0,1,0,0,1,0
"POINT (13.778600510000047 51.042636037000079)",Unfall 257547 (2019) Kat:3, Licht: 0,257547,3,2,5,05,07,6,0,0,1,1,0,0,0,0
"POINT (13.774713062000046 51.049807420000036)",Unfall 257548 (2019) Kat:3, Licht: 0,257548,3,3,5,05,17,6,0,0,1,1,0,0,0,0
"POINT (13.707807854000066 51.046468868000034)",Unfall 257566 (2019) Kat:2, Licht: 0,257566,2,2,4,05,08,5,0,0,1,1,0,0,0,0
"POINT (13.758043419000046 51.052266424000038)",Unfall 257567 (2019) Kat:3, Licht: 0,257567,3,3,5,05,18,5,0,0,1,1,0,0,0,0
"POINT (13.804432251000037 51.039979987000038)",Unfall 257579 (2019) Kat:3, Licht: 0,257579,3,2,5,05,16,4,0,0,1,1,0,0,0,0
"POINT (13.762406625000040 51.032846736000067)",Unfall 257580 (2019) Kat:3, Licht: 0,257580,3,3,5,05,15,4,0,0,1,1,0,0,0,0
"POINT (13.738609822000058 51.039527252000028)",Unfall 257581 (2019) Kat:3, Licht: 1,257581,3,3,5,05,19,4,0,1,1,1,0,0,0,0
"POINT (13.803216496000061 51.008350700000051)",Unfall 257599 (2019) Kat:3, Licht: 0,257599,3,4,0,05,16,3,0,0,0,0,1,0,0,1
"POINT (13.751132101000053 51.066409761000045)",Unfall 257600 (2019) Kat:3, Licht: 0,257600,3,2,2,05,16,3,0,0,1,1,0,0,0,0
"POINT (13.753425897000056 51.034388840000076)",Unfall 257601 (2019) Kat:3, Licht: 0,257601,3,3,5,05,06,3,0,0,0,1,0,0,0,0
"POINT (13.803361249000034 51.052292866000073)",Unfall 257602 (2019) Kat:3, Licht: 0,257602,3,7,0,05,15,3,0,0,1,1,0,0,0,0
"POINT (13.732413249000047 51.050981962000037)",Unfall 257603 (2019) Kat:3, Licht: 0,257603,3,4,6,05,15,3,0,0,0,1,1,0,0,0
"POINT (13.719108165000023 51.049229184000069)",Unfall 257618 (2019) Kat:3, Licht: 0,257618,3,7,0,05,17,2,0,0,1,1,0,0,0,0
"POINT (13.711215265000021 51.045398800000044)",Unfall 257619 (2019) Kat:3, Licht: 1,257619,3,7,0,05,05,2,0,1,1,0,0,0,0,0
"POINT (13.735101675000067 51.019129408000026)",Unfall 257620 (2019) Kat:2, Licht: 0,257620,2,2,6,05,09,2,0,0,0,1,1,0,0,0
"POINT (13.702334301000064 51.077928805000056)",Unfall 257621 (2019) Kat:3, Licht: 0,257621,3,3,5,05,17,2,0,0,1,0,0,0,0,1
"POINT (13.716911615000072 51.093498883000052)",Unfall 257631 (2019) Kat:3, Licht: 0,257631,3,3,5,05,14,1,0,0,0,1,0,0,0,0
"POINT (13.751805075000050 51.066903296000078)",Unfall 257638 (2019) Kat:3, Licht: 0,257638,3,2,6,05,13,7,1,0,0,1,1,0,0,0
"POINT (13.724922820000074 51.057713296000031)",Unfall 257650 (2019) Kat:3, Licht: 1,257650,3,2,2,05,20,6,0,1,1,1,0,0,0,0
"POINT (13.760783871000058 51.030597791000048)",Unfall 257651 (2019) Kat:3, Licht: 0,257651,3,1,9,05,11,6,0,0,0,0,0,0,0,1
"POINT (13.710735539000041 51.032510875000071)",Unfall 257652 (2019) Kat:3, Licht: 0,257652,3,2,5,05,11,6,0,0,0,1,0,0,0,0
"POINT (13.722927611000046 51.074691820000055)",Unfall 257665 (2019) Kat:3, Licht: 0,257665,3,3,5,05,15,5,0,0,1,0,0,0,0,1
"POINT (13.680035370000041 51.061441617000071)",Unfall 257666 (2019) Kat:3, Licht: 0,257666,3,3,5,05,08,5,0,0,0,1,0,0,0,0
"POINT (13.831442734000063 51.018400856000028)",Unfall 257667 (2019) Kat:3, Licht: 0,257667,3,3,5,05,07,5,0,0,0,1,0,0,0,0
"POINT (13.771128530000055 51.068190183000070)",Unfall 257668 (2019) Kat:3, Licht: 0,257668,3,3,5,05,15,5,0,0,0,1,0,1,0,0
"POINT (13.671635685000069 51.059865389000038)",Unfall 257678 (2019) Kat:3, Licht: 0,257678,3,1,0,05,16,4,0,0,1,0,0,0,0,0
"POINT (13.700093505000041 51.015983240000025)",Unfall 257679 (2019) Kat:2, Licht: 0,257679,2,1,0,05,14,4,0,0,1,0,0,0,0,0
"POINT (13.771025239000039 51.040054054000052)",Unfall 257680 (2019) Kat:2, Licht: 0,257680,2,2,5,05,19,4,0,0,0,1,0,1,0,0
"POINT (13.690695645000062 51.090748003000044)",Unfall 257694 (2019) Kat:3, Licht: 0,257694,3,3,0,04,07,3,0,0,1,0,0,0,0,1
"POINT (13.750980276000064 51.069223623000028)",Unfall 257695 (2019) Kat:3, Licht: 0,257695,3,3,5,04,17,3,0,0,1,1,0,0,0,0
"POINT (13.692035877000023 51.049044845000026)",Unfall 257711 (2019) Kat:3, Licht: 2,257711,3,3,5,04,22,1,0,2,0,1,0,0,0,0
"POINT (13.807026005000068 51.024499672000047)",Unfall 257724 (2019) Kat:3, Licht: 0,257724,3,6,2,04,13,7,0,0,0,1,0,0,0,0
"POINT (13.679988280000032 51.042431879000048)",Unfall 257725 (2019) Kat:3, Licht: 0,257725,3,7,2,04,12,7,0,0,0,0,0,0,0,1
"POINT (13.716911782000068 51.093499131000044)",Unfall 257735 (2019) Kat:3, Licht: 2,257735,3,3,5,04,21,6,1,2,0,1,0,0,0,0
"POINT (13.848703235000073 50.996042798000076)",Unfall 257736 (2019) Kat:2, Licht: 0,257736,2,3,5,04,16,6,0,0,1,1,0,0,0,0
"POINT (13.767764316000068 51.026123040000073)",Unfall 257737 (2019) Kat:3, Licht: 0,257737,3,2,4,04,13,6,0,0,1,1,0,0,0,0
"POINT (13.818651042000056 51.031198527000072)",Unfall 257738 (2019) Kat:3, Licht: 0,257738,3,7,0,04,17,6,0,0,1,1,0,0,0,0
"POINT (13.757672559000071 51.032996811000032)",Unfall 257739 (2019) Kat:3, Licht: 0,257739,3,6,2,04,17,6,0,0,0,1,0,0,0,0
"POINT (13.696159987000044 51.082016046000035)",Unfall 257740 (2019) Kat:3, Licht: 2,257740,3,4,6,04,20,6,1,2,0,0,1,1,0,0
"POINT (13.749536883000076 51.071579012000029)",Unfall 257741 (2019) Kat:2, Licht: 0,257741,2,2,5,04,09,6,0,0,0,1,0,1,0,0
"POINT (13.721310452000068 51.088257202000079)",Unfall 257759 (2019) Kat:3, Licht: 0,257759,3,7,0,05,17,4,0,0,1,0,0,0,0,0
"POINT (13.660122694000052 51.040069908000078)",Unfall 257764 (2019) Kat:2, Licht: 0,257764,2,7,0,05,10,4,0,0,0,0,1,0,0,1
"POINT (13.762021408000066 51.067965746000027)",Unfall 257765 (2019) Kat:3, Licht: 0,257765,3,7,0,05,08,4,0,0,1,0,0,0,0,0
"POINT (13.755122830000062 51.066030546000036)",Unfall 257766 (2019) Kat:3, Licht: 0,257766,3,5,1,05,08,4,0,0,1,1,0,0,0,0
"POINT (13.837215558000025 51.006551118000061)",Unfall 257777 (2019) Kat:3, Licht: 0,257777,3,3,5,05,16,3,0,0,0,1,0,0,0,1
"POINT (13.765349322000077 51.056180597000036)",Unfall 257778 (2019) Kat:2, Licht: 0,257778,2,1,0,05,11,3,1,0,1,0,0,0,0,0
"POINT (13.749494247000030 51.033590378000042)",Unfall 257792 (2019) Kat:3, Licht: 0,257792,3,6,3,05,16,2,0,0,1,1,0,0,0,0
"POINT (13.774612520000062 51.049707238000053)",Unfall 257793 (2019) Kat:3, Licht: 0,257793,3,3,5,05,14,2,0,0,1,1,0,0,0,0
"POINT (13.867664152000032 50.996410513000058)",Unfall 257794 (2019) Kat:3, Licht: 0,257794,3,2,5,05,09,2,0,0,0,1,0,1,0,0
"POINT (13.823392509000030 50.997754898000039)",Unfall 257795 (2019) Kat:3, Licht: 0,257795,3,7,8,05,17,2,0,0,0,1,0,0,0,0
"POINT (13.778598116000069 51.042636647000052)",Unfall 257796 (2019) Kat:3, Licht: 0,257796,3,3,5,05,08,2,0,0,0,1,0,0,0,0
"POINT (13.773332472000050 51.033693474000074)",Unfall 257806 (2019) Kat:2, Licht: 0,257806,2,7,6,05,15,1,0,0,1,0,1,0,0,0
"POINT (13.794824671000072 51.042910257000074)",Unfall 257807 (2019) Kat:3, Licht: 0,257807,3,6,1,05,13,1,0,0,0,1,0,0,0,0
"POINT (13.785322826000026 51.035949913000081)",Unfall 257808 (2019) Kat:3, Licht: 0,257808,3,3,5,05,11,1,0,0,1,1,0,0,0,0
"POINT (13.688938389000043 51.057966757000031)",Unfall 257819 (2019) Kat:3, Licht: 1,257819,3,3,5,05,21,7,0,1,1,1,0,0,0,0
"POINT (13.682499363000034 51.060267096000075)",Unfall 257820 (2019) Kat:3, Licht: 0,257820,3,3,5,05,09,7,0,0,1,1,0,0,0,0
"POINT (13.827335687000073 51.002104875000043)",Unfall 257821 (2019) Kat:3, Licht: 0,257821,3,3,5,05,12,7,0,0,1,1,0,0,0,0
"POINT (13.750464956000030 51.071433514000034)",Unfall 257822 (2019) Kat:3, Licht: 2,257822,3,1,0,05,02,7,0,2,1,0,0,0,0,0
"POINT (13.774126827000032 51.069474430000071)",Unfall 257824 (2019) Kat:3, Licht: 0,257824,3,7,4,05,12,7,0,0,0,1,0,1,0,0
"POINT (13.779073154000059 51.038003330000038)",Unfall 257825 (2019) Kat:3, Licht: 0,257825,3,3,5,05,16,7,0,0,1,1,0,0,0,0
"POINT (13.791299897000044 51.013338191000059)",Unfall 257843 (2019) Kat:3, Licht: 0,257843,3,2,5,05,08,6,0,0,0,1,0,0,0,0
"POINT (13.798059769000076 51.042168338000067)",Unfall 257844 (2019) Kat:3, Licht: 0,257844,3,6,2,05,15,6,0,0,0,1,0,1,0,0
"POINT (13.786634262000064 51.053796097000031)",Unfall 257845 (2019) Kat:2, Licht: 0,257845,2,2,6,05,09,6,0,0,0,1,1,0,0,0
"POINT (13.747854993000033 51.039135007000027)",Unfall 257846 (2019) Kat:3, Licht: 2,257846,3,6,2,05,23,6,0,2,1,1,0,0,0,0
"POINT (13.785323200000050 51.035949490000064)",Unfall 257847 (2019) Kat:3, Licht: 0,257847,3,3,5,05,13,6,0,0,1,1,0,0,0,0
"POINT (13.786731778000046 51.017449567000028)",Unfall 257848 (2019) Kat:3, Licht: 0,257848,3,4,6,05,15,6,0,0,0,1,1,0,0,0
"POINT (13.728700660000072 51.085968990000026)",Unfall 257867 (2019) Kat:3, Licht: 0,257867,3,3,5,05,12,5,0,0,1,1,0,0,0,0
"POINT (13.727549340000053 51.025210429000026)",Unfall 257868 (2019) Kat:3, Licht: 0,257868,3,5,1,05,14,5,0,0,1,1,0,0,0,0
"POINT (13.788065100000040 51.043297770000038)",Unfall 257869 (2019) Kat:3, Licht: 0,257869,3,4,0,05,14,5,0,0,0,0,1,0,0,1
"POINT (13.774691250000046 51.033316941000066)",Unfall 257870 (2019) Kat:3, Licht: 0,257870,3,3,0,05,16,5,0,0,1,0,0,0,0,1
"POINT (13.772638649000044 51.046528505000026)",Unfall 257871 (2019) Kat:3, Licht: 0,257871,3,1,7,05,07,5,0,0,1,0,0,0,0,0
"POINT (13.752243328000077 51.077791166000054)",Unfall 257872 (2019) Kat:1, Licht: 0,257872,1,3,5,05,14,5,0,0,1,0,0,0,1,0
"POINT (13.715979095000023 51.064213793000079)",Unfall 257884 (2019) Kat:3, Licht: 0,257884,3,1,0,05,14,4,1,0,1,0,0,0,0,0
"POINT (13.747556884000062 51.014262410000072)",Unfall 257885 (2019) Kat:3, Licht: 0,257885,3,6,2,05,15,4,1,0,1,0,0,0,0,1
"POINT (13.821233875000075 51.003098956000031)",Unfall 257886 (2019) Kat:3, Licht: 0,257886,3,3,5,05,15,4,1,0,0,1,0,0,0,0
"POINT (13.727355626000076 51.052536831000054)",Unfall 257887 (2019) Kat:3, Licht: 0,257887,3,1,3,05,11,4,1,0,1,0,0,0,0,0
"POINT (13.709630142000037 51.031515491000050)",Unfall 257888 (2019) Kat:2, Licht: 0,257888,2,7,4,05,07,4,0,0,0,1,0,0,0,1
"POINT (13.804167283000027 51.044622075000063)",Unfall 257900 (2019) Kat:3, Licht: 0,257900,3,3,5,05,07,3,0,0,1,1,0,0,0,0
"POINT (13.790664097000047 51.013051243000064)",Unfall 257901 (2019) Kat:3, Licht: 0,257901,3,3,5,05,08,3,0,0,0,1,0,0,0,0
"POINT (13.781035593000070 51.045866379000074)",Unfall 257902 (2019) Kat:3, Licht: 0,257902,3,3,5,05,11,3,0,0,1,1,0,0,0,0
"POINT (13.785673760000066 51.054192965000027)",Unfall 257903 (2019) Kat:3, Licht: 0,257903,3,3,5,05,17,3,0,0,1,0,0,0,0,0
"POINT (13.734594612000024 51.040911372000039)",Unfall 257904 (2019) Kat:3, Licht: 2,257904,3,1,0,05,20,3,0,2,0,0,0,1,0,0
"POINT (13.690982350000070 51.052920133000043)",Unfall 257905 (2019) Kat:3, Licht: 0,257905,3,1,0,05,14,3,0,0,1,0,0,0,0,0
"POINT (13.744453312000076 51.066181842000049)",Unfall 257918 (2019) Kat:2, Licht: 0,257918,2,1,0,05,20,2,0,0,1,0,0,0,0,0
"POINT (13.749375701000076 51.035609757000032)",Unfall 257919 (2019) Kat:3, Licht: 0,257919,3,2,5,05,07,2,0,0,1,1,0,0,0,0
"POINT (13.632734354000036 51.034536588000037)",Unfall 257930 (2019) Kat:3, Licht: 0,257930,3,6,6,05,15,1,0,0,0,1,1,0,0,0
"POINT (13.783882797000047 51.014484556000070)",Unfall 257931 (2019) Kat:3, Licht: 0,257931,3,5,6,05,17,1,0,0,0,1,1,0,0,0
"POINT (13.826905223000040 51.011676168000065)",Unfall 257932 (2019) Kat:3, Licht: 0,257932,3,1,6,05,20,1,0,0,0,1,1,0,0,0
"POINT (13.742908536000073 51.040025181000033)",Unfall 257933 (2019) Kat:2, Licht: 0,257933,2,7,1,05,13,1,0,0,0,1,0,0,0,0
"POINT (13.708957130000044 51.047232452000060)",Unfall 257944 (2019) Kat:3, Licht: 0,257944,3,2,3,05,14,7,0,0,1,1,0,0,0,0
"POINT (13.825864400000057 51.012075382000035)",Unfall 257945 (2019) Kat:2, Licht: 0,257945,2,2,5,05,17,7,0,0,1,1,0,0,0,0
"POINT (13.894070603000046 51.001431471000046)",Unfall 257946 (2019) Kat:3, Licht: 2,257946,3,7,7,05,00,7,0,2,0,0,0,1,0,0
"POINT (13.729551505000074 51.055378046000044)",Unfall 257947 (2019) Kat:3, Licht: 0,257947,3,7,6,05,13,7,0,0,0,0,1,0,0,1
"POINT (13.833899209000037 51.028464000000042)",Unfall 257948 (2019) Kat:2, Licht: 2,257948,2,3,5,05,22,7,0,2,0,1,0,0,0,0
"POINT (13.730696845000068 51.083159550000062)",Unfall 257961 (2019) Kat:3, Licht: 0,257961,3,7,2,05,07,6,0,0,1,1,0,0,0,0
"POINT (13.844311556000036 51.001261225000064)",Unfall 257962 (2019) Kat:3, Licht: 0,257962,3,5,3,05,09,6,0,0,0,1,0,0,0,0
"POINT (13.736811927000076 51.047293813000067)",Unfall 257963 (2019) Kat:3, Licht: 0,257963,3,2,5,05,16,6,0,0,1,1,0,0,0,0
"POINT (13.797685853000075 51.042324287000042)",Unfall 257964 (2019) Kat:3, Licht: 0,257964,3,2,5,05,07,6,0,0,1,1,0,0,0,0
"POINT (13.772309126000039 51.049830971000063)",Unfall 257965 (2019) Kat:3, Licht: 0,257965,3,6,6,05,15,6,0,0,1,0,1,0,0,0
"POINT (13.775889024000037 51.034541413000056)",Unfall 257966 (2019) Kat:3, Licht: 0,257966,3,7,8,05,05,6,0,0,0,1,0,0,0,0
"POINT (13.777936072000045 51.052230426000051)",Unfall 257967 (2019) Kat:3, Licht: 0,257967,3,3,5,05,09,6,0,0,1,1,0,0,0,0
"POINT (13.727237437000042 51.070750981000060)",Unfall 257968 (2019) Kat:3, Licht: 0,257968,3,5,1,05,14,6,0,0,1,1,0,0,0,0
"POINT (13.779849424000076 51.044298061000063)",Unfall 257969 (2019) Kat:3, Licht: 0,257969,3,3,5,05,15,6,0,0,1,1,0,0,0,0
"POINT (13.721411933000070 51.088959848000059)",Unfall 257980 (2019) Kat:3, Licht: 0,257980,3,3,5,05,06,5,1,0,1,1,0,0,0,0
"POINT (13.748974920000023 51.033782409000025)",Unfall 257981 (2019) Kat:3, Licht: 0,257981,3,3,5,05,14,5,0,0,1,1,0,0,0,0
"POINT (13.774467383000058 51.060652255000036)",Unfall 257982 (2019) Kat:3, Licht: 0,257982,3,2,1,05,09,5,0,0,0,1,0,0,0,0
"POINT (13.837961928000027 51.024206210000045)",Unfall 257983 (2019) Kat:3, Licht: 0,257983,3,7,6,05,12,5,0,0,0,1,1,0,0,0
"POINT (13.781084687000032 51.052206694000063)",Unfall 257984 (2019) Kat:3, Licht: 0,257984,3,1,0,05,15,5,1,0,1,0,0,0,0,0