WKT,Name,OBJECTID,UKATEGORIE,UTYP1,UART,UMONAT,USTUNDE,UWOCHENTAG,STRZUSTAND,ULICHTVERH,ISTRAD,ISTPKW,ISTFUSS,ISTKRAD,ISTGKFZ,ISTSONSTIG
"POINT (13.709081765000064 51.047365134000074)",Unfall 257996 (2019) Kat:3, Licht: 0,257996,3,6,2,05,12,4,1,0,0,1,0,0,0,0
"POINT (13.705250068000055 51.030695676000050)",Unfall 257997 (2019) Kat:3, Licht: 0,257997,3,1,0,05,18,4,1,0,1,0,0,0,0,0
"POINT (13.822275957000045 50.997787622000033)",Unfall 257998 (2019) Kat:3, Licht: 0,257998,3,3,5,05,12,4,1,0,1,1,0,0,0,0
"POINT (13.753352012000050 51.050390046000075)",Unfall 257999 (2019) Kat:3, Licht: 0,257999,3,2,5,05,07,4,0,0,1,1,0,0,0,0
"POINT (13.808805935000066 51.050463969000077)",Unfall 258000 (2019) Kat:3, Licht: 0,258000,3,3,5,05,14,4,1,0,0,1,0,0,0,0
"POINT (13.682970514000033 51.051780758000064)",Unfall 258001 (2019) Kat:2, Licht: 0,258001,2,3,5,05,09,4,0,0,1,1,0,0,0,0
"POINT (13.756984727000031 51.052233582000042)",Unfall 258002 (2019) Kat:3, Licht: 0,258002,3,7,6,05,14,4,1,0,0,0,1,0,0,1
"POINT (13.690617095000050 51.053802273000031)",Unfall 258015 (2019) Kat:3, Licht: 0,258015,3,1,0,05,16,3,1,0,1,0,0,0,0,0
"POINT (13.746166485000060 51.059627246000048)",Unfall 258016 (2019) Kat:3, Licht: 0,258016,3,6,1,05,12,3,0,0,0,1,0,1,0,0
"POINT (13.751514080000049 51.047218838000049)",Unfall 258017 (2019) Kat:3, Licht: 0,258017,3,3,5,05,06,3,0,0,1,1,0,0,0,0
"POINT (13.784738199000060 51.049740901000064)",Unfall 258018 (2019) Kat:3, Licht: 0,258018,3,3,5,05,18,3,0,0,0,1,0,0,0,0
"POINT (13.802966341000058 51.040483589000075)",Unfall 258019 (2019) Kat:2, Licht: 0,258019,2,3,5,05,16,3,0,0,1,1,0,0,0,0
"POINT (13.806550440000024 51.037380579000057)",Unfall 258020 (2019) Kat:2, Licht: 0,258020,2,2,5,05,14,3,1,0,0,1,0,1,0,0
"POINT (13.825069842000062 51.024960373000056)",Unfall 258037 (2019) Kat:3, Licht: 0,258037,3,5,1,06,16,5,0,0,1,1,0,0,0,0
"POINT (13.732617942000047 51.033322076000047)",Unfall 258038 (2019) Kat:3, Licht: 0,258038,3,2,4,06,17,5,0,0,1,1,0,0,0,0
"POINT (13.797036506000040 51.042520512000067)",Unfall 258039 (2019) Kat:3, Licht: 0,258039,3,2,5,06,16,5,0,0,1,1,0,0,0,0
"POINT (13.785495988000037 51.038170733000072)",Unfall 258040 (2019) Kat:3, Licht: 0,258040,3,3,5,06,07,5,0,0,0,1,0,0,0,0
"POINT (13.761405979000074 51.027549702000044)",Unfall 258063 (2019) Kat:3, Licht: 0,258063,3,2,4,06,12,4,0,0,0,1,0,1,0,0
"POINT (13.838473323000073 51.005834881000055)",Unfall 258064 (2019) Kat:3, Licht: 0,258064,3,3,5,06,17,4,0,0,1,1,0,0,0,0
"POINT (13.742951529000038 51.028686239000081)",Unfall 258065 (2019) Kat:2, Licht: 0,258065,2,3,5,06,12,4,0,0,1,1,0,0,0,0
"POINT (13.738123300000041 51.050236887000040)",Unfall 258066 (2019) Kat:3, Licht: 0,258066,3,6,8,06,18,4,0,0,1,1,0,0,0,0
"POINT (13.736917705000053 51.050507606000053)",Unfall 258067 (2019) Kat:3, Licht: 0,258067,3,6,2,06,17,4,1,0,1,0,0,0,0,0
"POINT (13.701521945000025 51.039693265000039)",Unfall 258068 (2019) Kat:3, Licht: 2,258068,3,5,2,06,22,4,1,2,0,1,0,1,0,0
"POINT (13.724545933000059 51.045950413000071)",Unfall 258069 (2019) Kat:3, Licht: 0,258069,3,6,3,06,15,4,0,0,1,1,0,0,0,0
"POINT (13.801889040000049 51.022349587000065)",Unfall 258070 (2019) Kat:3, Licht: 0,258070,3,3,5,06,09,4,0,0,1,1,0,0,0,0
"POINT (13.842003437000074 51.019157816000074)",Unfall 258090 (2019) Kat:3, Licht: 0,258090,3,3,5,06,16,3,0,0,1,1,0,0,0,0
"POINT (13.734349432000045 51.036895720000075)",Unfall 258091 (2019) Kat:3, Licht: 0,258091,3,3,5,06,18,3,0,0,1,0,0,1,0,0
"POINT (13.772134277000077 51.127195525000047)",Unfall 258092 (2019) Kat:3, Licht: 0,258092,3,7,0,06,17,3,0,0,1,0,0,0,0,0
"POINT (13.723695972000030 51.056844876000071)",Unfall 258093 (2019) Kat:2, Licht: 0,258093,2,4,6,06,16,3,0,0,0,0,1,0,0,1
"POINT (13.767484001000071 51.122801955000057)",Unfall 258102 (2019) Kat:3, Licht: 0,258102,3,2,5,06,07,2,0,0,0,1,0,0,0,0
"POINT (13.775421117000064 51.069749196000032)",Unfall 258121 (2019) Kat:3, Licht: 2,258121,3,2,5,06,23,1,0,2,0,1,0,1,0,0
"POINT (13.751523787000053 51.047215404000042)",Unfall 258122 (2019) Kat:2, Licht: 0,258122,2,3,5,06,09,1,0,0,1,1,0,0,0,0
"POINT (13.782750356000065 51.033508042000051)",Unfall 258130 (2019) Kat:3, Licht: 0,258130,3,2,4,06,11,7,0,0,0,1,0,0,0,0
"POINT (13.741427875000056 51.023702234000041)",Unfall 258136 (2019) Kat:3, Licht: 0,258136,3,2,5,06,08,6,0,0,1,1,0,0,0,0
"POINT (13.777581450000071 51.116526181000040)",Unfall 258137 (2019) Kat:3, Licht: 0,258137,3,3,5,06,17,6,0,0,1,1,0,0,0,0
"POINT (13.780580598000029 51.042194287000029)",Unfall 258138 (2019) Kat:3, Licht: 0,258138,3,3,5,06,16,6,0,0,0,1,0,0,0,0
"POINT (13.769114060000049 51.047781244000078)",Unfall 258139 (2019) Kat:3, Licht: 0,258139,3,5,1,06,10,6,0,0,1,1,0,0,0,0
"POINT (13.690423700000053 51.039228027000036)",Unfall 258140 (2019) Kat:3, Licht: 0,258140,3,3,5,06,15,6,0,0,0,1,0,0,0,0
"POINT (13.727142803000049 51.056842698000025)",Unfall 258141 (2019) Kat:3, Licht: 2,258141,3,1,4,06,21,6,0,2,1,1,0,0,0,0
"POINT (13.748335149000070 51.044022396000059)",Unfall 258142 (2019) Kat:3, Licht: 0,258142,3,1,0,06,08,6,1,0,1,0,0,0,0,0
"POINT (13.719550800000036 51.077374398000075)",Unfall 258158 (2019) Kat:3, Licht: 0,258158,3,3,5,06,18,5,1,0,0,1,0,1,0,0
"POINT (13.716271409000058 51.055057621000060)",Unfall 258159 (2019) Kat:3, Licht: 0,258159,3,3,5,06,10,5,0,0,0,1,0,0,0,0
"POINT (13.762150961000032 51.016772322000065)",Unfall 258160 (2019) Kat:3, Licht: 0,258160,3,5,1,06,06,5,0,0,0,1,0,0,0,0
"POINT (13.745444149000036 51.068316511000035)",Unfall 258161 (2019) Kat:2, Licht: 0,258161,2,2,5,06,18,5,1,0,0,1,0,1,0,0
"POINT (13.749619799000072 51.064905383000053)",Unfall 258162 (2019) Kat:3, Licht: 0,258162,3,7,0,06,19,5,1,0,1,0,0,0,0,0
"POINT (13.739587141000072 51.038783853000041)",Unfall 258163 (2019) Kat:3, Licht: 0,258163,3,3,5,06,17,5,0,0,1,1,0,0,0,0
"POINT (13.719124162000071 51.036803201000055)",Unfall 258164 (2019) Kat:2, Licht: 0,258164,2,7,6,06,17,5,0,0,0,1,1,0,0,0
"POINT (13.836761315000047 51.023690418000058)",Unfall 258165 (2019) Kat:3, Licht: 0,258165,3,7,6,06,12,5,0,0,1,0,1,0,0,0
"POINT (13.700404449000075 51.045038197000054)",Unfall 258181 (2019) Kat:3, Licht: 0,258181,3,4,6,06,08,4,0,0,1,0,1,0,0,0
"POINT (13.707732193000027 51.090029848000029)",Unfall 258182 (2019) Kat:3, Licht: 0,258182,3,3,0,06,10,4,0,0,0,0,0,0,0,1
"POINT (13.710528064000073 51.048429434000070)",Unfall 258183 (2019) Kat:3, Licht: 0,258183,3,2,4,06,16,4,0,0,1,1,0,0,0,0
"POINT (13.748902306000048 51.037265085000058)",Unfall 258184 (2019) Kat:3, Licht: 0,258184,3,7,0,06,18,4,0,0,1,0,0,0,0,0
"POINT (13.751182527000026 51.071234635000053)",Unfall 258185 (2019) Kat:3, Licht: 2,258185,3,1,0,06,21,4,0,2,1,0,0,0,0,0
"POINT (13.769629194000061 51.051115781000078)",Unfall 258186 (2019) Kat:3, Licht: 0,258186,3,3,5,06,08,4,0,0,1,1,0,0,0,0
"POINT (13.790922951000027 51.021396134000042)",Unfall 258187 (2019) Kat:3, Licht: 0,258187,3,2,5,06,06,4,0,0,0,1,0,1,0,0
"POINT (13.800398434000044 51.054181723000056)",Unfall 258188 (2019) Kat:3, Licht: 0,258188,3,5,1,06,06,4,0,0,1,1,0,0,0,0
"POINT (13.777254633000041 51.058719028000041)",Unfall 258189 (2019) Kat:3, Licht: 0,258189,3,2,5,06,17,4,0,0,1,1,0,0,0,0
"POINT (13.753435727000067 51.053005861000031)",Unfall 258190 (2019) Kat:3, Licht: 0,258190,3,5,1,06,07,4,0,0,1,1,0,0,0,0
"POINT (13.729109869000069 51.050958432000073)",Unfall 258191 (2019) Kat:3, Licht: 0,258191,3,3,5,06,13,4,0,0,1,0,0,0,0,0
"POINT (13.687722458000053 51.042520406000051)",Unfall 258206 (2019) Kat:3, Licht: 0,258206,3,1,5,06,19,3,0,0,1,1,0,0,0,0
"POINT (13.697740199000066 51.046225477000064)",Unfall 258207 (2019) Kat:3, Licht: 0,258207,3,1,0,06,07,3,0,0,1,0,0,0,0,0
"POINT (13.648570730000074 51.090797735000081)",Unfall 258208 (2019) Kat:3, Licht: 0,258208,3,1,4,06,10,3,0,0,1,1,0,0,0,0
"POINT (13.648540607000029 51.056496969000079)",Unfall 258209 (2019) Kat:2, Licht: 0,258209,2,7,8,06,06,3,0,0,0,1,0,0,0,0
"POINT (13.826750253000057 51.027789725000048)",Unfall 258210 (2019) Kat:3, Licht: 0,258210,3,1,1,06,20,3,0,0,1,1,0,0,0,0
"POINT (13.780082626000024 51.116058365000072)",Unfall 258211 (2019) Kat:3, Licht: 0,258211,3,1,6,06,15,3,0,0,1,0,1,0,0,0
"POINT (13.753550032000021 51.065807574000075)",Unfall 258212 (2019) Kat:3, Licht: 0,258212,3,4,6,06,17,3,0,0,1,0,1,0,0,0
"POINT (13.777159965000067 51.134357934000036)",Unfall 258213 (2019) Kat:3, Licht: 0,258213,3,6,4,06,15,3,0,0,0,0,0,0,0,1
"POINT (13.754613111000026 51.066162361000067)",Unfall 258214 (2019) Kat:3, Licht: 0,258214,3,1,0,06,08,3,0,0,1,0,0,0,0,0
"POINT (13.699509207000062 51.044616007000059)",Unfall 258215 (2019) Kat:2, Licht: 0,258215,2,2,5,06,07,3,0,0,1,1,0,0,0,0
"POINT (13.683386805000055 51.042428319000066)",Unfall 258238 (2019) Kat:3, Licht: 0,258238,3,6,3,06,08,2,0,0,0,1,0,0,0,1
"POINT (13.825713873000041 50.998789052000063)",Unfall 258239 (2019) Kat:3, Licht: 0,258239,3,5,0,06,10,2,0,0,1,1,0,0,0,0
"POINT (13.748814280000033 51.064093610000043)",Unfall 258240 (2019) Kat:3, Licht: 2,258240,3,6,6,06,22,2,0,2,1,0,1,0,0,0
"POINT (13.777773481000054 51.053077755000061)",Unfall 258241 (2019) Kat:3, Licht: 0,258241,3,7,0,06,15,2,0,0,1,0,0,0,0,0
"POINT (13.771129408000036 51.029772495000032)",Unfall 258242 (2019) Kat:3, Licht: 0,258242,3,6,2,06,16,2,0,0,0,1,0,0,0,0
"POINT (13.798140583000077 51.023839589000033)",Unfall 258243 (2019) Kat:3, Licht: 1,258243,3,2,5,06,20,2,0,1,1,1,0,0,0,0
"POINT (13.782517483000049 51.033091479000063)",Unfall 258244 (2019) Kat:3, Licht: 0,258244,3,2,5,06,18,2,0,0,1,1,0,0,0,0
"POINT (13.771155730000032 51.029813538000042)",Unfall 258246 (2019) Kat:2, Licht: 0,258246,2,3,5,06,15,2,0,0,0,1,0,0,0,1
"POINT (13.780675355000028 51.008247026000049)",Unfall 258253 (2019) Kat:3, Licht: 0,258253,3,7,1,06,15,1,0,0,1,1,0,0,0,0
"POINT (13.741810750000070 51.073200366000037)",Unfall 258254 (2019) Kat:3, Licht: 0,258254,3,1,0,06,17,1,0,0,1,0,0,0,0,0
"POINT (13.701867893000042 51.037344366000070)",Unfall 258262 (2019) Kat:3, Licht: 2,258262,3,7,6,06,22,7,0,2,0,1,1,0,0,0
"POINT (13.710169024000038 51.050910216000034)",Unfall 258263 (2019) Kat:3, Licht: 0,258263,3,5,1,06,12,7,0,0,1,1,0,0,0,0
"POINT (13.831638257000066 51.018607056000064)",Unfall 258264 (2019) Kat:3, Licht: 0,258264,3,1,0,06,19,7,0,0,1,0,0,0,0,0
"POINT (13.805667579000044 51.039545940000039)",Unfall 258276 (2019) Kat:3, Licht: 0,258276,3,6,2,05,13,6,0,0,0,1,0,0,0,0
"POINT (13.643888616000027 51.093775420000043)",Unfall 258297 (2019) Kat:3, Licht: 0,258297,3,7,8,05,11,5,0,0,1,0,0,0,0,0
"POINT (13.802505358000076 50.981938997000043)",Unfall 258298 (2019) Kat:2, Licht: 0,258298,2,1,0,05,16,5,0,0,1,0,0,0,0,0
"POINT (13.732234798000036 51.039329887000065)",Unfall 258299 (2019) Kat:3, Licht: 0,258299,3,5,1,05,10,5,0,0,1,1,0,0,0,0
"POINT (13.815138454000078 51.029879122000068)",Unfall 258300 (2019) Kat:3, Licht: 2,258300,3,6,4,05,21,5,0,2,0,1,0,0,0,0
"POINT (13.771328912000058 51.057443440000043)",Unfall 258301 (2019) Kat:3, Licht: 0,258301,3,3,0,05,17,5,0,0,1,1,0,0,0,0
"POINT (13.809772524000039 51.049198739000076)",Unfall 258302 (2019) Kat:3, Licht: 1,258302,3,1,0,05,20,5,0,1,1,0,0,0,0,0
"POINT (13.800495449000039 51.027392171000031)",Unfall 258303 (2019) Kat:3, Licht: 0,258303,3,2,5,05,18,5,0,0,1,1,0,0,0,0
"POINT (13.712192099000049 51.050216438000064)",Unfall 258325 (2019) Kat:3, Licht: 0,258325,3,5,1,06,07,4,0,0,1,1,0,0,0,0
"POINT (13.807690718000060 51.011228490000065)",Unfall 258326 (2019) Kat:3, Licht: 2,258326,3,7,0,06,23,4,0,2,1,0,0,0,0,0
"POINT (13.816537836000066 50.998234688000082)",Unfall 258327 (2019) Kat:3, Licht: 0,258327,3,7,0,06,11,4,0,0,1,0,0,0,0,0
"POINT (13.744189099000039 51.019350619000079)",Unfall 258328 (2019) Kat:3, Licht: 0,258328,3,4,6,06,15,4,0,0,0,1,1,0,0,0
"POINT (13.770337542000050 51.071710627000073)",Unfall 258329 (2019) Kat:3, Licht: 0,258329,3,6,2,06,08,4,0,0,0,1,0,0,0,0
"POINT (13.744705291000059 51.072390504000055)",Unfall 258330 (2019) Kat:3, Licht: 0,258330,3,5,1,06,07,4,0,0,1,1,0,0,0,0
"POINT (13.750809350000054 51.066145136000046)",Unfall 258357 (2019) Kat:3, Licht: 2,258357,3,3,5,06,04,3,0,2,1,0,0,0,0,1
"POINT (13.750287978000074 51.068356621000078)",Unfall 258358 (2019) Kat:3, Licht: 0,258358,3,1,0,06,18,3,0,0,1,0,0,0,0,0
"POINT (13.755031221000024 51.053298145000042)",Unfall 258359 (2019) Kat:3, Licht: 0,258359,3,5,1,06,07,3,0,0,1,1,0,0,0,0
"POINT (13.681797534000054 51.086627315000044)",Unfall 258360 (2019) Kat:3, Licht: 0,258360,3,6,2,06,14,3,0,0,0,1,0,0,0,0
"POINT (13.792328038000051 51.047658493000029)",Unfall 258361 (2019) Kat:3, Licht: 0,258361,3,3,5,06,07,3,0,0,1,1,0,0,0,0
"POINT (13.749781857000073 51.083105539000030)",Unfall 258376 (2019) Kat:3, Licht: 0,258376,3,7,1,06,06,2,0,0,0,1,0,0,0,0
"POINT (13.807679319000044 51.050568562000080)",Unfall 258377 (2019) Kat:3, Licht: 0,258377,3,2,5,06,16,2,0,0,0,1,0,1,0,0
"POINT (13.674784371000044 51.064683391000074)",Unfall 258378 (2019) Kat:3, Licht: 0,258378,3,5,1,06,17,2,0,0,0,1,0,0,0,0
"POINT (13.712546921000069 51.129038394000077)",Unfall 258379 (2019) Kat:3, Licht: 0,258379,3,3,5,06,06,2,0,0,1,1,0,0,0,0
"POINT (13.688936279000075 51.057969119000063)",Unfall 258396 (2019) Kat:2, Licht: 2,258396,2,3,5,06,22,1,0,2,1,1,0,0,0,0
"POINT (13.777069317000041 51.032290045000082)",Unfall 258397 (2019) Kat:3, Licht: 0,258397,3,2,2,06,20,1,0,0,0,1,0,0,0,0
"POINT (13.808239624000066 51.050933594000071)",Unfall 258398 (2019) Kat:3, Licht: 2,258398,3,6,2,06,01,1,0,2,1,1,0,0,0,0
"POINT (13.738799622000045 51.039293094000072)",Unfall 258409 (2019) Kat:3, Licht: 2,258409,3,1,0,06,00,7,0,2,1,0,0,0,0,0
"POINT (13.705747049000024 51.090531237000050)",Unfall 258410 (2019) Kat:3, Licht: 0,258410,3,2,5,06,11,7,0,0,1,1,0,0,0,0
"POINT (13.781758065000076 51.043813278000073)",Unfall 258411 (2019) Kat:3, Licht: 0,258411,3,6,2,06,17,7,0,0,0,1,0,0,0,0
"POINT (13.785322788000030 51.035949956000081)",Unfall 258412 (2019) Kat:3, Licht: 0,258412,3,3,5,06,10,7,0,0,1,1,0,0,0,0
"POINT (13.745546852000075 51.053408972000057)",Unfall 258413 (2019) Kat:3, Licht: 0,258413,3,6,2,06,10,7,0,0,0,1,0,1,0,0
"POINT (13.708442548000050 51.046900687000061)",Unfall 258435 (2019) Kat:3, Licht: 0,258435,3,6,2,06,17,6,0,0,0,1,0,1,0,0
"POINT (13.759212868000077 51.082427651000046)",Unfall 258436 (2019) Kat:2, Licht: 0,258436,2,1,0,06,20,6,0,0,1,0,0,0,0,0
"POINT (13.851769410000031 51.059081065000044)",Unfall 258437 (2019) Kat:3, Licht: 0,258437,3,5,1,06,08,6,0,0,1,1,0,0,0,0
"POINT (13.777868925000064 51.116778702000033)",Unfall 258438 (2019) Kat:3, Licht: 0,258438,3,7,5,06,14,6,0,0,1,1,0,0,0,0
"POINT (13.721915786000068 51.086652882000067)",Unfall 258439 (2019) Kat:3, Licht: 1,258439,3,4,6,06,05,6,0,1,0,0,1,0,0,1
"POINT (13.828272023000068 51.024742333000063)",Unfall 258440 (2019) Kat:3, Licht: 0,258440,3,3,5,06,19,6,0,0,0,1,0,1,0,0
"POINT (13.751603672000044 51.023257081000054)",Unfall 258441 (2019) Kat:2, Licht: 0,258441,2,1,0,06,08,6,0,0,1,0,0,0,0,0
"POINT (13.803240824000056 51.021736959000066)",Unfall 258442 (2019) Kat:2, Licht: 0,258442,2,3,5,06,14,6,0,0,1,0,0,0,1,0
"POINT (13.790644848000056 51.013555550000035)",Unfall 258459 (2019) Kat:3, Licht: 0,258459,3,4,6,06,06,5,0,0,0,1,1,0,0,0
"POINT (13.747515774000021 51.071913272000074)",Unfall 258460 (2019) Kat:3, Licht: 0,258460,3,5,0,06,16,5,0,0,1,1,0,0,0,0
"POINT (13.740711054000030 51.081210910000038)",Unfall 258461 (2019) Kat:3, Licht: 0,258461,3,6,4,06,15,5,0,0,1,1,0,0,0,0
"POINT (13.804623898000045 51.053094589000068)",Unfall 258462 (2019) Kat:3, Licht: 2,258462,3,4,6,06,23,5,1,2,1,0,1,0,0,0
"POINT (13.691996545000052 51.049063456000056)",Unfall 258463 (2019) Kat:2, Licht: 0,258463,2,2,5,06,20,5,0,0,1,1,0,0,0,0
"POINT (13.780863386000021 51.036045426000044)",Unfall 258488 (2019) Kat:3, Licht: 0,258488,3,5,3,06,09,4,0,0,0,0,0,1,1,0
"POINT (13.755925344000048 51.055874192000033)",Unfall 258489 (2019) Kat:3, Licht: 0,258489,3,3,5,06,07,4,0,0,1,1,0,0,0,0
"POINT (13.759514212000056 51.068717628000059)",Unfall 258490 (2019) Kat:3, Licht: 0,258490,3,6,4,06,06,4,0,0,0,1,0,0,0,0
"POINT (13.718431867000049 51.053391002000069)",Unfall 258504 (2019) Kat:2, Licht: 0,258504,2,1,0,06,06,3,0,0,1,0,0,0,0,0
"POINT (13.682954410000036 51.051764165000066)",Unfall 258505 (2019) Kat:3, Licht: 0,258505,3,4,6,06,06,3,0,0,1,0,1,0,0,0
"POINT (13.749169760000029 51.057699596000077)",Unfall 258506 (2019) Kat:3, Licht: 0,258506,3,3,5,06,15,3,0,0,1,1,0,0,0,0
"POINT (13.751468804000069 51.066992465000055)",Unfall 258507 (2019) Kat:2, Licht: 0,258507,2,1,4,06,18,3,0,0,1,1,0,0,0,0
"POINT (13.761661967000066 51.051967412000067)",Unfall 258508 (2019) Kat:3, Licht: 0,258508,3,3,5,06,07,3,0,0,1,1,0,0,0,0
"POINT (13.756567839000070 51.055094278000070)",Unfall 258509 (2019) Kat:3, Licht: 0,258509,3,3,5,06,11,3,0,0,1,1,0,0,0,0
"POINT (13.775098706000051 51.038073887000053)",Unfall 258510 (2019) Kat:3, Licht: 0,258510,3,6,2,06,14,3,0,0,0,1,0,0,0,0
"POINT (13.771278821000067 51.024264753000068)",Unfall 258511 (2019) Kat:3, Licht: 0,258511,3,3,5,06,15,3,0,0,1,1,0,0,0,0
"POINT (13.742367584000021 51.047225533000073)",Unfall 258512 (2019) Kat:3, Licht: 0,258512,3,3,5,06,17,3,0,0,0,1,0,0,0,1
"POINT (13.749163739000039 51.033568276000040)",Unfall 258527 (2019) Kat:3, Licht: 0,258527,3,2,5,06,13,2,0,0,1,1,0,0,0,0
"POINT (13.798760913000024 51.052938156000039)",Unfall 258528 (2019) Kat:3, Licht: 0,258528,3,3,5,06,10,2,0,0,1,1,0,0,0,0
"POINT (13.744471588000067 51.053429855000047)",Unfall 258529 (2019) Kat:3, Licht: 0,258529,3,6,2,06,17,2,0,0,0,1,0,0,0,0
"POINT (13.729442055000050 51.055502208000064)",Unfall 258530 (2019) Kat:2, Licht: 0,258530,2,6,4,06,18,2,0,0,0,1,0,0,0,1
"POINT (13.707904335000023 51.046534184000052)",Unfall 258539 (2019) Kat:3, Licht: 0,258539,3,2,2,06,13,1,0,0,0,1,0,1,0,0
"POINT (13.765806248000047 51.065776877000076)",Unfall 258540 (2019) Kat:3, Licht: 0,258540,3,3,5,06,16,1,0,0,0,1,0,0,0,0
"POINT (13.786447367000051 51.028493264000076)",Unfall 258549 (2019) Kat:3, Licht: 2,258549,3,1,0,06,01,7,0,2,1,0,0,0,0,0
"POINT (13.759082752000040 51.057137456000078)",Unfall 258551 (2019) Kat:3, Licht: 0,258551,3,6,2,06,11,7,0,0,0,1,0,0,0,0
"POINT (13.706204039000056 51.076707902000066)",Unfall 258575 (2019) Kat:3, Licht: 2,258575,3,1,8,06,00,6,0,2,1,0,0,0,0,0
"POINT (13.708400082000026 51.040711886000054)",Unfall 258576 (2019) Kat:3, Licht: 2,258576,3,1,0,06,22,6,0,2,1,0,0,0,0,0
"POINT (13.811083565000047 51.013447830000075)",Unfall 258577 (2019) Kat:3, Licht: 0,258577,3,2,6,06,08,6,0,0,0,1,1,0,0,0
"POINT (13.742043395000053 51.059267484000031)",Unfall 258578 (2019) Kat:3, Licht: 2,258578,3,1,0,06,23,6,0,2,1,0,0,0,0,0
"POINT (13.749223274000030 51.057690237000031)",Unfall 258579 (2019) Kat:3, Licht: 0,258579,3,3,5,06,11,6,0,0,1,1,0,0,0,0
"POINT (13.822275957000045 50.997787622000033)",Unfall 258608 (2019) Kat:3, Licht: 0,258608,3,3,5,07,17,6,0,0,0,1,0,0,0,0
"POINT (13.753588425000032 51.077331558000026)",Unfall 258609 (2019) Kat:3, Licht: 0,258609,3,6,2,07,06,6,1,0,0,1,0,0,0,0
"POINT (13.799918552000065 51.052818897000066)",Unfall 258610 (2019) Kat:2, Licht: 2,258610,2,7,4,07,23,6,0,2,0,1,0,0,0,1
"POINT (13.708948810000038 51.047237477000067)",Unfall 258611 (2019) Kat:3, Licht: 0,258611,3,2,5,07,08,6,1,0,0,1,0,0,0,0
"POINT (13.688937255000042 51.057968027000072)",Unfall 258622 (2019) Kat:3, Licht: 0,258622,3,3,5,07,15,5,0,0,1,1,0,0,0,0
"POINT (13.696819774000062 51.044468865000056)",Unfall 258623 (2019) Kat:3, Licht: 0,258623,3,3,5,07,18,5,0,0,0,1,0,0,0,0
"POINT (13.813402784000061 51.045413721000045)",Unfall 258624 (2019) Kat:3, Licht: 0,258624,3,1,0,07,16,5,0,0,1,0,0,0,0,0
"POINT (13.734656969000071 51.075208190000069)",Unfall 258625 (2019) Kat:2, Licht: 0,258625,2,6,2,07,09,5,0,0,0,1,0,0,0,0
"POINT (13.789633705000028 51.125847027000077)",Unfall 258639 (2019) Kat:3, Licht: 0,258639,3,6,2,07,16,4,0,0,0,1,0,0,0,0
"POINT (13.704772420000040 51.046325086000081)",Unfall 258652 (2019) Kat:3, Licht: 1,258652,3,2,5,07,05,3,0,1,1,0,0,0,0,1
"POINT (13.732280353000021 51.050985260000061)",Unfall 258653 (2019) Kat:3, Licht: 0,258653,3,7,0,07,19,3,0,0,1,1,0,0,0,0
"POINT (13.811153252000054 51.011920230000044)",Unfall 258667 (2019) Kat:3, Licht: 0,258667,3,5,1,07,14,2,0,0,1,1,0,0,0,0
"POINT (13.746976692000032 51.079222073000039)",Unfall 258668 (2019) Kat:3, Licht: 0,258668,3,4,6,07,16,2,0,0,0,1,1,0,0,0
"POINT (13.803699353000070 51.051117183000031)",Unfall 258669 (2019) Kat:2, Licht: 0,258669,2,3,5,07,12,2,0,0,1,1,0,0,0,1
"POINT (13.786046216000045 51.043358549000061)",Unfall 258670 (2019) Kat:3, Licht: 0,258670,3,3,5,07,10,2,0,0,0,1,0,0,0,1
"POINT (13.816689909000047 51.015812731000040)",Unfall 258671 (2019) Kat:2, Licht: 0,258671,2,6,6,07,10,2,0,0,1,0,1,0,0,0
"POINT (13.800989864000030 51.006434456000079)",Unfall 258672 (2019) Kat:3, Licht: 0,258672,3,4,6,07,16,2,0,0,0,1,1,0,0,0
"POINT (13.765915656000061 51.067951267000069)",Unfall 258680 (2019) Kat:3, Licht: 0,258680,3,3,5,07,16,1,0,0,1,1,0,0,0,0
"POINT (13.803601058000027 51.051080568000032)",Unfall 258681 (2019) Kat:3, Licht: 0,258681,3,7,2,07,13,1,0,0,1,1,0,0,0,0
"POINT (13.743588579000061 51.035604864000049)",Unfall 258682 (2019) Kat:2, Licht: 0,258682,2,3,5,07,14,1,0,0,0,1,0,0,0,0
"POINT (13.696912183000052 51.052495320000048)",Unfall 258689 (2019) Kat:2, Licht: 0,258689,2,5,1,07,10,7,0,0,0,1,0,0,0,0
"POINT (13.690419733000056 51.049144193000075)",Unfall 258690 (2019) Kat:3, Licht: 0,258690,3,1,0,07,15,7,0,0,1,0,0,0,0,0
"POINT (13.870260717000065 51.048331367000060)",Unfall 258691 (2019) Kat:3, Licht: 0,258691,3,1,4,07,09,7,0,0,0,1,0,0,0,0
"POINT (13.752153645000021 51.061755367000046)",Unfall 258692 (2019) Kat:3, Licht: 0,258692,3,1,1,07,12,7,0,0,1,1,0,0,0,0
"POINT (13.806860476000054 51.043974271000081)",Unfall 258693 (2019) Kat:3, Licht: 0,258693,3,6,2,07,14,7,0,0,1,0,0,0,0,0