WKT,Name,OBJECTID,UKATEGORIE,UTYP1,UART,UMONAT,USTUNDE,UWOCHENTAG,STRZUSTAND,ULICHTVERH,ISTRAD,ISTPKW,ISTFUSS,ISTKRAD,ISTGKFZ,ISTSONSTIG
"POINT (13.775187109000058 51.050817975000029)",Unfall 258694 (2019) Kat:3, Licht: 0,258694,3,1,0,07,05,7,0,0,1,0,0,0,0,0
"POINT (13.739402018000021 51.055052062000073)",Unfall 258695 (2019) Kat:3, Licht: 1,258695,3,1,0,07,21,7,0,1,1,0,0,0,0,0
"POINT (13.858010022000030 51.010143769000081)",Unfall 258711 (2019) Kat:3, Licht: 2,258711,3,1,0,07,22,6,0,2,1,0,0,0,0,0
"POINT (13.795291708000036 51.042863347000036)",Unfall 258712 (2019) Kat:3, Licht: 0,258712,3,6,2,07,14,6,0,0,0,1,0,0,0,0
"POINT (13.796035802000063 51.049730946000068)",Unfall 258729 (2019) Kat:3, Licht: 0,258729,3,1,1,07,12,5,0,0,0,1,0,0,0,0
"POINT (13.742038142000069 51.053507941000078)",Unfall 258730 (2019) Kat:2, Licht: 0,258730,2,6,6,07,14,5,0,0,1,0,1,0,0,0
"POINT (13.790834332000031 51.026743043000067)",Unfall 258731 (2019) Kat:3, Licht: 0,258731,3,2,5,07,16,5,0,0,1,1,0,0,0,0
"POINT (13.782297160000041 51.047573597000053)",Unfall 258732 (2019) Kat:3, Licht: 0,258732,3,6,2,07,13,5,0,0,0,1,0,1,0,0
"POINT (13.757491926000057 51.054245053000045)",Unfall 258751 (2019) Kat:3, Licht: 0,258751,3,6,2,07,16,4,0,0,0,1,0,0,0,0
"POINT (13.732636212000045 51.050965551000047)",Unfall 258752 (2019) Kat:3, Licht: 0,258752,3,1,0,07,07,4,0,0,1,0,0,0,0,0
"POINT (13.811303033000058 51.050257876000046)",Unfall 258753 (2019) Kat:3, Licht: 0,258753,3,3,5,07,08,4,0,0,1,0,0,0,0,0
"POINT (13.806035193000071 51.039394128000026)",Unfall 258754 (2019) Kat:2, Licht: 0,258754,2,2,5,07,16,4,0,0,1,1,0,0,0,0
"POINT (13.731084396000028 51.039555429000075)",Unfall 258755 (2019) Kat:2, Licht: 2,258755,2,4,6,07,23,4,0,2,0,0,1,1,0,0
"POINT (13.747234026000058 51.071956483000065)",Unfall 258756 (2019) Kat:3, Licht: 0,258756,3,3,5,07,12,4,0,0,1,1,0,0,0,0
"POINT (13.709894736000024 51.046628634000058)",Unfall 258773 (2019) Kat:3, Licht: 0,258773,3,3,0,07,15,3,0,0,0,1,0,1,0,0
"POINT (13.751178401000061 51.060172459000057)",Unfall 258774 (2019) Kat:3, Licht: 0,258774,3,7,0,07,13,3,0,0,1,0,0,0,0,0
"POINT (13.884594366000044 51.064348937000034)",Unfall 258775 (2019) Kat:3, Licht: 0,258775,3,4,6,07,12,3,0,0,0,1,1,0,0,0
"POINT (13.755627560000050 51.064266279000037)",Unfall 258776 (2019) Kat:3, Licht: 0,258776,3,1,4,07,19,3,0,0,1,0,0,0,0,0
"POINT (13.773400805000051 51.127542389000041)",Unfall 258777 (2019) Kat:3, Licht: 0,258777,3,2,5,07,05,3,0,0,1,1,0,0,0,0
"POINT (13.803249773000061 51.021671822000030)",Unfall 258778 (2019) Kat:3, Licht: 0,258778,3,6,2,07,07,3,0,0,0,1,0,0,0,0
"POINT (13.797909310000023 51.035046709000028)",Unfall 258779 (2019) Kat:3, Licht: 0,258779,3,3,5,07,16,3,0,0,1,1,0,0,0,0
"POINT (13.799720048000040 51.046931649000044)",Unfall 258781 (2019) Kat:3, Licht: 0,258781,3,3,5,07,07,3,0,0,1,1,0,0,0,0
"POINT (13.746443954000028 51.062303367000027)",Unfall 258782 (2019) Kat:2, Licht: 0,258782,2,6,3,07,11,3,0,0,0,1,0,1,0,0
"POINT (13.780679612000029 51.019383034000043)",Unfall 258795 (2019) Kat:3, Licht: 0,258795,3,4,6,07,07,2,0,0,0,1,1,0,0,0
"POINT (13.747204248000060 51.071961060000035)",Unfall 258796 (2019) Kat:3, Licht: 0,258796,3,3,5,07,19,2,0,0,1,1,0,0,0,0
"POINT (13.770995513000059 51.040044995000073)",Unfall 258797 (2019) Kat:3, Licht: 0,258797,3,3,5,07,08,2,0,0,0,1,0,0,0,0
"POINT (13.805390198000055 51.025444566000033)",Unfall 258798 (2019) Kat:3, Licht: 0,258798,3,4,6,07,07,2,0,0,0,1,1,0,0,0
"POINT (13.722311323000042 51.030042708000053)",Unfall 258799 (2019) Kat:3, Licht: 0,258799,3,3,0,07,08,2,0,0,1,1,0,0,0,0
"POINT (13.713491778000048 51.056341267000050)",Unfall 258824 (2019) Kat:3, Licht: 0,258824,3,3,0,06,18,7,0,0,1,1,0,0,0,0
"POINT (13.714972121000073 51.051488258000063)",Unfall 258825 (2019) Kat:3, Licht: 0,258825,3,3,5,06,17,7,0,0,0,1,0,0,0,1
"POINT (13.771998131000032 51.110552818000031)",Unfall 258826 (2019) Kat:2, Licht: 0,258826,2,7,3,06,07,7,0,0,0,1,0,1,0,0
"POINT (13.741521424000041 51.053537928000026)",Unfall 258827 (2019) Kat:3, Licht: 0,258827,3,3,5,06,10,7,0,0,1,1,0,0,0,0
"POINT (13.705719145000046 51.090569583000047)",Unfall 258828 (2019) Kat:2, Licht: 0,258828,2,3,5,06,16,7,0,0,0,1,0,0,0,0
"POINT (13.815356366000060 51.016938151000033)",Unfall 258829 (2019) Kat:3, Licht: 0,258829,3,1,0,06,12,7,0,0,1,0,0,0,0,0
"POINT (13.707503981000059 51.078845026000067)",Unfall 258845 (2019) Kat:3, Licht: 0,258845,3,1,0,06,10,6,0,0,1,0,0,0,0,0
"POINT (13.745084279000025 51.060389667000038)",Unfall 258846 (2019) Kat:2, Licht: 0,258846,2,7,6,06,11,6,0,0,0,1,1,0,0,0
"POINT (13.807590472000072 51.146070768000072)",Unfall 258847 (2019) Kat:3, Licht: 0,258847,3,1,0,06,12,6,0,0,1,0,0,0,0,0
"POINT (13.763102647000039 51.049803064000059)",Unfall 258848 (2019) Kat:2, Licht: 0,258848,2,1,0,06,14,6,0,0,1,0,0,0,0,0
"POINT (13.825718809000023 51.012137701000029)",Unfall 258849 (2019) Kat:2, Licht: 0,258849,2,4,6,06,20,6,0,0,0,1,1,0,0,0
"POINT (13.813932272000045 51.055544497000028)",Unfall 258850 (2019) Kat:3, Licht: 0,258850,3,1,0,06,08,6,0,0,1,1,0,0,0,0
"POINT (13.715150377000043 51.088095886000076)",Unfall 258870 (2019) Kat:3, Licht: 0,258870,3,7,0,06,08,5,0,0,0,0,1,0,0,1
"POINT (13.696693174000075 51.037902952000081)",Unfall 258871 (2019) Kat:3, Licht: 0,258871,3,4,6,06,15,5,0,0,0,1,1,0,0,0
"POINT (13.752084722000063 51.023680464000051)",Unfall 258872 (2019) Kat:3, Licht: 0,258872,3,5,0,06,17,5,0,0,1,1,0,0,0,0
"POINT (13.803117998000062 51.047465575000047)",Unfall 258873 (2019) Kat:3, Licht: 0,258873,3,2,5,06,07,5,0,0,1,1,0,0,0,0
"POINT (13.753205720000039 51.059117914000069)",Unfall 258874 (2019) Kat:3, Licht: 0,258874,3,2,2,06,15,5,0,0,1,0,0,0,0,1
"POINT (13.755912384000055 51.055913287000067)",Unfall 258875 (2019) Kat:3, Licht: 0,258875,3,3,2,06,18,5,0,0,1,1,0,1,0,0
"POINT (13.738591401000065 51.039517806000049)",Unfall 258876 (2019) Kat:3, Licht: 0,258876,3,3,5,06,15,5,0,0,1,1,0,0,0,0
"POINT (13.797685248000050 51.042323723000038)",Unfall 258877 (2019) Kat:3, Licht: 0,258877,3,3,5,06,07,5,0,0,1,0,0,1,0,0
"POINT (13.756840463000060 51.055206575000057)",Unfall 258878 (2019) Kat:3, Licht: 0,258878,3,7,0,06,16,5,0,0,1,0,0,0,0,0
"POINT (13.768758958000035 51.059973674000048)",Unfall 258879 (2019) Kat:2, Licht: 0,258879,2,6,6,06,11,5,0,0,1,0,1,0,0,0
"POINT (13.834217635000073 51.025656258000026)",Unfall 258880 (2019) Kat:2, Licht: 0,258880,2,3,5,06,08,5,0,0,1,1,0,0,0,0
"POINT (13.784173289000023 51.060614679000082)",Unfall 258881 (2019) Kat:3, Licht: 0,258881,3,7,5,06,17,5,0,0,1,1,0,0,0,0
"POINT (13.742043395000053 51.059267484000031)",Unfall 258883 (2019) Kat:3, Licht: 0,258883,3,1,0,07,11,7,1,0,1,0,0,0,0,0
"POINT (13.869730812000057 51.038078948000077)",Unfall 258887 (2019) Kat:2, Licht: 0,258887,2,1,8,07,11,2,0,0,0,0,0,1,0,0
"POINT (13.854078765000054 51.058341085000052)",Unfall 258888 (2019) Kat:1, Licht: 0,258888,1,7,2,07,16,2,0,0,1,1,0,0,0,0
"POINT (13.726225789000068 51.064754235000066)",Unfall 258899 (2019) Kat:3, Licht: 0,258899,3,7,3,07,16,1,0,0,0,1,0,0,0,0
"POINT (13.693817685000056 51.043916615000057)",Unfall 258901 (2019) Kat:2, Licht: 0,258901,2,3,5,07,20,1,0,0,1,1,0,0,0,0
"POINT (13.753041499000062 51.059044779000033)",Unfall 258908 (2019) Kat:3, Licht: 0,258908,3,2,5,07,11,7,0,0,1,1,0,0,0,0
"POINT (13.779744804000075 51.041001032000054)",Unfall 258909 (2019) Kat:3, Licht: 0,258909,3,6,0,07,18,7,0,0,0,1,0,0,0,0
"POINT (13.735337181000034 51.050653007000051)",Unfall 258910 (2019) Kat:3, Licht: 0,258910,3,1,3,07,11,7,0,0,1,1,0,0,0,0
"POINT (13.725205998000035 51.050216227000078)",Unfall 258911 (2019) Kat:3, Licht: 0,258911,3,2,5,07,09,7,0,0,1,1,0,0,0,0
"POINT (13.701414704000058 51.086777872000027)",Unfall 258927 (2019) Kat:3, Licht: 0,258927,3,3,5,07,15,6,0,0,0,1,0,1,0,0
"POINT (13.849121237000077 50.995178582000051)",Unfall 258928 (2019) Kat:3, Licht: 0,258928,3,3,5,07,15,6,0,0,1,1,0,0,0,0
"POINT (13.826713676000054 51.025634051000054)",Unfall 258929 (2019) Kat:3, Licht: 0,258929,3,3,0,07,11,6,0,0,1,0,0,0,0,0
"POINT (13.734823169000038 51.063129206000042)",Unfall 258930 (2019) Kat:3, Licht: 0,258930,3,6,3,07,17,6,0,0,1,0,0,0,0,0
"POINT (13.721103762000041 51.029937308000058)",Unfall 258931 (2019) Kat:2, Licht: 0,258931,2,3,5,07,08,6,0,0,0,1,0,1,0,0
"POINT (13.749168904000044 51.033576409000034)",Unfall 258932 (2019) Kat:3, Licht: 0,258932,3,2,5,07,14,6,0,0,1,1,0,0,0,0
"POINT (13.718182260000049 51.051001082000028)",Unfall 258948 (2019) Kat:3, Licht: 0,258948,3,5,1,07,15,5,0,0,0,1,0,0,0,0
"POINT (13.830903206000073 51.028388803000041)",Unfall 258949 (2019) Kat:3, Licht: 0,258949,3,2,3,07,06,5,0,0,1,1,0,0,0,0
"POINT (13.761568421000050 51.044916859000068)",Unfall 258950 (2019) Kat:3, Licht: 0,258950,3,2,5,07,15,5,0,0,1,1,0,0,0,0
"POINT (13.728922773000022 51.052083986000071)",Unfall 258951 (2019) Kat:3, Licht: 0,258951,3,3,5,07,19,5,0,0,1,1,0,0,0,0
"POINT (13.686202729000058 51.057333120000067)",Unfall 258968 (2019) Kat:3, Licht: 0,258968,3,7,5,07,07,4,0,0,1,1,0,0,0,0
"POINT (13.680554159000053 51.052491142000065)",Unfall 258969 (2019) Kat:3, Licht: 0,258969,3,2,5,07,06,4,0,0,0,1,0,1,0,0
"POINT (13.735066231000076 51.019183559000055)",Unfall 258970 (2019) Kat:3, Licht: 0,258970,3,2,5,07,08,4,0,0,1,1,0,0,0,0
"POINT (13.763118623000025 51.062788101000081)",Unfall 258971 (2019) Kat:3, Licht: 0,258971,3,4,6,07,16,4,0,0,1,0,1,0,0,0
"POINT (13.790004633000024 51.052227791000064)",Unfall 258972 (2019) Kat:3, Licht: 0,258972,3,3,5,07,11,4,0,0,0,1,0,0,1,0
"POINT (13.789696449000076 51.047446074000050)",Unfall 258973 (2019) Kat:3, Licht: 0,258973,3,3,5,07,07,4,0,0,0,1,0,0,0,0
"POINT (13.734709920000057 51.052091522000069)",Unfall 258974 (2019) Kat:3, Licht: 0,258974,3,1,0,07,14,4,0,0,1,0,0,0,0,0
"POINT (13.741104041000028 51.019247136000047)",Unfall 258975 (2019) Kat:2, Licht: 0,258975,2,2,5,07,06,4,0,0,1,1,0,0,0,0
"POINT (13.702242482000031 51.045866342000068)",Unfall 258976 (2019) Kat:3, Licht: 0,258976,3,2,5,07,16,4,0,0,0,1,0,0,0,0
"POINT (13.713652475000060 51.079450893000057)",Unfall 258996 (2019) Kat:3, Licht: 0,258996,3,1,0,07,13,3,0,0,1,0,0,0,0,0
"POINT (13.760159588000022 51.068490651000047)",Unfall 258997 (2019) Kat:3, Licht: 0,258997,3,1,0,07,13,3,0,0,1,0,0,0,0,0
"POINT (13.773559065000029 51.048734663000062)",Unfall 258998 (2019) Kat:3, Licht: 0,258998,3,3,5,07,08,3,0,0,1,1,0,0,0,0
"POINT (13.728778298000066 51.019671564000078)",Unfall 258999 (2019) Kat:1, Licht: 0,258999,1,2,5,07,15,3,0,0,1,1,0,0,0,0
"POINT (13.749169499000061 51.033577345000026)",Unfall 259015 (2019) Kat:3, Licht: 0,259015,3,2,3,07,18,2,0,0,1,1,0,0,0,0
"POINT (13.782332873000030 51.047620042000062)",Unfall 259016 (2019) Kat:3, Licht: 0,259016,3,3,5,07,09,2,0,0,0,1,0,1,0,0
"POINT (13.707424560000049 51.079059551000057)",Unfall 259024 (2019) Kat:3, Licht: 0,259024,3,5,1,07,16,1,0,0,1,1,0,0,0,0
"POINT (13.822922286000050 51.013078558000075)",Unfall 259025 (2019) Kat:3, Licht: 2,259025,3,7,0,07,03,1,0,2,1,0,0,0,0,0
"POINT (13.758751440000026 51.044569792000061)",Unfall 259026 (2019) Kat:3, Licht: 2,259026,3,1,9,07,01,1,1,2,1,0,0,0,0,0
"POINT (13.714436292000073 51.027500148000058)",Unfall 259027 (2019) Kat:3, Licht: 2,259027,3,3,5,07,23,1,0,2,0,1,0,0,0,0
"POINT (13.748805612000069 51.033022330000051)",Unfall 259035 (2019) Kat:2, Licht: 0,259035,2,1,0,07,15,7,0,0,1,0,0,0,0,0
"POINT (13.830190970000046 51.031806502000052)",Unfall 259036 (2019) Kat:3, Licht: 0,259036,3,1,0,07,14,7,0,0,1,0,0,0,0,0
"POINT (13.746027203000040 51.062293373000045)",Unfall 259037 (2019) Kat:2, Licht: 0,259037,2,7,9,07,12,7,0,0,0,1,0,0,0,0
"POINT (13.771662003000074 51.071122932000037)",Unfall 259052 (2019) Kat:3, Licht: 0,259052,3,1,0,07,14,6,1,0,0,1,0,1,0,0
"POINT (13.761638386000072 51.031699159000027)",Unfall 259053 (2019) Kat:3, Licht: 0,259053,3,3,5,07,13,6,0,0,0,1,0,0,0,1
"POINT (13.737724836000041 51.019118103000039)",Unfall 259071 (2019) Kat:2, Licht: 0,259071,2,3,5,07,08,5,0,0,1,1,0,0,0,0
"POINT (13.761046742000076 51.068226632000062)",Unfall 259072 (2019) Kat:3, Licht: 0,259072,3,3,5,07,13,5,0,0,1,1,0,0,0,0
"POINT (13.731855112000062 51.050978522000037)",Unfall 259073 (2019) Kat:3, Licht: 0,259073,3,6,3,07,17,5,0,0,1,1,0,0,0,0
"POINT (13.780439204000061 51.053157832000068)",Unfall 259074 (2019) Kat:3, Licht: 0,259074,3,7,0,07,07,5,0,0,1,0,0,0,0,0
"POINT (13.772044077000032 51.030669550000027)",Unfall 259075 (2019) Kat:3, Licht: 0,259075,3,6,3,07,15,5,0,0,0,1,0,0,0,0
"POINT (13.752243963000069 51.077791804000071)",Unfall 259076 (2019) Kat:3, Licht: 0,259076,3,3,5,07,19,5,0,0,0,1,0,0,0,0
"POINT (13.735212367000031 51.035293304000049)",Unfall 259091 (2019) Kat:3, Licht: 2,259091,3,7,0,07,21,4,0,2,1,0,0,0,0,0
"POINT (13.769060430000025 51.047791228000051)",Unfall 259092 (2019) Kat:3, Licht: 0,259092,3,5,1,07,19,4,0,0,1,1,0,0,0,0
"POINT (13.800135339000065 51.057413850000046)",Unfall 259094 (2019) Kat:2, Licht: 0,259094,2,2,5,07,14,4,0,0,1,1,0,0,0,0
"POINT (13.788497179000046 50.994936377000045)",Unfall 259102 (2019) Kat:3, Licht: 0,259102,3,6,2,07,17,4,0,0,0,1,0,0,0,0
"POINT (13.709747321000066 51.032893219000073)",Unfall 259103 (2019) Kat:3, Licht: 0,259103,3,2,6,07,11,4,0,0,0,0,1,0,0,1
"POINT (13.745743941000057 51.072184914000047)",Unfall 259106 (2019) Kat:3, Licht: 0,259106,3,5,3,07,07,4,0,0,0,1,0,0,0,0
"POINT (13.788282529000071 51.035964118000038)",Unfall 259108 (2019) Kat:3, Licht: 0,259108,3,3,5,07,08,4,0,0,1,1,0,0,0,0
"POINT (13.761906744000044 51.053146573000049)",Unfall 259110 (2019) Kat:3, Licht: 2,259110,3,3,5,07,20,4,1,2,0,1,0,0,0,0
"POINT (13.772674270000039 51.047799983000061)",Unfall 259111 (2019) Kat:2, Licht: 0,259111,2,2,5,07,14,4,0,0,1,1,0,0,0,0
"POINT (13.794772369000043 51.025183484000081)",Unfall 259112 (2019) Kat:3, Licht: 1,259112,3,3,5,07,21,3,0,1,0,1,0,1,0,0
"POINT (13.712688171000025 51.088737831000060)",Unfall 259113 (2019) Kat:3, Licht: 0,259113,3,3,5,07,07,4,0,0,0,1,0,0,0,1
"POINT (13.690681415000029 51.053636477000055)",Unfall 259133 (2019) Kat:3, Licht: 0,259133,3,1,0,07,19,3,0,0,1,0,0,0,0,0
"POINT (13.721868217000065 51.034759030000032)",Unfall 259135 (2019) Kat:3, Licht: 0,259135,3,3,5,07,17,3,0,0,1,0,0,0,0,0
"POINT (13.742620849000048 51.116957777000039)",Unfall 259137 (2019) Kat:3, Licht: 0,259137,3,2,5,07,16,3,0,0,0,1,0,0,0,1
"POINT (13.749395953000032 51.035941425000033)",Unfall 259138 (2019) Kat:3, Licht: 0,259138,3,2,5,07,12,3,0,0,1,1,0,0,0,0
"POINT (13.789770409000027 51.030077557000027)",Unfall 259140 (2019) Kat:3, Licht: 2,259140,3,3,5,07,16,3,0,2,1,1,0,0,0,0
"POINT (13.708497915000066 51.046941012000048)",Unfall 259149 (2019) Kat:3, Licht: 0,259149,3,7,0,07,18,2,0,0,1,0,0,0,0,0
"POINT (13.757149760000061 51.049722319000068)",Unfall 259157 (2019) Kat:3, Licht: 0,259157,3,2,5,07,15,2,0,0,0,1,0,1,0,0
"POINT (13.794495720000043 51.013087232000032)",Unfall 259159 (2019) Kat:3, Licht: 0,259159,3,6,2,07,15,2,0,0,0,1,0,0,0,1
"POINT (13.754139810000027 51.069341374000032)",Unfall 259165 (2019) Kat:3, Licht: 0,259165,3,2,5,07,08,2,0,0,1,1,0,0,0,0
"POINT (13.740940322000029 51.046615512000074)",Unfall 259166 (2019) Kat:3, Licht: 0,259166,3,6,2,07,12,2,0,0,0,1,0,0,0,0
"POINT (13.777775369000040 51.046597896000037)",Unfall 259168 (2019) Kat:3, Licht: 0,259168,3,7,0,07,14,2,0,0,1,1,0,0,0,0
"POINT (13.766329557000063 51.036465601000032)",Unfall 259169 (2019) Kat:2, Licht: 0,259169,2,1,0,07,17,1,0,0,1,0,0,0,0,0
"POINT (13.777364221000028 51.058773918000043)",Unfall 259170 (2019) Kat:3, Licht: 0,259170,3,2,5,07,06,2,0,0,1,1,0,0,0,0
"POINT (13.772706536000044 51.050891377000028)",Unfall 259172 (2019) Kat:3, Licht: 0,259172,3,6,3,07,15,2,0,0,1,1,0,0,0,0
"POINT (13.690399038000066 51.048988857000040)",Unfall 259186 (2019) Kat:3, Licht: 0,259186,3,3,5,08,14,5,0,0,0,1,0,0,0,0
"POINT (13.752874512000062 51.058650734000082)",Unfall 259187 (2019) Kat:2, Licht: 2,259187,2,4,6,08,22,5,0,2,0,1,1,0,0,0
"POINT (13.728836571000045 51.086179361000063)",Unfall 259201 (2019) Kat:3, Licht: 0,259201,3,1,4,08,19,4,0,0,1,1,0,0,0,0
"POINT (13.760586007000029 51.029905840000026)",Unfall 259202 (2019) Kat:3, Licht: 0,259202,3,2,5,08,17,4,0,0,1,0,0,0,0,0
"POINT (13.829985143000044 51.000491517000057)",Unfall 259203 (2019) Kat:3, Licht: 0,259203,3,2,2,08,16,4,0,0,1,1,0,0,0,0
"POINT (13.779930297000021 51.017059487000040)",Unfall 259227 (2019) Kat:3, Licht: 0,259227,3,7,1,08,17,3,0,0,1,1,0,0,0,0
"POINT (13.781510888000071 51.053270014000077)",Unfall 259228 (2019) Kat:3, Licht: 0,259228,3,3,0,08,12,3,0,0,0,1,0,0,0,1
"POINT (13.749079068000071 51.033950097000059)",Unfall 259229 (2019) Kat:3, Licht: 0,259229,3,3,5,08,11,3,0,0,0,1,0,0,0,0
"POINT (13.805863773000056 51.052251194000064)",Unfall 259230 (2019) Kat:3, Licht: 0,259230,3,6,2,08,13,3,0,0,0,1,0,1,0,0
"POINT (13.660275474000059 51.040624704000038)",Unfall 259244 (2019) Kat:3, Licht: 0,259244,3,2,5,08,17,2,0,0,1,1,0,0,0,0
"POINT (13.771279540000023 51.024264389000052)",Unfall 259245 (2019) Kat:3, Licht: 0,259245,3,3,5,08,07,2,0,0,0,1,0,0,0,0
"POINT (13.788760690000061 51.042408862000059)",Unfall 259246 (2019) Kat:2, Licht: 0,259246,2,3,5,08,14,2,0,0,1,1,0,0,0,0
"POINT (13.795363421000047 51.045103111000060)",Unfall 259247 (2019) Kat:3, Licht: 0,259247,3,3,5,08,09,2,0,0,1,1,0,0,0,0
"POINT (13.743590925000035 51.035604099000068)",Unfall 259269 (2019) Kat:3, Licht: 0,259269,3,3,5,08,16,7,0,0,0,1,0,0,0,0
"POINT (13.758263427000031 51.044764020000059)",Unfall 259270 (2019) Kat:3, Licht: 2,259270,3,3,5,08,23,7,0,2,1,1,0,0,0,0
"POINT (13.746718736000048 51.053242564000072)",Unfall 259271 (2019) Kat:3, Licht: 0,259271,3,1,0,08,15,7,0,0,1,0,0,0,0,0
"POINT (13.737565772000039 51.054010993000077)",Unfall 259272 (2019) Kat:3, Licht: 2,259272,3,2,5,08,22,7,0,2,1,1,0,0,0,0
"POINT (13.844496485000036 51.001143439000032)",Unfall 259285 (2019) Kat:3, Licht: 0,259285,3,1,8,08,16,6,0,0,0,1,0,0,0,0
"POINT (13.722253136000063 51.026120394000031)",Unfall 259286 (2019) Kat:3, Licht: 0,259286,3,3,5,08,07,6,0,0,1,1,0,0,0,0
"POINT (13.835668597000051 51.027037213000028)",Unfall 259287 (2019) Kat:3, Licht: 0,259287,3,1,0,08,15,6,0,0,1,0,0,0,0,0
"POINT (13.756013471000074 51.069796992000079)",Unfall 259288 (2019) Kat:3, Licht: 0,259288,3,6,2,08,12,6,0,0,1,1,0,0,0,0
"POINT (13.745981343000039 51.059638994000068)",Unfall 259289 (2019) Kat:3, Licht: 0,259289,3,4,6,08,08,6,0,0,0,0,1,0,0,1
"POINT (13.821261105000076 51.003055748000065)",Unfall 259305 (2019) Kat:3, Licht: 0,259305,3,3,5,08,15,5,0,0,0,1,0,0,0,0
"POINT (13.823441787000036 51.033939893000081)",Unfall 259306 (2019) Kat:3, Licht: 0,259306,3,3,5,08,07,5,0,0,0,1,0,0,0,0
"POINT (13.814214525000068 51.054953079000029)",Unfall 259307 (2019) Kat:2, Licht: 0,259307,2,1,0,08,09,5,0,0,1,0,0,0,0,0
"POINT (13.804803136000032 51.039852559000053)",Unfall 259308 (2019) Kat:3, Licht: 0,259308,3,7,6,08,12,5,0,0,0,1,1,0,0,0
"POINT (13.745176225000023 51.072274949000075)",Unfall 259320 (2019) Kat:2, Licht: 1,259320,2,1,0,08,20,4,1,1,1,0,0,0,0,0
"POINT (13.814923425000075 51.053870977000031)",Unfall 259321 (2019) Kat:3, Licht: 0,259321,3,1,0,08,16,4,1,0,1,0,0,0,0,0
"POINT (13.776994815000023 51.052121974000045)",Unfall 259322 (2019) Kat:3, Licht: 0,259322,3,1,0,08,11,4,0,0,1,0,0,0,0,0
"POINT (13.743618596000033 51.049458238000057)",Unfall 259323 (2019) Kat:3, Licht: 0,259323,3,1,0,08,17,4,1,0,0,0,0,1,0,0
"POINT (13.749078806000057 51.033949378000045)",Unfall 259324 (2019) Kat:2, Licht: 0,259324,2,3,5,08,12,4,1,0,0,1,0,0,0,0
"POINT (13.781036796000024 51.045868051000070)",Unfall 259325 (2019) Kat:3, Licht: 0,259325,3,6,1,08,06,4,0,0,1,1,0,0,0,0
"POINT (13.812704746000065 51.008270856000081)",Unfall 259341 (2019) Kat:2, Licht: 0,259341,2,2,0,08,12,3,0,0,0,1,0,1,0,0
"POINT (13.740456348000066 51.078301405000047)",Unfall 259342 (2019) Kat:3, Licht: 0,259342,3,3,5,08,15,3,0,0,1,1,0,0,0,0
"POINT (13.758262493000075 51.044764385000065)",Unfall 259343 (2019) Kat:3, Licht: 0,259343,3,3,5,08,09,3,0,0,1,1,0,0,0,0
"POINT (13.700535681000076 51.082282498000041)",Unfall 259344 (2019) Kat:2, Licht: 0,259344,2,2,5,08,14,3,0,0,0,1,0,1,0,0
"POINT (13.729453248000027 51.045733253000037)",Unfall 259345 (2019) Kat:3, Licht: 0,259345,3,2,5,08,11,3,0,0,0,1,0,0,0,0
"POINT (13.705688508000037 51.078567683000074)",Unfall 259354 (2019) Kat:3, Licht: 0,259354,3,3,5,08,07,2,0,0,1,1,0,0,0,0
"POINT (13.795480842000075 51.042844977000073)",Unfall 259355 (2019) Kat:3, Licht: 0,259355,3,2,5,08,16,2,0,0,1,1,0,0,0,0
"POINT (13.712513361000049 51.046184392000043)",Unfall 259356 (2019) Kat:3, Licht: 0,259356,3,1,0,08,16,2,1,0,1,0,0,0,0,0
"POINT (13.856450347000077 51.000558974000057)",Unfall 259357 (2019) Kat:3, Licht: 0,259357,3,2,5,08,06,2,0,0,1,1,0,0,0,0
"POINT (13.725163660000021 51.050255406000076)",Unfall 259358 (2019) Kat:3, Licht: 0,259358,3,3,5,08,10,2,0,0,1,1,0,0,0,0
"POINT (13.606579997000040 51.094334207000031)",Unfall 259366 (2019) Kat:3, Licht: 0,259366,3,1,0,08,12,1,0,0,1,0,0,0,0,0
"POINT (13.837375908000070 51.025106031000064)",Unfall 259368 (2019) Kat:3, Licht: 0,259368,3,6,0,08,13,1,0,0,1,0,0,0,0,1
"POINT (13.721719965000034 51.026210106000065)",Unfall 259370 (2019) Kat:3, Licht: 0,259370,3,1,0,08,13,1,0,0,1,0,0,0,0,0
"POINT (13.739404846000070 51.055056228000069)",Unfall 259372 (2019) Kat:3, Licht: 1,259372,3,1,0,08,20,1,0,1,1,0,0,0,0,0
"POINT (13.816200545000072 51.016228886000079)",Unfall 259373 (2019) Kat:3, Licht: 0,259373,3,2,6,08,11,3,0,0,0,1,1,0,0,0
"POINT (13.776666345000024 51.065724311000054)",Unfall 259374 (2019) Kat:3, Licht: 0,259374,3,1,0,08,14,1,0,0,1,0,0,0,0,0
"POINT (13.820473264000043 51.012536278000027)",Unfall 259375 (2019) Kat:3, Licht: 0,259375,3,6,2,08,15,3,0,0,1,0,0,0,0,0
"POINT (13.754457302000048 51.116240848000075)",Unfall 259377 (2019) Kat:3, Licht: 0,259377,3,5,6,08,17,3,0,0,1,0,1,0,0,0