WKT,Name,OBJECTID,UKATEGORIE,UTYP1,UART,UMONAT,USTUNDE,UWOCHENTAG,STRZUSTAND,ULICHTVERH,ISTRAD,ISTPKW,ISTFUSS,ISTKRAD,ISTGKFZ,ISTSONSTIG
"POINT (13.781387138000071 51.034033247000082)",Unfall 259379 (2019) Kat:3, Licht: 2,259379,3,3,5,08,20,3,1,2,1,1,0,0,0,0
"POINT (13.748921481000025 51.051261416000045)",Unfall 259380 (2019) Kat:3, Licht: 1,259380,3,7,0,08,06,3,1,1,1,0,0,0,0,0
"POINT (13.736536510000064 51.036717040000042)",Unfall 259382 (2019) Kat:2, Licht: 1,259382,2,3,5,08,19,3,0,1,1,0,0,0,0,0
"POINT (13.795361489000072 51.012993730000062)",Unfall 259394 (2019) Kat:3, Licht: 0,259394,3,4,6,08,16,7,0,0,0,1,1,0,0,1
"POINT (13.755946183000049 51.055882693000058)",Unfall 259395 (2019) Kat:3, Licht: 1,259395,3,2,5,08,21,7,0,1,1,1,0,0,0,0
"POINT (13.822274123000057 50.997833843000080)",Unfall 259405 (2019) Kat:2, Licht: 0,259405,2,2,6,08,15,2,0,0,0,1,1,0,0,0
"POINT (13.804147453000041 51.053424068000027)",Unfall 259407 (2019) Kat:3, Licht: 0,259407,3,4,6,08,16,2,0,0,0,1,1,0,0,0
"POINT (13.749212568000075 51.033966736000082)",Unfall 259410 (2019) Kat:3, Licht: 0,259410,3,6,2,08,17,6,0,0,0,1,0,0,0,0
"POINT (13.682836772000030 51.045953129000054)",Unfall 259414 (2019) Kat:3, Licht: 0,259414,3,2,4,08,05,6,0,0,1,0,0,0,0,1
"POINT (13.750613385000065 51.047537262000048)",Unfall 259426 (2019) Kat:3, Licht: 0,259426,3,4,0,08,17,1,0,0,0,0,1,0,0,1
"POINT (13.740281846000073 51.049935329000050)",Unfall 259428 (2019) Kat:2, Licht: 2,259428,2,4,6,08,02,1,0,2,0,0,1,0,0,1
"POINT (13.742286426000021 51.049670301000049)",Unfall 259443 (2019) Kat:2, Licht: 2,259443,2,4,6,08,22,7,0,2,0,0,1,0,0,1
"POINT (13.691620387000057 51.052217373000076)",Unfall 259451 (2019) Kat:3, Licht: 0,259451,3,2,5,08,17,5,0,0,0,1,0,1,0,0
"POINT (13.726496908000058 51.035107551000067)",Unfall 259454 (2019) Kat:3, Licht: 0,259454,3,3,5,08,12,5,0,0,1,1,0,0,0,0
"POINT (13.728924697000025 51.039328694000062)",Unfall 259456 (2019) Kat:3, Licht: 0,259456,3,4,6,08,08,5,0,0,1,0,1,0,0,0
"POINT (13.721015057000045 51.084557152000059)",Unfall 259459 (2019) Kat:3, Licht: 0,259459,3,3,5,08,17,5,0,0,1,1,0,0,0,0
"POINT (13.707523457000036 51.078846882000050)",Unfall 259463 (2019) Kat:3, Licht: 0,259463,3,1,0,08,19,6,0,0,1,0,0,0,0,0
"POINT (13.740725322000060 51.059095441000068)",Unfall 259465 (2019) Kat:2, Licht: 2,259465,2,1,0,08,22,6,0,2,0,0,0,0,0,1
"POINT (13.724007680000057 51.052031044000046)",Unfall 259466 (2019) Kat:3, Licht: 2,259466,3,2,5,08,00,6,0,2,1,1,0,0,0,0
"POINT (13.747310159000051 51.053430922000075)",Unfall 259468 (2019) Kat:2, Licht: 0,259468,2,7,0,08,12,6,0,0,1,0,0,0,0,0
"POINT (13.773712863000071 51.048701593000033)",Unfall 259470 (2019) Kat:3, Licht: 0,259470,3,3,5,08,18,6,0,0,1,1,0,0,0,0
"POINT (13.687784825000051 51.056540627000061)",Unfall 259502 (2019) Kat:3, Licht: 0,259502,3,4,6,08,15,6,0,0,0,0,1,1,0,0
"POINT (13.668925036000076 51.059124441000051)",Unfall 259503 (2019) Kat:3, Licht: 0,259503,3,2,5,08,08,6,0,0,1,1,0,0,0,0
"POINT (13.817354698000031 51.040556311000046)",Unfall 259504 (2019) Kat:2, Licht: 0,259504,2,1,1,08,12,6,0,0,0,1,0,0,0,0
"POINT (13.750170598000068 51.061289038000041)",Unfall 259505 (2019) Kat:2, Licht: 0,259505,2,2,5,08,06,6,0,0,1,1,0,0,0,0
"POINT (13.754589571000054 51.041138122000064)",Unfall 259506 (2019) Kat:3, Licht: 0,259506,3,2,5,08,07,6,0,0,1,0,0,0,0,0
"POINT (13.764901395000038 51.050950497000031)",Unfall 259507 (2019) Kat:3, Licht: 0,259507,3,2,5,08,14,6,0,0,0,1,0,1,0,0
"POINT (13.769296582000038 51.027992320000067)",Unfall 259527 (2019) Kat:3, Licht: 0,259527,3,6,3,08,14,5,0,0,1,1,0,0,0,0
"POINT (13.849486419000073 51.008031146000064)",Unfall 259528 (2019) Kat:3, Licht: 2,259528,3,3,5,08,20,5,0,2,1,1,0,0,0,0
"POINT (13.749620089000075 51.064905675000034)",Unfall 259529 (2019) Kat:3, Licht: 0,259529,3,6,6,08,17,5,0,0,1,0,1,0,0,0
"POINT (13.787183479000078 51.038114518000043)",Unfall 259530 (2019) Kat:3, Licht: 0,259530,3,7,0,08,07,5,0,0,1,0,0,0,0,0
"POINT (13.752668457000027 51.034628190000035)",Unfall 259531 (2019) Kat:2, Licht: 0,259531,2,1,0,08,13,5,0,0,1,0,0,0,0,0
"POINT (13.783077947000038 51.043454231000055)",Unfall 259532 (2019) Kat:3, Licht: 0,259532,3,3,5,08,06,5,0,0,1,1,0,0,0,0
"POINT (13.797118675000036 51.044446525000069)",Unfall 259533 (2019) Kat:2, Licht: 0,259533,2,4,6,08,10,5,0,0,0,1,1,0,0,0
"POINT (13.698581201000025 51.074349575000042)",Unfall 259552 (2019) Kat:3, Licht: 0,259552,3,3,5,08,12,4,0,0,1,1,0,0,0,0
"POINT (13.810439719000044 51.051148443000045)",Unfall 259553 (2019) Kat:3, Licht: 0,259553,3,2,5,08,16,4,0,0,1,0,0,0,0,0
"POINT (13.787843875000021 51.027927141000077)",Unfall 259554 (2019) Kat:3, Licht: 0,259554,3,6,2,08,08,4,0,0,0,1,0,0,0,0
"POINT (13.780455917000040 51.019494611000027)",Unfall 259555 (2019) Kat:2, Licht: 0,259555,2,4,6,08,09,4,0,0,0,1,1,0,0,0
"POINT (13.771446788000048 51.039896598000041)",Unfall 259573 (2019) Kat:2, Licht: 0,259573,2,6,0,08,18,3,0,0,0,1,0,1,0,0
"POINT (13.805718927000044 51.025444423000067)",Unfall 259574 (2019) Kat:3, Licht: 0,259574,3,6,2,08,07,3,0,0,0,1,0,0,1,0
"POINT (13.745475073000023 51.068314727000029)",Unfall 259575 (2019) Kat:3, Licht: 0,259575,3,2,5,08,16,3,0,0,1,1,0,0,0,0
"POINT (13.737297724000030 51.050467068000046)",Unfall 259576 (2019) Kat:3, Licht: 0,259576,3,2,5,08,07,3,0,0,1,0,0,1,0,0
"POINT (13.723476981000033 51.081160898000064)",Unfall 259591 (2019) Kat:3, Licht: 0,259591,3,4,6,08,15,2,0,0,0,1,1,0,0,0
"POINT (13.788390749000030 51.030620882000051)",Unfall 259592 (2019) Kat:3, Licht: 0,259592,3,1,0,08,19,2,0,0,1,0,0,0,0,0
"POINT (13.753415023000059 51.070552657000064)",Unfall 259593 (2019) Kat:3, Licht: 0,259593,3,3,5,08,17,2,0,0,1,0,0,0,0,0
"POINT (13.780851298000073 51.058149120000053)",Unfall 259594 (2019) Kat:3, Licht: 0,259594,3,6,6,08,09,2,0,0,0,1,1,0,0,0
"POINT (13.804306357000030 51.053387813000029)",Unfall 259596 (2019) Kat:3, Licht: 0,259596,3,6,2,08,11,2,0,0,0,1,0,0,0,0
"POINT (13.691278083000043 51.069395659000065)",Unfall 259613 (2019) Kat:3, Licht: 2,259613,3,1,0,08,04,1,0,2,1,0,0,0,0,0
"POINT (13.734389146000069 51.072385964000034)",Unfall 259622 (2019) Kat:3, Licht: 2,259622,3,1,3,08,00,7,0,2,1,0,0,0,0,0
"POINT (13.702079550000065 51.034000439000067)",Unfall 259623 (2019) Kat:3, Licht: 0,259623,3,7,6,08,18,7,0,0,0,1,1,0,0,0
"POINT (13.753073377000021 51.059068893000074)",Unfall 259624 (2019) Kat:3, Licht: 0,259624,3,1,0,08,16,7,0,0,1,0,0,0,0,0
"POINT (13.747014889000070 51.071749010000076)",Unfall 259625 (2019) Kat:2, Licht: 2,259625,2,1,0,08,22,7,0,2,0,0,0,0,0,1
"POINT (13.689902894000056 51.085693730000060)",Unfall 259626 (2019) Kat:2, Licht: 0,259626,2,4,6,08,16,7,0,0,0,1,1,0,0,0
"POINT (13.751416327000072 51.067006358000071)",Unfall 259661 (2019) Kat:3, Licht: 2,259661,3,7,6,08,23,6,0,2,0,1,1,0,0,0
"POINT (13.878414791000068 51.059924484000078)",Unfall 259662 (2019) Kat:3, Licht: 0,259662,3,3,5,08,14,6,0,0,1,1,0,0,0,0
"POINT (13.776884457000051 51.060114530000078)",Unfall 259663 (2019) Kat:3, Licht: 1,259663,3,5,1,08,20,6,0,1,1,1,0,0,0,0
"POINT (13.735572406000074 51.050516917000039)",Unfall 259664 (2019) Kat:3, Licht: 0,259664,3,4,6,08,16,6,0,0,1,0,1,0,0,0
"POINT (13.753230849000033 51.073782026000060)",Unfall 259665 (2019) Kat:3, Licht: 0,259665,3,2,5,08,14,6,0,0,1,0,0,0,0,0
"POINT (13.755974713000057 51.055856473000063)",Unfall 259666 (2019) Kat:2, Licht: 0,259666,2,3,5,08,08,6,0,0,0,1,0,0,0,0
"POINT (13.758689888000049 51.061416628000075)",Unfall 259667 (2019) Kat:3, Licht: 0,259667,3,7,6,08,07,6,0,0,1,0,1,0,0,0
"POINT (13.750205706000031 51.061329188000059)",Unfall 259668 (2019) Kat:3, Licht: 2,259668,3,4,6,08,20,6,0,2,1,0,1,0,0,0
"POINT (13.851044866000052 50.992898431000071)",Unfall 259690 (2019) Kat:3, Licht: 0,259690,3,3,5,09,06,3,0,0,1,1,0,0,0,0
"POINT (13.802145965000022 51.012169439000047)",Unfall 259692 (2019) Kat:3, Licht: 0,259692,3,1,0,09,07,3,0,0,0,0,0,1,0,0
"POINT (13.761137838000025 51.025863477000030)",Unfall 259694 (2019) Kat:3, Licht: 0,259694,3,1,0,09,15,3,0,0,1,0,0,0,0,0
"POINT (13.779688543000077 51.040918161000036)",Unfall 259695 (2019) Kat:3, Licht: 0,259695,3,3,5,09,15,3,0,0,0,1,0,0,0,1
"POINT (13.713898551000057 51.050827851000065)",Unfall 259700 (2019) Kat:3, Licht: 0,259700,3,4,6,09,07,3,0,0,1,0,1,0,0,0
"POINT (13.738556439000035 51.039499880000051)",Unfall 259702 (2019) Kat:3, Licht: 0,259702,3,3,5,09,09,3,0,0,1,1,0,0,0,0
"POINT (13.825168473000076 51.000658911000073)",Unfall 259703 (2019) Kat:3, Licht: 0,259703,3,3,0,08,07,5,0,0,0,1,0,0,0,1
"POINT (13.790873593000072 51.013487017000045)",Unfall 259706 (2019) Kat:3, Licht: 2,259706,3,4,6,08,22,5,0,2,0,1,1,0,0,0
"POINT (13.772789465000074 51.118882112000051)",Unfall 259708 (2019) Kat:3, Licht: 0,259708,3,3,5,08,08,5,0,0,1,1,0,0,0,0
"POINT (13.768011453000042 51.051297779000038)",Unfall 259711 (2019) Kat:2, Licht: 0,259711,2,2,5,08,07,5,0,0,1,1,0,0,0,0
"POINT (13.778897066000070 51.016370584000072)",Unfall 259712 (2019) Kat:3, Licht: 2,259712,3,1,0,08,00,5,0,2,1,0,0,0,0,0
"POINT (13.756009194000058 51.055910662000031)",Unfall 259714 (2019) Kat:3, Licht: 0,259714,3,3,5,08,19,5,0,0,0,1,0,0,0,0
"POINT (13.701113303000056 51.042436268000074)",Unfall 259716 (2019) Kat:3, Licht: 0,259716,3,3,0,08,14,5,0,0,0,0,0,0,0,1
"POINT (13.761664261000021 51.025193381000065)",Unfall 259740 (2019) Kat:2, Licht: 0,259740,2,1,0,09,16,2,0,0,1,0,0,0,0,0
"POINT (13.774999502000071 51.033648816000039)",Unfall 259742 (2019) Kat:3, Licht: 0,259742,3,6,2,09,14,2,0,0,0,1,0,0,0,0
"POINT (13.724001881000049 51.077211591000037)",Unfall 259744 (2019) Kat:3, Licht: 0,259744,3,1,1,09,16,2,0,0,1,1,0,0,0,0
"POINT (13.713583621000055 51.077522151000039)",Unfall 259753 (2019) Kat:3, Licht: 0,259753,3,6,6,08,16,4,0,0,1,0,1,0,0,0
"POINT (13.748644526000021 51.081320869000081)",Unfall 259756 (2019) Kat:3, Licht: 0,259756,3,6,2,08,07,4,0,0,0,1,0,0,0,0
"POINT (13.743467896000027 51.040286290000040)",Unfall 259760 (2019) Kat:3, Licht: 0,259760,3,3,5,09,15,1,1,0,1,1,0,0,0,0
"POINT (13.828234798000040 51.024732624000080)",Unfall 259763 (2019) Kat:2, Licht: 0,259763,2,4,0,09,17,1,1,0,1,0,1,0,0,0
"POINT (13.747969779000073 51.078272319000064)",Unfall 259765 (2019) Kat:3, Licht: 2,259765,3,1,0,09,04,1,0,2,0,0,0,0,0,1
"POINT (13.773903450000034 51.118400779000069)",Unfall 259777 (2019) Kat:3, Licht: 0,259777,3,1,1,08,14,7,0,0,1,1,0,0,0,0
"POINT (13.692912582000076 51.046401347000028)",Unfall 259786 (2019) Kat:3, Licht: 0,259786,3,3,5,09,16,2,1,0,1,1,0,0,0,0
"POINT (13.769643732000077 51.051150597000060)",Unfall 259787 (2019) Kat:3, Licht: 0,259787,3,6,2,09,18,2,1,0,0,1,0,0,0,0
"POINT (13.767767189000040 51.072478356000033)",Unfall 259788 (2019) Kat:2, Licht: 0,259788,2,3,5,09,08,2,0,0,1,1,0,0,0,0
"POINT (13.785046783000041 51.060489245000042)",Unfall 259805 (2019) Kat:3, Licht: 0,259805,3,6,3,09,13,1,0,0,1,1,0,0,0,0
"POINT (13.821255463000057 51.003048245000059)",Unfall 259820 (2019) Kat:3, Licht: 0,259820,3,3,5,09,09,7,0,0,0,1,0,0,0,0
"POINT (13.699539344000073 51.078172813000037)",Unfall 259821 (2019) Kat:3, Licht: 0,259821,3,3,5,09,14,7,0,0,1,1,0,0,0,0
"POINT (13.767752419000033 51.072468252000078)",Unfall 259839 (2019) Kat:2, Licht: 0,259839,2,3,5,09,13,6,0,0,1,0,0,0,0,1
"POINT (13.780362955000044 51.042239924000057)",Unfall 259840 (2019) Kat:3, Licht: 0,259840,3,3,5,09,07,6,0,0,0,1,0,0,0,1
"POINT (13.813573868000049 51.031236720000038)",Unfall 259841 (2019) Kat:3, Licht: 2,259841,3,1,1,09,22,6,0,2,0,1,0,0,0,1
"POINT (13.764894420000076 51.031859643000075)",Unfall 259842 (2019) Kat:3, Licht: 0,259842,3,7,0,09,12,6,0,0,1,1,0,0,0,0
"POINT (13.740419915000075 51.069569833000060)",Unfall 259843 (2019) Kat:3, Licht: 0,259843,3,7,0,09,10,6,0,0,1,1,0,0,0,0
"POINT (13.752612657000043 51.060451849000060)",Unfall 259856 (2019) Kat:3, Licht: 0,259856,3,3,5,09,17,5,0,0,1,1,0,0,0,0
"POINT (13.737069697000038 51.032257736000076)",Unfall 259857 (2019) Kat:2, Licht: 0,259857,2,7,0,09,16,5,0,0,1,0,0,0,0,0
"POINT (13.732422579000058 51.052191996000033)",Unfall 259858 (2019) Kat:3, Licht: 2,259858,3,1,0,09,05,5,0,2,0,0,0,0,0,1
"POINT (13.750707338000041 51.079077971000061)",Unfall 259859 (2019) Kat:3, Licht: 0,259859,3,7,3,09,17,5,0,0,0,1,0,1,0,0
"POINT (13.757760162000068 51.054450814000063)",Unfall 259860 (2019) Kat:3, Licht: 0,259860,3,6,2,09,15,5,0,0,0,1,0,0,0,0
"POINT (13.713443435000045 51.061404939000056)",Unfall 259879 (2019) Kat:3, Licht: 2,259879,3,6,2,09,23,4,0,2,0,0,0,0,0,1
"POINT (13.737079396000070 51.037735714000064)",Unfall 259880 (2019) Kat:3, Licht: 0,259880,3,3,5,09,06,4,0,0,1,1,0,0,0,0
"POINT (13.743472738000037 51.040253127000028)",Unfall 259881 (2019) Kat:3, Licht: 0,259881,3,3,5,09,08,4,0,0,1,1,0,0,0,0
"POINT (13.761638386000072 51.031699159000027)",Unfall 259882 (2019) Kat:2, Licht: 0,259882,2,3,5,09,17,4,0,0,0,1,0,0,0,1
"POINT (13.777159838000046 51.060314893000054)",Unfall 259900 (2019) Kat:3, Licht: 2,259900,3,1,0,09,01,3,1,2,1,0,0,0,0,0
"POINT (13.784695158000034 51.049736137000082)",Unfall 259901 (2019) Kat:3, Licht: 0,259901,3,3,5,09,13,3,0,0,1,1,0,0,0,0
"POINT (13.706315919000076 51.078690534000032)",Unfall 259918 (2019) Kat:3, Licht: 2,259918,3,2,3,09,20,2,1,2,1,1,0,0,0,0
"POINT (13.780793499000026 51.019326228000068)",Unfall 259919 (2019) Kat:2, Licht: 0,259919,2,4,6,09,11,2,1,0,0,1,1,0,0,0
"POINT (13.746403783000062 51.038353980000068)",Unfall 259927 (2019) Kat:3, Licht: 2,259927,3,3,5,09,21,1,1,2,0,1,0,0,0,0
"POINT (13.804156462000037 51.041558552000026)",Unfall 259928 (2019) Kat:2, Licht: 0,259928,2,3,5,09,11,1,0,0,0,1,0,1,0,0
"POINT (13.805847578000055 51.049592314000051)",Unfall 259929 (2019) Kat:3, Licht: 0,259929,3,3,5,09,17,1,0,0,0,1,0,0,0,0
"POINT (13.793958173000021 51.025508566000042)",Unfall 259939 (2019) Kat:2, Licht: 2,259939,2,6,2,09,21,7,0,2,1,1,0,0,0,0
"POINT (13.748981201000049 51.033778979000033)",Unfall 259940 (2019) Kat:3, Licht: 2,259940,3,3,5,09,19,7,0,2,1,1,0,0,0,0
"POINT (13.676467215000059 51.062507268000047)",Unfall 259941 (2019) Kat:3, Licht: 0,259941,3,2,0,09,13,7,1,0,0,1,0,1,0,0
"POINT (13.730988208000042 51.053732121000053)",Unfall 259958 (2019) Kat:2, Licht: 0,259958,2,1,0,09,18,6,0,0,1,0,0,0,0,0
"POINT (13.728757456000039 51.086054827000055)",Unfall 259959 (2019) Kat:3, Licht: 0,259959,3,1,0,09,11,6,0,0,1,0,0,0,0,0
"POINT (13.715280187000076 51.036499130000038)",Unfall 259960 (2019) Kat:2, Licht: 0,259960,2,1,0,09,17,6,0,0,1,0,0,0,0,0
"POINT (13.837526986000057 51.024744342000076)",Unfall 259961 (2019) Kat:2, Licht: 2,259961,2,1,0,09,22,6,0,2,1,0,0,0,0,0
"POINT (13.712527417000047 51.026209032000054)",Unfall 259962 (2019) Kat:3, Licht: 0,259962,3,1,1,09,06,6,0,0,0,1,0,0,0,0
"POINT (13.739284525000073 51.037010584000029)",Unfall 259963 (2019) Kat:2, Licht: 0,259963,2,3,5,09,16,6,0,0,0,1,0,1,0,0
"POINT (13.650816017000068 51.039362664000066)",Unfall 259983 (2019) Kat:3, Licht: 0,259983,3,3,5,09,17,5,0,0,1,1,0,0,0,0
"POINT (13.712191400000052 51.091514026000027)",Unfall 259984 (2019) Kat:3, Licht: 0,259984,3,7,0,09,07,5,0,0,1,1,0,0,0,0
"POINT (13.733243236000021 51.039009202000045)",Unfall 259985 (2019) Kat:3, Licht: 0,259985,3,2,5,09,09,5,0,0,1,0,0,0,0,1
"POINT (13.749177029000066 51.064458354000067)",Unfall 259986 (2019) Kat:3, Licht: 0,259986,3,7,0,09,14,5,0,0,1,1,0,0,0,0
"POINT (13.731697142000030 51.052969097000073)",Unfall 259987 (2019) Kat:3, Licht: 0,259987,3,7,0,09,16,5,0,0,0,1,0,1,0,0
"POINT (13.790406272000041 51.035200574000044)",Unfall 259989 (2019) Kat:3, Licht: 0,259989,3,5,1,09,17,5,0,0,1,1,0,0,0,0
"POINT (13.732212080000068 51.050484871000037)",Unfall 260000 (2019) Kat:3, Licht: 0,260000,3,6,2,09,14,3,0,0,0,1,0,0,0,0
"POINT (13.690114231000052 51.042578173000038)",Unfall 260002 (2019) Kat:3, Licht: 0,260002,3,5,0,09,13,3,0,0,0,1,0,0,0,1
"POINT (13.720312035000063 51.081766401000039)",Unfall 260020 (2019) Kat:2, Licht: 2,260020,2,5,1,09,20,4,0,2,1,1,0,0,0,0
"POINT (13.799096670000040 51.055548095000063)",Unfall 260021 (2019) Kat:3, Licht: 0,260021,3,5,1,09,11,4,0,0,0,1,0,0,0,0
"POINT (13.817410167000048 51.005389706000074)",Unfall 260022 (2019) Kat:2, Licht: 2,260022,2,7,0,09,23,4,0,2,1,0,0,0,0,0
"POINT (13.787810461000049 51.126399583000079)",Unfall 260023 (2019) Kat:3, Licht: 0,260023,3,3,5,09,16,4,0,0,0,1,0,1,0,0
"POINT (13.729337555000029 51.045685557000070)",Unfall 260024 (2019) Kat:3, Licht: 0,260024,3,1,0,09,13,4,0,0,0,0,0,1,0,0
"POINT (13.760627421000038 51.049168898000062)",Unfall 260025 (2019) Kat:3, Licht: 0,260025,3,2,5,09,10,4,0,0,1,1,0,0,0,0
"POINT (13.787591733000056 51.053893435000077)",Unfall 260026 (2019) Kat:3, Licht: 0,260026,3,2,5,09,07,4,0,0,1,1,0,0,0,0
"POINT (13.807976451000059 51.011281076000046)",Unfall 260028 (2019) Kat:2, Licht: 0,260028,2,2,6,09,14,4,0,0,0,1,1,0,0,1
"POINT (13.721267544000057 51.054349351000042)",Unfall 260042 (2019) Kat:3, Licht: 0,260042,3,2,3,09,13,2,0,0,1,1,0,0,0,0
"POINT (13.735094733000039 51.038376539000069)",Unfall 260043 (2019) Kat:3, Licht: 0,260043,3,3,5,09,07,2,1,0,1,1,0,0,0,0
"POINT (13.755946183000049 51.055882693000058)",Unfall 260044 (2019) Kat:3, Licht: 0,260044,3,2,5,09,15,2,0,0,1,1,0,0,0,0
"POINT (13.814539574000037 51.044281836000039)",Unfall 260045 (2019) Kat:3, Licht: 0,260045,3,2,3,09,17,2,0,0,0,1,0,0,0,0
"POINT (13.745362257000068 51.063202738000030)",Unfall 260058 (2019) Kat:3, Licht: 0,260058,3,1,0,09,18,1,1,0,0,0,0,0,0,1
"POINT (13.789634202000059 51.119058972000062)",Unfall 260059 (2019) Kat:3, Licht: 0,260059,3,1,0,09,14,1,0,0,1,0,0,0,0,0
"POINT (13.769685083000070 51.044792967000035)",Unfall 260060 (2019) Kat:3, Licht: 0,260060,3,3,5,09,13,1,0,0,1,1,0,0,0,0
"POINT (13.729150267000023 51.050737896000044)",Unfall 260069 (2019) Kat:3, Licht: 0,260069,3,2,5,09,14,7,0,0,1,1,0,0,0,0
"POINT (13.751143765000052 51.074492066000062)",Unfall 260070 (2019) Kat:3, Licht: 0,260070,3,3,0,09,16,7,0,0,0,1,0,0,0,1
"POINT (13.693284983000069 51.045487250000065)",Unfall 260097 (2019) Kat:3, Licht: 0,260097,3,2,5,09,17,6,1,0,1,1,0,0,0,0
"POINT (13.725864784000066 51.093294999000079)",Unfall 260098 (2019) Kat:3, Licht: 0,260098,3,5,1,09,15,6,1,0,1,1,0,0,0,0
"POINT (13.705750315000046 51.090536059000044)",Unfall 260099 (2019) Kat:3, Licht: 2,260099,3,3,5,09,20,6,1,2,0,1,0,0,0,0
"POINT (13.663954086000047 51.047401301000036)",Unfall 260100 (2019) Kat:3, Licht: 2,260100,3,1,0,09,19,6,1,2,0,0,0,1,0,0
"POINT (13.705834039000024 51.078596179000044)",Unfall 260101 (2019) Kat:3, Licht: 0,260101,3,1,0,09,13,6,0,0,1,0,0,0,0,0
"POINT (13.731089784000062 51.024671724000029)",Unfall 260102 (2019) Kat:2, Licht: 1,260102,2,1,0,09,06,6,1,1,0,0,0,1,0,0
"POINT (13.766933080000058 51.012284217000058)",Unfall 260103 (2019) Kat:3, Licht: 0,260103,3,1,0,09,07,6,1,0,1,0,0,0,0,0
"POINT (13.737123372000042 51.050292258000070)",Unfall 260104 (2019) Kat:3, Licht: 0,260104,3,6,3,09,17,6,1,0,1,0,0,0,0,0
"POINT (13.782667971000023 51.045375079000053)",Unfall 260105 (2019) Kat:3, Licht: 0,260105,3,1,0,09,10,6,1,0,1,0,0,0,0,0
"POINT (13.777903911000067 51.053946912000072)",Unfall 260106 (2019) Kat:3, Licht: 2,260106,3,3,5,09,21,6,1,2,0,1,0,0,0,0
"POINT (13.782515117000059 51.033089105000045)",Unfall 260107 (2019) Kat:2, Licht: 0,260107,2,2,5,09,14,6,1,0,1,1,0,0,0,0
"POINT (13.788523229000077 51.043281656000033)",Unfall 260108 (2019) Kat:3, Licht: 0,260108,3,4,6,09,11,6,0,0,1,0,1,0,0,0
"POINT (13.711105476000057 51.089148931000068)",Unfall 260126 (2019) Kat:3, Licht: 0,260126,3,7,0,09,11,5,0,0,1,0,0,0,0,0
"POINT (13.739272978000031 51.037014381000063)",Unfall 260127 (2019) Kat:3, Licht: 0,260127,3,3,5,09,17,5,0,0,0,1,0,0,0,0
"POINT (13.723072302000048 51.072332096000082)",Unfall 260128 (2019) Kat:3, Licht: 0,260128,3,3,0,09,17,5,0,0,1,0,0,0,0,1
"POINT (13.782516444000066 51.112844333000055)",Unfall 260129 (2019) Kat:3, Licht: 0,260129,3,6,0,09,16,5,0,0,1,0,0,0,0,0
"POINT (13.763167929000076 51.070620073000043)",Unfall 260130 (2019) Kat:3, Licht: 0,260130,3,7,0,09,17,5,0,0,1,1,0,0,0,0
"POINT (13.773143608000055 51.038848362000067)",Unfall 260131 (2019) Kat:3, Licht: 0,260131,3,6,2,09,15,5,0,0,0,1,0,0,0,0
"POINT (13.692050926000036 51.049059780000050)",Unfall 260149 (2019) Kat:3, Licht: 0,260149,3,2,4,09,08,4,1,0,0,1,0,0,0,0
"POINT (13.802991826000039 51.040474875000029)",Unfall 260150 (2019) Kat:3, Licht: 0,260150,3,3,5,09,15,4,0,0,0,1,0,0,0,0
"POINT (13.752179026000022 51.034787947000041)",Unfall 260151 (2019) Kat:3, Licht: 0,260151,3,1,1,09,15,4,0,0,0,1,0,0,0,0
"POINT (13.687287937000065 51.028758335000077)",Unfall 260152 (2019) Kat:3, Licht: 0,260152,3,3,5,09,07,4,1,0,0,1,0,1,0,0
"POINT (13.745551277000061 51.062416275000032)",Unfall 260153 (2019) Kat:3, Licht: 0,260153,3,3,5,09,13,4,0,0,0,0,0,0,0,1
"POINT (13.706005215000062 51.046401755000034)",Unfall 260167 (2019) Kat:3, Licht: 0,260167,3,6,0,09,14,3,0,0,1,1,0,0,0,0
"POINT (13.729446307000046 51.045715671000039)",Unfall 260168 (2019) Kat:3, Licht: 0,260168,3,2,5,09,16,3,0,0,1,1,0,0,0,0
"POINT (13.827883888000031 51.016452693000076)",Unfall 260187 (2019) Kat:2, Licht: 0,260187,2,7,0,09,18,2,0,0,1,0,0,0,0,0
"POINT (13.765625978000060 51.073299037000027)",Unfall 260188 (2019) Kat:3, Licht: 1,260188,3,2,5,09,06,2,0,1,1,1,0,0,0,0
"POINT (13.777212155000029 51.060293367000043)",Unfall 260198 (2019) Kat:3, Licht: 0,260198,3,1,0,09,16,1,0,0,1,0,0,0,0,0
"POINT (13.674732839000058 51.090680267000039)",Unfall 260217 (2019) Kat:3, Licht: 0,260217,3,3,5,09,13,7,0,0,0,0,0,1,0,1
"POINT (13.749079003000077 51.033949921000044)",Unfall 260218 (2019) Kat:3, Licht: 0,260218,3,3,5,09,13,7,0,0,0,1,0,0,0,0
"POINT (13.840013514000077 51.025220494000052)",Unfall 260220 (2019) Kat:3, Licht: 0,260220,3,1,0,09,10,7,0,0,1,0,0,0,0,0
"POINT (13.777475698000046 51.036111982000079)",Unfall 260221 (2019) Kat:3, Licht: 2,260221,3,1,9,09,05,7,0,2,0,0,0,0,0,1