WKT,Name,OBJECTID,UKATEGORIE,UTYP1,UART,UMONAT,USTUNDE,UWOCHENTAG,STRZUSTAND,ULICHTVERH,ISTRAD,ISTPKW,ISTFUSS,ISTKRAD,ISTGKFZ,ISTSONSTIG
"POINT (13.788674294000032 51.040778341000077)",Unfall 260222 (2019) Kat:3, Licht: 0,260222,3,7,0,09,10,7,0,0,1,1,0,0,0,0
"POINT (13.788315711000052 51.030551266000032)",Unfall 260223 (2019) Kat:3, Licht: 0,260223,3,3,5,09,08,7,0,0,0,1,0,0,0,1
"POINT (13.673159512000041 51.083561345000078)",Unfall 260238 (2019) Kat:3, Licht: 0,260238,3,7,0,09,13,4,0,0,1,0,0,0,0,0
"POINT (13.786297875000059 51.028552824000030)",Unfall 260244 (2019) Kat:3, Licht: 0,260244,3,3,5,09,09,6,0,0,1,1,0,0,0,0
"POINT (13.806854072000021 51.038946431000056)",Unfall 260245 (2019) Kat:2, Licht: 0,260245,2,6,3,09,11,6,0,0,1,0,0,0,0,1
"POINT (13.743590596000047 51.035604206000073)",Unfall 260246 (2019) Kat:3, Licht: 1,260246,3,3,5,09,19,4,0,1,0,1,0,0,0,0
"POINT (13.740600151000024 51.049889051000036)",Unfall 260247 (2019) Kat:2, Licht: 2,260247,2,4,6,09,20,6,0,2,0,0,1,0,0,1
"POINT (13.702216891000035 51.045830721000073)",Unfall 260248 (2019) Kat:2, Licht: 0,260248,2,3,5,09,16,6,0,0,0,1,0,0,0,0
"POINT (13.707117839000034 51.029285799000036)",Unfall 260249 (2019) Kat:2, Licht: 0,260249,2,2,5,09,08,6,0,0,1,1,0,0,0,0
"POINT (13.754155053000034 51.025125442000046)",Unfall 260273 (2019) Kat:2, Licht: 0,260273,2,4,6,09,17,5,0,0,0,1,1,0,0,0
"POINT (13.736684353000044 51.019874370000082)",Unfall 260274 (2019) Kat:3, Licht: 0,260274,3,7,6,09,07,5,0,0,0,0,1,0,1,0
"POINT (13.788848090000045 51.017373022000072)",Unfall 260276 (2019) Kat:3, Licht: 0,260276,3,3,5,09,11,5,0,0,1,1,0,0,0,0
"POINT (13.679677856000069 51.045969275000061)",Unfall 260277 (2019) Kat:3, Licht: 0,260277,3,6,2,09,14,5,0,0,0,1,0,0,0,0
"POINT (13.750020137000035 51.047557857000072)",Unfall 260278 (2019) Kat:3, Licht: 2,260278,3,1,0,09,22,5,0,2,1,0,0,0,0,0
"POINT (13.749230938000039 51.052519899000060)",Unfall 260279 (2019) Kat:3, Licht: 0,260279,3,3,5,09,07,5,0,0,1,1,0,0,0,0
"POINT (13.715992415000073 51.064289159000054)",Unfall 260294 (2019) Kat:3, Licht: 0,260294,3,6,2,09,16,3,0,0,0,1,0,0,0,0
"POINT (13.848128971000051 51.006036355000049)",Unfall 260299 (2019) Kat:3, Licht: 0,260299,3,3,5,09,12,3,0,0,1,1,0,0,0,0
"POINT (13.702173565000066 51.034929562000059)",Unfall 260324 (2019) Kat:3, Licht: 0,260324,3,2,5,10,12,6,0,0,0,1,0,0,0,0
"POINT (13.841270757000075 51.006492740000056)",Unfall 260328 (2019) Kat:3, Licht: 0,260328,3,1,0,10,07,3,0,0,1,0,0,0,0,0
"POINT (13.810437032000038 51.048147740000047)",Unfall 260329 (2019) Kat:3, Licht: 2,260329,3,3,5,10,20,3,0,2,0,1,0,1,0,0
"POINT (13.777200235000066 51.060047868000026)",Unfall 260330 (2019) Kat:2, Licht: 2,260330,2,3,5,10,18,3,0,2,1,1,0,0,0,0
"POINT (13.756898974000023 51.055229003000079)",Unfall 260336 (2019) Kat:3, Licht: 0,260336,3,2,5,10,11,6,0,0,1,1,0,0,0,0
"POINT (13.788961219000043 51.027486978000070)",Unfall 260347 (2019) Kat:3, Licht: 1,260347,3,1,0,10,19,2,0,1,1,0,0,0,0,0
"POINT (13.768253936000065 51.047982986000079)",Unfall 260348 (2019) Kat:3, Licht: 0,260348,3,3,0,10,09,6,0,0,1,1,0,0,0,0
"POINT (13.757134627000028 51.049752374000036)",Unfall 260349 (2019) Kat:3, Licht: 2,260349,3,1,0,10,19,2,0,2,1,0,0,0,0,0
"POINT (13.689374323000038 51.059060686000066)",Unfall 260350 (2019) Kat:3, Licht: 2,260350,3,6,1,10,17,2,0,2,0,1,0,0,0,0
"POINT (13.724763621000022 51.076713626000071)",Unfall 260364 (2019) Kat:3, Licht: 2,260364,3,1,0,10,02,1,0,2,0,0,0,0,0,1
"POINT (13.797663758000056 51.042303643000082)",Unfall 260377 (2019) Kat:2, Licht: 1,260377,2,1,0,10,23,7,1,1,1,0,0,0,0,0
"POINT (13.755946183000049 51.055882693000058)",Unfall 260378 (2019) Kat:3, Licht: 0,260378,3,2,3,10,12,7,0,0,1,1,0,0,0,0
"POINT (13.757154110000045 51.049730702000033)",Unfall 260379 (2019) Kat:3, Licht: 0,260379,3,2,4,10,08,7,0,0,0,1,0,0,0,0
"POINT (13.685723282000026 51.084381523000047)",Unfall 260392 (2019) Kat:3, Licht: 0,260392,3,6,2,10,08,6,0,0,0,1,0,0,1,0
"POINT (13.766920847000051 51.010491800000068)",Unfall 260393 (2019) Kat:2, Licht: 2,260393,2,1,0,10,18,6,0,2,1,0,0,0,0,0
"POINT (13.749145427000030 51.021258662000037)",Unfall 260394 (2019) Kat:3, Licht: 0,260394,3,1,8,10,15,6,0,0,1,0,0,0,0,0
"POINT (13.763167116000034 51.015551402000028)",Unfall 260395 (2019) Kat:3, Licht: 0,260395,3,7,6,10,11,6,0,0,0,1,1,0,0,0
"POINT (13.737857978000022 51.047025231000077)",Unfall 260396 (2019) Kat:3, Licht: 0,260396,3,2,0,10,12,6,0,0,0,1,0,0,0,1
"POINT (13.733010251000053 51.039471716000037)",Unfall 260397 (2019) Kat:3, Licht: 0,260397,3,7,0,10,09,6,0,0,1,1,0,0,0,0
"POINT (13.689600404000032 51.052736784000047)",Unfall 260411 (2019) Kat:3, Licht: 0,260411,3,3,5,10,09,5,1,0,0,1,0,0,0,0
"POINT (13.860052582000037 51.009019268000031)",Unfall 260412 (2019) Kat:3, Licht: 0,260412,3,3,5,10,16,5,0,0,1,0,0,0,0,1
"POINT (13.802057688000048 51.023452743000064)",Unfall 260413 (2019) Kat:2, Licht: 0,260413,2,7,6,10,08,5,0,0,0,1,1,0,0,0
"POINT (13.662001479000025 51.050987815000042)",Unfall 260430 (2019) Kat:3, Licht: 0,260430,3,2,6,10,08,4,0,0,0,0,1,0,0,1
"POINT (13.769371021000040 51.024638489000040)",Unfall 260431 (2019) Kat:2, Licht: 0,260431,2,1,0,10,10,4,0,0,1,0,0,0,0,0
"POINT (13.776388790000055 51.067687861000081)",Unfall 260432 (2019) Kat:3, Licht: 0,260432,3,1,0,10,09,4,1,0,1,0,0,0,0,0
"POINT (13.803152476000037 51.047431654000036)",Unfall 260433 (2019) Kat:3, Licht: 0,260433,3,3,5,10,07,4,1,0,1,1,0,0,0,0
"POINT (13.800693246000037 51.057161453000049)",Unfall 260434 (2019) Kat:3, Licht: 0,260434,3,6,2,10,09,4,1,0,0,1,0,0,0,0
"POINT (13.761273341000049 51.025692990000039)",Unfall 260435 (2019) Kat:2, Licht: 2,260435,2,2,5,10,06,4,1,2,0,1,0,1,0,0
"POINT (13.823813451000035 51.033876104000058)",Unfall 260450 (2019) Kat:2, Licht: 0,260450,2,3,3,10,17,3,1,0,0,1,0,0,0,1
"POINT (13.788019052000038 51.011726006000060)",Unfall 260451 (2019) Kat:3, Licht: 0,260451,3,2,2,10,15,3,0,0,0,1,0,1,0,0
"POINT (13.748045932000025 51.023004867000054)",Unfall 260452 (2019) Kat:3, Licht: 0,260452,3,7,6,10,17,3,1,0,0,1,1,0,0,0
"POINT (13.745176971000035 51.062834583000040)",Unfall 260453 (2019) Kat:3, Licht: 1,260453,3,2,5,10,18,3,1,1,1,1,0,0,0,0
"POINT (13.784379047000073 51.034981893000065)",Unfall 260454 (2019) Kat:2, Licht: 2,260454,2,4,6,10,19,3,1,2,0,1,1,0,0,0
"POINT (13.786906862000023 51.015825287000041)",Unfall 260455 (2019) Kat:2, Licht: 0,260455,2,2,3,10,09,3,1,0,1,1,0,0,0,0
"POINT (13.745382667000058 51.062532713000053)",Unfall 260478 (2019) Kat:3, Licht: 0,260478,3,3,5,10,09,2,0,0,1,1,0,0,0,0
"POINT (13.801277528000071 51.022594306000030)",Unfall 260480 (2019) Kat:3, Licht: 2,260480,3,1,1,10,21,2,0,2,1,1,0,0,0,0
"POINT (13.758129747000055 51.054082365000056)",Unfall 260481 (2019) Kat:2, Licht: 2,260481,2,2,5,10,18,2,0,2,1,1,0,0,0,0
"POINT (13.718474489000073 51.029025522000040)",Unfall 260491 (2019) Kat:3, Licht: 2,260491,3,3,5,10,00,1,1,2,0,1,0,0,0,0
"POINT (13.720376482000063 51.117661640000051)",Unfall 260492 (2019) Kat:3, Licht: 0,260492,3,1,8,10,07,1,1,0,0,1,0,0,0,0
"POINT (13.756002459000058 51.055907672000046)",Unfall 260493 (2019) Kat:3, Licht: 2,260493,3,2,4,10,19,1,1,2,1,1,0,0,0,0
"POINT (13.659004214000049 51.043385499000067)",Unfall 260494 (2019) Kat:3, Licht: 0,260494,3,1,0,10,14,1,0,0,0,0,0,1,0,0
"POINT (13.721638549000033 51.049575628000071)",Unfall 260520 (2019) Kat:3, Licht: 0,260520,3,2,3,10,08,6,0,0,1,1,0,0,0,0
"POINT (13.803293272000076 51.137655734000077)",Unfall 260527 (2019) Kat:3, Licht: 0,260527,3,3,5,10,15,5,0,0,1,1,0,0,0,0
"POINT (13.774157973000058 51.058062135000057)",Unfall 260544 (2019) Kat:3, Licht: 1,260544,3,7,0,10,18,5,0,1,1,1,0,0,0,0
"POINT (13.806712971000024 51.052103809000073)",Unfall 260546 (2019) Kat:3, Licht: 2,260546,3,2,3,10,19,4,1,2,1,1,0,0,0,0
"POINT (13.717037355000059 51.052627345000076)",Unfall 260548 (2019) Kat:3, Licht: 1,260548,3,3,5,10,06,4,1,1,1,1,0,0,0,0
"POINT (13.756120371000065 51.076452309000047)",Unfall 260554 (2019) Kat:2, Licht: 0,260554,2,1,0,10,15,5,0,0,1,0,0,0,0,0
"POINT (13.771756589000063 51.118819730000041)",Unfall 260561 (2019) Kat:3, Licht: 0,260561,3,3,5,10,07,3,0,0,0,1,1,0,0,0
"POINT (13.718156500000077 51.059938194000040)",Unfall 260564 (2019) Kat:3, Licht: 1,260564,3,3,5,10,07,3,0,1,1,1,0,0,0,0
"POINT (13.713127187000055 51.031427333000067)",Unfall 260565 (2019) Kat:3, Licht: 0,260565,3,3,0,10,11,3,0,0,1,1,0,0,0,0
"POINT (13.814073383000050 51.054346226000064)",Unfall 260567 (2019) Kat:3, Licht: 0,260567,3,3,5,10,07,3,0,0,0,1,0,1,0,0
"POINT (13.736999971000046 51.049524358000042)",Unfall 260568 (2019) Kat:2, Licht: 0,260568,2,3,5,10,08,3,0,0,1,0,0,0,0,0
"POINT (13.768082227000036 51.025930475000052)",Unfall 260569 (2019) Kat:3, Licht: 0,260569,3,7,4,10,08,3,0,0,0,1,0,0,0,0
"POINT (13.719088610000028 51.046707376000029)",Unfall 260580 (2019) Kat:3, Licht: 0,260580,3,3,5,11,15,4,0,0,1,0,0,0,0,1
"POINT (13.718423827000038 51.087717123000061)",Unfall 260581 (2019) Kat:3, Licht: 0,260581,3,2,3,11,08,4,0,0,1,1,0,0,0,0
"POINT (13.805280443000072 51.052752222000038)",Unfall 260582 (2019) Kat:3, Licht: 0,260582,3,7,6,11,11,4,0,0,0,1,1,0,0,0
"POINT (13.753343800000039 51.050364174000038)",Unfall 260583 (2019) Kat:3, Licht: 0,260583,3,3,5,11,09,4,0,0,1,1,0,0,0,0
"POINT (13.744337483000038 51.050829474000068)",Unfall 260585 (2019) Kat:3, Licht: 0,260585,3,1,0,11,11,4,0,0,0,0,0,0,0,1
"POINT (13.806593459000055 51.042248507000068)",Unfall 260598 (2019) Kat:3, Licht: 1,260598,3,3,5,11,16,3,0,1,0,1,0,0,0,0
"POINT (13.758053003000043 51.052291263000029)",Unfall 260599 (2019) Kat:3, Licht: 0,260599,3,1,0,11,08,3,0,0,1,0,0,0,0,0
"POINT (13.760568568000053 51.024429127000076)",Unfall 260608 (2019) Kat:2, Licht: 0,260608,2,7,0,11,13,5,0,0,0,1,0,0,0,1
"POINT (13.739951906000044 51.019190174000073)",Unfall 260610 (2019) Kat:3, Licht: 0,260610,3,7,0,11,07,2,1,0,1,0,0,0,0,0
"POINT (13.742348997000022 51.033265878000066)",Unfall 260611 (2019) Kat:3, Licht: 0,260611,3,1,0,11,09,2,1,0,0,0,0,1,0,0
"POINT (13.757228061000035 51.049735482000074)",Unfall 260612 (2019) Kat:3, Licht: 0,260612,3,2,5,11,12,2,0,0,1,1,0,0,0,0
"POINT (13.788293571000054 51.038084153000057)",Unfall 260613 (2019) Kat:3, Licht: 2,260613,3,3,5,11,16,2,0,2,0,1,0,0,0,0
"POINT (13.761715445000050 51.031726835000029)",Unfall 260615 (2019) Kat:3, Licht: 2,260615,3,3,5,11,05,2,1,2,1,1,0,0,0,0
"POINT (13.713291420000076 51.045506804000070)",Unfall 260616 (2019) Kat:3, Licht: 0,260616,3,6,3,11,14,2,0,0,1,0,0,0,1,0
"POINT (13.758108587000038 51.033050438000032)",Unfall 260618 (2019) Kat:2, Licht: 0,260618,2,1,0,11,07,2,1,0,1,0,0,0,0,0
"POINT (13.803196764000063 51.033058132000065)",Unfall 260626 (2019) Kat:3, Licht: 0,260626,3,6,2,11,11,1,0,0,0,1,0,0,0,0
"POINT (13.806350611000028 51.039216624000062)",Unfall 260628 (2019) Kat:3, Licht: 2,260628,3,1,0,11,23,1,1,2,1,0,0,0,0,0
"POINT (13.754893668000022 51.046133314000031)",Unfall 260635 (2019) Kat:3, Licht: 0,260635,3,6,3,11,13,7,0,0,0,1,0,0,0,0
"POINT (13.677519293000046 51.058938214000079)",Unfall 260647 (2019) Kat:3, Licht: 2,260647,3,3,5,11,17,6,0,2,1,1,0,0,0,0
"POINT (13.727962597000044 51.075375798000039)",Unfall 260648 (2019) Kat:3, Licht: 0,260648,3,7,6,11,11,6,0,0,0,1,1,0,0,0
"POINT (13.742295476000038 51.036026633000063)",Unfall 260650 (2019) Kat:3, Licht: 0,260650,3,5,1,11,18,6,1,0,1,1,0,0,0,0
"POINT (13.702022137000029 51.036250197000072)",Unfall 260651 (2019) Kat:3, Licht: 0,260651,3,5,1,11,07,6,0,0,1,1,0,0,0,0
"POINT (13.712818898000023 51.061535369000069)",Unfall 260652 (2019) Kat:3, Licht: 2,260652,3,2,0,11,17,6,0,2,0,0,0,0,0,1
"POINT (13.707897134000063 51.046529309000050)",Unfall 260674 (2019) Kat:2, Licht: 0,260674,2,2,6,10,14,4,0,0,1,0,1,0,0,0
"POINT (13.811825396000074 51.028296797000053)",Unfall 260675 (2019) Kat:3, Licht: 0,260675,3,6,6,10,14,4,0,0,1,0,1,0,0,0
"POINT (13.790812426000059 51.037626248000038)",Unfall 260676 (2019) Kat:3, Licht: 0,260676,3,3,5,10,07,4,0,0,1,0,0,0,0,1
"POINT (13.750441321000039 51.041684684000074)",Unfall 260677 (2019) Kat:3, Licht: 0,260677,3,6,2,10,12,4,0,0,0,1,0,0,0,0
"POINT (13.749993983000024 51.047567046000040)",Unfall 260690 (2019) Kat:3, Licht: 2,260690,3,6,2,10,17,3,0,2,0,1,0,0,0,0
"POINT (13.785328423000067 51.035943579000048)",Unfall 260691 (2019) Kat:3, Licht: 0,260691,3,3,5,10,11,3,0,0,1,1,0,0,0,0
"POINT (13.802989424000032 51.040475697000034)",Unfall 260717 (2019) Kat:3, Licht: 1,260717,3,3,5,10,16,2,0,1,0,1,0,1,0,0
"POINT (13.781977841000071 51.030342580000081)",Unfall 260718 (2019) Kat:3, Licht: 1,260718,3,2,5,10,16,2,0,1,1,0,0,0,0,1
"POINT (13.788424078000048 51.027699392000045)",Unfall 260719 (2019) Kat:3, Licht: 2,260719,3,6,2,11,20,5,0,2,0,1,0,0,0,0
"POINT (13.801192824000054 51.055846016000032)",Unfall 260720 (2019) Kat:3, Licht: 0,260720,3,7,1,10,15,2,0,0,1,0,0,0,1,0
"POINT (13.741518450000058 51.116997117000039)",Unfall 260721 (2019) Kat:2, Licht: 0,260721,2,3,5,10,15,2,0,0,1,1,0,0,0,0
"POINT (13.717012279000073 51.080777322000074)",Unfall 260722 (2019) Kat:2, Licht: 0,260722,2,3,5,10,12,2,0,0,1,1,0,0,0,0
"POINT (13.666452024000023 51.067916826000044)",Unfall 260736 (2019) Kat:3, Licht: 0,260736,3,3,5,10,15,7,0,0,0,1,0,0,0,0
"POINT (13.738939080000023 51.059894280000037)",Unfall 260737 (2019) Kat:2, Licht: 2,260737,2,1,0,10,02,7,1,2,0,0,0,0,0,1
"POINT (13.762964955000029 51.062744028000054)",Unfall 260739 (2019) Kat:3, Licht: 0,260739,3,6,6,10,11,7,0,0,1,0,1,0,0,0
"POINT (13.751526852000040 51.047214320000080)",Unfall 260740 (2019) Kat:3, Licht: 0,260740,3,3,5,10,09,7,0,0,1,1,0,0,0,0
"POINT (13.700345356000071 51.087209822000034)",Unfall 260747 (2019) Kat:3, Licht: 2,260747,3,7,0,10,19,6,0,2,1,1,0,0,0,0
"POINT (13.845585213000049 51.017489677000071)",Unfall 260749 (2019) Kat:3, Licht: 0,260749,3,6,6,10,13,6,0,0,1,0,1,0,0,0
"POINT (13.815767927000024 51.030251434000036)",Unfall 260750 (2019) Kat:3, Licht: 2,260750,3,1,1,10,21,6,0,2,1,1,0,0,0,0
"POINT (13.751320536000037 51.042581315000064)",Unfall 260751 (2019) Kat:3, Licht: 0,260751,3,4,6,10,09,6,0,0,0,0,1,0,1,0
"POINT (13.764480261000074 51.024724214000059)",Unfall 260752 (2019) Kat:3, Licht: 2,260752,3,5,1,10,22,6,0,2,0,1,0,0,0,1
"POINT (13.791122255000062 51.046796960000052)",Unfall 260754 (2019) Kat:2, Licht: 0,260754,2,4,6,10,08,6,0,0,0,1,1,0,0,0
"POINT (13.691251036000040 51.052138294000031)",Unfall 260763 (2019) Kat:3, Licht: 0,260763,3,3,5,10,16,5,0,0,1,1,0,0,0,0
"POINT (13.822265068000036 50.997778875000051)",Unfall 260764 (2019) Kat:2, Licht: 0,260764,2,3,5,10,17,5,0,0,1,1,0,0,0,0
"POINT (13.742889402000060 51.065807054000061)",Unfall 260765 (2019) Kat:3, Licht: 2,260765,3,5,1,10,07,5,0,2,1,1,0,0,0,0
"POINT (13.804445024000074 51.041443242000071)",Unfall 260766 (2019) Kat:3, Licht: 0,260766,3,7,0,10,14,5,0,0,1,1,0,0,0,0
"POINT (13.729435060000071 51.045726017000050)",Unfall 260767 (2019) Kat:3, Licht: 0,260767,3,2,5,10,14,5,0,0,0,1,0,0,0,1
"POINT (13.737037995000037 51.037749327000029)",Unfall 260768 (2019) Kat:3, Licht: 0,260768,3,2,3,10,11,5,0,0,1,1,0,0,0,0
"POINT (13.784740009000075 51.031542995000052)",Unfall 260769 (2019) Kat:3, Licht: 0,260769,3,6,3,10,16,5,0,0,0,1,0,0,0,1
"POINT (13.712143626000056 51.028036897000050)",Unfall 260773 (2019) Kat:2, Licht: 0,260773,2,5,1,11,08,5,0,0,1,1,0,0,0,0
"POINT (13.699425332000033 51.037989850000031)",Unfall 260787 (2019) Kat:3, Licht: 0,260787,3,3,5,10,11,4,0,0,1,1,0,0,0,0
"POINT (13.750956890000054 51.031299120000028)",Unfall 260788 (2019) Kat:3, Licht: 2,260788,3,1,0,10,23,4,0,2,0,0,0,0,0,1
"POINT (13.812580204000028 51.019857583000032)",Unfall 260789 (2019) Kat:3, Licht: 0,260789,3,2,5,10,12,4,0,0,0,1,0,0,0,0
"POINT (13.719810615000029 51.067831847000036)",Unfall 260790 (2019) Kat:3, Licht: 0,260790,3,2,5,10,11,4,0,0,0,1,0,0,1,0
"POINT (13.701395195000032 51.040877252000030)",Unfall 260809 (2019) Kat:3, Licht: 0,260809,3,3,5,10,17,3,0,0,0,1,0,0,0,0
"POINT (13.747427528000060 51.028437247000056)",Unfall 260810 (2019) Kat:3, Licht: 0,260810,3,6,4,10,14,3,0,0,1,0,0,0,0,0
"POINT (13.833595542000069 51.021852298000056)",Unfall 260811 (2019) Kat:3, Licht: 0,260811,3,6,2,10,16,3,0,0,0,1,0,0,0,0
"POINT (13.785323493000021 51.035949158000051)",Unfall 260812 (2019) Kat:3, Licht: 2,260812,3,3,5,10,17,3,0,2,1,1,0,0,0,0
"POINT (13.767893111000035 51.035842862000038)",Unfall 260813 (2019) Kat:2, Licht: 0,260813,2,6,6,10,14,3,0,0,1,0,1,0,0,0
"POINT (13.788064262000034 51.043297799000072)",Unfall 260814 (2019) Kat:3, Licht: 0,260814,3,4,6,10,08,3,0,0,0,1,1,0,0,0
"POINT (13.688434343000040 51.056185420000077)",Unfall 260815 (2019) Kat:3, Licht: 1,260815,3,3,5,11,06,5,0,1,1,1,0,0,0,0
"POINT (13.827051088000076 50.991965273000062)",Unfall 260827 (2019) Kat:2, Licht: 0,260827,2,7,0,10,08,2,0,0,0,1,0,0,0,1
"POINT (13.758261006000055 51.069087722000063)",Unfall 260828 (2019) Kat:3, Licht: 0,260828,3,4,6,10,09,2,0,0,1,0,1,0,0,0
"POINT (13.788390106000065 51.030620286000044)",Unfall 260830 (2019) Kat:2, Licht: 2,260830,2,1,0,10,21,2,0,2,0,0,0,0,0,1
"POINT (13.705779416000041 51.090582937000079)",Unfall 260833 (2019) Kat:3, Licht: 0,260833,3,3,5,10,14,1,0,0,0,1,0,0,0,0
"POINT (13.682325460000072 51.053880598000035)",Unfall 260842 (2019) Kat:3, Licht: 0,260842,3,2,5,10,14,7,1,0,0,1,0,0,0,0
"POINT (13.740231315000074 51.016237222000029)",Unfall 260843 (2019) Kat:3, Licht: 0,260843,3,3,5,10,12,7,1,0,0,1,0,1,0,0
"POINT (13.772953925000024 51.069006253000055)",Unfall 260844 (2019) Kat:3, Licht: 0,260844,3,1,0,10,18,7,1,0,1,0,0,0,0,0
"POINT (13.643758994000052 51.093028308000044)",Unfall 260852 (2019) Kat:3, Licht: 0,260852,3,7,0,11,13,1,0,0,1,0,1,0,0,0
"POINT (13.765914051000038 51.053025947000037)",Unfall 260853 (2019) Kat:3, Licht: 2,260853,3,6,2,11,02,1,0,2,1,1,0,0,0,0
"POINT (13.784735690000048 51.017153681000082)",Unfall 260860 (2019) Kat:3, Licht: 0,260860,3,2,2,11,08,7,0,0,0,1,0,0,0,1
"POINT (13.712375981000037 51.079362589000027)",Unfall 260872 (2019) Kat:2, Licht: 1,260872,2,2,6,11,16,6,0,1,0,1,1,0,0,0
"POINT (13.700584629000048 51.082304963000070)",Unfall 260874 (2019) Kat:3, Licht: 2,260874,3,2,0,11,17,6,0,2,1,1,0,0,0,0
"POINT (13.777131105000024 51.035771058000080)",Unfall 260875 (2019) Kat:3, Licht: 0,260875,3,3,5,11,08,6,1,0,1,1,0,0,0,0
"POINT (13.770995559000028 51.040045045000056)",Unfall 260876 (2019) Kat:3, Licht: 0,260876,3,3,5,11,09,6,0,0,0,1,0,1,0,0
"POINT (13.791071943000077 51.037861772000042)",Unfall 260877 (2019) Kat:3, Licht: 0,260877,3,3,5,11,08,6,0,0,1,1,0,0,0,0
"POINT (13.711283306000041 51.117303609000032)",Unfall 260878 (2019) Kat:2, Licht: 0,260878,2,3,5,11,07,6,1,0,0,1,0,0,0,0
"POINT (13.701992259000065 51.036544465000077)",Unfall 260879 (2019) Kat:3, Licht: 0,260879,3,2,5,11,15,6,0,0,1,1,0,0,0,0
"POINT (13.752097066000033 51.061950940000031)",Unfall 260891 (2019) Kat:3, Licht: 2,260891,3,1,0,11,16,3,0,2,0,0,0,1,0,0
"POINT (13.765030645000024 51.015722001000029)",Unfall 260895 (2019) Kat:3, Licht: 0,260895,3,1,0,11,15,5,1,0,1,0,0,0,0,0
"POINT (13.830691739000031 51.028246590000037)",Unfall 260896 (2019) Kat:3, Licht: 0,260896,3,2,2,11,14,5,1,0,1,1,0,0,0,0
"POINT (13.746199569000055 51.063537762000067)",Unfall 260897 (2019) Kat:3, Licht: 0,260897,3,3,5,11,10,5,0,0,1,1,0,0,0,0
"POINT (13.781232352000075 51.114227320000055)",Unfall 260898 (2019) Kat:3, Licht: 0,260898,3,3,5,11,11,5,1,0,0,1,0,0,0,1
"POINT (13.765771848000043 51.065788511000051)",Unfall 260899 (2019) Kat:2, Licht: 1,260899,2,3,5,11,18,5,0,1,1,1,0,0,0,0
"POINT (13.791332306000072 51.046744343000057)",Unfall 260900 (2019) Kat:3, Licht: 2,260900,3,2,5,11,18,5,1,2,1,1,0,0,0,0
"POINT (13.777623742000060 51.052870264000035)",Unfall 260901 (2019) Kat:3, Licht: 2,260901,3,3,5,11,16,5,0,2,1,1,0,0,0,0
"POINT (13.749493647000065 51.033220684000071)",Unfall 260902 (2019) Kat:2, Licht: 2,260902,2,4,6,11,16,5,1,2,0,1,1,0,0,0
"POINT (13.746561910000025 51.057443132000060)",Unfall 260903 (2019) Kat:2, Licht: 0,260903,2,4,6,11,14,5,1,0,0,0,1,0,0,1
"POINT (13.780350976000022 51.042222484000035)",Unfall 260904 (2019) Kat:3, Licht: 0,260904,3,3,5,11,09,3,0,0,0,1,0,0,1,0
"POINT (13.728422829000067 51.056631552000056)",Unfall 260905 (2019) Kat:3, Licht: 0,260905,3,3,5,11,10,5,1,0,0,1,0,0,0,1
"POINT (13.764140800000064 51.053113369000073)",Unfall 260911 (2019) Kat:2, Licht: 2,260911,2,2,5,11,17,4,1,2,0,1,0,1,0,0
"POINT (13.795099578000077 51.043131758000072)",Unfall 260918 (2019) Kat:3, Licht: 0,260918,3,7,0,11,07,3,0,0,1,0,0,0,0,0
"POINT (13.705610811000042 51.018001340000069)",Unfall 260927 (2019) Kat:3, Licht: 1,260927,3,2,5,11,16,3,1,1,1,1,0,0,0,0
"POINT (13.761519771000053 51.052002779000077)",Unfall 260928 (2019) Kat:3, Licht: 0,260928,3,6,2,11,11,3,0,0,0,1,0,0,0,0
"POINT (13.822750430000042 51.004883444000029)",Unfall 260929 (2019) Kat:3, Licht: 1,260929,3,3,5,11,16,3,0,1,1,1,0,0,0,0
"POINT (13.706692049000026 51.045685143000071)",Unfall 260930 (2019) Kat:3, Licht: 2,260930,3,5,1,11,05,3,0,2,1,1,0,0,0,0
"POINT (13.837416660000031 51.006434173000059)",Unfall 260931 (2019) Kat:3, Licht: 0,260931,3,2,5,11,09,3,0,0,1,1,0,0,0,0
"POINT (13.767551108000077 51.042550508000033)",Unfall 260932 (2019) Kat:3, Licht: 0,260932,3,3,5,11,15,3,0,0,0,1,0,0,0,0
"POINT (13.743528341000058 51.040224063000039)",Unfall 260942 (2019) Kat:3, Licht: 2,260942,3,3,5,11,18,3,0,2,1,1,0,0,0,0
"POINT (13.769103263000034 51.092524245000050)",Unfall 260948 (2019) Kat:3, Licht: 2,260948,3,6,6,11,16,3,0,2,1,0,1,0,0,0
"POINT (13.696129874000064 51.087464039000054)",Unfall 260956 (2019) Kat:3, Licht: 2,260956,3,3,5,11,18,2,1,2,0,1,0,0,0,0
"POINT (13.750501052000061 51.033203074000028)",Unfall 260957 (2019) Kat:3, Licht: 0,260957,3,2,5,11,11,2,1,0,1,0,0,0,0,0
"POINT (13.770995267000046 51.040044729000044)",Unfall 260958 (2019) Kat:3, Licht: 0,260958,3,3,5,11,10,2,1,0,0,1,0,0,0,0
"POINT (13.719511509000029 51.018809742000030)",Unfall 260959 (2019) Kat:3, Licht: 0,260959,3,3,5,11,11,2,1,0,0,1,0,0,0,0