WKT,Name,OBJECTID,UKATEGORIE,UTYP1,UART,UMONAT,USTUNDE,UWOCHENTAG,STRZUSTAND,ULICHTVERH,ISTRAD,ISTPKW,ISTFUSS,ISTKRAD,ISTGKFZ,ISTSONSTIG
"POINT (13.780580493000059 51.042194138000070)",Unfall 260976 (2019) Kat:2, Licht: 0,260976,2,3,5,11,13,7,0,0,0,1,0,0,0,0
"POINT (13.695515645000057 51.081976456000064)",Unfall 260977 (2019) Kat:3, Licht: 2,260977,3,4,0,11,18,7,0,2,0,0,1,0,0,1
"POINT (13.739032300000076 51.050282923000054)",Unfall 260995 (2019) Kat:3, Licht: 0,260995,3,3,5,11,10,6,0,0,1,1,0,0,0,0
"POINT (13.755829816000073 51.046024031000059)",Unfall 260996 (2019) Kat:2, Licht: 0,260996,2,4,6,11,10,6,0,0,0,1,1,0,0,0
"POINT (13.690334599000039 51.078506256000026)",Unfall 261018 (2019) Kat:3, Licht: 2,261018,3,6,6,11,05,5,0,2,1,0,1,0,0,0
"POINT (13.795309396000050 51.013005445000033)",Unfall 261021 (2019) Kat:3, Licht: 0,261021,3,6,0,11,07,5,0,0,0,1,0,0,0,1
"POINT (13.815076983000040 51.053967089000082)",Unfall 261022 (2019) Kat:3, Licht: 0,261022,3,2,5,11,07,5,0,0,1,1,0,0,0,0
"POINT (13.742672069000037 51.047917348000055)",Unfall 261023 (2019) Kat:3, Licht: 0,261023,3,3,5,11,15,5,0,0,1,1,0,0,0,0
"POINT (13.733912802000077 51.050750542000060)",Unfall 261024 (2019) Kat:3, Licht: 2,261024,3,4,6,11,18,5,0,2,1,0,1,0,0,0
"POINT (13.695517271000028 51.081976556000029)",Unfall 261025 (2019) Kat:2, Licht: 0,261025,2,4,6,11,14,5,0,0,0,0,1,0,0,1
"POINT (13.683407801000044 51.051634900000067)",Unfall 261027 (2019) Kat:3, Licht: 2,261027,3,7,6,11,19,4,1,2,0,1,1,0,0,0
"POINT (13.720274507000056 51.059218525000063)",Unfall 261034 (2019) Kat:3, Licht: 0,261034,3,7,0,11,08,4,1,0,0,1,0,0,0,0
"POINT (13.780980673000045 51.056945263000046)",Unfall 261035 (2019) Kat:3, Licht: 0,261035,3,6,3,11,16,4,1,0,1,1,0,0,0,0
"POINT (13.757980026000041 51.052258507000033)",Unfall 261037 (2019) Kat:3, Licht: 0,261037,3,3,5,11,07,4,0,0,1,1,0,0,0,0
"POINT (13.794777023000051 51.042915042000061)",Unfall 261038 (2019) Kat:3, Licht: 0,261038,3,4,6,11,13,4,1,0,0,1,1,0,0,0
"POINT (13.808609849000050 51.038113140000064)",Unfall 261039 (2019) Kat:3, Licht: 0,261039,3,1,0,11,14,4,1,0,1,0,0,0,0,0
"POINT (13.721925728000031 51.086454766000031)",Unfall 261040 (2019) Kat:3, Licht: 1,261040,3,3,5,11,07,4,1,1,1,1,0,0,0,0
"POINT (13.790998406000028 51.037877417000061)",Unfall 261041 (2019) Kat:2, Licht: 0,261041,2,3,5,11,21,4,1,0,0,1,0,0,0,0
"POINT (13.802995313000054 51.040473683000073)",Unfall 261053 (2019) Kat:3, Licht: 2,261053,3,3,5,11,17,3,0,2,1,1,0,0,0,0
"POINT (13.744561269000030 51.037066056000072)",Unfall 261054 (2019) Kat:2, Licht: 0,261054,2,2,3,11,09,3,0,0,1,1,0,0,0,0
"POINT (13.808431146000032 51.052735993000056)",Unfall 261058 (2019) Kat:3, Licht: 2,261058,3,6,2,11,16,2,0,2,0,1,0,0,0,0
"POINT (13.757943983000075 51.032876030000068)",Unfall 261064 (2019) Kat:3, Licht: 0,261064,3,3,5,11,13,2,0,0,0,1,0,0,0,0
"POINT (13.778158824000059 51.052924795000081)",Unfall 261070 (2019) Kat:3, Licht: 0,261070,3,3,9,11,08,2,0,0,0,1,0,0,0,1
"POINT (13.748153147000039 51.045380678000072)",Unfall 261075 (2019) Kat:3, Licht: 0,261075,3,3,3,11,13,2,0,0,1,1,0,0,0,0
"POINT (13.805095331000075 51.052746992000039)",Unfall 261076 (2019) Kat:3, Licht: 0,261076,3,6,2,11,08,2,0,0,0,1,0,0,0,0
"POINT (13.755946183000049 51.055882693000058)",Unfall 261077 (2019) Kat:3, Licht: 0,261077,3,2,5,11,12,2,0,0,1,1,0,0,0,0
"POINT (13.814075055000046 51.054345778000027)",Unfall 261078 (2019) Kat:3, Licht: 2,261078,3,2,2,11,06,2,0,2,0,1,0,1,0,0
"POINT (13.711683335000032 51.050496484000064)",Unfall 261085 (2019) Kat:3, Licht: 0,261085,3,3,5,11,13,1,0,0,0,1,0,0,0,0
"POINT (13.723956046000069 51.056997047000038)",Unfall 261086 (2019) Kat:3, Licht: 2,261086,3,1,0,11,02,1,0,2,0,0,0,0,0,1
"POINT (13.678120484000033 51.049278103000063)",Unfall 261090 (2019) Kat:3, Licht: 2,261090,3,7,0,11,23,7,1,2,1,0,0,0,0,0
"POINT (13.683454549000032 51.042409661000079)",Unfall 261092 (2019) Kat:3, Licht: 0,261092,3,2,5,11,10,7,1,0,1,1,0,0,0,0
"POINT (13.755739217000041 51.073225715000035)",Unfall 261093 (2019) Kat:3, Licht: 0,261093,3,7,5,11,11,7,1,0,1,1,0,0,0,0
"POINT (13.727282769000055 51.056819611000037)",Unfall 261094 (2019) Kat:3, Licht: 2,261094,3,1,0,11,20,7,1,2,1,0,0,0,0,0
"POINT (13.692745267000078 51.046920337000074)",Unfall 261095 (2019) Kat:2, Licht: 2,261095,2,1,0,11,02,7,0,2,1,0,0,0,0,0
"POINT (13.770997146000070 51.040064815000051)",Unfall 261096 (2019) Kat:3, Licht: 0,261096,3,3,5,11,15,7,1,0,0,1,0,0,0,0
"POINT (13.734264212000028 51.049223445000052)",Unfall 261097 (2019) Kat:3, Licht: 0,261097,3,7,0,11,11,7,0,0,0,1,0,0,0,0
"POINT (13.733233374000065 51.039765889000080)",Unfall 261103 (2019) Kat:3, Licht: 2,261103,3,7,0,11,19,4,1,2,1,0,0,0,0,0
"POINT (13.739033280000058 51.050285464000069)",Unfall 261126 (2019) Kat:3, Licht: 2,261126,3,2,5,11,16,6,0,2,1,1,0,0,0,0
"POINT (13.758695303000025 51.049468152000031)",Unfall 261127 (2019) Kat:3, Licht: 0,261127,3,2,5,11,15,6,0,0,1,1,0,0,0,0
"POINT (13.757146388000024 51.054569818000061)",Unfall 261128 (2019) Kat:3, Licht: 0,261128,3,6,2,11,07,6,0,0,1,1,0,0,0,0
"POINT (13.781237722000071 51.054257969000048)",Unfall 261129 (2019) Kat:3, Licht: 0,261129,3,3,5,11,14,6,0,0,0,1,0,0,0,0
"POINT (13.788946209000073 51.012184882000042)",Unfall 261134 (2019) Kat:3, Licht: 0,261134,3,2,5,12,14,6,0,0,0,1,0,0,0,0
"POINT (13.777197495000053 51.060080360000029)",Unfall 261136 (2019) Kat:3, Licht: 0,261136,3,3,5,12,08,6,0,0,1,1,0,0,0,0
"POINT (13.792179139000041 51.057271667000066)",Unfall 261137 (2019) Kat:3, Licht: 2,261137,3,1,0,12,17,6,1,2,1,0,0,0,0,0
"POINT (13.713241855000035 51.050351424000041)",Unfall 261138 (2019) Kat:3, Licht: 2,261138,3,7,2,12,06,6,0,2,0,1,0,1,0,0
"POINT (13.680220972000029 51.061522643000046)",Unfall 261152 (2019) Kat:3, Licht: 0,261152,3,4,6,12,15,5,0,0,0,0,1,0,0,1
"POINT (13.826537693000034 50.998298647000070)",Unfall 261153 (2019) Kat:3, Licht: 0,261153,3,7,5,12,15,5,0,0,1,1,0,0,0,0
"POINT (13.753870004000078 51.066354562000072)",Unfall 261154 (2019) Kat:3, Licht: 1,261154,3,6,3,12,16,5,0,1,1,1,0,0,0,0
"POINT (13.757893004000039 51.075837103000026)",Unfall 261155 (2019) Kat:3, Licht: 0,261155,3,6,2,12,12,5,0,0,0,1,0,0,0,0
"POINT (13.702582815000028 51.032542795000040)",Unfall 261156 (2019) Kat:2, Licht: 0,261156,2,5,1,12,08,5,0,0,1,1,0,0,0,0
"POINT (13.706152986000063 51.046412768000039)",Unfall 261172 (2019) Kat:3, Licht: 0,261172,3,3,5,12,14,2,0,0,0,1,0,0,0,0
"POINT (13.739116016000025 51.047334713000055)",Unfall 261176 (2019) Kat:3, Licht: 2,261176,3,2,6,12,16,3,0,2,0,1,1,0,0,0
"POINT (13.730162355000061 51.079952950000063)",Unfall 261179 (2019) Kat:3, Licht: 2,261179,3,2,5,12,17,2,0,2,1,1,0,0,0,0
"POINT (13.638200149000056 51.038997401000074)",Unfall 261181 (2019) Kat:3, Licht: 0,261181,3,4,6,12,16,4,0,0,0,1,1,0,0,0
"POINT (13.813196187000074 51.057655512000053)",Unfall 261182 (2019) Kat:2, Licht: 2,261182,2,1,0,12,02,4,0,2,1,0,0,0,0,0
"POINT (13.674759003000077 51.090662364000082)",Unfall 261193 (2019) Kat:3, Licht: 0,261193,3,3,5,12,13,2,0,0,1,1,0,0,0,0
"POINT (13.715472512000076 51.087989929000059)",Unfall 261200 (2019) Kat:3, Licht: 2,261200,3,2,5,12,07,2,1,2,0,1,0,1,0,0
"POINT (13.718839079000077 51.087821932000054)",Unfall 261207 (2019) Kat:3, Licht: 1,261207,3,3,5,12,07,3,0,1,1,1,0,0,0,0
"POINT (13.825862506000021 51.012032536000049)",Unfall 261209 (2019) Kat:3, Licht: 0,261209,3,6,0,12,15,3,0,0,1,1,0,0,0,0
"POINT (13.774729268000044 51.049770671000033)",Unfall 261210 (2019) Kat:3, Licht: 0,261210,3,3,5,12,12,3,0,0,1,1,0,0,0,0
"POINT (13.826579681000055 50.998277697000049)",Unfall 261228 (2019) Kat:3, Licht: 2,261228,3,2,5,12,17,2,1,2,1,1,0,0,0,0
"POINT (13.825199051000027 51.060805449000043)",Unfall 261230 (2019) Kat:3, Licht: 2,261230,3,1,1,12,05,2,1,2,0,1,0,0,0,0
"POINT (13.782667059000062 51.045377604000066)",Unfall 261231 (2019) Kat:3, Licht: 0,261231,3,1,0,12,08,2,1,0,1,0,0,0,0,0
"POINT (13.742143543000054 51.032860161000031)",Unfall 261233 (2019) Kat:3, Licht: 0,261233,3,2,1,12,13,2,0,0,0,1,0,1,0,0
"POINT (13.816115215000025 51.016080623000050)",Unfall 261234 (2019) Kat:3, Licht: 0,261234,3,6,2,12,11,2,0,0,0,1,0,0,0,0
"POINT (13.744507671000065 51.036919562000037)",Unfall 261235 (2019) Kat:3, Licht: 0,261235,3,6,2,12,12,2,0,0,0,1,0,0,0,0
"POINT (13.736818502000062 51.047969625000064)",Unfall 261237 (2019) Kat:3, Licht: 2,261237,3,4,6,12,16,2,0,2,1,0,1,0,0,0
"POINT (13.791629132000025 51.072244537000074)",Unfall 261239 (2019) Kat:2, Licht: 1,261239,2,1,0,12,16,1,1,1,1,0,0,0,0,0
"POINT (13.796467722000045 51.028074626000034)",Unfall 261245 (2019) Kat:3, Licht: 0,261245,3,1,0,12,13,1,0,0,1,0,0,0,0,0
"POINT (13.690602220000073 51.044281362000049)",Unfall 261246 (2019) Kat:3, Licht: 0,261246,3,3,5,12,11,1,0,0,0,1,0,0,0,0
"POINT (13.734435611000038 51.048353517000066)",Unfall 261247 (2019) Kat:3, Licht: 0,261247,3,1,0,12,09,1,0,0,1,0,0,0,0,0
"POINT (13.716202767000027 51.045997769000053)",Unfall 261253 (2019) Kat:3, Licht: 1,261253,3,1,1,12,16,1,1,1,0,1,0,0,0,1
"POINT (13.746674604000077 51.052998595000076)",Unfall 261254 (2019) Kat:3, Licht: 0,261254,3,7,5,12,11,7,0,0,0,1,0,0,0,1
"POINT (13.770245631000023 51.028900046000047)",Unfall 261265 (2019) Kat:3, Licht: 2,261265,3,3,5,12,23,6,1,2,1,1,0,0,0,0
"POINT (13.800477413000067 50.999259285000051)",Unfall 261266 (2019) Kat:3, Licht: 0,261266,3,3,5,12,11,6,0,0,1,1,0,0,0,0
"POINT (13.793352505000030 51.043056711000077)",Unfall 261268 (2019) Kat:3, Licht: 0,261268,3,3,3,12,11,6,0,0,1,1,0,0,0,0
"POINT (13.726320859000054 51.082412365000039)",Unfall 261269 (2019) Kat:2, Licht: 0,261269,2,3,5,12,08,6,0,0,1,1,0,0,0,0
"POINT (13.710032469000055 51.079159988000072)",Unfall 261270 (2019) Kat:3, Licht: 2,261270,3,3,5,12,19,6,0,2,1,1,0,0,0,0
"POINT (13.767588414000045 51.075585967000052)",Unfall 261289 (2019) Kat:3, Licht: 0,261289,3,1,0,12,09,5,0,0,1,0,0,0,0,0
"POINT (13.757937222000066 51.032869510000069)",Unfall 261290 (2019) Kat:3, Licht: 0,261290,3,3,5,12,12,5,0,0,1,1,0,0,0,0
"POINT (13.781230733000029 51.114228704000027)",Unfall 261291 (2019) Kat:3, Licht: 0,261291,3,3,5,12,11,7,1,0,0,1,0,0,0,1
"POINT (13.748337115000027 51.053568628000050)",Unfall 261292 (2019) Kat:3, Licht: 2,261292,3,6,3,12,20,5,0,2,0,1,0,0,0,0
"POINT (13.780334721000031 51.030850930000042)",Unfall 261293 (2019) Kat:3, Licht: 2,261293,3,2,5,12,16,5,0,2,0,1,0,0,0,0
"POINT (13.719588464000026 51.077399541000034)",Unfall 261294 (2019) Kat:3, Licht: 2,261294,3,3,5,12,16,7,1,2,0,1,0,0,0,0
"POINT (13.821255053000073 51.003086170000074)",Unfall 261295 (2019) Kat:3, Licht: 2,261295,3,3,5,12,18,5,0,2,0,1,0,0,0,0
"POINT (13.812332078000054 51.011127006000038)",Unfall 261296 (2019) Kat:3, Licht: 0,261296,3,5,1,12,09,5,0,0,0,1,0,0,1,0
"POINT (13.757828130000064 51.051451199000041)",Unfall 261297 (2019) Kat:3, Licht: 0,261297,3,3,5,12,07,5,0,0,1,1,0,0,0,0
"POINT (13.721255699000039 51.077435667000032)",Unfall 261298 (2019) Kat:2, Licht: 0,261298,2,3,5,12,09,3,0,0,1,1,0,0,0,0
"POINT (13.729410754000071 51.045746420000057)",Unfall 261301 (2019) Kat:3, Licht: 0,261301,3,2,4,12,10,7,1,0,0,1,0,0,0,0
"POINT (13.736504174000061 51.117885064000063)",Unfall 261316 (2019) Kat:3, Licht: 0,261316,3,3,5,12,09,7,0,0,0,1,0,0,0,0
"POINT (13.773883967000074 51.046088551000082)",Unfall 261318 (2019) Kat:3, Licht: 0,261318,3,3,5,12,15,4,0,0,1,1,0,0,0,0
"POINT (13.737622123000051 51.052284283000063)",Unfall 261319 (2019) Kat:3, Licht: 1,261319,3,6,6,12,16,4,0,1,1,0,1,0,0,0
"POINT (13.696128739000073 51.087463881000076)",Unfall 261320 (2019) Kat:3, Licht: 2,261320,3,3,5,12,18,4,0,2,0,1,0,0,0,0
"POINT (13.804954308000049 51.032456548000027)",Unfall 261343 (2019) Kat:3, Licht: 0,261343,3,4,6,12,10,3,0,0,0,1,1,0,0,0
"POINT (13.813535763000061 51.056563621000066)",Unfall 261344 (2019) Kat:3, Licht: 2,261344,3,6,2,12,18,3,0,2,0,1,0,0,0,0
"POINT (13.762094385000069 51.043234969000082)",Unfall 261347 (2019) Kat:3, Licht: 0,261347,3,3,5,12,13,3,0,0,1,1,0,0,0,0
"POINT (13.765806365000060 51.073155797000027)",Unfall 261348 (2019) Kat:3, Licht: 2,261348,3,6,2,12,06,3,1,2,0,1,0,0,0,1
"POINT (13.726206271000024 51.081626621000055)",Unfall 261358 (2019) Kat:3, Licht: 0,261358,3,1,0,12,12,2,0,0,0,0,0,1,0,0
"POINT (13.860861056000033 51.036892158000057)",Unfall 261360 (2019) Kat:3, Licht: 2,261360,3,1,8,12,06,2,1,2,0,1,0,0,0,0
"POINT (13.750819448000072 51.130296452000039)",Unfall 261361 (2019) Kat:3, Licht: 0,261361,3,1,9,12,09,2,0,0,0,0,0,0,0,1
"POINT (13.709690417000047 51.030019826000057)",Unfall 261363 (2019) Kat:3, Licht: 2,261363,3,5,1,12,17,2,0,2,0,1,0,0,0,0
"POINT (13.723590409000053 51.053628195000044)",Unfall 261364 (2019) Kat:2, Licht: 0,261364,2,3,5,12,08,2,0,0,0,1,0,0,0,1
"POINT (13.755124281000064 51.063236305000032)",Unfall 261369 (2019) Kat:3, Licht: 2,261369,3,7,7,12,00,1,0,2,1,0,0,0,0,0
"POINT (13.804558976000067 51.052194836000069)",Unfall 261375 (2019) Kat:3, Licht: 2,261375,3,4,0,11,17,7,1,2,0,0,1,0,0,1
"POINT (13.752076619000036 51.052616312000055)",Unfall 261376 (2019) Kat:3, Licht: 2,261376,3,3,5,11,17,7,1,2,1,1,0,0,0,0
"POINT (13.737256828000056 51.050869004000049)",Unfall 261389 (2019) Kat:3, Licht: 0,261389,3,7,6,11,15,6,0,0,0,1,1,0,0,0
"POINT (13.751298856000062 51.042560593000076)",Unfall 261390 (2019) Kat:3, Licht: 0,261390,3,6,3,11,10,6,0,0,0,1,0,0,0,1
"POINT (13.696157217000064 51.082015876000071)",Unfall 261409 (2019) Kat:3, Licht: 0,261409,3,4,6,11,14,5,0,0,0,1,1,0,0,0
"POINT (13.755448562000026 51.050018052000041)",Unfall 261410 (2019) Kat:3, Licht: 1,261410,3,3,5,11,07,5,1,1,1,1,0,0,0,0
"POINT (13.738131632000034 51.034611635000033)",Unfall 261411 (2019) Kat:3, Licht: 0,261411,3,3,5,11,08,5,1,0,0,1,0,0,0,0
"POINT (13.861954729000047 51.052925290000076)",Unfall 261448 (2019) Kat:3, Licht: 2,261448,3,1,9,12,06,4,1,2,0,1,0,0,0,0
"POINT (13.757953814000075 51.075829863000081)",Unfall 261481 (2019) Kat:3, Licht: 0,261481,3,4,6,12,14,1,0,0,0,1,1,0,0,0
"POINT (13.808694446000061 51.037990653000065)",Unfall 261505 (2019) Kat:3, Licht: 2,261505,3,1,0,12,19,5,1,2,1,0,0,0,0,0
"POINT (13.771767113000067 51.040847380000059)",Unfall 261518 (2019) Kat:3, Licht: 0,261518,3,3,5,12,10,4,1,0,0,1,0,0,0,0
"POINT (13.743899335000037 51.060897248000060)",Unfall 261520 (2019) Kat:3, Licht: 2,261520,3,4,6,12,18,7,0,2,0,1,1,0,0,0
"POINT (13.814162894000049 51.010009462000028)",Unfall 261527 (2019) Kat:3, Licht: 2,261527,3,5,1,12,17,2,1,2,1,1,0,0,0,0
"POINT (13.720404963000021 51.054655733000061)",Unfall 261534 (2019) Kat:3, Licht: 0,261534,3,6,2,12,12,6,0,0,0,1,0,0,0,0
"POINT (13.822845173000076 51.004794980000042)",Unfall 261535 (2019) Kat:3, Licht: 1,261535,3,6,2,12,07,6,1,1,0,1,0,0,0,1
"POINT (13.701393927000026 51.040877119000072)",Unfall 261538 (2019) Kat:3, Licht: 2,261538,3,3,5,12,01,1,0,2,0,1,0,0,0,0
"POINT (13.709702211000035 51.047814130000063)",Unfall 261543 (2019) Kat:3, Licht: 2,261543,3,1,0,12,01,6,0,2,1,0,0,0,0,0
"POINT (13.785524222000049 51.043373871000028)",Unfall 261547 (2019) Kat:3, Licht: 0,261547,3,6,2,12,13,6,0,0,0,1,0,0,0,0
"POINT (13.696179843000039 51.087470997000025)",Unfall 261550 (2019) Kat:3, Licht: 0,261550,3,3,5,12,12,7,0,0,1,1,0,0,0,0
"POINT (13.777475401000061 51.032187666000027)",Unfall 261558 (2019) Kat:3, Licht: 0,261558,3,2,5,12,13,6,1,0,1,1,0,0,0,0
"POINT (13.717882904000021 51.053168896000045)",Unfall 261559 (2019) Kat:3, Licht: 2,261559,3,3,2,12,18,4,1,2,1,1,0,0,0,0
"POINT (13.730634970000040 51.054139159000044)",Unfall 261564 (2019) Kat:3, Licht: 0,261564,3,1,0,12,08,6,1,0,1,0,0,0,0,0
"POINT (13.733816914000045 51.088470929000039)",Unfall 261568 (2019) Kat:3, Licht: 0,261568,3,5,1,12,12,6,0,0,1,1,0,0,0,0
"POINT (13.841855623000072 51.002369834000035)",Unfall 261569 (2019) Kat:3, Licht: 2,261569,3,1,8,12,03,3,0,2,0,1,0,0,0,0
"POINT (13.811085602000048 51.013444783000068)",Unfall 261578 (2019) Kat:3, Licht: 0,261578,3,2,5,12,15,6,0,0,0,1,0,0,0,0
"POINT (13.733418207000057 51.035986379000065)",Unfall 261591 (2019) Kat:3, Licht: 0,261591,3,4,6,12,10,1,0,0,0,1,1,0,0,0
"POINT (13.755562880000070 51.065916867000055)",Unfall 261612 (2019) Kat:3, Licht: 2,261612,3,5,1,12,22,4,1,2,1,1,0,0,0,0
"POINT (13.715805898000042 51.106667897000079)",Unfall 261616 (2019) Kat:3, Licht: 0,261616,3,6,6,12,13,5,0,0,0,1,1,0,0,0
"POINT (13.792961911000077 51.003571726000075)",Unfall 261621 (2019) Kat:3, Licht: 0,261621,3,6,6,12,11,5,0,0,0,1,1,0,0,0
"POINT (13.723924079000028 51.036584349000066)",Unfall 261624 (2019) Kat:3, Licht: 0,261624,3,4,6,12,13,5,0,0,0,1,1,0,0,0
"POINT (13.767490195000050 51.118824658000051)",Unfall 261627 (2019) Kat:3, Licht: 0,261627,3,3,5,12,10,5,0,0,0,1,0,0,0,0
"POINT (13.696200655000041 51.087473895000073)",Unfall 261630 (2019) Kat:3, Licht: 0,261630,3,6,2,12,13,7,0,0,0,1,0,0,0,0
"POINT (13.806654589000061 51.052050057000031)",Unfall 261682 (2019) Kat:3, Licht: 0,261682,3,4,6,12,12,3,0,0,0,1,1,0,0,0
"POINT (13.758102845000053 51.052247896000040)",Unfall 261685 (2019) Kat:3, Licht: 0,261685,3,3,5,12,12,3,0,0,1,1,0,0,0,0
"POINT (13.736994198000048 51.040540395000050)",Unfall 261687 (2019) Kat:3, Licht: 0,261687,3,7,0,12,12,7,0,0,0,1,1,0,0,0
"POINT (13.829202898000062 51.017038982000031)",Unfall 261694 (2019) Kat:3, Licht: 0,261694,3,1,0,12,15,2,1,0,1,0,0,0,0,0
"POINT (13.851832977000072 51.054107208000062)",Unfall 261697 (2019) Kat:3, Licht: 2,261697,3,6,0,12,20,4,1,2,1,0,1,0,0,0
"POINT (13.769650187000025 51.028351910000026)",Unfall 261703 (2019) Kat:3, Licht: 0,261703,3,3,5,12,12,1,0,0,0,1,0,0,0,1
"POINT (13.740278852000074 51.064762507000069)",Unfall 111508 (2020) Kat:3, Licht: 0,111508,3,6,3,01,10,5,0,0,0,1,0,0,0,0
"POINT (13.703440370000067 51.088560520000044)",Unfall 111560 (2020) Kat:3, Licht: 0,111560,3,3,5,01,09,5,1,0,1,1,0,0,0,0
"POINT (13.743035083000052 51.028692497000065)",Unfall 111706 (2020) Kat:3, Licht: 2,111706,3,2,5,01,18,5,0,2,1,1,0,0,0,0
"POINT (13.784392961000037 51.009252660000072)",Unfall 111736 (2020) Kat:2, Licht: 2,111736,2,7,0,01,17,7,1,2,1,0,0,0,0,0
"POINT (13.705100865000077 51.044440898000062)",Unfall 111907 (2020) Kat:3, Licht: 0,111907,3,3,5,01,08,5,0,0,1,1,0,0,0,0
"POINT (13.700060920000055 51.061210393000067)",Unfall 112106 (2020) Kat:3, Licht: 2,112106,3,4,6,01,06,5,1,2,0,1,1,0,0,0
"POINT (13.773209131000044 51.108316717000037)",Unfall 112162 (2020) Kat:3, Licht: 2,112162,3,2,6,01,06,3,1,2,0,1,1,0,0,0
"POINT (13.684332212000072 51.038000109000052)",Unfall 112301 (2020) Kat:3, Licht: 1,112301,3,3,5,01,16,5,1,1,0,1,0,1,0,0
"POINT (13.705109637000021 51.037521237000078)",Unfall 112326 (2020) Kat:3, Licht: 0,112326,3,2,2,01,14,7,1,0,0,1,0,0,0,0
"POINT (13.747010515000056 51.054637378000052)",Unfall 112355 (2020) Kat:3, Licht: 1,112355,3,6,2,01,07,5,1,1,0,1,0,0,0,0
"POINT (13.723204513000042 51.089847145000078)",Unfall 112383 (2020) Kat:3, Licht: 0,112383,3,2,5,01,15,4,0,0,0,1,0,1,0,0
"POINT (13.824391735000063 51.057903877000058)",Unfall 112398 (2020) Kat:3, Licht: 2,112398,3,4,6,01,06,2,0,2,0,1,1,0,0,0
"POINT (13.690524394000022 51.061608167000031)",Unfall 112415 (2020) Kat:3, Licht: 0,112415,3,2,2,01,14,2,0,0,0,1,0,1,0,0
"POINT (13.737840296000059 51.061579348000066)",Unfall 112430 (2020) Kat:3, Licht: 2,112430,3,3,5,01,00,1,0,2,0,1,0,0,0,0
"POINT (13.723733403000040 51.045394613000042)",Unfall 112432 (2020) Kat:3, Licht: 2,112432,3,3,5,01,19,1,0,2,1,1,0,0,0,0
"POINT (13.732815150000022 51.107039690000079)",Unfall 112433 (2020) Kat:3, Licht: 2,112433,3,1,9,01,22,1,1,2,0,1,0,0,0,0
"POINT (13.726303544000075 51.058934389000058)",Unfall 112482 (2020) Kat:3, Licht: 0,112482,3,7,7,01,13,5,0,0,1,0,0,0,0,0
"POINT (13.704476609000039 51.048726163000026)",Unfall 112483 (2020) Kat:3, Licht: 0,112483,3,6,3,01,13,5,0,0,0,1,0,0,0,0
"POINT (13.731801845000064 51.029633104000027)",Unfall 112497 (2020) Kat:3, Licht: 0,112497,3,6,3,01,12,4,0,0,1,0,0,0,0,0
"POINT (13.791059377000067 51.121508812000059)",Unfall 112498 (2020) Kat:3, Licht: 2,112498,3,3,5,01,07,4,1,2,1,1,0,0,0,0
"POINT (13.690199388000053 51.073971672000027)",Unfall 112517 (2020) Kat:3, Licht: 0,112517,3,6,2,01,11,3,0,0,0,1,0,0,0,0
"POINT (13.674305710000056 51.067349852000063)",Unfall 112519 (2020) Kat:2, Licht: 0,112519,2,1,9,01,12,3,0,0,0,1,0,0,0,0
"POINT (13.744639253000059 51.028557302000081)",Unfall 112520 (2020) Kat:1, Licht: 2,112520,1,4,6,01,18,3,0,2,0,1,1,0,0,0
"POINT (13.712000191000072 51.025543521000031)",Unfall 112537 (2020) Kat:3, Licht: 2,112537,3,3,5,01,06,2,1,2,1,1,0,0,0,0
"POINT (13.860552592000033 51.043283981000059)",Unfall 112538 (2020) Kat:2, Licht: 2,112538,2,6,6,01,18,2,0,2,1,0,1,0,0,0
"POINT (13.689678389000051 51.069437145000052)",Unfall 112572 (2020) Kat:3, Licht: 0,112572,3,3,5,01,08,7,0,0,1,1,0,0,0,0
"POINT (13.691955027000063 51.084358456000075)",Unfall 112575 (2020) Kat:2, Licht: 0,112575,2,3,5,01,12,7,0,0,0,1,0,0,0,0
"POINT (13.633358320000070 51.036787680000032)",Unfall 112576 (2020) Kat:3, Licht: 2,112576,3,1,8,01,00,7,0,2,0,0,0,0,0,1
"POINT (13.709392559000037 51.057162744000038)",Unfall 112591 (2020) Kat:3, Licht: 1,112591,3,1,0,01,07,6,2,1,1,0,0,0,0,0
"POINT (13.707671112000071 51.020784139000057)",Unfall 112592 (2020) Kat:3, Licht: 2,112592,3,1,0,01,23,6,1,2,1,0,0,0,0,0
"POINT (13.858069498000077 51.112153812000031)",Unfall 112593 (2020) Kat:3, Licht: 1,112593,3,6,4,01,06,6,2,1,0,1,0,0,0,0
"POINT (13.724872830000038 51.056167449000043)",Unfall 112594 (2020) Kat:2, Licht: 0,112594,2,3,5,01,11,6,0,0,1,1,0,0,0,0
"POINT (13.706118485000047 51.045280158000025)",Unfall 112608 (2020) Kat:3, Licht: 2,112608,3,6,2,01,06,2,1,2,1,1,0,0,0,0
"POINT (13.736720381000055 51.029099325000061)",Unfall 112621 (2020) Kat:2, Licht: 0,112621,2,4,6,01,13,5,0,0,0,0,1,1,0,0
"POINT (13.726090994000060 51.057065244000057)",Unfall 112648 (2020) Kat:3, Licht: 0,112648,3,4,6,01,07,3,0,0,1,0,1,0,0,0