WKT,Name,OBJECTID,UKATEGORIE,UTYP1,UART,UMONAT,USTUNDE,UWOCHENTAG,STRZUSTAND,ULICHTVERH,ISTRAD,ISTPKW,ISTFUSS,ISTKRAD,ISTGKFZ,ISTSONSTIG
"POINT (13.723174817000029 51.089888293000058)",Unfall 112665 (2020) Kat:3, Licht: 2,112665,3,6,2,01,18,2,0,2,1,1,0,0,0,0
"POINT (13.624764673000072 51.067389585000058)",Unfall 112666 (2020) Kat:3, Licht: 1,112666,3,6,3,01,07,2,0,1,0,1,0,0,0,0
"POINT (13.621059567000032 51.038522472000068)",Unfall 112668 (2020) Kat:2, Licht: 2,112668,2,6,2,01,19,2,0,2,0,0,0,0,0,1
"POINT (13.736120796000023 51.108451213000080)",Unfall 112678 (2020) Kat:3, Licht: 1,112678,3,7,2,01,17,1,0,1,0,1,0,0,0,0
"POINT (13.738516681000021 51.109770810000043)",Unfall 112680 (2020) Kat:3, Licht: 2,112680,3,6,2,01,17,1,0,2,0,1,0,0,0,0
"POINT (13.797788914000023 51.141204656000070)",Unfall 112682 (2020) Kat:2, Licht: 0,112682,2,1,0,01,14,1,0,0,1,0,0,0,0,0
"POINT (13.692435029000023 51.083373379000079)",Unfall 112692 (2020) Kat:3, Licht: 0,112692,3,6,1,01,11,7,1,0,0,1,0,0,0,0
"POINT (13.718517570000074 51.039267309000081)",Unfall 112708 (2020) Kat:3, Licht: 0,112708,3,1,0,01,09,6,1,0,1,0,0,0,0,0
"POINT (13.737443761000065 51.029054871000028)",Unfall 112728 (2020) Kat:3, Licht: 2,112728,3,3,5,02,18,1,1,2,1,0,0,0,0,0
"POINT (13.737562216000072 51.087296527000035)",Unfall 112736 (2020) Kat:3, Licht: 2,112736,3,2,2,02,19,1,1,2,0,1,0,0,0,0
"POINT (13.715499297000065 51.036978402000045)",Unfall 112740 (2020) Kat:3, Licht: 2,112740,3,6,2,02,16,1,1,2,0,1,0,0,0,0
"POINT (13.689678397000023 51.069437207000078)",Unfall 112750 (2020) Kat:3, Licht: 0,112750,3,3,5,02,07,2,1,0,0,1,0,0,1,0
"POINT (13.738492076000057 51.044226004000052)",Unfall 112756 (2020) Kat:3, Licht: 2,112756,3,3,5,02,19,3,1,2,1,1,0,0,0,0
"POINT (13.710471482000059 51.061586843000043)",Unfall 112760 (2020) Kat:3, Licht: 0,112760,3,6,2,02,13,6,0,0,0,1,0,0,0,0
"POINT (13.706998793000025 51.041405005000058)",Unfall 112782 (2020) Kat:2, Licht: 0,112782,2,3,5,02,07,6,1,0,1,1,0,0,0,0
"POINT (13.727736774000050 51.084707813000080)",Unfall 112802 (2020) Kat:2, Licht: 2,112802,2,2,6,02,18,7,1,2,0,1,1,0,0,0
"POINT (13.724252216000025 51.073614098000064)",Unfall 112806 (2020) Kat:3, Licht: 0,112806,3,7,2,02,10,4,1,0,0,1,0,0,1,0
"POINT (13.861165349000032 51.015338160000056)",Unfall 112808 (2020) Kat:3, Licht: 2,112808,3,4,6,02,17,3,1,2,0,1,1,0,0,0
"POINT (13.695027813000024 51.060697573000027)",Unfall 112813 (2020) Kat:2, Licht: 2,112813,2,1,8,02,04,7,0,2,0,1,0,0,0,0
"POINT (13.709768918000066 51.084036447000074)",Unfall 112842 (2020) Kat:2, Licht: 0,112842,2,4,6,02,07,2,0,0,0,1,1,0,0,0
"POINT (13.723325828000043 51.074323813000035)",Unfall 112845 (2020) Kat:3, Licht: 0,112845,3,6,3,02,07,6,0,0,1,0,0,0,1,0
"POINT (13.703406006000023 51.088633286000061)",Unfall 112851 (2020) Kat:3, Licht: 0,112851,3,6,2,02,16,5,0,0,0,1,0,0,0,0
"POINT (13.704462537000040 51.050788179000051)",Unfall 112877 (2020) Kat:3, Licht: 2,112877,3,2,5,02,22,7,0,2,0,1,0,0,0,0
"POINT (13.751916027000050 51.062979247000044)",Unfall 112890 (2020) Kat:3, Licht: 2,112890,3,1,0,02,04,3,1,2,1,0,0,0,0,0
"POINT (13.604320132000055 51.093798958000036)",Unfall 112895 (2020) Kat:2, Licht: 0,112895,2,2,5,02,08,7,0,0,0,1,0,0,0,0
"POINT (13.874401026000044 51.070763892000059)",Unfall 112907 (2020) Kat:3, Licht: 2,112907,3,6,8,02,17,3,1,2,0,1,0,0,0,1
"POINT (13.723306205000029 51.103423862000056)",Unfall 112909 (2020) Kat:2, Licht: 0,112909,2,1,8,02,11,5,0,0,0,1,0,0,0,0
"POINT (13.708204674000058 51.058364279000045)",Unfall 112917 (2020) Kat:3, Licht: 0,112917,3,6,2,01,08,6,1,0,0,1,0,0,0,0
"POINT (13.716186814000025 51.077779582000062)",Unfall 112924 (2020) Kat:3, Licht: 0,112924,3,3,5,02,15,6,1,0,1,1,0,0,0,0
"POINT (13.627456569000060 51.036950642000079)",Unfall 112928 (2020) Kat:3, Licht: 0,112928,3,6,3,02,15,2,0,0,0,1,0,0,0,0
"POINT (13.798886473000039 51.164802365000071)",Unfall 112931 (2020) Kat:3, Licht: 0,112931,3,7,8,02,08,1,0,0,0,1,0,0,0,0
"POINT (13.826972424000076 51.125239766000050)",Unfall 112933 (2020) Kat:2, Licht: 0,112933,2,4,6,02,14,6,1,0,0,1,1,0,0,1
"POINT (13.610911505000047 51.056967061000080)",Unfall 112938 (2020) Kat:3, Licht: 0,112938,3,1,9,02,12,6,1,0,0,1,0,0,0,0
"POINT (13.784686459000056 51.114601386000061)",Unfall 112945 (2020) Kat:3, Licht: 2,112945,3,2,5,02,18,3,0,2,0,1,0,0,0,0
"POINT (13.734346679000055 51.040151585000046)",Unfall 112962 (2020) Kat:3, Licht: 0,112962,3,3,5,02,16,3,1,0,1,1,0,0,0,0
"POINT (13.790051091000066 51.119309291000036)",Unfall 112985 (2020) Kat:3, Licht: 2,112985,3,2,6,02,18,2,1,2,0,1,1,0,0,0
"POINT (13.734483695000051 51.061615575000076)",Unfall 113010 (2020) Kat:3, Licht: 0,113010,3,2,5,02,16,4,0,0,1,1,0,0,0,0
"POINT (13.732555829000034 51.108065246000081)",Unfall 113014 (2020) Kat:2, Licht: 0,113014,2,6,2,01,15,5,0,0,0,1,0,0,0,0
"POINT (13.739865762000022 51.064525317000061)",Unfall 113015 (2020) Kat:3, Licht: 0,113015,3,2,5,02,07,5,0,0,1,1,0,0,0,0
"POINT (13.603563183000063 51.062905240000077)",Unfall 113024 (2020) Kat:3, Licht: 0,113024,3,7,0,01,10,5,0,0,0,1,0,0,1,0
"POINT (13.778030438000030 51.067481302000033)",Unfall 113025 (2020) Kat:3, Licht: 0,113025,3,4,6,02,09,6,0,0,0,1,1,0,0,0
"POINT (13.728142782000077 51.084331810000037)",Unfall 113027 (2020) Kat:3, Licht: 2,113027,3,2,6,02,17,6,0,2,0,1,1,0,0,0
"POINT (13.799526763000074 50.998536015000070)",Unfall 113030 (2020) Kat:3, Licht: 0,113030,3,4,6,02,10,4,1,0,0,1,1,0,0,0
"POINT (13.720919188000039 51.092508585000076)",Unfall 113034 (2020) Kat:3, Licht: 0,113034,3,3,5,02,14,1,0,0,0,1,0,0,0,0
"POINT (13.731188082000074 51.024812489000055)",Unfall 113052 (2020) Kat:3, Licht: 0,113052,3,6,2,02,07,3,1,0,0,1,0,1,0,0
"POINT (13.689676430000077 51.069422313000075)",Unfall 113069 (2020) Kat:3, Licht: 0,113069,3,6,2,02,11,3,0,0,0,1,0,0,0,0
"POINT (13.863650154000027 51.065966140000057)",Unfall 113070 (2020) Kat:2, Licht: 0,113070,2,1,8,02,15,4,0,0,0,1,0,0,0,0
"POINT (13.716482942000027 51.077623922000043)",Unfall 113073 (2020) Kat:2, Licht: 1,113073,2,3,5,02,06,7,0,1,1,1,0,0,0,0
"POINT (13.882388362000029 51.060556890000043)",Unfall 113075 (2020) Kat:3, Licht: 0,113075,3,1,3,02,09,7,0,0,1,1,0,0,0,0
"POINT (13.737084992000064 51.063249344000042)",Unfall 113084 (2020) Kat:3, Licht: 2,113084,3,3,5,02,18,3,1,2,0,1,0,0,0,0
"POINT (13.834979268000041 51.058594837000044)",Unfall 113093 (2020) Kat:2, Licht: 2,113093,2,1,4,02,17,2,1,2,0,1,0,0,0,0
"POINT (13.891636658000039 51.002811668000049)",Unfall 113104 (2020) Kat:3, Licht: 2,113104,3,7,8,02,18,2,0,2,0,0,0,1,0,0
"POINT (13.727302153000039 51.058007602000032)",Unfall 113106 (2020) Kat:2, Licht: 2,113106,2,4,6,02,21,2,1,2,0,1,1,0,0,0
"POINT (13.760120393000022 51.023307175000070)",Unfall 113109 (2020) Kat:3, Licht: 0,113109,3,2,5,02,12,6,1,0,1,0,0,0,0,1
"POINT (13.821686557000021 51.063680876000035)",Unfall 113122 (2020) Kat:3, Licht: 0,113122,3,6,0,02,11,3,0,0,0,1,0,0,0,1
"POINT (13.691955911000036 51.084357701000044)",Unfall 113128 (2020) Kat:3, Licht: 2,113128,3,3,5,01,20,4,1,2,0,1,0,0,0,0
"POINT (13.830946896000057 51.061897442000031)",Unfall 113132 (2020) Kat:3, Licht: 0,113132,3,6,2,01,12,4,0,0,0,1,0,0,0,1
"POINT (13.716479158000027 51.077625843000078)",Unfall 113136 (2020) Kat:3, Licht: 2,113136,3,3,5,02,18,3,1,2,1,1,0,0,0,0
"POINT (13.741221582000037 51.046325689000071)",Unfall 113137 (2020) Kat:3, Licht: 0,113137,3,2,2,02,16,3,1,0,0,1,0,0,0,0
"POINT (13.768544505000023 51.065899200000047)",Unfall 113145 (2020) Kat:2, Licht: 2,113145,2,1,8,02,02,1,1,2,0,1,0,0,0,0
"POINT (13.717998432000059 51.038785646000065)",Unfall 113147 (2020) Kat:3, Licht: 2,113147,3,3,5,01,18,4,0,2,0,1,0,0,0,0
"POINT (13.655495518000066 51.048262585000032)",Unfall 113154 (2020) Kat:3, Licht: 0,113154,3,3,5,02,16,3,0,0,0,1,0,0,0,0
"POINT (13.714483983000036 51.079649102000076)",Unfall 113163 (2020) Kat:3, Licht: 0,113163,3,4,6,02,14,5,1,0,0,1,1,0,0,0
"POINT (13.867908978000060 51.061121473000071)",Unfall 113166 (2020) Kat:2, Licht: 0,113166,2,6,2,04,10,3,0,0,0,1,0,0,0,0
"POINT (13.701262275000033 51.091303588000073)",Unfall 113173 (2020) Kat:3, Licht: 0,113173,3,1,0,04,13,5,0,0,1,0,0,0,0,0
"POINT (13.812418513000068 51.063819299000045)",Unfall 113176 (2020) Kat:3, Licht: 1,113176,3,6,2,03,05,4,0,1,0,1,0,0,0,0
"POINT (13.826567293000039 51.062265055000069)",Unfall 113179 (2020) Kat:2, Licht: 0,113179,2,1,0,04,14,3,0,0,1,0,0,0,0,1
"POINT (13.585217633000070 51.045473952000066)",Unfall 113197 (2020) Kat:3, Licht: 0,113197,3,6,4,04,15,7,0,0,1,0,0,0,0,1
"POINT (13.682598311000049 51.061826958000040)",Unfall 113200 (2020) Kat:3, Licht: 0,113200,3,3,5,03,17,6,0,0,1,1,0,0,0,0
"POINT (13.690048068000067 51.073862153000050)",Unfall 113216 (2020) Kat:2, Licht: 0,113216,2,6,2,04,09,2,0,0,0,1,0,1,0,0
"POINT (13.608435992000068 51.041379313000050)",Unfall 113221 (2020) Kat:3, Licht: 0,113221,3,7,3,03,07,5,0,0,0,1,0,0,0,0
"POINT (13.703662631000043 51.050686642000073)",Unfall 113239 (2020) Kat:3, Licht: 0,113239,3,3,5,04,07,4,0,0,0,1,0,0,0,0
"POINT (13.713805542000046 51.080457219000039)",Unfall 113243 (2020) Kat:3, Licht: 0,113243,3,2,2,03,13,2,0,0,0,1,0,0,0,0
"POINT (13.695327339000073 51.043211341000074)",Unfall 113252 (2020) Kat:3, Licht: 0,113252,3,6,2,04,17,4,0,0,0,1,0,1,0,0
"POINT (13.733081086000027 51.076443426000026)",Unfall 113258 (2020) Kat:3, Licht: 0,113258,3,2,5,04,17,2,0,0,1,1,0,0,0,0
"POINT (13.886155202000054 51.062002903000064)",Unfall 113269 (2020) Kat:3, Licht: 0,113269,3,2,5,03,14,4,0,0,1,1,0,0,0,0
"POINT (13.756976336000037 51.025518293000061)",Unfall 113270 (2020) Kat:3, Licht: 0,113270,3,3,5,04,14,3,0,0,0,1,0,0,0,1
"POINT (13.736801468000067 51.063071069000046)",Unfall 113274 (2020) Kat:3, Licht: 2,113274,3,4,6,03,19,3,0,2,0,1,1,0,0,0
"POINT (13.744745912000042 51.117440266000074)",Unfall 113290 (2020) Kat:3, Licht: 0,113290,3,6,2,03,08,3,0,0,0,0,0,0,1,1
"POINT (13.658574663000024 51.079871774000026)",Unfall 113296 (2020) Kat:3, Licht: 0,113296,3,2,5,04,12,5,0,0,0,1,0,0,0,0
"POINT (13.690049285000043 51.074140403000058)",Unfall 113297 (2020) Kat:3, Licht: 0,113297,3,6,2,03,14,4,0,0,0,1,0,0,0,0
"POINT (13.608554637000054 51.033811024000045)",Unfall 113301 (2020) Kat:3, Licht: 0,113301,3,6,2,04,09,3,0,0,0,1,0,0,0,0
"POINT (13.726901850000047 51.059511730000054)",Unfall 113303 (2020) Kat:3, Licht: 0,113303,3,5,1,03,14,3,1,0,1,1,0,0,0,0
"POINT (13.728965641000059 51.059322150000071)",Unfall 113322 (2020) Kat:3, Licht: 0,113322,3,3,5,03,17,6,1,0,1,1,0,0,0,0
"POINT (13.799556681000070 51.143971716000067)",Unfall 113334 (2020) Kat:2, Licht: 0,113334,2,3,5,04,09,4,0,0,1,1,0,0,0,0
"POINT (13.720662784000069 51.049292845000082)",Unfall 113370 (2020) Kat:3, Licht: 2,113370,3,4,6,03,18,3,1,2,0,1,1,0,0,0
"POINT (13.639386569000067 51.070614526000043)",Unfall 113374 (2020) Kat:2, Licht: 2,113374,2,6,2,03,00,3,0,2,0,1,0,0,0,1
"POINT (13.738697190000039 51.044380413000056)",Unfall 113376 (2020) Kat:2, Licht: 0,113376,2,3,5,03,11,3,0,0,1,1,0,0,0,0
"POINT (13.727730628000074 51.084713917000045)",Unfall 113377 (2020) Kat:3, Licht: 2,113377,3,2,5,03,19,3,1,2,1,1,0,0,0,0
"POINT (13.723161010000069 51.033962601000042)",Unfall 113381 (2020) Kat:3, Licht: 0,113381,3,4,6,04,14,2,0,0,0,1,1,0,0,0
"POINT (13.725079419000053 51.056321080000032)",Unfall 113383 (2020) Kat:2, Licht: 2,113383,2,1,0,04,23,3,0,2,0,0,0,1,0,0
"POINT (13.774410656000043 51.111985884000035)",Unfall 113436 (2020) Kat:3, Licht: 0,113436,3,5,1,04,15,3,0,0,1,1,0,0,0,0
"POINT (13.746100303000048 51.057155915000067)",Unfall 113460 (2020) Kat:3, Licht: 0,113460,3,3,5,04,16,4,0,0,0,1,0,0,0,0
"POINT (13.715163555000061 51.078667812000049)",Unfall 113489 (2020) Kat:3, Licht: 2,113489,3,1,8,03,02,1,0,2,0,1,0,0,0,0
"POINT (13.866614584000047 51.103863555000032)",Unfall 113492 (2020) Kat:3, Licht: 0,113492,3,3,5,03,07,6,0,0,0,1,0,0,0,1
"POINT (13.608807546000037 51.033778342000062)",Unfall 113503 (2020) Kat:3, Licht: 0,113503,3,1,8,03,14,2,0,0,0,1,0,0,0,0
"POINT (13.739309416000026 51.073910735000027)",Unfall 113510 (2020) Kat:3, Licht: 0,113510,3,3,5,04,18,5,0,0,0,1,0,0,0,0
"POINT (13.694029894000039 51.012681262000058)",Unfall 113513 (2020) Kat:3, Licht: 0,113513,3,2,2,04,10,4,0,0,0,1,0,0,0,1
"POINT (13.650069653000060 51.083374685000081)",Unfall 113516 (2020) Kat:3, Licht: 0,113516,3,3,0,04,16,6,0,0,1,1,0,0,0,0
"POINT (13.678140151000036 51.049352098000043)",Unfall 113518 (2020) Kat:3, Licht: 0,113518,3,2,5,04,07,2,0,0,1,1,0,0,0,0
"POINT (13.705102881000073 51.044442306000064)",Unfall 113523 (2020) Kat:3, Licht: 0,113523,3,3,5,03,09,6,0,0,1,1,0,0,0,0
"POINT (13.722197072000029 51.054082118000053)",Unfall 113525 (2020) Kat:3, Licht: 2,113525,3,3,5,04,20,6,0,2,0,1,0,0,0,1
"POINT (13.737538064000034 51.087238003000039)",Unfall 113528 (2020) Kat:3, Licht: 0,113528,3,6,3,03,13,7,0,0,1,1,0,0,0,0
"POINT (13.693046494000043 51.042949385000043)",Unfall 113534 (2020) Kat:2, Licht: 0,113534,2,7,0,03,11,1,0,0,0,1,0,0,0,0
"POINT (13.815549205000025 51.084521669000026)",Unfall 113536 (2020) Kat:2, Licht: 0,113536,2,2,5,03,16,1,0,0,0,1,0,1,0,0
"POINT (13.735791218000031 51.072643589000052)",Unfall 113550 (2020) Kat:2, Licht: 0,113550,2,3,5,03,07,6,0,0,1,1,0,0,0,0
"POINT (13.872146128000054 51.046569131000069)",Unfall 113554 (2020) Kat:3, Licht: 0,113554,3,7,0,04,10,5,0,0,1,0,0,0,0,0
"POINT (13.851733961000036 51.061778689000050)",Unfall 113560 (2020) Kat:3, Licht: 0,113560,3,7,0,04,17,3,0,0,0,1,0,1,0,0
"POINT (13.691070030000049 51.042624793000073)",Unfall 113566 (2020) Kat:3, Licht: 2,113566,3,6,2,03,18,2,1,2,0,1,0,0,0,0
"POINT (13.723217933000058 51.033273000000065)",Unfall 113580 (2020) Kat:2, Licht: 0,113580,2,4,6,03,10,2,0,0,0,1,1,0,1,0
"POINT (13.700304076000066 51.016106079000053)",Unfall 113593 (2020) Kat:3, Licht: 0,113593,3,1,0,04,19,4,0,0,1,0,0,0,0,0
"POINT (13.664849809000032 51.031320388000040)",Unfall 113600 (2020) Kat:3, Licht: 0,113600,3,3,5,04,09,2,0,0,1,1,0,0,0,0
"POINT (13.703846688000056 51.017934757000035)",Unfall 113610 (2020) Kat:3, Licht: 0,113610,3,3,5,03,09,6,0,0,0,1,0,0,0,0
"POINT (13.690103304000047 51.072734092000076)",Unfall 113616 (2020) Kat:3, Licht: 0,113616,3,3,5,04,16,7,0,0,1,1,0,0,0,0
"POINT (13.739291698000045 51.068348647000050)",Unfall 113625 (2020) Kat:3, Licht: 0,113625,3,6,3,03,15,2,0,0,1,0,0,0,0,1
"POINT (13.776312443000052 51.110833853000031)",Unfall 113634 (2020) Kat:3, Licht: 0,113634,3,6,3,04,14,4,0,0,1,1,0,0,0,0
"POINT (13.763639401000034 51.087023906000070)",Unfall 113641 (2020) Kat:3, Licht: 0,113641,3,4,6,04,07,2,0,0,1,0,1,0,0,0
"POINT (13.701489421000076 51.091148419000035)",Unfall 113643 (2020) Kat:3, Licht: 0,113643,3,1,0,04,12,3,0,0,1,0,0,0,0,0
"POINT (13.755745569000055 51.026425777000043)",Unfall 113652 (2020) Kat:3, Licht: 0,113652,3,3,2,03,17,4,0,0,0,1,0,0,0,1
"POINT (13.719767447000038 51.094132653000031)",Unfall 113666 (2020) Kat:3, Licht: 0,113666,3,2,5,03,17,2,0,0,1,1,0,0,0,0
"POINT (13.774009175000060 51.112732886000060)",Unfall 113678 (2020) Kat:3, Licht: 0,113678,3,6,2,04,10,5,0,0,0,1,0,0,0,0
"POINT (13.821178241000041 51.063804214000072)",Unfall 113679 (2020) Kat:3, Licht: 0,113679,3,6,2,04,12,5,0,0,0,1,0,0,0,0
"POINT (13.656984417000047 51.080622817000062)",Unfall 113684 (2020) Kat:3, Licht: 0,113684,3,2,5,04,12,3,0,0,0,0,0,1,0,1
"POINT (13.587936382000066 51.062306342000056)",Unfall 113717 (2020) Kat:3, Licht: 2,113717,3,1,0,04,02,4,0,2,0,0,0,0,1,1
"POINT (13.738022110000031 51.089523890000066)",Unfall 113753 (2020) Kat:3, Licht: 2,113753,3,6,6,04,22,7,0,2,0,0,1,0,0,1
"POINT (13.689530745000070 51.069367458000045)",Unfall 113780 (2020) Kat:2, Licht: 0,113780,2,2,6,04,13,6,0,0,0,1,1,0,0,0
"POINT (13.760120314000062 51.023307195000029)",Unfall 113787 (2020) Kat:3, Licht: 0,113787,3,2,0,03,17,4,0,0,1,1,0,0,0,0
"POINT (13.703611498000043 51.050692230000038)",Unfall 113789 (2020) Kat:3, Licht: 0,113789,3,3,5,03,14,1,0,0,0,1,0,0,0,0
"POINT (13.743450432000031 51.064515448000066)",Unfall 113793 (2020) Kat:3, Licht: 0,113793,3,2,5,03,16,4,0,0,1,1,0,0,0,0
"POINT (13.716657514000076 51.037811305000048)",Unfall 113797 (2020) Kat:3, Licht: 0,113797,3,3,5,03,10,4,0,0,1,1,0,0,0,0
"POINT (13.715902785000026 51.036924672000055)",Unfall 113801 (2020) Kat:3, Licht: 0,113801,3,6,2,03,16,7,0,0,0,1,0,0,0,0
"POINT (13.723204513000042 51.089847145000078)",Unfall 113811 (2020) Kat:3, Licht: 0,113811,3,2,4,05,17,1,0,0,0,1,0,1,0,0
"POINT (13.756739420000031 51.063188837000041)",Unfall 113832 (2020) Kat:3, Licht: 0,113832,3,5,0,06,15,5,0,0,0,1,0,0,0,1
"POINT (13.705665011000065 51.044906775000072)",Unfall 113838 (2020) Kat:3, Licht: 0,113838,3,3,5,05,18,2,1,0,0,1,0,0,0,0
"POINT (13.745345051000072 51.048983804000045)",Unfall 113840 (2020) Kat:3, Licht: 2,113840,3,3,5,05,22,2,1,2,0,1,0,0,0,0
"POINT (13.704467821000037 51.050777722000078)",Unfall 113844 (2020) Kat:3, Licht: 1,113844,3,3,5,05,19,2,1,1,0,1,0,0,0,0
"POINT (13.712393431000066 51.102515344000039)",Unfall 113850 (2020) Kat:3, Licht: 0,113850,3,6,2,05,06,6,0,0,0,1,0,0,0,0
"POINT (13.693373601000076 51.011588616000040)",Unfall 113852 (2020) Kat:3, Licht: 0,113852,3,3,5,06,14,2,0,0,0,1,0,1,0,0
"POINT (13.747592973000053 51.067860664000079)",Unfall 113857 (2020) Kat:3, Licht: 0,113857,3,4,0,05,10,5,0,0,0,0,1,1,0,0
"POINT (13.798980235000045 50.998941520000074)",Unfall 113888 (2020) Kat:3, Licht: 0,113888,3,6,3,06,15,2,0,0,1,0,0,0,0,0
"POINT (13.719232138000052 51.095735367000032)",Unfall 113915 (2020) Kat:2, Licht: 0,113915,2,2,5,05,16,6,0,0,1,1,0,0,0,0
"POINT (13.766865348000067 51.094332832000077)",Unfall 113919 (2020) Kat:3, Licht: 2,113919,3,1,0,05,23,7,0,2,1,0,0,0,0,0
"POINT (13.734962293000024 51.061880836000057)",Unfall 113931 (2020) Kat:3, Licht: 0,113931,3,7,0,06,19,4,0,0,1,0,0,0,0,0
"POINT (13.706947565000064 51.084536866000064)",Unfall 113941 (2020) Kat:3, Licht: 0,113941,3,1,0,06,19,4,0,0,1,0,0,0,0,0
"POINT (13.703759722000029 51.050596915000028)",Unfall 113949 (2020) Kat:3, Licht: 2,113949,3,3,5,05,21,7,0,2,0,1,0,0,0,0
"POINT (13.853068859000075 51.062084055000071)",Unfall 113957 (2020) Kat:3, Licht: 0,113957,3,6,2,06,15,3,0,0,0,1,0,1,0,0
"POINT (13.674444501000039 51.067214692000050)",Unfall 113965 (2020) Kat:3, Licht: 0,113965,3,2,5,05,12,1,0,0,0,1,0,0,0,0
"POINT (13.703561465000064 51.034593199000028)",Unfall 113973 (2020) Kat:3, Licht: 0,113973,3,7,0,06,10,2,0,0,1,0,0,0,0,0
"POINT (13.753696701000024 51.074680409000052)",Unfall 113978 (2020) Kat:3, Licht: 0,113978,3,3,5,05,13,5,0,0,1,1,0,0,0,0
"POINT (13.762611379000077 51.064238836000072)",Unfall 113987 (2020) Kat:2, Licht: 0,113987,2,2,5,06,06,5,0,0,0,1,0,0,0,1
"POINT (13.705009253000071 51.036713026000029)",Unfall 113993 (2020) Kat:3, Licht: 0,113993,3,3,5,06,16,7,0,0,1,1,0,0,0,0
"POINT (13.736600194000061 51.063663733000055)",Unfall 114001 (2020) Kat:3, Licht: 0,114001,3,3,5,05,17,2,0,0,1,1,0,0,0,0
"POINT (13.736429246000057 51.042322432000049)",Unfall 114006 (2020) Kat:3, Licht: 0,114006,3,1,0,05,13,6,0,0,1,0,0,0,0,0
"POINT (13.733958868000059 51.065869127000042)",Unfall 114010 (2020) Kat:3, Licht: 0,114010,3,6,2,05,15,6,0,0,0,1,0,0,0,0
"POINT (13.772557217000042 51.107330442000034)",Unfall 114012 (2020) Kat:3, Licht: 0,114012,3,3,5,06,09,2,0,0,1,1,0,0,0,0
"POINT (13.802661561000036 50.987787923000042)",Unfall 114020 (2020) Kat:3, Licht: 0,114020,3,3,5,06,16,6,0,0,1,1,0,0,0,0
"POINT (13.828771156000073 51.058544712000071)",Unfall 114029 (2020) Kat:3, Licht: 0,114029,3,2,5,05,06,2,0,0,1,0,0,0,1,0
"POINT (13.739185817000077 51.065791452000042)",Unfall 114038 (2020) Kat:3, Licht: 0,114038,3,1,0,06,15,1,0,0,0,0,0,1,0,0
"POINT (13.823593977000030 51.085310100000072)",Unfall 114044 (2020) Kat:2, Licht: 0,114044,2,1,9,06,14,5,0,0,0,1,0,0,0,0
"POINT (13.692360638000025 51.083536659000060)",Unfall 114049 (2020) Kat:3, Licht: 0,114049,3,6,0,05,13,6,0,0,0,1,0,1,0,0
"POINT (13.606400700000052 51.033946805000028)",Unfall 114051 (2020) Kat:2, Licht: 0,114051,2,6,2,05,11,4,0,0,0,1,0,0,0,0
"POINT (13.738554564000026 51.068545824000068)",Unfall 114056 (2020) Kat:3, Licht: 0,114056,3,1,0,05,17,5,0,0,1,0,0,0,0,0
"POINT (13.655301813000051 51.048196154000038)",Unfall 114058 (2020) Kat:3, Licht: 0,114058,3,1,1,05,17,5,0,0,0,1,0,1,0,0
"POINT (13.746119297000064 51.057482938000078)",Unfall 114060 (2020) Kat:3, Licht: 0,114060,3,6,2,05,16,5,0,0,0,1,0,0,0,0
"POINT (13.745295866000049 51.048916718000044)",Unfall 114062 (2020) Kat:3, Licht: 0,114062,3,6,1,05,16,5,0,0,0,1,0,0,0,0
"POINT (13.722187781000059 51.054073773000027)",Unfall 114065 (2020) Kat:3, Licht: 0,114065,3,3,5,05,20,5,0,0,1,0,0,0,0,1
"POINT (13.681479329000069 51.035986727000079)",Unfall 114117 (2020) Kat:2, Licht: 0,114117,2,2,0,05,06,3,0,0,1,1,0,0,0,0
"POINT (13.758209402000034 51.078936464000037)",Unfall 114118 (2020) Kat:2, Licht: 0,114118,2,6,2,05,17,4,0,0,0,1,0,0,0,0
"POINT (13.800701679000042 51.149660310000058)",Unfall 114127 (2020) Kat:3, Licht: 0,114127,3,6,2,05,12,2,0,0,0,1,0,0,0,0
"POINT (13.709396122000044 51.084239261000050)",Unfall 114132 (2020) Kat:3, Licht: 0,114132,3,1,0,06,10,2,0,0,1,0,0,0,0,0
"POINT (13.671052234000058 51.016712007000081)",Unfall 114165 (2020) Kat:3, Licht: 0,114165,3,3,5,05,11,4,0,0,0,1,0,1,0,0
"POINT (13.730146453000032 51.032402574000059)",Unfall 114171 (2020) Kat:3, Licht: 0,114171,3,6,2,05,17,6,0,0,0,1,0,0,0,1
"POINT (13.719337621000022 51.095400848000054)",Unfall 114179 (2020) Kat:3, Licht: 0,114179,3,1,0,05,13,5,0,0,1,1,0,0,0,0
"POINT (13.709406277000028 51.057194518000074)",Unfall 114192 (2020) Kat:3, Licht: 0,114192,3,3,5,05,06,2,0,0,0,1,0,0,0,0
"POINT (13.745345051000072 51.048983804000045)",Unfall 114194 (2020) Kat:3, Licht: 2,114194,3,3,5,05,21,2,1,2,0,1,0,0,0,0
"POINT (13.707486084000038 51.084420415000068)",Unfall 114215 (2020) Kat:3, Licht: 0,114215,3,1,0,05,13,1,0,0,1,0,0,0,0,0