WKT,Name,OBJECTID,UKATEGORIE,UTYP1,UART,UMONAT,USTUNDE,UWOCHENTAG,STRZUSTAND,ULICHTVERH,ISTRAD,ISTPKW,ISTFUSS,ISTKRAD,ISTGKFZ,ISTSONSTIG
"POINT (13.747067669000046 51.054488115000026)",Unfall 114219 (2020) Kat:3, Licht: 0,114219,3,6,4,05,14,1,0,0,1,0,0,0,0,0
"POINT (13.691248384000062 51.082182964000026)",Unfall 114222 (2020) Kat:2, Licht: 0,114222,2,1,7,05,11,3,0,0,1,0,0,0,0,0
"POINT (13.645251429000041 51.071345539000049)",Unfall 114241 (2020) Kat:3, Licht: 0,114241,3,1,3,05,15,6,0,0,0,1,0,0,1,0
"POINT (13.785533823000037 51.156671706000054)",Unfall 114261 (2020) Kat:3, Licht: 0,114261,3,6,2,05,15,4,0,0,0,1,0,0,0,1
"POINT (13.646072348000075 51.040641808000032)",Unfall 114268 (2020) Kat:3, Licht: 0,114268,3,3,5,06,07,4,0,0,1,1,0,0,0,0
"POINT (13.706988011000021 51.041409523000027)",Unfall 114278 (2020) Kat:3, Licht: 0,114278,3,3,5,05,15,4,0,0,1,1,0,0,0,0
"POINT (13.706425056000057 51.019254006000040)",Unfall 114286 (2020) Kat:3, Licht: 0,114286,3,1,0,06,20,3,1,0,1,0,0,0,0,0
"POINT (13.747039122000047 51.051850535000028)",Unfall 114295 (2020) Kat:3, Licht: 0,114295,3,6,2,05,11,6,0,0,0,1,0,0,0,1
"POINT (13.714719019000029 51.079329524000059)",Unfall 114297 (2020) Kat:2, Licht: 0,114297,2,6,3,05,11,6,0,0,0,1,0,1,0,0
"POINT (13.638540471000056 51.069270113000073)",Unfall 114302 (2020) Kat:3, Licht: 0,114302,3,3,0,06,07,2,0,0,1,1,0,0,0,0
"POINT (13.704521073000024 51.086357030000045)",Unfall 114307 (2020) Kat:3, Licht: 0,114307,3,3,5,05,16,5,0,0,1,1,0,0,0,0
"POINT (13.708763286000021 51.084352559000081)",Unfall 114310 (2020) Kat:3, Licht: 0,114310,3,1,0,05,10,7,0,0,1,0,0,0,0,0
"POINT (13.746663123000076 51.063794485000074)",Unfall 114315 (2020) Kat:3, Licht: 0,114315,3,4,6,06,09,5,1,0,0,1,1,0,0,0
"POINT (13.723152111000047 51.013121272000035)",Unfall 114319 (2020) Kat:2, Licht: 0,114319,2,1,9,05,11,7,0,0,0,0,0,1,0,0
"POINT (13.807914751000055 51.065122210000027)",Unfall 114324 (2020) Kat:3, Licht: 0,114324,3,1,0,05,14,1,0,0,1,0,0,0,0,0
"POINT (13.752972681000074 51.073886642000048)",Unfall 114326 (2020) Kat:3, Licht: 0,114326,3,3,5,06,17,5,0,0,1,1,0,0,0,0
"POINT (13.730778135000037 51.030047106000040)",Unfall 114333 (2020) Kat:3, Licht: 0,114333,3,3,5,05,09,2,0,0,0,1,0,0,0,0
"POINT (13.734021821000056 51.065816982000058)",Unfall 114336 (2020) Kat:3, Licht: 0,114336,3,3,5,05,09,6,0,0,1,1,0,0,0,0
"POINT (13.694112411000049 51.012759370000026)",Unfall 114338 (2020) Kat:3, Licht: 0,114338,3,2,3,06,18,2,0,0,1,1,0,0,0,0
"POINT (13.875685455000053 51.060373686000048)",Unfall 114339 (2020) Kat:2, Licht: 0,114339,2,6,3,04,17,5,0,0,1,0,0,0,0,1
"POINT (13.815402999000071 51.053808398000058)",Unfall 114375 (2020) Kat:3, Licht: 0,114375,3,3,5,04,13,4,0,0,0,0,0,1,0,1
"POINT (13.835743390000061 51.062181526000074)",Unfall 114380 (2020) Kat:2, Licht: 0,114380,2,1,8,04,18,4,1,0,0,1,0,0,0,0
"POINT (13.734792406000054 51.105146825000077)",Unfall 114384 (2020) Kat:2, Licht: 0,114384,2,1,0,05,18,5,0,0,1,0,0,0,0,0
"POINT (13.783875343000034 51.009643777000065)",Unfall 114388 (2020) Kat:3, Licht: 0,114388,3,3,5,04,06,4,0,0,1,1,0,0,0,0
"POINT (13.741361570000038 51.046390538000026)",Unfall 114428 (2020) Kat:3, Licht: 0,114428,3,6,2,04,09,3,0,0,0,1,0,0,0,0
"POINT (13.688203543000043 51.083220110000070)",Unfall 114430 (2020) Kat:2, Licht: 0,114430,2,6,4,04,18,3,0,0,1,0,0,0,0,0
"POINT (13.735729190000029 51.099709306000079)",Unfall 114432 (2020) Kat:3, Licht: 0,114432,3,3,5,04,13,3,0,0,1,1,0,0,0,0
"POINT (13.743044409000049 51.028691736000042)",Unfall 114443 (2020) Kat:3, Licht: 0,114443,3,3,5,05,11,3,0,0,1,1,0,0,0,0
"POINT (13.700088933000075 51.015992014000062)",Unfall 114444 (2020) Kat:3, Licht: 0,114444,3,1,0,05,19,4,0,0,1,0,0,0,0,0
"POINT (13.622652679000055 51.080881513000065)",Unfall 114457 (2020) Kat:3, Licht: 2,114457,3,7,0,06,22,2,0,2,1,0,0,0,0,0
"POINT (13.771307209000042 51.016070990000060)",Unfall 114472 (2020) Kat:3, Licht: 0,114472,3,2,4,06,11,4,0,0,1,1,0,0,0,0
"POINT (13.823679451000032 51.063129198000070)",Unfall 114477 (2020) Kat:3, Licht: 0,114477,3,7,4,06,13,7,0,0,0,1,0,0,0,0
"POINT (13.726501922000068 51.032106907000070)",Unfall 114494 (2020) Kat:3, Licht: 0,114494,3,3,3,04,08,2,0,0,1,0,0,0,0,1
"POINT (13.766533240000058 51.020728556000051)",Unfall 114495 (2020) Kat:3, Licht: 0,114495,3,1,0,06,06,2,1,0,0,0,0,1,0,0
"POINT (13.671527031000039 51.050132907000034)",Unfall 114525 (2020) Kat:2, Licht: 0,114525,2,6,0,06,16,3,0,0,1,0,0,0,0,0
"POINT (13.641001851000055 51.086493117000032)",Unfall 114527 (2020) Kat:2, Licht: 0,114527,2,6,4,05,12,1,0,0,0,1,0,0,0,0
"POINT (13.766217271000073 51.065253584000061)",Unfall 114535 (2020) Kat:2, Licht: 0,114535,2,3,5,05,15,4,0,0,0,1,0,1,0,0
"POINT (13.841995602000054 51.094506958000068)",Unfall 114540 (2020) Kat:2, Licht: 0,114540,2,2,5,05,13,5,0,0,1,1,0,0,0,0
"POINT (13.702756860000022 51.017372320000050)",Unfall 114600 (2020) Kat:3, Licht: 0,114600,3,1,0,05,12,4,0,0,1,0,0,0,0,0
"POINT (13.773445930000037 51.149003335000032)",Unfall 114609 (2020) Kat:2, Licht: 0,114609,2,7,8,05,12,2,0,0,0,1,0,0,0,0
"POINT (13.685808644000076 51.062313337000035)",Unfall 114613 (2020) Kat:3, Licht: 0,114613,3,7,0,06,14,6,0,0,1,0,0,0,0,0
"POINT (13.798357598000052 51.138627667000037)",Unfall 114616 (2020) Kat:2, Licht: 0,114616,2,3,5,07,11,6,0,0,1,0,0,0,0,0
"POINT (13.684907137000039 51.062168650000046)",Unfall 114623 (2020) Kat:2, Licht: 0,114623,2,3,5,07,14,7,0,0,1,0,0,0,0,1
"POINT (13.738957205000077 51.066889716000048)",Unfall 114629 (2020) Kat:3, Licht: 0,114629,3,1,9,07,07,4,0,0,0,0,0,1,0,0
"POINT (13.762605891000021 51.064237560000038)",Unfall 114632 (2020) Kat:3, Licht: 0,114632,3,2,5,08,16,2,0,0,0,1,0,0,0,0
"POINT (13.715429094000058 51.078302812000061)",Unfall 114643 (2020) Kat:3, Licht: 0,114643,3,6,1,07,15,7,0,0,0,1,0,0,0,0
"POINT (13.711976071000038 51.025557202000073)",Unfall 114645 (2020) Kat:2, Licht: 0,114645,2,2,5,08,07,7,0,0,1,1,0,0,0,0
"POINT (13.714635474000033 51.100133697000047)",Unfall 114652 (2020) Kat:3, Licht: 0,114652,3,6,1,07,17,2,0,0,0,1,0,0,0,0
"POINT (13.886798580000061 51.062946752000073)",Unfall 114683 (2020) Kat:3, Licht: 0,114683,3,4,6,07,15,7,0,0,0,1,1,0,0,0
"POINT (13.668384385000024 51.072885583000073)",Unfall 114684 (2020) Kat:3, Licht: 0,114684,3,6,2,07,15,4,1,0,0,1,0,0,0,0
"POINT (13.827681450000057 51.085251139000036)",Unfall 114685 (2020) Kat:3, Licht: 0,114685,3,1,8,07,13,4,1,0,0,1,0,0,0,0
"POINT (13.731376968000063 51.080691821000073)",Unfall 114689 (2020) Kat:2, Licht: 0,114689,2,6,0,06,17,5,0,0,0,0,0,1,0,0
"POINT (13.768825935000052 51.098843496000029)",Unfall 114696 (2020) Kat:3, Licht: 0,114696,3,1,0,06,20,5,0,0,1,0,0,0,0,0
"POINT (13.740250185000036 51.064666467000052)",Unfall 114701 (2020) Kat:3, Licht: 0,114701,3,2,2,06,17,5,0,0,0,1,0,0,0,0
"POINT (13.760105647000046 51.023310914000035)",Unfall 114704 (2020) Kat:3, Licht: 0,114704,3,2,5,06,14,5,0,0,1,1,0,0,0,0
"POINT (13.687932481000075 51.061977365000075)",Unfall 114708 (2020) Kat:3, Licht: 1,114708,3,2,4,06,19,5,0,1,1,1,0,0,0,0
"POINT (13.674924449000059 51.073924156000032)",Unfall 114726 (2020) Kat:3, Licht: 0,114726,3,6,2,08,12,1,0,0,0,1,0,0,0,0
"POINT (13.747316558000023 51.063632128000052)",Unfall 114734 (2020) Kat:3, Licht: 0,114734,3,4,6,07,15,2,0,0,0,0,1,0,0,1
"POINT (13.748460064000028 51.128254626000057)",Unfall 114739 (2020) Kat:3, Licht: 0,114739,3,6,3,07,15,4,0,0,0,1,0,0,1,0
"POINT (13.786331233000055 51.115445713000042)",Unfall 114751 (2020) Kat:3, Licht: 0,114751,3,7,0,06,12,3,0,0,1,0,0,0,0,0
"POINT (13.718954681000071 51.096630046000030)",Unfall 114779 (2020) Kat:3, Licht: 0,114779,3,3,5,07,18,3,0,0,1,1,0,0,0,0
"POINT (13.726858808000031 51.031947897000066)",Unfall 114788 (2020) Kat:2, Licht: 0,114788,2,2,5,07,19,5,0,0,1,1,0,0,0,0
"POINT (13.760095065000030 51.023313598000072)",Unfall 114801 (2020) Kat:3, Licht: 0,114801,3,2,0,07,12,7,0,0,1,1,0,0,0,0
"POINT (13.744620867000037 51.048968500000058)",Unfall 114803 (2020) Kat:3, Licht: 0,114803,3,6,3,07,18,3,0,0,0,1,0,0,1,0
"POINT (13.712492254000040 51.102406431000077)",Unfall 114805 (2020) Kat:1, Licht: 0,114805,1,3,5,07,14,5,0,0,0,1,0,0,1,0
"POINT (13.613389591000043 51.088659154000027)",Unfall 114815 (2020) Kat:3, Licht: 0,114815,3,3,5,06,06,4,0,0,0,1,0,0,0,0
"POINT (13.732650495000030 51.029570875000047)",Unfall 114819 (2020) Kat:3, Licht: 0,114819,3,3,5,06,06,4,0,0,1,1,0,0,0,0
"POINT (13.734343531000036 51.040147411000078)",Unfall 114834 (2020) Kat:3, Licht: 0,114834,3,3,5,07,08,5,1,0,1,1,0,0,0,0
"POINT (13.770974781000064 51.016462761000071)",Unfall 114837 (2020) Kat:3, Licht: 0,114837,3,6,2,07,14,2,0,0,0,1,0,0,0,0
"POINT (13.633350557000028 51.034580004000077)",Unfall 114843 (2020) Kat:3, Licht: 0,114843,3,3,5,07,11,6,0,0,0,1,0,0,0,0
"POINT (13.852701423000042 51.062003375000074)",Unfall 114854 (2020) Kat:3, Licht: 0,114854,3,7,0,07,08,3,0,0,0,1,0,0,0,0
"POINT (13.726812257000063 51.059426166000037)",Unfall 114856 (2020) Kat:3, Licht: 0,114856,3,1,0,07,13,4,0,0,1,0,0,0,0,0
"POINT (13.822647926000059 51.056951432000062)",Unfall 114858 (2020) Kat:3, Licht: 2,114858,3,1,0,07,03,4,0,2,1,0,0,0,0,0
"POINT (13.809286246000056 51.064779734000069)",Unfall 114861 (2020) Kat:3, Licht: 0,114861,3,1,8,08,09,2,1,0,0,1,0,0,0,0
"POINT (13.793808311000078 51.161624866000068)",Unfall 114868 (2020) Kat:2, Licht: 0,114868,2,6,2,07,12,6,0,0,0,1,0,0,0,1
"POINT (13.718584068000041 51.039489842000080)",Unfall 114927 (2020) Kat:3, Licht: 0,114927,3,2,5,06,18,3,0,0,1,1,0,0,0,0
"POINT (13.690044228000033 51.073770340000067)",Unfall 114932 (2020) Kat:3, Licht: 0,114932,3,2,2,06,16,3,0,0,1,0,0,0,0,1
"POINT (13.748122813000066 51.068527824000057)",Unfall 114935 (2020) Kat:3, Licht: 0,114935,3,4,6,06,15,3,0,0,0,0,1,1,0,0
"POINT (13.739337763000037 51.077719853000076)",Unfall 114939 (2020) Kat:3, Licht: 0,114939,3,1,8,06,13,3,0,0,0,1,0,0,0,0
"POINT (13.703907261000040 51.017966017000049)",Unfall 114945 (2020) Kat:2, Licht: 0,114945,2,2,5,06,17,3,0,0,0,1,0,0,0,0
"POINT (13.889509439000051 51.064563222000061)",Unfall 114949 (2020) Kat:3, Licht: 0,114949,3,6,2,07,15,2,0,0,0,1,0,0,0,0
"POINT (13.703587843000037 51.034626301000060)",Unfall 114970 (2020) Kat:3, Licht: 0,114970,3,2,4,07,19,1,0,0,1,1,0,0,0,0
"POINT (13.705129090000071 51.085221739000076)",Unfall 114979 (2020) Kat:3, Licht: 0,114979,3,6,1,07,14,2,0,0,0,1,0,0,0,0
"POINT (13.701697703000036 51.030920975000072)",Unfall 114984 (2020) Kat:3, Licht: 0,114984,3,1,0,07,06,4,0,0,0,0,0,1,0,0
"POINT (13.784712599000045 51.114614023000058)",Unfall 115007 (2020) Kat:3, Licht: 0,115007,3,3,5,07,18,3,0,0,1,1,0,0,0,0
"POINT (13.696249068000043 51.022404433000077)",Unfall 115011 (2020) Kat:3, Licht: 0,115011,3,3,5,07,16,5,0,0,1,1,0,0,0,0
"POINT (13.744797706000043 51.049174534000031)",Unfall 115016 (2020) Kat:3, Licht: 0,115016,3,2,5,07,07,5,0,0,1,0,0,0,0,0
"POINT (13.636507978000054 51.087281951000080)",Unfall 115020 (2020) Kat:3, Licht: 0,115020,3,2,4,07,14,6,0,0,0,1,0,0,0,0
"POINT (13.612708211000040 51.038007569000058)",Unfall 115022 (2020) Kat:3, Licht: 0,115022,3,6,2,07,18,6,0,0,0,1,0,1,0,0
"POINT (13.615094253000052 51.038536989000079)",Unfall 115024 (2020) Kat:3, Licht: 0,115024,3,6,2,06,08,2,0,0,0,1,0,0,0,0
"POINT (13.633351535000031 51.034578667000062)",Unfall 115027 (2020) Kat:3, Licht: 0,115027,3,3,5,06,08,2,0,0,0,1,0,0,0,0
"POINT (13.750198494000074 51.063183800000047)",Unfall 115028 (2020) Kat:2, Licht: 0,115028,2,6,2,06,14,2,0,0,0,1,0,0,0,0
"POINT (13.738957850000077 51.066999844000065)",Unfall 115031 (2020) Kat:3, Licht: 0,115031,3,1,9,06,19,2,0,0,0,0,0,1,0,0
"POINT (13.689319545000046 51.067826794000041)",Unfall 115032 (2020) Kat:3, Licht: 0,115032,3,6,1,07,08,5,0,0,0,1,0,0,1,0
"POINT (13.705813032000037 51.018939938000074)",Unfall 115035 (2020) Kat:3, Licht: 0,115035,3,1,0,06,08,2,0,0,0,0,0,1,0,0
"POINT (13.706999663000033 51.041404640000053)",Unfall 115039 (2020) Kat:3, Licht: 0,115039,3,3,5,07,06,4,0,0,1,1,0,0,0,0
"POINT (13.693465084000024 51.061081145000060)",Unfall 115041 (2020) Kat:3, Licht: 0,115041,3,3,5,06,16,2,0,0,1,1,0,0,0,0
"POINT (13.863825734000045 51.103743715000064)",Unfall 115049 (2020) Kat:3, Licht: 0,115049,3,1,0,07,16,5,1,0,0,0,0,1,0,0
"POINT (13.786767111000074 51.115822000000037)",Unfall 115051 (2020) Kat:2, Licht: 0,115051,2,2,5,06,07,3,0,0,0,1,0,0,0,0
"POINT (13.712787760000026 51.039119906000053)",Unfall 115056 (2020) Kat:3, Licht: 0,115056,3,7,0,07,17,6,0,0,1,0,0,0,0,0
"POINT (13.741221582000037 51.046325689000071)",Unfall 115072 (2020) Kat:3, Licht: 0,115072,3,6,2,06,17,1,0,0,0,1,0,0,0,0
"POINT (13.826967331000048 50.986109328000055)",Unfall 115074 (2020) Kat:2, Licht: 0,115074,2,3,5,07,11,2,0,0,0,1,0,1,0,0
"POINT (13.756922492000058 51.025397752000060)",Unfall 115077 (2020) Kat:3, Licht: 0,115077,3,7,0,07,10,6,0,0,1,0,0,0,0,0
"POINT (13.748746992000065 51.129143350000049)",Unfall 115082 (2020) Kat:2, Licht: 0,115082,2,6,3,06,10,2,0,0,0,1,0,0,1,0
"POINT (13.851042662000054 51.061638828000071)",Unfall 115092 (2020) Kat:2, Licht: 0,115092,2,1,0,07,12,7,0,0,1,0,0,0,0,0
"POINT (13.728514830000051 51.083973762000028)",Unfall 115094 (2020) Kat:3, Licht: 0,115094,3,3,5,07,11,4,1,0,0,1,0,0,0,0
"POINT (13.747045156000070 51.063693325000031)",Unfall 115101 (2020) Kat:3, Licht: 0,115101,3,4,3,07,11,7,0,0,0,1,1,1,0,0
"POINT (13.692691411000055 51.080021920000036)",Unfall 115103 (2020) Kat:3, Licht: 2,115103,3,6,4,07,22,3,0,2,1,0,0,0,0,0
"POINT (13.668450277000034 51.072803351000061)",Unfall 115107 (2020) Kat:3, Licht: 0,115107,3,6,2,07,06,4,0,0,1,1,0,0,0,0
"POINT (13.723204513000042 51.089847145000078)",Unfall 115110 (2020) Kat:3, Licht: 0,115110,3,2,4,08,08,2,1,0,0,1,0,0,0,0
"POINT (13.727941825000073 51.113229912000065)",Unfall 115130 (2020) Kat:3, Licht: 0,115130,3,4,6,07,07,2,0,0,0,1,1,0,0,0
"POINT (13.732869238000035 51.077995081000040)",Unfall 115145 (2020) Kat:3, Licht: 0,115145,3,3,5,07,14,7,0,0,1,1,0,0,0,0
"POINT (13.682765346000053 51.020913251000081)",Unfall 115155 (2020) Kat:3, Licht: 2,115155,3,1,9,06,00,7,1,2,0,1,0,0,0,0
"POINT (13.728669776000061 51.059085985000081)",Unfall 115159 (2020) Kat:2, Licht: 0,115159,2,7,0,06,13,7,0,0,1,0,0,0,0,0
"POINT (13.755562768000061 51.076666129000046)",Unfall 115164 (2020) Kat:3, Licht: 2,115164,3,3,5,06,22,7,0,2,0,1,0,0,0,0
"POINT (13.847639172000072 51.061824032000061)",Unfall 115166 (2020) Kat:2, Licht: 0,115166,2,1,0,07,11,1,1,0,0,0,0,1,0,0
"POINT (13.753356454000027 51.062904877000051)",Unfall 115199 (2020) Kat:3, Licht: 1,115199,3,6,2,07,18,4,0,1,0,1,0,0,0,0
"POINT (13.596481296000036 51.062554357000067)",Unfall 115207 (2020) Kat:3, Licht: 0,115207,3,3,5,08,11,1,0,0,0,1,0,0,0,0
"POINT (13.916214264000075 51.061091881000038)",Unfall 115215 (2020) Kat:2, Licht: 0,115215,2,1,9,07,06,2,1,0,0,0,0,1,0,0
"POINT (13.731347557000049 51.034621829000059)",Unfall 115232 (2020) Kat:3, Licht: 0,115232,3,7,0,06,18,3,0,0,1,0,0,0,0,0
"POINT (13.701478009000027 51.091156214000080)",Unfall 115234 (2020) Kat:3, Licht: 0,115234,3,1,0,06,06,6,1,0,1,0,0,0,0,0
"POINT (13.693718748000038 51.043036804000053)",Unfall 115251 (2020) Kat:3, Licht: 0,115251,3,1,0,07,14,2,0,0,1,0,0,0,0,0
"POINT (13.706947565000064 51.084536866000064)",Unfall 115256 (2020) Kat:2, Licht: 0,115256,2,2,5,07,18,3,0,0,1,1,0,0,0,0
"POINT (13.795279358000073 50.980706546000079)",Unfall 115265 (2020) Kat:3, Licht: 0,115265,3,3,5,07,15,5,0,0,1,1,0,0,0,0
"POINT (13.655274768000027 51.081417486000078)",Unfall 115280 (2020) Kat:3, Licht: 0,115280,3,2,5,07,07,3,0,0,0,1,0,1,0,0
"POINT (13.721044895000034 51.092377897000063)",Unfall 115282 (2020) Kat:3, Licht: 0,115282,3,5,1,07,17,5,0,0,1,1,0,0,0,0
"POINT (13.820351272000039 51.056276384000057)",Unfall 115288 (2020) Kat:3, Licht: 0,115288,3,5,1,07,08,6,0,0,1,1,0,0,0,0
"POINT (13.766753703000063 51.020680691000052)",Unfall 115301 (2020) Kat:2, Licht: 1,115301,2,1,0,06,20,5,1,1,0,0,0,1,0,0
"POINT (13.589366533000032 51.062167993000060)",Unfall 115304 (2020) Kat:2, Licht: 0,115304,2,6,2,06,08,5,0,0,0,1,0,0,1,0
"POINT (13.746865331000038 51.051610957000037)",Unfall 115306 (2020) Kat:3, Licht: 0,115306,3,6,3,07,09,2,0,0,0,1,0,0,0,0
"POINT (13.704528633000052 51.040028480000046)",Unfall 115311 (2020) Kat:2, Licht: 0,115311,2,3,5,07,06,3,0,0,1,1,0,0,0,0
"POINT (13.771555013000068 51.015728046000049)",Unfall 115312 (2020) Kat:3, Licht: 0,115312,3,3,5,06,11,5,0,0,1,1,0,0,0,0
"POINT (13.745634187000064 51.049306526000066)",Unfall 115315 (2020) Kat:3, Licht: 0,115315,3,6,2,07,16,5,0,0,0,1,0,1,0,0
"POINT (13.602711097000054 51.062464637000062)",Unfall 115316 (2020) Kat:3, Licht: 2,115316,3,1,9,06,00,5,0,2,0,1,0,0,0,0
"POINT (13.742022111000040 51.064675077000061)",Unfall 115326 (2020) Kat:3, Licht: 0,115326,3,3,5,07,10,6,0,0,0,1,0,0,0,1
"POINT (13.868855491000033 51.103711410000074)",Unfall 115339 (2020) Kat:2, Licht: 0,115339,2,1,4,07,17,4,1,0,0,1,0,0,0,0
"POINT (13.730042271000059 51.060151979000068)",Unfall 115342 (2020) Kat:3, Licht: 0,115342,3,6,2,08,16,2,0,0,0,1,0,1,0,0
"POINT (13.708041536000053 51.084368251000058)",Unfall 115349 (2020) Kat:3, Licht: 0,115349,3,1,1,07,19,6,0,0,1,1,0,0,0,0
"POINT (13.745617389000074 51.057207320000032)",Unfall 115350 (2020) Kat:3, Licht: 0,115350,3,6,0,07,10,3,0,0,1,0,0,0,0,0
"POINT (13.722636966000039 51.033467774000030)",Unfall 115362 (2020) Kat:3, Licht: 0,115362,3,3,5,07,14,2,0,0,1,1,0,0,0,0
"POINT (13.727777271000036 51.060175928000035)",Unfall 115376 (2020) Kat:3, Licht: 0,115376,3,6,1,06,13,4,0,0,0,1,0,1,0,0
"POINT (13.748182979000035 51.126465394000036)",Unfall 115380 (2020) Kat:2, Licht: 0,115380,2,6,2,07,09,6,0,0,0,0,0,0,1,0
"POINT (13.812352082000075 51.063872400000037)",Unfall 115384 (2020) Kat:3, Licht: 0,115384,3,6,2,06,09,4,0,0,0,1,0,0,0,0
"POINT (13.720420340000032 51.051231506000079)",Unfall 115386 (2020) Kat:3, Licht: 0,115386,3,3,5,06,15,4,0,0,1,1,0,0,0,0
"POINT (13.714754534000065 51.079280038000036)",Unfall 115389 (2020) Kat:3, Licht: 0,115389,3,1,0,06,14,4,0,0,1,0,0,0,0,0
"POINT (13.733487049000075 51.039371579000033)",Unfall 115394 (2020) Kat:3, Licht: 0,115394,3,1,0,07,14,7,0,0,1,0,0,0,0,0
"POINT (13.823197667000045 51.057512322000036)",Unfall 115396 (2020) Kat:3, Licht: 0,115396,3,1,0,07,06,4,1,0,1,0,0,0,0,0
"POINT (13.736361529000021 51.062784671000031)",Unfall 115402 (2020) Kat:3, Licht: 0,115402,3,1,0,07,09,1,0,0,1,0,0,0,0,0
"POINT (13.798088234000033 51.065963246000081)",Unfall 115415 (2020) Kat:3, Licht: 0,115415,3,4,6,07,15,1,0,0,1,0,1,0,0,0
"POINT (13.700150695000048 51.016024759000061)",Unfall 115432 (2020) Kat:2, Licht: 0,115432,2,1,0,06,12,3,0,0,1,0,0,0,0,0
"POINT (13.755377137000039 51.076483603000042)",Unfall 115436 (2020) Kat:3, Licht: 0,115436,3,2,5,06,14,3,0,0,1,1,0,0,0,0
"POINT (13.693299499000034 51.022675494000055)",Unfall 115444 (2020) Kat:3, Licht: 0,115444,3,6,4,07,19,5,0,0,1,0,0,0,0,0
"POINT (13.733720640000058 51.039672878000033)",Unfall 115446 (2020) Kat:2, Licht: 0,115446,2,1,0,07,13,2,0,0,0,0,0,1,0,0
"POINT (13.743119089000061 51.047218133000058)",Unfall 115458 (2020) Kat:3, Licht: 0,115458,3,2,5,07,08,3,0,0,1,1,0,0,0,0
"POINT (13.689474912000037 51.067173189000073)",Unfall 115467 (2020) Kat:3, Licht: 0,115467,3,6,2,07,15,4,0,0,1,0,0,0,0,0
"POINT (13.741760151000051 51.028905689000055)",Unfall 115491 (2020) Kat:2, Licht: 0,115491,2,3,5,07,14,3,0,0,1,0,0,0,0,0
"POINT (13.843415736000054 51.059643009000069)",Unfall 115500 (2020) Kat:3, Licht: 0,115500,3,2,5,07,15,5,0,0,1,1,0,0,0,0
"POINT (13.689521201000048 51.068003855000029)",Unfall 115506 (2020) Kat:3, Licht: 0,115506,3,2,5,07,17,6,0,0,1,1,0,0,0,0
"POINT (13.736798042000032 51.093538669000054)",Unfall 115513 (2020) Kat:3, Licht: 2,115513,3,1,0,07,00,7,1,2,1,0,0,0,0,0
"POINT (13.702003541000067 51.032516858000065)",Unfall 115517 (2020) Kat:3, Licht: 0,115517,3,3,5,07,10,5,0,0,0,1,0,0,0,0
"POINT (13.732074930000067 51.079376377000074)",Unfall 115518 (2020) Kat:3, Licht: 0,115518,3,6,0,07,15,4,1,0,0,1,0,0,0,0
"POINT (13.743328828000074 51.124847056000078)",Unfall 115526 (2020) Kat:3, Licht: 0,115526,3,6,2,07,13,3,0,0,0,1,0,0,0,0
"POINT (13.743523806000042 51.028766429000029)",Unfall 115529 (2020) Kat:3, Licht: 2,115529,3,1,0,07,01,5,0,2,0,0,0,0,0,1
"POINT (13.768310864000057 51.019794656000045)",Unfall 115539 (2020) Kat:3, Licht: 0,115539,3,3,5,06,14,2,0,0,1,1,0,0,0,0
"POINT (13.737049042000024 51.063237977000028)",Unfall 115543 (2020) Kat:3, Licht: 0,115543,3,2,5,06,09,2,0,0,1,1,0,0,0,0
"POINT (13.732395339000050 51.077607843000067)",Unfall 115546 (2020) Kat:3, Licht: 0,115546,3,2,5,07,11,5,0,0,1,1,0,0,0,0
"POINT (13.719765768000059 51.094137218000071)",Unfall 115547 (2020) Kat:3, Licht: 0,115547,3,2,3,06,17,2,0,0,1,1,0,0,0,0
"POINT (13.726540092000050 51.032089324000026)",Unfall 115555 (2020) Kat:3, Licht: 0,115555,3,3,5,07,12,6,0,0,1,1,0,0,0,0
"POINT (13.737528378000036 51.087214538000069)",Unfall 115561 (2020) Kat:3, Licht: 0,115561,3,6,2,07,16,5,0,0,0,1,0,0,0,0
"POINT (13.705648874000076 51.018856233000065)",Unfall 115569 (2020) Kat:2, Licht: 1,115569,2,1,0,07,03,7,0,1,1,0,0,0,0,0
"POINT (13.635426473000052 51.069867145000046)",Unfall 115570 (2020) Kat:2, Licht: 0,115570,2,6,3,07,14,4,1,0,0,1,0,0,1,1
"POINT (13.786201230000074 51.067950665000069)",Unfall 115573 (2020) Kat:3, Licht: 0,115573,3,3,5,08,11,2,0,0,1,1,0,0,0,0
"POINT (13.824943376000022 51.058027223000067)",Unfall 115579 (2020) Kat:3, Licht: 0,115579,3,3,0,07,10,6,0,0,1,1,0,0,0,0
"POINT (13.845355500000039 51.061834927000064)",Unfall 115582 (2020) Kat:2, Licht: 0,115582,2,1,0,06,09,1,1,0,1,0,0,0,0,0
"POINT (13.724465368000040 51.033027570000058)",Unfall 115625 (2020) Kat:3, Licht: 0,115625,3,6,2,07,15,4,1,0,0,1,0,0,0,1
"POINT (13.655370185000038 51.081378993000044)",Unfall 115644 (2020) Kat:1, Licht: 0,115644,1,1,4,07,16,1,0,0,0,1,0,0,0,1