WKT,Name,OBJECTID,UKATEGORIE,UTYP1,UART,UMONAT,USTUNDE,UWOCHENTAG,STRZUSTAND,ULICHTVERH,ISTRAD,ISTPKW,ISTFUSS,ISTKRAD,ISTGKFZ,ISTSONSTIG
"POINT (13.708812101000035 51.058283665000033)",Unfall 115655 (2020) Kat:3, Licht: 0,115655,3,6,2,06,11,7,0,0,0,1,0,0,0,0
"POINT (13.786767111000074 51.115822000000037)",Unfall 115663 (2020) Kat:2, Licht: 0,115663,2,2,5,06,11,7,0,0,1,0,0,0,0,1
"POINT (13.678232828000034 51.049415990000057)",Unfall 115681 (2020) Kat:3, Licht: 0,115681,3,6,2,08,17,1,1,0,0,1,0,0,0,1
"POINT (13.751862921000054 51.062981905000072)",Unfall 115689 (2020) Kat:3, Licht: 0,115689,3,6,1,07,15,2,0,0,0,1,0,0,0,0
"POINT (13.728242028000068 51.031375418000039)",Unfall 115694 (2020) Kat:3, Licht: 0,115694,3,6,2,07,17,4,0,0,0,1,0,0,0,0
"POINT (13.680452981000030 51.062102414000037)",Unfall 115705 (2020) Kat:3, Licht: 0,115705,3,3,5,06,18,3,0,0,1,1,0,0,0,0
"POINT (13.815447048000067 51.053786706000039)",Unfall 115716 (2020) Kat:3, Licht: 0,115716,3,1,0,07,07,3,1,0,1,0,0,0,0,0
"POINT (13.655514029000074 51.048268447000055)",Unfall 115720 (2020) Kat:3, Licht: 0,115720,3,2,4,07,13,5,0,0,0,1,0,1,0,0
"POINT (13.749021486000061 51.130026784000052)",Unfall 115723 (2020) Kat:2, Licht: 0,115723,2,6,3,07,12,2,0,0,0,1,0,0,1,0
"POINT (13.693290811000054 51.022675614000036)",Unfall 115740 (2020) Kat:3, Licht: 0,115740,3,6,4,07,19,5,0,0,1,0,0,0,0,0
"POINT (13.745868852000058 51.049587656000028)",Unfall 115756 (2020) Kat:3, Licht: 0,115756,3,2,5,07,17,5,0,0,1,1,0,0,0,0
"POINT (13.680453064000062 51.062102377000031)",Unfall 115757 (2020) Kat:2, Licht: 0,115757,2,3,5,07,13,5,0,0,1,0,0,0,0,1
"POINT (13.746977797000056 51.066040264000037)",Unfall 115764 (2020) Kat:3, Licht: 1,115764,3,3,5,07,18,6,0,1,1,1,0,0,0,0
"POINT (13.684298639000076 51.021222256000044)",Unfall 115777 (2020) Kat:3, Licht: 0,115777,3,1,4,06,18,6,0,0,1,0,0,0,0,0
"POINT (13.759526615000027 51.023646774000042)",Unfall 115780 (2020) Kat:3, Licht: 0,115780,3,7,0,06,13,6,0,0,1,0,0,0,0,0
"POINT (13.770188857000051 51.102418536000073)",Unfall 115782 (2020) Kat:2, Licht: 0,115782,2,1,0,07,14,2,0,0,1,0,0,0,0,0
"POINT (13.688468482000076 51.061925065000025)",Unfall 115784 (2020) Kat:3, Licht: 0,115784,3,1,0,06,18,6,0,0,1,0,0,0,0,0
"POINT (13.724421443000040 51.033047454000041)",Unfall 115785 (2020) Kat:3, Licht: 0,115785,3,3,1,07,13,6,0,0,1,1,0,0,0,0
"POINT (13.705566877000024 51.084902990000046)",Unfall 115786 (2020) Kat:3, Licht: 0,115786,3,3,5,06,18,6,0,0,0,1,0,1,0,0
"POINT (13.904939513000045 50.997120273000064)",Unfall 115800 (2020) Kat:3, Licht: 0,115800,3,7,4,08,14,6,0,0,0,1,0,0,1,0
"POINT (13.866450620000023 51.103873003000047)",Unfall 115827 (2020) Kat:3, Licht: 0,115827,3,6,2,08,13,3,0,0,0,1,0,0,0,0
"POINT (13.799942140000041 50.998439924000081)",Unfall 115836 (2020) Kat:3, Licht: 0,115836,3,6,2,08,06,3,1,0,0,1,0,0,0,0
"POINT (13.804953873000045 51.065596181000046)",Unfall 115837 (2020) Kat:3, Licht: 0,115837,3,1,0,09,16,4,1,0,0,0,0,1,0,0
"POINT (13.749020440000038 51.130023370000060)",Unfall 115848 (2020) Kat:3, Licht: 0,115848,3,6,3,08,09,3,0,0,0,1,0,0,1,0
"POINT (13.762788930000056 51.064280430000053)",Unfall 115850 (2020) Kat:3, Licht: 0,115850,3,2,5,09,17,4,0,0,1,1,0,0,0,0
"POINT (13.733992204000060 51.040014489000043)",Unfall 115854 (2020) Kat:3, Licht: 0,115854,3,1,0,09,08,3,0,0,1,0,0,0,0,0
"POINT (13.723571988000060 51.055176347000042)",Unfall 115883 (2020) Kat:3, Licht: 0,115883,3,6,2,10,15,6,0,0,0,1,0,0,0,0
"POINT (13.730920146000074 51.118048209000051)",Unfall 115890 (2020) Kat:3, Licht: 2,115890,3,2,5,09,22,6,0,2,0,1,0,0,0,0
"POINT (13.843080984000039 51.061984198000061)",Unfall 115898 (2020) Kat:3, Licht: 0,115898,3,6,2,09,08,5,0,0,0,1,0,0,0,0
"POINT (13.710092253000028 51.026634374000082)",Unfall 115915 (2020) Kat:2, Licht: 0,115915,2,3,5,09,13,6,0,0,0,1,0,1,0,0
"POINT (13.757014526000034 51.025492504000056)",Unfall 115919 (2020) Kat:3, Licht: 0,115919,3,6,2,09,10,5,0,0,0,1,0,0,0,0
"POINT (13.749487478000049 51.123013788000037)",Unfall 115928 (2020) Kat:3, Licht: 2,115928,3,7,0,10,22,2,0,2,1,0,0,0,0,0
"POINT (13.766216219000057 51.093385788000035)",Unfall 115944 (2020) Kat:3, Licht: 0,115944,3,6,2,09,07,6,1,0,1,0,0,0,0,0
"POINT (13.614272383000070 51.059391489000063)",Unfall 115946 (2020) Kat:2, Licht: 0,115946,2,1,8,08,11,2,0,0,0,0,0,1,0,0
"POINT (13.748747194000032 51.129143972000065)",Unfall 115948 (2020) Kat:3, Licht: 0,115948,3,6,3,08,13,2,0,0,0,1,0,0,1,0
"POINT (13.746690777000026 51.051373628000078)",Unfall 115958 (2020) Kat:3, Licht: 0,115958,3,2,5,08,16,2,1,0,0,0,0,1,0,1
"POINT (13.828663415000051 51.058538427000030)",Unfall 115997 (2020) Kat:3, Licht: 0,115997,3,4,6,10,17,2,0,0,0,1,1,0,0,0
"POINT (13.701626628000042 51.091054689000032)",Unfall 116014 (2020) Kat:3, Licht: 0,116014,3,1,0,10,12,5,0,0,1,0,0,0,0,0
"POINT (13.702429689000041 51.090491980000081)",Unfall 116023 (2020) Kat:3, Licht: 0,116023,3,3,5,08,13,2,0,0,1,1,0,0,0,0
"POINT (13.836308683000027 51.062251318000051)",Unfall 116040 (2020) Kat:3, Licht: 2,116040,3,7,7,08,23,1,0,2,0,0,1,1,0,0
"POINT (13.749176117000047 51.123182582000027)",Unfall 116043 (2020) Kat:3, Licht: 0,116043,3,1,0,08,11,1,0,0,1,0,0,0,0,0
"POINT (13.715438108000058 51.099333218000027)",Unfall 116046 (2020) Kat:3, Licht: 0,116046,3,2,5,08,06,5,0,0,1,1,0,0,0,0
"POINT (13.670868894000023 51.073079229000029)",Unfall 116048 (2020) Kat:2, Licht: 0,116048,2,6,2,08,11,1,0,0,0,1,0,0,0,0
"POINT (13.723552620000078 51.055161940000062)",Unfall 116050 (2020) Kat:2, Licht: 0,116050,2,1,0,10,07,6,1,0,1,0,0,0,0,0
"POINT (13.846881631000031 51.028612082000052)",Unfall 116054 (2020) Kat:3, Licht: 0,116054,3,1,0,08,10,2,1,0,0,0,0,1,0,0
"POINT (13.715856951000035 51.036862158000076)",Unfall 116071 (2020) Kat:3, Licht: 2,116071,3,2,5,10,21,4,1,2,1,1,0,0,0,0
"POINT (13.701698921000059 51.030938487000071)",Unfall 116076 (2020) Kat:3, Licht: 0,116076,3,3,5,08,15,2,1,0,1,0,0,0,1,0
"POINT (13.812857496000049 51.063713397000072)",Unfall 116088 (2020) Kat:3, Licht: 0,116088,3,1,0,09,13,2,0,0,1,0,0,0,0,0
"POINT (13.739307724000071 51.073981028000048)",Unfall 116106 (2020) Kat:3, Licht: 0,116106,3,2,5,08,08,6,1,0,1,1,0,0,0,0
"POINT (13.606250706000026 51.092105450000076)",Unfall 116118 (2020) Kat:3, Licht: 0,116118,3,2,5,09,14,6,0,0,0,1,0,0,0,0
"POINT (13.726336037000067 51.086153264000075)",Unfall 116143 (2020) Kat:3, Licht: 0,116143,3,7,0,09,14,4,1,0,1,0,0,0,0,0
"POINT (13.732034632000023 51.126561814000070)",Unfall 116149 (2020) Kat:3, Licht: 0,116149,3,1,0,09,15,6,0,0,1,0,0,0,0,0
"POINT (13.744603361000031 51.064287248000028)",Unfall 116156 (2020) Kat:3, Licht: 0,116156,3,3,5,09,09,4,0,0,1,1,0,0,0,0
"POINT (13.714184228000022 51.079988071000059)",Unfall 116157 (2020) Kat:3, Licht: 2,116157,3,1,0,08,03,7,1,2,1,0,0,0,0,0
"POINT (13.765458442000067 51.065029501000026)",Unfall 116158 (2020) Kat:3, Licht: 0,116158,3,1,0,09,10,7,0,0,0,0,0,1,0,0
"POINT (13.735454633000074 51.041585174000033)",Unfall 116160 (2020) Kat:2, Licht: 0,116160,2,4,0,09,13,3,0,0,0,0,1,0,0,1
"POINT (13.706997947000048 51.084524485000031)",Unfall 116169 (2020) Kat:3, Licht: 0,116169,3,1,0,09,17,4,0,0,1,0,0,0,0,0
"POINT (13.690456589000064 51.062312114000065)",Unfall 116183 (2020) Kat:3, Licht: 0,116183,3,6,4,09,15,3,0,0,1,0,0,0,0,0
"POINT (13.848343741000065 51.061831095000059)",Unfall 116187 (2020) Kat:3, Licht: 0,116187,3,1,2,09,15,7,1,0,0,1,0,0,0,0
"POINT (13.775219876000051 51.013565018000065)",Unfall 116188 (2020) Kat:2, Licht: 2,116188,2,1,0,08,02,7,0,2,1,0,0,0,0,0
"POINT (13.739270698000041 51.071079551000082)",Unfall 116189 (2020) Kat:3, Licht: 0,116189,3,7,0,10,13,7,1,0,1,0,0,0,0,0
"POINT (13.752972743000043 51.073886711000057)",Unfall 116190 (2020) Kat:3, Licht: 0,116190,3,3,5,09,07,4,0,0,1,0,0,0,0,0
"POINT (13.758683325000050 51.024187739000070)",Unfall 116192 (2020) Kat:3, Licht: 0,116192,3,6,3,09,17,2,0,0,1,0,1,0,0,0
"POINT (13.834134508000034 51.036350324000068)",Unfall 116194 (2020) Kat:3, Licht: 0,116194,3,3,5,09,06,6,0,0,0,1,0,1,0,0
"POINT (13.692454482000073 51.022617677000028)",Unfall 116200 (2020) Kat:1, Licht: 2,116200,1,7,5,09,06,6,1,2,0,0,0,1,0,1
"POINT (13.782625619000044 51.067110857000046)",Unfall 116208 (2020) Kat:3, Licht: 0,116208,3,3,5,09,14,5,0,0,1,1,0,0,0,0
"POINT (13.824616055000035 51.062717659000043)",Unfall 116215 (2020) Kat:3, Licht: 1,116215,3,1,0,09,18,5,0,1,1,0,0,0,0,0
"POINT (13.705103151000060 51.044442495000055)",Unfall 116220 (2020) Kat:3, Licht: 0,116220,3,3,5,08,14,7,0,0,1,1,0,0,0,0
"POINT (13.791808668000044 51.125590299000066)",Unfall 116228 (2020) Kat:3, Licht: 0,116228,3,1,0,09,10,5,0,0,1,0,0,0,0,0
"POINT (13.863821061000067 51.103743314000042)",Unfall 116237 (2020) Kat:3, Licht: 0,116237,3,1,9,10,16,2,1,0,0,1,0,0,0,0
"POINT (13.884769647000041 51.073700098000074)",Unfall 116247 (2020) Kat:2, Licht: 2,116247,2,1,9,09,01,1,0,2,0,1,0,0,0,0
"POINT (13.731202181000072 51.024820029000068)",Unfall 116254 (2020) Kat:3, Licht: 0,116254,3,2,5,10,16,5,0,0,1,1,0,0,0,0
"POINT (13.710183305000044 51.083803185000079)",Unfall 116271 (2020) Kat:3, Licht: 0,116271,3,3,5,09,14,6,0,0,1,1,0,0,0,0
"POINT (13.759189137000021 51.063581751000072)",Unfall 116275 (2020) Kat:3, Licht: 0,116275,3,6,3,08,06,6,0,0,1,1,0,0,0,0
"POINT (13.739172310000072 51.065714645000071)",Unfall 116284 (2020) Kat:3, Licht: 0,116284,3,1,0,08,18,6,1,0,0,0,0,1,0,0
"POINT (13.622088279000025 51.066759255000079)",Unfall 116298 (2020) Kat:2, Licht: 0,116298,2,1,8,08,14,6,0,0,0,1,0,0,0,0
"POINT (13.877615829000035 51.060025038000049)",Unfall 116299 (2020) Kat:3, Licht: 0,116299,3,2,5,09,14,3,0,0,1,1,0,0,0,0
"POINT (13.745345051000072 51.048983804000045)",Unfall 116301 (2020) Kat:3, Licht: 0,116301,3,6,3,08,11,6,0,0,1,1,0,0,0,0
"POINT (13.701991664000047 51.032485556000040)",Unfall 116319 (2020) Kat:3, Licht: 0,116319,3,3,5,10,08,7,0,0,1,1,0,0,0,0
"POINT (13.736648001000049 51.094417370000031)",Unfall 116327 (2020) Kat:3, Licht: 0,116327,3,6,2,08,15,1,1,0,0,1,0,0,0,1
"POINT (13.694275016000063 51.043108021000080)",Unfall 116332 (2020) Kat:2, Licht: 0,116332,2,2,5,08,08,2,0,0,1,0,0,0,1,0
"POINT (13.728933626000071 51.059344838000072)",Unfall 116343 (2020) Kat:3, Licht: 0,116343,3,3,5,08,09,5,0,0,1,1,0,0,0,0
"POINT (13.768530502000033 51.065895191000038)",Unfall 116351 (2020) Kat:3, Licht: 0,116351,3,2,2,09,15,3,0,0,0,1,0,0,0,0
"POINT (13.918938139000034 51.043527146000031)",Unfall 116362 (2020) Kat:3, Licht: 1,116362,3,6,4,10,18,3,0,1,0,1,0,0,0,0
"POINT (13.645553123000070 51.078984827000056)",Unfall 116363 (2020) Kat:3, Licht: 1,116363,3,7,8,08,20,5,0,1,0,0,0,1,0,0
"POINT (13.743480323000028 51.057302604000029)",Unfall 116384 (2020) Kat:3, Licht: 0,116384,3,3,5,08,17,2,0,0,0,1,0,0,0,0
"POINT (13.767395657000066 50.993328079000037)",Unfall 116389 (2020) Kat:3, Licht: 1,116389,3,6,2,10,07,4,1,1,0,1,0,0,0,0
"POINT (13.757508618000031 51.063310609000041)",Unfall 116417 (2020) Kat:3, Licht: 0,116417,3,3,5,08,11,5,0,0,1,1,0,0,0,0
"POINT (13.737805168000023 51.088207499000077)",Unfall 116419 (2020) Kat:3, Licht: 2,116419,3,1,0,08,21,7,0,2,1,0,0,0,0,0
"POINT (13.691938638000067 51.084372430000030)",Unfall 116427 (2020) Kat:3, Licht: 0,116427,3,3,5,09,16,6,0,0,0,1,0,0,0,0
"POINT (13.844241034000049 51.127734952000026)",Unfall 116432 (2020) Kat:3, Licht: 0,116432,3,1,0,09,17,6,1,0,1,0,0,0,0,0
"POINT (13.737111982000044 51.063257879000048)",Unfall 116455 (2020) Kat:3, Licht: 2,116455,3,1,0,10,20,6,1,2,1,0,0,0,0,0
"POINT (13.776267301000075 51.110813561000043)",Unfall 116474 (2020) Kat:3, Licht: 0,116474,3,3,5,09,13,4,0,0,1,1,0,0,0,0
"POINT (13.727454783000042 51.058095865000041)",Unfall 116476 (2020) Kat:3, Licht: 0,116476,3,6,2,10,10,4,0,0,0,1,0,0,0,0
"POINT (13.658372368000073 51.071612995000066)",Unfall 116477 (2020) Kat:3, Licht: 0,116477,3,6,2,09,09,4,0,0,0,0,0,0,1,0
"POINT (13.831092799000032 51.061878984000032)",Unfall 116487 (2020) Kat:3, Licht: 0,116487,3,3,0,09,10,4,0,0,0,1,0,0,0,1
"POINT (13.747725736000064 51.068043771000077)",Unfall 116491 (2020) Kat:3, Licht: 0,116491,3,2,5,09,06,3,0,0,1,1,0,0,0,0
"POINT (13.797802050000030 51.065967762000071)",Unfall 116494 (2020) Kat:3, Licht: 0,116494,3,6,3,08,13,5,0,0,0,1,0,0,0,0
"POINT (13.739031980000050 51.065797115000066)",Unfall 116495 (2020) Kat:3, Licht: 2,116495,3,6,3,09,01,7,1,2,0,1,0,1,0,0
"POINT (13.832399545000044 50.984547345000067)",Unfall 116506 (2020) Kat:3, Licht: 0,116506,3,3,2,08,18,4,0,0,0,1,0,0,0,0
"POINT (13.815236662000075 50.987875320000057)",Unfall 116511 (2020) Kat:3, Licht: 0,116511,3,6,2,08,12,4,0,0,0,1,0,1,0,0
"POINT (13.874101685000028 51.009018984000079)",Unfall 116518 (2020) Kat:3, Licht: 0,116518,3,4,6,09,15,7,0,0,1,0,1,0,0,0
"POINT (13.824389325000027 51.057903306000071)",Unfall 116521 (2020) Kat:3, Licht: 0,116521,3,2,5,10,07,6,0,0,1,1,0,0,0,0
"POINT (13.737108561000070 51.063256797000065)",Unfall 116523 (2020) Kat:2, Licht: 0,116523,2,1,5,09,08,5,0,0,1,0,0,0,0,0
"POINT (13.724160250000068 51.088577389000079)",Unfall 116531 (2020) Kat:3, Licht: 0,116531,3,2,5,09,06,1,0,0,1,1,0,0,0,0
"POINT (13.730978222000033 51.081419797000081)",Unfall 116557 (2020) Kat:3, Licht: 0,116557,3,3,5,09,15,5,0,0,1,1,0,0,0,0
"POINT (13.735184705000052 51.062022691000038)",Unfall 116564 (2020) Kat:3, Licht: 0,116564,3,7,0,09,16,3,0,0,0,1,0,0,0,1
"POINT (13.707324483000036 51.020478867000065)",Unfall 116566 (2020) Kat:3, Licht: 0,116566,3,1,0,10,15,2,1,0,1,0,0,0,0,0
"POINT (13.761298080000074 51.083374795000054)",Unfall 116583 (2020) Kat:3, Licht: 0,116583,3,2,5,09,13,6,0,0,1,1,0,0,0,0
"POINT (13.742013038000039 51.064675900000054)",Unfall 116632 (2020) Kat:3, Licht: 2,116632,3,3,5,08,22,3,0,2,1,1,0,0,0,0
"POINT (13.732077269000058 51.079372051000064)",Unfall 116633 (2020) Kat:1, Licht: 2,116633,1,1,8,09,22,5,0,2,1,1,0,1,0,0
"POINT (13.784894324000049 51.114701873000058)",Unfall 116636 (2020) Kat:3, Licht: 2,116636,3,1,0,10,18,2,1,2,0,0,0,1,0,0
"POINT (13.763569618000076 51.064479512000048)",Unfall 116641 (2020) Kat:3, Licht: 1,116641,3,6,2,08,19,3,0,1,0,1,0,1,0,0
"POINT (13.749019523000072 51.130020373000036)",Unfall 116650 (2020) Kat:2, Licht: 0,116650,2,6,3,08,06,3,0,0,0,1,0,0,1,0
"POINT (13.737526089000028 51.087208989000032)",Unfall 116653 (2020) Kat:2, Licht: 2,116653,2,3,5,10,05,5,1,2,0,1,0,1,0,0
"POINT (13.749855877000073 51.063229371000034)",Unfall 116662 (2020) Kat:3, Licht: 0,116662,3,2,4,10,15,3,0,0,0,1,0,0,0,1
"POINT (13.713426319000064 51.101341309000077)",Unfall 116671 (2020) Kat:3, Licht: 0,116671,3,1,7,10,08,3,0,0,0,0,0,1,0,0
"POINT (13.860349932000076 51.065226762000066)",Unfall 116684 (2020) Kat:3, Licht: 0,116684,3,6,3,09,07,2,0,0,1,1,0,0,0,0
"POINT (13.739307708000069 51.073981721000052)",Unfall 116685 (2020) Kat:3, Licht: 1,116685,3,2,5,08,20,5,0,1,1,1,0,0,0,0
"POINT (13.746009637000043 51.057167711000034)",Unfall 116694 (2020) Kat:3, Licht: 2,116694,3,6,2,08,00,2,1,2,0,1,0,0,0,0
"POINT (13.708386716000064 51.084358522000059)",Unfall 116711 (2020) Kat:3, Licht: 1,116711,3,1,1,10,05,4,0,1,1,1,0,0,0,0
"POINT (13.688473728000076 51.061924554000029)",Unfall 116712 (2020) Kat:3, Licht: 2,116712,3,1,8,09,22,4,0,2,1,0,0,0,0,0
"POINT (13.796711958000060 51.163589440000067)",Unfall 116724 (2020) Kat:3, Licht: 0,116724,3,6,2,08,15,2,0,0,0,1,0,0,0,0
"POINT (13.759170380000057 51.080305035000038)",Unfall 116730 (2020) Kat:3, Licht: 0,116730,3,6,3,09,15,2,0,0,1,1,0,0,0,0
"POINT (13.798859155000059 51.065951080000048)",Unfall 116743 (2020) Kat:3, Licht: 0,116743,3,6,2,08,10,2,1,0,0,1,0,1,0,0
"POINT (13.760537848000070 51.082259850000071)",Unfall 116745 (2020) Kat:3, Licht: 0,116745,3,1,0,08,11,2,1,0,0,0,0,1,0,0
"POINT (13.768296144000033 51.019813211000042)",Unfall 116747 (2020) Kat:3, Licht: 0,116747,3,1,9,08,10,6,1,0,0,1,0,0,0,0
"POINT (13.798007354000049 51.140373060000059)",Unfall 116755 (2020) Kat:3, Licht: 0,116755,3,2,2,08,14,2,1,0,0,1,0,0,0,0
"POINT (13.877600416000064 51.060027157000036)",Unfall 116763 (2020) Kat:2, Licht: 0,116763,2,2,5,08,16,2,0,0,0,1,0,1,0,0
"POINT (13.732484919000058 51.077945294000074)",Unfall 116767 (2020) Kat:3, Licht: 0,116767,3,3,5,09,15,3,0,0,1,1,0,0,0,0
"POINT (13.744759037000051 51.049127587000044)",Unfall 116784 (2020) Kat:3, Licht: 0,116784,3,6,2,09,16,4,1,0,0,1,0,0,0,0
"POINT (13.720093066000061 51.076105058000053)",Unfall 116790 (2020) Kat:3, Licht: 0,116790,3,1,0,09,15,6,0,0,1,0,0,0,0,0
"POINT (13.874716755000065 51.060550013000068)",Unfall 116797 (2020) Kat:3, Licht: 0,116797,3,3,0,09,17,4,0,0,1,1,0,0,0,0
"POINT (13.747023959000046 51.063698999000053)",Unfall 116799 (2020) Kat:2, Licht: 0,116799,2,3,5,09,18,7,0,0,0,1,0,0,0,1
"POINT (13.766574656000046 51.118643636000058)",Unfall 116801 (2020) Kat:2, Licht: 0,116801,2,3,5,09,07,3,0,0,0,1,0,0,0,0
"POINT (13.740229590000069 51.064658922000035)",Unfall 116828 (2020) Kat:3, Licht: 0,116828,3,2,5,08,11,7,1,0,1,1,0,0,0,1
"POINT (13.689662719000069 51.070516592000047)",Unfall 116830 (2020) Kat:3, Licht: 0,116830,3,6,3,09,18,4,0,0,0,1,0,1,0,0
"POINT (13.694741900000054 51.043155042000080)",Unfall 116832 (2020) Kat:3, Licht: 0,116832,3,1,0,09,07,2,0,0,1,0,0,0,0,0
"POINT (13.726123516000030 51.057090663000054)",Unfall 116848 (2020) Kat:3, Licht: 0,116848,3,6,2,09,16,5,0,0,0,1,0,0,0,0
"POINT (13.657661178000069 51.069459863000077)",Unfall 116857 (2020) Kat:2, Licht: 0,116857,2,1,0,09,13,1,0,0,1,0,0,0,0,0
"POINT (13.733605779000072 51.075498617000051)",Unfall 116865 (2020) Kat:3, Licht: 2,116865,3,1,0,09,22,6,0,2,1,0,0,0,0,0
"POINT (13.878418124000063 51.059960938000074)",Unfall 116869 (2020) Kat:2, Licht: 0,116869,2,2,5,09,16,5,0,0,1,1,0,0,0,0
"POINT (13.751877879000062 51.062981156000035)",Unfall 116878 (2020) Kat:3, Licht: 2,116878,3,1,0,10,19,2,1,2,1,0,0,0,0,0
"POINT (13.741154214000062 51.057692261000057)",Unfall 116892 (2020) Kat:3, Licht: 0,116892,3,1,0,08,20,7,0,0,1,0,0,0,0,0
"POINT (13.729852859000061 51.082669613000064)",Unfall 116895 (2020) Kat:3, Licht: 0,116895,3,3,5,10,08,5,0,0,1,1,0,0,0,0
"POINT (13.747263528000076 51.053941693000070)",Unfall 116896 (2020) Kat:2, Licht: 2,116896,2,1,0,08,00,7,0,2,0,0,0,0,0,1
"POINT (13.717757953000046 51.077088815000081)",Unfall 116910 (2020) Kat:3, Licht: 0,116910,3,6,2,08,12,7,0,0,0,1,0,0,0,0
"POINT (13.759818191000022 51.081248909000067)",Unfall 116955 (2020) Kat:2, Licht: 0,116955,2,3,5,09,17,4,0,0,0,1,0,1,0,0
"POINT (13.723211683000045 51.089836587000036)",Unfall 116959 (2020) Kat:3, Licht: 0,116959,3,1,8,10,17,7,0,0,0,0,0,0,0,1
"POINT (13.638521289000039 51.069243016000030)",Unfall 116961 (2020) Kat:3, Licht: 0,116961,3,1,0,09,10,5,0,0,1,0,0,0,0,0
"POINT (13.748603006000053 51.128697372000033)",Unfall 116973 (2020) Kat:3, Licht: 0,116973,3,6,3,08,09,2,0,0,0,1,0,0,1,0
"POINT (13.782627136000031 51.067110985000056)",Unfall 116987 (2020) Kat:3, Licht: 0,116987,3,4,6,08,07,6,0,0,0,1,1,0,0,0
"POINT (13.709590967000054 51.084136758000056)",Unfall 117000 (2020) Kat:3, Licht: 2,117000,3,5,1,10,18,6,0,2,0,1,0,0,0,0
"POINT (13.690096086000040 51.061962974000039)",Unfall 117006 (2020) Kat:3, Licht: 0,117006,3,2,3,08,15,6,0,0,1,0,0,0,0,1
"POINT (13.671052854000038 51.016712275000032)",Unfall 117015 (2020) Kat:3, Licht: 0,117015,3,3,5,08,13,5,0,0,1,0,0,0,0,1
"POINT (13.825053975000060 51.062526179000031)",Unfall 117022 (2020) Kat:3, Licht: 0,117022,3,1,0,08,14,2,0,0,1,0,0,0,0,0
"POINT (13.692039106000038 51.084279221000031)",Unfall 117044 (2020) Kat:3, Licht: 0,117044,3,6,1,10,14,5,0,0,0,1,0,0,0,0
"POINT (13.682276242000057 51.061830788000066)",Unfall 117048 (2020) Kat:3, Licht: 0,117048,3,3,5,08,08,6,0,0,1,1,0,0,0,0
"POINT (13.735464068000056 51.041594849000035)",Unfall 117050 (2020) Kat:2, Licht: 0,117050,2,4,6,08,10,6,0,0,0,0,1,0,0,1
"POINT (13.750496050000038 51.071161636000056)",Unfall 117052 (2020) Kat:2, Licht: 2,117052,2,1,0,08,20,6,1,2,1,0,0,0,0,0
"POINT (13.628774077000060 51.068156824000027)",Unfall 117057 (2020) Kat:2, Licht: 0,117057,2,1,9,08,06,6,0,0,0,1,0,0,0,0
"POINT (13.731856242000049 51.126379458000031)",Unfall 117060 (2020) Kat:2, Licht: 0,117060,2,3,5,08,06,6,0,0,1,1,0,0,0,0
"POINT (13.746300108000071 51.028454137000040)",Unfall 117064 (2020) Kat:3, Licht: 0,117064,3,6,2,09,14,6,0,0,0,1,0,0,1,0
"POINT (13.821324471000025 51.063767080000048)",Unfall 117074 (2020) Kat:3, Licht: 0,117074,3,1,2,09,12,7,1,0,0,0,0,1,0,1
"POINT (13.701993134000077 51.032489430000055)",Unfall 117087 (2020) Kat:3, Licht: 0,117087,3,3,5,09,08,4,0,0,0,1,0,0,0,1
"POINT (13.672083629000042 51.050235236000049)",Unfall 117097 (2020) Kat:3, Licht: 2,117097,3,1,0,09,22,5,0,2,1,0,0,0,0,0
"POINT (13.704050788000075 51.040760901000056)",Unfall 117114 (2020) Kat:3, Licht: 0,117114,3,6,4,09,08,4,0,0,1,1,0,0,0,0
"POINT (13.752946471000030 51.073857505000035)",Unfall 117116 (2020) Kat:3, Licht: 0,117116,3,2,5,10,07,4,0,0,1,1,0,0,0,0
"POINT (13.823230188000025 51.057545915000048)",Unfall 117117 (2020) Kat:3, Licht: 0,117117,3,1,0,09,17,4,0,0,1,0,0,0,0,0
"POINT (13.842152281000040 51.031580024000050)",Unfall 117127 (2020) Kat:3, Licht: 2,117127,3,1,0,09,20,4,0,2,1,0,0,0,0,0
"POINT (13.751865612000074 51.062981770000079)",Unfall 117131 (2020) Kat:3, Licht: 0,117131,3,1,0,09,15,3,0,0,1,0,0,0,0,0
"POINT (13.668387074000066 51.072881515000063)",Unfall 117135 (2020) Kat:3, Licht: 0,117135,3,6,3,09,15,7,1,0,0,1,0,1,0,0
"POINT (13.689678048000076 51.069434565000051)",Unfall 117136 (2020) Kat:3, Licht: 0,117136,3,3,5,10,16,7,0,0,0,1,0,0,0,0
"POINT (13.740298178000046 51.064684051000029)",Unfall 117137 (2020) Kat:3, Licht: 0,117137,3,2,5,09,16,4,0,0,0,1,0,0,0,0
"POINT (13.734334415000035 51.065572171000042)",Unfall 117139 (2020) Kat:3, Licht: 2,117139,3,3,5,09,21,2,0,2,0,1,0,0,0,1
"POINT (13.776740430000075 51.067522041000075)",Unfall 117145 (2020) Kat:3, Licht: 0,117145,3,6,6,10,17,1,0,0,1,0,1,0,0,0
"POINT (13.779454545000021 51.066875949000064)",Unfall 117155 (2020) Kat:3, Licht: 0,117155,3,3,5,09,08,5,0,0,1,1,0,0,0,0