WKT,Name,OBJECTID,UKATEGORIE,UTYP1,UART,UMONAT,USTUNDE,UWOCHENTAG,STRZUSTAND,ULICHTVERH,ISTRAD,ISTPKW,ISTFUSS,ISTKRAD,ISTGKFZ,ISTSONSTIG
"POINT (13.802838712000039 50.986827734000030)",Unfall 117157 (2020) Kat:2, Licht: 0,117157,2,4,6,09,13,7,0,0,0,1,1,0,0,0
"POINT (13.690459094000062 51.082453107000049)",Unfall 117169 (2020) Kat:3, Licht: 0,117169,3,3,5,08,15,4,0,0,1,1,0,0,0,0
"POINT (13.754517663000058 51.026618793000068)",Unfall 117174 (2020) Kat:2, Licht: 0,117174,2,6,3,09,14,5,0,0,0,1,0,1,0,0
"POINT (13.788544792000039 51.070215963000066)",Unfall 117183 (2020) Kat:3, Licht: 0,117183,3,2,5,10,11,2,1,0,0,1,0,1,0,0
"POINT (13.700111388000039 51.016003919000070)",Unfall 117184 (2020) Kat:2, Licht: 0,117184,2,1,0,08,18,4,0,0,1,0,0,0,0,0
"POINT (13.781939852000050 51.113336896000078)",Unfall 117188 (2020) Kat:3, Licht: 0,117188,3,1,0,08,18,5,0,0,1,0,0,0,0,0
"POINT (13.734945743000026 51.041062430000068)",Unfall 117195 (2020) Kat:3, Licht: 0,117195,3,3,5,08,05,5,0,0,0,1,0,0,0,1
"POINT (13.681149877000053 51.061877936000030)",Unfall 117196 (2020) Kat:2, Licht: 0,117196,2,1,4,09,09,7,0,0,0,1,0,0,0,1
"POINT (13.749020436000023 51.130023357000027)",Unfall 117197 (2020) Kat:3, Licht: 0,117197,3,6,3,08,11,5,0,0,0,1,0,0,1,0
"POINT (13.796865961000037 51.135990145000051)",Unfall 117214 (2020) Kat:3, Licht: 0,117214,3,3,5,08,15,5,0,0,0,1,0,0,0,1
"POINT (13.786893025000040 51.115933340000026)",Unfall 117216 (2020) Kat:2, Licht: 0,117216,2,4,6,09,07,6,1,0,1,0,1,0,0,0
"POINT (13.738605663000044 51.061760818000039)",Unfall 117218 (2020) Kat:3, Licht: 0,117218,3,6,2,08,10,5,0,0,1,1,0,0,0,1
"POINT (13.731975348000049 51.060874986000044)",Unfall 117244 (2020) Kat:3, Licht: 0,117244,3,6,2,09,12,3,0,0,0,1,0,0,0,0
"POINT (13.707000621000077 51.041404238000041)",Unfall 117261 (2020) Kat:3, Licht: 0,117261,3,3,5,08,13,4,0,0,1,1,0,0,0,0
"POINT (13.652715222000040 51.071546715000068)",Unfall 117265 (2020) Kat:3, Licht: 0,117265,3,6,2,09,16,5,0,0,0,1,0,0,0,0
"POINT (13.718304960000069 51.097626647000027)",Unfall 117269 (2020) Kat:3, Licht: 1,117269,3,1,0,09,19,2,0,1,1,0,0,0,0,0
"POINT (13.796975155000041 51.136117200000058)",Unfall 117288 (2020) Kat:3, Licht: 0,117288,3,6,2,10,13,5,0,0,0,1,0,0,0,0
"POINT (13.790126690000022 51.004546657000049)",Unfall 117297 (2020) Kat:3, Licht: 0,117297,3,2,2,10,09,3,0,0,0,1,0,0,0,0
"POINT (13.733015511000076 51.076595211000040)",Unfall 117319 (2020) Kat:3, Licht: 0,117319,3,2,5,09,14,2,0,0,1,1,0,0,0,0
"POINT (13.766557801000033 50.994482075000064)",Unfall 117320 (2020) Kat:3, Licht: 0,117320,3,1,9,08,18,5,0,0,0,1,0,0,0,0
"POINT (13.694275016000063 51.043108021000080)",Unfall 117322 (2020) Kat:3, Licht: 0,117322,3,1,0,08,12,4,0,0,1,0,0,0,0,0
"POINT (13.834683205000033 51.035995391000029)",Unfall 117327 (2020) Kat:3, Licht: 0,117327,3,1,0,08,19,4,0,0,1,0,0,0,0,0
"POINT (13.741169590000027 51.057686038000043)",Unfall 117341 (2020) Kat:3, Licht: 0,117341,3,1,0,08,10,4,0,0,1,0,0,0,0,0
"POINT (13.752946648000034 51.073857701000065)",Unfall 117343 (2020) Kat:3, Licht: 0,117343,3,2,5,08,07,4,0,0,1,1,0,0,0,0
"POINT (13.761260984000046 51.022709913000028)",Unfall 117354 (2020) Kat:3, Licht: 0,117354,3,6,2,08,16,4,0,0,0,1,0,1,0,0
"POINT (13.721099756000058 51.041508253000075)",Unfall 117365 (2020) Kat:1, Licht: 1,117365,1,4,6,08,20,7,0,1,0,1,1,0,0,0
"POINT (13.748569364000048 51.127791885000079)",Unfall 117372 (2020) Kat:3, Licht: 0,117372,3,6,2,09,13,6,0,0,0,1,0,0,0,1
"POINT (13.707255642000064 51.051560953000035)",Unfall 117404 (2020) Kat:3, Licht: 0,117404,3,6,2,10,12,5,1,0,0,1,0,0,0,1
"POINT (13.716658785000050 51.037812463000080)",Unfall 117405 (2020) Kat:3, Licht: 0,117405,3,7,2,10,15,5,1,0,0,1,0,0,0,0
"POINT (13.732578376000049 51.037667932000033)",Unfall 117413 (2020) Kat:3, Licht: 0,117413,3,6,3,10,12,5,1,0,1,0,0,0,0,0
"POINT (13.721482924000043 51.075431271000070)",Unfall 117415 (2020) Kat:2, Licht: 0,117415,2,7,8,12,12,2,0,0,0,1,0,0,0,0
"POINT (13.737088929000038 51.063250589000063)",Unfall 117417 (2020) Kat:3, Licht: 2,117417,3,1,0,10,06,5,1,2,1,0,0,0,0,0
"POINT (13.756144163000045 51.117897433000053)",Unfall 117418 (2020) Kat:3, Licht: 2,117418,3,3,5,10,05,5,1,2,0,1,0,0,0,1
"POINT (13.739053637000040 51.073947407000048)",Unfall 117450 (2020) Kat:2, Licht: 0,117450,2,2,6,11,14,3,0,0,0,1,1,0,0,0
"POINT (13.714225389000035 51.101082256000041)",Unfall 117453 (2020) Kat:2, Licht: 2,117453,2,1,8,12,00,1,0,2,0,1,0,0,0,0
"POINT (13.737657676000026 51.061463924000066)",Unfall 117458 (2020) Kat:3, Licht: 1,117458,3,3,5,11,16,5,0,1,1,0,0,0,0,1
"POINT (13.849909705000073 51.026737825000055)",Unfall 117460 (2020) Kat:3, Licht: 0,117460,3,1,8,12,12,4,0,0,0,1,0,0,0,0
"POINT (13.787572928000031 51.006025810000040)",Unfall 117480 (2020) Kat:3, Licht: 0,117480,3,7,2,12,11,2,0,0,0,1,0,0,1,0
"POINT (13.649406882000051 51.083619047000070)",Unfall 117488 (2020) Kat:3, Licht: 0,117488,3,3,5,11,12,6,0,0,1,1,0,0,0,0
"POINT (13.793608403000064 51.001780652000036)",Unfall 117494 (2020) Kat:3, Licht: 0,117494,3,6,2,12,10,7,1,0,0,1,0,0,0,0
"POINT (13.772493398000051 51.014611636000041)",Unfall 117525 (2020) Kat:2, Licht: 0,117525,2,4,6,12,12,5,1,0,0,1,1,0,0,0
"POINT (13.771797703000061 51.148172988000056)",Unfall 117530 (2020) Kat:3, Licht: 0,117530,3,6,2,12,15,2,0,0,0,1,0,0,0,1
"POINT (13.791761141000052 51.125389481000070)",Unfall 117548 (2020) Kat:3, Licht: 0,117548,3,2,5,11,09,3,0,0,0,0,0,0,1,1
"POINT (13.613390949000063 51.088658625000051)",Unfall 117567 (2020) Kat:3, Licht: 2,117567,3,3,5,11,22,2,0,2,0,1,0,0,0,0
"POINT (13.759015121000061 51.024114962000056)",Unfall 117571 (2020) Kat:3, Licht: 0,117571,3,6,2,12,12,1,0,0,0,1,0,0,0,0
"POINT (13.750675267000076 51.071359202000053)",Unfall 117592 (2020) Kat:3, Licht: 2,117592,3,1,0,10,17,2,1,2,1,0,0,0,0,0
"POINT (13.721098261000066 51.092322414000080)",Unfall 117597 (2020) Kat:3, Licht: 0,117597,3,3,5,10,07,2,0,0,1,1,0,0,0,0
"POINT (13.610524298000030 51.037693154000067)",Unfall 117630 (2020) Kat:3, Licht: 2,117630,3,1,8,12,21,7,1,2,0,1,0,0,0,0
"POINT (13.720367529000043 51.093248693000078)",Unfall 117646 (2020) Kat:3, Licht: 2,117646,3,3,5,11,16,4,0,2,1,1,0,0,0,0
"POINT (13.885676903000046 51.071646843000053)",Unfall 117654 (2020) Kat:2, Licht: 2,117654,2,1,8,12,21,6,1,2,1,0,0,0,0,0
"POINT (13.744066688000032 51.047432145000073)",Unfall 117688 (2020) Kat:3, Licht: 0,117688,3,6,1,11,14,1,0,0,0,1,0,0,0,0
"POINT (13.886002517000065 51.061704137000049)",Unfall 117693 (2020) Kat:3, Licht: 0,117693,3,2,5,11,07,6,0,0,1,1,0,0,0,0
"POINT (13.660276378000049 51.035988987000053)",Unfall 117702 (2020) Kat:2, Licht: 0,117702,2,7,8,12,16,4,0,0,0,1,0,0,0,1
"POINT (13.726625014000035 51.071979317000057)",Unfall 117703 (2020) Kat:3, Licht: 0,117703,3,2,0,11,12,5,0,0,0,1,0,0,0,0
"POINT (13.722061663000034 51.042197426000030)",Unfall 117712 (2020) Kat:3, Licht: 2,117712,3,4,6,11,06,2,0,2,0,1,1,0,0,0
"POINT (13.614842916000043 51.088119203000076)",Unfall 117713 (2020) Kat:3, Licht: 0,117713,3,7,8,11,12,3,0,0,0,1,0,0,0,0
"POINT (13.757893088000060 51.024713881000082)",Unfall 117719 (2020) Kat:3, Licht: 2,117719,3,3,5,12,17,7,0,2,1,1,0,0,0,0
"POINT (13.726989559000060 51.071774366000056)",Unfall 117733 (2020) Kat:3, Licht: 0,117733,3,3,5,10,09,7,0,0,1,1,0,0,0,0
"POINT (13.766965199000026 51.020631445000049)",Unfall 117735 (2020) Kat:3, Licht: 0,117735,3,2,4,11,14,6,0,0,1,1,0,0,0,0
"POINT (13.690102569000032 51.072725814000080)",Unfall 117737 (2020) Kat:3, Licht: 2,117737,3,3,5,12,06,5,0,2,1,1,0,0,0,0
"POINT (13.818037280000055 51.052445578000061)",Unfall 117739 (2020) Kat:3, Licht: 2,117739,3,3,5,10,19,7,0,2,1,1,0,0,0,0
"POINT (13.688072706000071 51.024315661000060)",Unfall 117744 (2020) Kat:3, Licht: 0,117744,3,1,9,10,15,7,1,0,0,0,0,1,0,0
"POINT (13.679408889000058 51.020524568000042)",Unfall 117771 (2020) Kat:3, Licht: 0,117771,3,6,2,12,12,4,0,0,0,1,0,0,0,0
"POINT (13.718630555000061 51.097334460000070)",Unfall 117779 (2020) Kat:3, Licht: 0,117779,3,2,2,11,11,7,0,0,0,1,0,0,0,0
"POINT (13.701991434000035 51.032484947000057)",Unfall 117812 (2020) Kat:3, Licht: 0,117812,3,3,5,11,08,2,1,0,1,1,0,0,0,0
"POINT (13.708662841000034 51.084354150000081)",Unfall 117822 (2020) Kat:3, Licht: 0,117822,3,1,0,10,11,6,0,0,1,0,0,0,0,0
"POINT (13.674436343000025 51.034016297000051)",Unfall 117823 (2020) Kat:3, Licht: 0,117823,3,6,6,10,15,6,0,0,0,1,1,0,0,0
"POINT (13.646040285000026 51.084876036000026)",Unfall 117841 (2020) Kat:3, Licht: 2,117841,3,3,5,10,17,6,1,2,1,1,0,0,0,0
"POINT (13.744125543000052 51.047497803000056)",Unfall 117843 (2020) Kat:3, Licht: 0,117843,3,6,1,12,11,2,0,0,0,1,0,0,0,0
"POINT (13.783616725000059 51.009675068000035)",Unfall 117867 (2020) Kat:3, Licht: 0,117867,3,6,2,11,09,2,0,0,0,1,0,0,1,0
"POINT (13.718963058000043 51.096604412000033)",Unfall 117891 (2020) Kat:2, Licht: 0,117891,2,3,5,11,15,4,0,0,1,1,0,0,0,0
"POINT (13.724941436000051 51.043949251000072)",Unfall 117892 (2020) Kat:3, Licht: 2,117892,3,3,5,11,20,5,0,2,1,0,0,0,0,1
"POINT (13.721507910000071 51.061280854000074)",Unfall 117894 (2020) Kat:2, Licht: 2,117894,2,2,5,12,06,4,0,2,0,1,0,0,0,0
"POINT (13.854598982000027 51.061995554000077)",Unfall 117900 (2020) Kat:3, Licht: 2,117900,3,6,2,11,19,4,0,2,0,1,0,1,0,0
"POINT (13.832958272000042 51.061831516000041)",Unfall 117901 (2020) Kat:3, Licht: 0,117901,3,3,5,11,08,6,0,0,1,1,0,0,0,0
"POINT (13.688854917000072 51.061888109000051)",Unfall 117920 (2020) Kat:3, Licht: 0,117920,3,3,5,10,14,5,0,0,1,1,0,0,0,0
"POINT (13.745859218000021 51.049576373000036)",Unfall 117923 (2020) Kat:3, Licht: 2,117923,3,6,2,11,17,3,1,2,0,1,0,0,0,0
"POINT (13.716495456000075 51.077617569000040)",Unfall 117925 (2020) Kat:3, Licht: 2,117925,3,3,0,10,21,7,1,2,1,1,0,0,0,0
"POINT (13.730652352000050 51.033329814000069)",Unfall 117928 (2020) Kat:2, Licht: 2,117928,2,1,0,10,18,5,0,2,0,0,0,1,0,0
"POINT (13.727846234000026 51.084603109000057)",Unfall 117937 (2020) Kat:3, Licht: 2,117937,3,2,0,10,17,7,1,2,1,1,0,0,0,0
"POINT (13.768924135000077 50.991916668000044)",Unfall 117952 (2020) Kat:2, Licht: 0,117952,2,6,2,11,15,5,0,0,0,1,0,0,0,0
"POINT (13.724846746000026 51.073182745000054)",Unfall 117962 (2020) Kat:3, Licht: 0,117962,3,3,5,11,08,3,0,0,0,1,0,0,0,1
"POINT (13.800900555000055 51.065908647000072)",Unfall 117967 (2020) Kat:2, Licht: 2,117967,2,7,0,10,17,7,1,2,0,1,0,0,0,0
"POINT (13.824387297000044 51.057902825000042)",Unfall 117969 (2020) Kat:3, Licht: 2,117969,3,2,2,12,18,2,0,2,0,1,0,0,0,0
"POINT (13.710134626000070 51.083830292000073)",Unfall 117997 (2020) Kat:3, Licht: 2,117997,3,1,0,12,20,3,1,2,1,0,0,0,0,0
"POINT (13.703871919000051 51.087668139000073)",Unfall 118039 (2020) Kat:3, Licht: 0,118039,3,2,5,12,15,5,0,0,1,1,0,0,0,0
"POINT (13.884836123000071 51.060934150000037)",Unfall 118061 (2020) Kat:3, Licht: 0,118061,3,2,2,11,15,3,0,0,0,1,0,0,1,0
"POINT (13.753488615000037 51.157968186000062)",Unfall 118070 (2020) Kat:2, Licht: 0,118070,2,1,4,12,08,4,1,0,0,1,0,0,0,0
"POINT (13.718954212000028 51.096631517000048)",Unfall 118085 (2020) Kat:2, Licht: 0,118085,2,2,5,10,17,4,0,0,1,1,0,0,0,0
"POINT (13.869316989000026 51.103745853000078)",Unfall 118090 (2020) Kat:3, Licht: 0,118090,3,1,9,12,09,6,0,0,0,1,0,0,0,0
"POINT (13.703762479000034 51.087887722000062)",Unfall 118092 (2020) Kat:2, Licht: 0,118092,2,4,6,10,15,6,1,0,0,1,1,0,0,0
"POINT (13.796622511000066 51.075045090000060)",Unfall 118093 (2020) Kat:3, Licht: 0,118093,3,3,5,10,12,4,0,0,1,0,0,1,0,0
"POINT (13.864549134000072 51.053857238000035)",Unfall 118094 (2020) Kat:2, Licht: 0,118094,2,4,6,12,10,2,1,0,0,1,1,0,0,0
"POINT (13.727189730000077 51.058043204000057)",Unfall 118098 (2020) Kat:3, Licht: 0,118098,3,3,5,10,11,4,0,0,1,0,0,0,0,0
"POINT (13.895695828000044 51.033150220000039)",Unfall 118131 (2020) Kat:3, Licht: 0,118131,3,1,1,12,09,3,1,0,0,1,0,1,0,0
"POINT (13.654548604000070 51.081710433000069)",Unfall 118143 (2020) Kat:3, Licht: 0,118143,3,7,1,11,15,2,0,0,0,1,0,0,0,0
"POINT (13.784271394000029 51.067071506000048)",Unfall 118144 (2020) Kat:3, Licht: 0,118144,3,3,5,10,17,3,0,0,1,0,0,0,0,1
"POINT (13.782122530000038 51.154458634000036)",Unfall 118151 (2020) Kat:3, Licht: 0,118151,3,6,2,11,11,6,0,0,0,1,0,0,1,0
"POINT (13.709717914000066 51.057626009000046)",Unfall 118153 (2020) Kat:3, Licht: 0,118153,3,4,6,10,14,3,0,0,0,1,1,0,0,0
"POINT (13.722220100000072 51.054102798000031)",Unfall 118157 (2020) Kat:2, Licht: 2,118157,2,2,5,10,05,3,0,2,0,1,0,1,0,0
"POINT (13.705559003000076 51.084905243000037)",Unfall 118166 (2020) Kat:3, Licht: 0,118166,3,3,5,12,12,6,1,0,1,1,0,0,0,0
"POINT (13.764792343000067 51.064832738000064)",Unfall 118217 (2020) Kat:3, Licht: 0,118217,3,7,0,10,16,2,0,0,1,0,0,0,0,0
"POINT (13.801340444000061 51.150368657000058)",Unfall 118222 (2020) Kat:3, Licht: 1,118222,3,3,5,11,16,2,0,1,1,1,0,0,0,0
"POINT (13.603135753000061 51.037129751000066)",Unfall 118225 (2020) Kat:3, Licht: 2,118225,3,6,2,11,19,2,0,2,0,1,0,0,0,0
"POINT (13.627605488000029 51.085443838000060)",Unfall 118226 (2020) Kat:3, Licht: 0,118226,3,7,6,11,15,3,0,0,0,0,1,0,0,1
"POINT (13.690196830000048 51.073789048000037)",Unfall 118241 (2020) Kat:3, Licht: 0,118241,3,2,5,12,14,2,0,0,1,0,0,0,0,1
"POINT (13.871348511000065 51.061229090000040)",Unfall 118242 (2020) Kat:3, Licht: 2,118242,3,1,9,11,04,7,1,2,1,0,0,0,0,0
"POINT (13.705105974000048 51.044444466000073)",Unfall 118249 (2020) Kat:3, Licht: 0,118249,3,3,5,11,11,6,0,0,1,1,0,0,0,0
"POINT (13.691779130000043 51.009132396000041)",Unfall 118255 (2020) Kat:3, Licht: 0,118255,3,3,5,12,13,7,1,0,0,1,0,0,0,0
"POINT (13.768369258000064 51.019721058000073)",Unfall 118277 (2020) Kat:3, Licht: 0,118277,3,2,5,12,09,5,1,0,1,1,0,0,0,0
"POINT (13.704533851000065 51.040020484000081)",Unfall 118285 (2020) Kat:3, Licht: 2,118285,3,1,0,12,21,4,1,2,0,0,0,1,0,0
"POINT (13.691124169000034 51.042661371000065)",Unfall 118308 (2020) Kat:2, Licht: 1,118308,2,2,5,11,06,3,0,1,1,1,0,0,0,0
"POINT (13.694362688000069 51.043117591000055)",Unfall 118327 (2020) Kat:3, Licht: 2,118327,3,1,0,11,20,2,1,2,0,0,0,1,0,0
"POINT (13.694856061000053 51.060890075000032)",Unfall 118332 (2020) Kat:3, Licht: 0,118332,3,6,2,11,15,2,0,0,0,1,0,0,0,0
"POINT (13.793080490000023 51.128323193000028)",Unfall 118339 (2020) Kat:3, Licht: 2,118339,3,6,2,11,06,4,0,2,0,1,0,0,0,0
"POINT (13.602255625000055 51.095306432000029)",Unfall 118349 (2020) Kat:3, Licht: 0,118349,3,7,9,11,14,2,0,0,0,1,0,0,0,0
"POINT (13.769102595000049 51.013416380000081)",Unfall 118358 (2020) Kat:3, Licht: 0,118358,3,6,2,12,14,2,1,0,1,1,0,0,0,0
"POINT (13.745355332000031 51.048994864000065)",Unfall 118369 (2020) Kat:2, Licht: 1,118369,2,2,5,12,07,3,1,1,1,1,0,0,0,0
"POINT (13.895770377000076 51.065423340000052)",Unfall 118388 (2020) Kat:3, Licht: 0,118388,3,3,5,12,14,7,0,0,0,1,0,0,0,0
"POINT (13.713215134000052 51.101092214000062)",Unfall 118389 (2020) Kat:3, Licht: 0,118389,3,6,5,11,12,2,0,0,0,1,0,0,1,0
"POINT (13.720920889000070 51.041366930000038)",Unfall 118397 (2020) Kat:3, Licht: 0,118397,3,4,6,11,07,6,1,0,1,0,1,0,0,0
"POINT (13.746650456000054 51.057138996000049)",Unfall 118405 (2020) Kat:3, Licht: 0,118405,3,6,2,11,12,5,0,0,0,1,0,0,0,0
"POINT (13.746102606000022 51.057141992000027)",Unfall 118414 (2020) Kat:3, Licht: 1,118414,3,3,5,12,07,5,0,1,0,1,0,0,0,1
"POINT (13.731833106000067 51.067770024000026)",Unfall 118434 (2020) Kat:3, Licht: 2,118434,3,6,2,11,19,3,1,2,0,1,0,0,0,0
"POINT (13.689792760000046 51.065123112000038)",Unfall 118440 (2020) Kat:3, Licht: 1,118440,3,6,4,10,19,6,1,1,1,0,0,0,0,0
"POINT (13.705639402000031 51.042625998000062)",Unfall 118453 (2020) Kat:3, Licht: 0,118453,3,4,6,11,08,6,0,0,1,0,1,0,0,0
"POINT (13.708911956000065 51.027302242000076)",Unfall 118460 (2020) Kat:2, Licht: 0,118460,2,1,0,10,16,6,1,0,1,0,0,0,0,0
"POINT (13.791252273000055 51.123182376000045)",Unfall 118463 (2020) Kat:2, Licht: 2,118463,2,4,6,11,18,5,0,2,0,0,1,0,0,1
"POINT (13.692666109000072 51.082898482000076)",Unfall 118464 (2020) Kat:3, Licht: 0,118464,3,6,3,10,14,6,0,0,0,1,0,0,1,0
"POINT (13.766433172000063 51.065311568000027)",Unfall 118473 (2020) Kat:3, Licht: 0,118473,3,7,0,11,15,3,0,0,1,0,0,0,0,0
"POINT (13.782023710000033 51.067004461000067)",Unfall 118497 (2020) Kat:2, Licht: 2,118497,2,3,5,12,16,5,0,2,1,1,0,0,0,0
"POINT (13.672253309000041 51.050255173000039)",Unfall 118498 (2020) Kat:3, Licht: 0,118498,3,2,5,11,07,3,0,0,1,0,0,0,1,0
"POINT (13.672254622000025 51.017203891000065)",Unfall 118509 (2020) Kat:3, Licht: 0,118509,3,6,2,12,13,6,0,0,0,1,0,0,0,0
"POINT (13.729003925000029 51.083500231000073)",Unfall 118532 (2020) Kat:2, Licht: 2,118532,2,2,6,12,16,4,0,2,0,1,1,0,0,0
"POINT (13.747047464000048 51.063692707000030)",Unfall 118559 (2020) Kat:3, Licht: 2,118559,3,3,5,11,16,4,0,2,1,1,0,0,0,0
"POINT (13.767061654000031 51.095110690000070)",Unfall 118563 (2020) Kat:3, Licht: 0,118563,3,6,3,11,07,4,0,0,1,0,0,0,0,0
"POINT (13.866691680000031 51.103859113000055)",Unfall 118622 (2020) Kat:3, Licht: 0,118622,3,2,2,10,07,5,1,0,0,1,0,0,0,0
"POINT (13.727743808000071 51.084700826000073)",Unfall 118625 (2020) Kat:3, Licht: 2,118625,3,2,6,10,19,5,1,2,0,1,1,0,0,0
"POINT (13.726044526000067 51.057028924000065)",Unfall 118628 (2020) Kat:3, Licht: 0,118628,3,2,3,11,07,2,0,0,1,1,0,0,0,0
"POINT (13.704940087000068 51.039379809000081)",Unfall 118633 (2020) Kat:3, Licht: 2,118633,3,3,5,10,17,6,1,2,1,1,0,0,0,0
"POINT (13.762581012000055 51.032775476000040)",Unfall 224547 (2020) Kat:3, Licht: 2,224547,3,2,5,01,18,5,0,2,0,1,0,0,0,0
"POINT (13.807303040000022 51.051945496000030)",Unfall 224605 (2020) Kat:3, Licht: 2,224605,3,6,6,01,18,5,1,2,1,0,1,0,0,0
"POINT (13.785549950000075 51.052439694000043)",Unfall 224608 (2020) Kat:3, Licht: 0,224608,3,7,0,01,12,4,1,0,1,0,0,0,0,0
"POINT (13.835368840000058 50.988389759000029)",Unfall 224620 (2020) Kat:3, Licht: 1,224620,3,7,6,01,07,5,0,1,0,1,1,0,0,0
"POINT (13.769626302000063 51.051108854000063)",Unfall 224625 (2020) Kat:3, Licht: 0,224625,3,3,5,01,13,3,0,0,0,1,0,0,0,1
"POINT (13.757177008000042 51.049789146000080)",Unfall 224630 (2020) Kat:3, Licht: 1,224630,3,3,5,01,07,5,1,1,1,1,0,0,0,0
"POINT (13.747136637000040 51.023049663000052)",Unfall 224631 (2020) Kat:2, Licht: 0,224631,2,6,0,01,14,2,0,0,0,1,0,0,0,1
"POINT (13.788237763000041 51.035946896000041)",Unfall 224633 (2020) Kat:2, Licht: 0,224633,2,3,5,01,12,5,0,0,1,0,0,0,0,1
"POINT (13.829856302000053 51.000684812000031)",Unfall 224636 (2020) Kat:3, Licht: 2,224636,3,2,6,01,16,3,1,2,0,1,1,0,0,0
"POINT (13.828100597000059 51.008934108000062)",Unfall 224639 (2020) Kat:3, Licht: 0,224639,3,1,4,01,09,6,1,0,1,1,0,0,0,0
"POINT (13.800325272000066 51.027351667000062)",Unfall 224640 (2020) Kat:3, Licht: 2,224640,3,2,6,01,17,6,0,2,0,1,1,0,0,0
"POINT (13.750598261000050 51.047354741000049)",Unfall 224642 (2020) Kat:3, Licht: 1,224642,3,6,2,01,07,3,0,1,0,1,0,0,0,0
"POINT (13.785330209000051 51.035941554000033)",Unfall 224643 (2020) Kat:3, Licht: 1,224643,3,3,5,01,16,5,1,1,1,1,0,0,0,0
"POINT (13.733613600000069 51.035337419000030)",Unfall 224644 (2020) Kat:3, Licht: 0,224644,3,2,5,01,08,1,0,0,0,1,0,0,0,1
"POINT (13.711227504000021 51.089185503000067)",Unfall 224647 (2020) Kat:2, Licht: 2,224647,2,2,6,01,06,3,1,2,0,1,1,0,0,0
"POINT (13.701395287000025 51.040877258000080)",Unfall 224653 (2020) Kat:3, Licht: 0,224653,3,3,5,01,15,3,0,0,0,1,0,0,0,0
"POINT (13.706379491000064 51.018015531000060)",Unfall 224658 (2020) Kat:2, Licht: 0,224658,2,2,6,01,11,3,1,0,0,1,1,0,0,0
"POINT (13.774715581000066 51.049809962000040)",Unfall 224670 (2020) Kat:3, Licht: 0,224670,3,3,5,01,13,5,0,0,1,1,0,0,0,0
"POINT (13.778595462000055 51.042637320000040)",Unfall 224672 (2020) Kat:3, Licht: 0,224672,3,3,5,01,15,3,0,0,0,1,0,0,0,0
"POINT (13.718782904000022 51.087828702000081)",Unfall 224677 (2020) Kat:3, Licht: 2,224677,3,3,5,01,17,6,0,2,1,1,0,0,0,0
"POINT (13.808912709000026 51.052754020000066)",Unfall 224688 (2020) Kat:3, Licht: 0,224688,3,3,5,01,12,6,0,0,1,1,0,0,0,0
"POINT (13.792421900000022 51.020931674000053)",Unfall 224689 (2020) Kat:3, Licht: 0,224689,3,1,0,01,07,6,2,0,1,0,0,0,0,0
"POINT (13.723308208000049 51.081285242000035)",Unfall 224694 (2020) Kat:3, Licht: 0,224694,3,6,3,01,15,2,0,0,1,1,0,0,0,0
"POINT (13.689586591000023 51.059554848000062)",Unfall 224702 (2020) Kat:3, Licht: 0,224702,3,3,5,01,14,4,0,0,0,1,0,0,0,1
"POINT (13.777197492000028 51.060080403000029)",Unfall 224703 (2020) Kat:3, Licht: 2,224703,3,6,2,01,07,2,0,2,0,1,0,0,0,0
"POINT (13.751873035000074 51.037066546000062)",Unfall 224709 (2020) Kat:3, Licht: 2,224709,3,3,5,01,17,4,1,2,0,1,0,0,0,1
"POINT (13.692354736000027 51.053274419000047)",Unfall 224712 (2020) Kat:3, Licht: 0,224712,3,5,1,01,08,4,2,0,0,0,0,1,1,0
"POINT (13.774477134000051 51.033093223000037)",Unfall 224714 (2020) Kat:3, Licht: 0,224714,3,2,2,01,12,2,0,0,0,1,0,0,0,0
"POINT (13.777199419000056 51.060057530000051)",Unfall 224716 (2020) Kat:3, Licht: 0,224716,3,3,5,01,11,2,0,0,1,1,0,0,0,0
"POINT (13.733928443000025 51.050841530000071)",Unfall 224718 (2020) Kat:3, Licht: 2,224718,3,6,2,01,16,2,0,2,0,1,0,0,0,0
"POINT (13.760676442000033 51.049201520000054)",Unfall 224723 (2020) Kat:2, Licht: 0,224723,2,3,5,01,12,5,0,0,1,1,0,0,0,0
"POINT (13.729424601000062 51.045734792000076)",Unfall 224724 (2020) Kat:3, Licht: 0,224724,3,2,5,01,09,2,1,0,0,1,0,0,0,0
"POINT (13.689409423000029 51.059161632000041)",Unfall 224725 (2020) Kat:3, Licht: 0,224725,3,6,2,01,08,5,0,0,0,1,0,0,0,1
"POINT (13.769760106000035 51.044762829000035)",Unfall 224730 (2020) Kat:3, Licht: 0,224730,3,6,2,01,16,3,0,0,0,1,0,0,0,0
"POINT (13.747071000000062 51.071798171000069)",Unfall 224737 (2020) Kat:3, Licht: 1,224737,3,1,0,01,17,2,0,1,1,0,0,0,0,0
"POINT (13.779437826000049 51.044402559000048)",Unfall 224741 (2020) Kat:3, Licht: 0,224741,3,7,0,01,12,6,0,0,0,1,0,0,0,1