WKT,Name,OBJECTID,UKATEGORIE,UTYP1,UART,UMONAT,USTUNDE,UWOCHENTAG,STRZUSTAND,ULICHTVERH,ISTRAD,ISTPKW,ISTFUSS,ISTKRAD,ISTGKFZ,ISTSONSTIG
"POINT (13.690495413000065 51.054387503000044)",Unfall 224746 (2020) Kat:3, Licht: 0,224746,3,2,3,01,13,6,0,0,1,1,0,0,0,0
"POINT (13.749704441000063 51.076164312000060)",Unfall 224747 (2020) Kat:3, Licht: 0,224747,3,6,2,01,11,6,0,0,1,1,0,0,0,0
"POINT (13.677302129000054 51.052409256000033)",Unfall 224749 (2020) Kat:3, Licht: 0,224749,3,1,0,01,09,1,2,0,1,0,0,0,0,0
"POINT (13.793851229000040 51.050388383000040)",Unfall 224751 (2020) Kat:3, Licht: 0,224751,3,2,6,01,09,1,0,0,0,1,1,0,0,0
"POINT (13.768175626000072 51.045397460000061)",Unfall 224763 (2020) Kat:3, Licht: 0,224763,3,2,4,01,15,4,1,0,1,1,0,0,0,0
"POINT (13.718692813000075 51.028813095000032)",Unfall 224774 (2020) Kat:2, Licht: 0,224774,2,3,5,01,07,4,0,0,0,1,0,0,0,1
"POINT (13.796065265000038 51.044821117000026)",Unfall 224779 (2020) Kat:3, Licht: 1,224779,3,5,1,01,07,5,0,1,1,1,0,0,0,0
"POINT (13.712681080000038 51.046286219000081)",Unfall 224781 (2020) Kat:3, Licht: 0,224781,3,3,5,01,18,3,0,0,0,1,0,0,0,0
"POINT (13.709488148000048 51.089574184000071)",Unfall 224782 (2020) Kat:3, Licht: 2,224782,3,7,0,01,17,7,1,2,0,1,0,0,0,0
"POINT (13.760263638000026 51.075053557000047)",Unfall 224784 (2020) Kat:3, Licht: 0,224784,3,6,2,01,10,3,0,0,0,1,0,0,0,0
"POINT (13.806728795000026 51.052101571000037)",Unfall 224796 (2020) Kat:3, Licht: 2,224796,3,7,0,01,17,6,1,2,1,0,0,0,0,0
"POINT (13.808839687000045 51.038004987000079)",Unfall 224798 (2020) Kat:3, Licht: 1,224798,3,2,6,01,07,6,0,1,1,0,1,0,0,0
"POINT (13.742244625000069 51.089596478000033)",Unfall 224804 (2020) Kat:3, Licht: 0,224804,3,6,4,01,15,4,0,0,0,1,0,0,0,0
"POINT (13.761337068000046 51.051927114000080)",Unfall 224812 (2020) Kat:2, Licht: 2,224812,2,3,5,01,07,4,1,2,1,1,0,0,0,0
"POINT (13.748760029000039 51.035908069000072)",Unfall 224815 (2020) Kat:3, Licht: 2,224815,3,3,5,01,18,7,0,2,0,1,0,1,0,0
"POINT (13.838659448000044 51.005862655000044)",Unfall 224823 (2020) Kat:3, Licht: 0,224823,3,4,6,01,09,6,0,0,0,1,1,0,0,0
"POINT (13.783801176000054 51.053501623000045)",Unfall 224827 (2020) Kat:3, Licht: 1,224827,3,1,0,01,07,5,0,1,1,0,0,0,0,0
"POINT (13.777851573000078 51.053940912000030)",Unfall 224828 (2020) Kat:3, Licht: 2,224828,3,3,5,01,17,6,0,2,0,1,0,0,0,1
"POINT (13.808912709000026 51.052754020000066)",Unfall 224830 (2020) Kat:3, Licht: 2,224830,3,7,0,01,16,6,1,2,1,0,0,0,0,0
"POINT (13.800706371000047 51.041315803000032)",Unfall 224831 (2020) Kat:3, Licht: 2,224831,3,2,3,01,19,5,0,2,1,1,0,0,0,0
"POINT (13.808456266000064 51.045294030000036)",Unfall 224836 (2020) Kat:3, Licht: 0,224836,3,3,5,01,08,3,0,0,1,1,0,0,0,0
"POINT (13.783949614000051 51.017597156000079)",Unfall 224845 (2020) Kat:1, Licht: 0,224845,1,2,2,01,15,6,0,0,1,1,0,0,0,0
"POINT (13.768784806000042 51.043797763000043)",Unfall 224846 (2020) Kat:3, Licht: 0,224846,3,2,5,01,08,6,0,0,1,0,0,0,0,0
"POINT (13.722242219000066 51.030019685000070)",Unfall 224848 (2020) Kat:3, Licht: 0,224848,3,1,0,01,08,6,2,0,1,0,0,0,0,0
"POINT (13.725178856000070 51.050241340000071)",Unfall 224858 (2020) Kat:2, Licht: 2,224858,2,7,0,01,19,4,0,2,0,1,0,0,0,1
"POINT (13.851765028000045 51.006798745000026)",Unfall 224868 (2020) Kat:3, Licht: 2,224868,3,3,5,02,17,4,0,2,0,1,0,0,0,1
"POINT (13.692233105000071 51.048248788000080)",Unfall 224873 (2020) Kat:3, Licht: 0,224873,3,4,6,02,12,6,0,0,0,0,1,0,0,1
"POINT (13.711166903000048 51.057708210000044)",Unfall 224874 (2020) Kat:3, Licht: 0,224874,3,4,6,02,14,6,0,0,0,1,1,0,0,0
"POINT (13.735049123000067 51.033590225000069)",Unfall 224876 (2020) Kat:3, Licht: 0,224876,3,1,0,02,12,6,1,0,1,0,0,0,0,0
"POINT (13.729111008000075 51.050952065000047)",Unfall 224878 (2020) Kat:3, Licht: 0,224878,3,2,3,02,16,6,1,0,1,1,0,0,0,0
"POINT (13.693067561000078 51.081770974000051)",Unfall 224879 (2020) Kat:2, Licht: 0,224879,2,3,4,02,12,6,1,0,0,1,0,0,0,0
"POINT (13.661012471000049 51.041711963000068)",Unfall 224882 (2020) Kat:3, Licht: 0,224882,3,4,6,01,14,2,0,0,0,1,1,0,0,0
"POINT (13.718827522000026 51.051281323000069)",Unfall 224884 (2020) Kat:3, Licht: 0,224884,3,1,0,01,08,2,2,0,1,0,0,0,0,0
"POINT (13.718513454000060 51.029016719000026)",Unfall 224889 (2020) Kat:3, Licht: 0,224889,3,3,5,02,10,5,0,0,0,1,0,0,0,0
"POINT (13.793507581000028 51.006885695000051)",Unfall 224890 (2020) Kat:3, Licht: 0,224890,3,4,6,01,09,2,2,0,0,1,1,0,0,0
"POINT (13.753539016000047 51.052907353000080)",Unfall 224892 (2020) Kat:3, Licht: 0,224892,3,3,5,02,10,5,0,0,0,1,0,1,0,0
"POINT (13.831738893000022 50.999632870000028)",Unfall 224893 (2020) Kat:3, Licht: 2,224893,3,1,0,01,06,2,2,2,1,0,0,0,0,0
"POINT (13.790930852000031 51.021386184000050)",Unfall 224895 (2020) Kat:3, Licht: 0,224895,3,3,5,01,07,2,1,0,1,1,0,0,0,0
"POINT (13.743102232000069 51.023484608000047)",Unfall 224897 (2020) Kat:2, Licht: 0,224897,2,1,0,01,10,2,2,0,1,0,0,0,0,0
"POINT (13.853119243000037 51.055099352000070)",Unfall 224903 (2020) Kat:3, Licht: 0,224903,3,1,0,01,10,2,2,0,1,0,0,0,0,0
"POINT (13.748344242000030 51.071777610000026)",Unfall 224907 (2020) Kat:3, Licht: 0,224907,3,1,0,01,09,2,2,0,1,0,0,0,0,0
"POINT (13.698504705000062 51.074235818000034)",Unfall 224908 (2020) Kat:3, Licht: 0,224908,3,3,0,02,15,4,1,0,1,1,0,0,0,0
"POINT (13.805426891000025 51.025507512000047)",Unfall 224911 (2020) Kat:3, Licht: 0,224911,3,3,5,02,08,5,0,0,0,1,0,0,0,1
"POINT (13.773199892000036 51.043024286000048)",Unfall 224914 (2020) Kat:3, Licht: 0,224914,3,1,0,01,07,2,2,0,1,0,0,0,0,0
"POINT (13.709121101000051 51.025467398000046)",Unfall 224915 (2020) Kat:3, Licht: 0,224915,3,7,1,02,11,1,0,0,0,1,0,0,0,0
"POINT (13.806552141000054 51.037376981000079)",Unfall 224916 (2020) Kat:3, Licht: 0,224916,3,2,5,02,10,4,0,0,1,1,0,0,0,0
"POINT (13.813266396000074 51.045574648000070)",Unfall 224919 (2020) Kat:2, Licht: 2,224919,2,4,6,01,18,2,0,2,0,1,1,0,0,0
"POINT (13.743772126000067 51.053443840000057)",Unfall 224922 (2020) Kat:2, Licht: 1,224922,2,1,0,01,07,2,2,1,1,0,0,0,0,0
"POINT (13.774512934000029 51.060593834000031)",Unfall 224924 (2020) Kat:3, Licht: 1,224924,3,1,0,01,06,2,2,1,1,0,0,0,0,0
"POINT (13.762519557000076 51.037435794000032)",Unfall 224926 (2020) Kat:2, Licht: 0,224926,2,1,0,01,08,2,2,0,1,0,0,0,0,0
"POINT (13.761627837000049 51.036614589000067)",Unfall 224928 (2020) Kat:3, Licht: 0,224928,3,1,0,01,08,2,2,0,1,0,0,0,0,0
"POINT (13.769336934000023 51.110723966000080)",Unfall 224933 (2020) Kat:3, Licht: 0,224933,3,3,5,02,16,3,0,0,1,1,0,0,0,0
"POINT (13.775716294000063 51.050821118000044)",Unfall 224934 (2020) Kat:3, Licht: 0,224934,3,2,2,01,07,2,1,0,1,1,0,0,0,0
"POINT (13.804442777000077 51.025861624000072)",Unfall 224935 (2020) Kat:3, Licht: 0,224935,3,7,6,02,13,3,0,0,0,1,1,0,0,0
"POINT (13.757954632000065 51.019301419000044)",Unfall 224936 (2020) Kat:3, Licht: 2,224936,3,1,0,01,17,2,1,2,0,0,0,1,0,1
"POINT (13.782333756000071 51.047693604000074)",Unfall 224937 (2020) Kat:3, Licht: 0,224937,3,3,5,02,10,3,1,0,0,1,0,0,0,0
"POINT (13.779841923000049 51.044299962000082)",Unfall 224938 (2020) Kat:3, Licht: 2,224938,3,3,5,02,22,3,1,2,0,1,0,0,0,0
"POINT (13.783759465000060 51.034453520000056)",Unfall 224940 (2020) Kat:2, Licht: 0,224940,2,4,6,02,09,3,1,0,0,0,1,0,0,1
"POINT (13.798782355000071 51.052974598000048)",Unfall 224941 (2020) Kat:3, Licht: 0,224941,3,3,5,02,14,3,1,0,0,1,0,0,0,0
"POINT (13.717804954000030 51.048701510000058)",Unfall 224942 (2020) Kat:3, Licht: 2,224942,3,3,5,02,06,3,1,2,1,1,0,0,0,0
"POINT (13.811149375000070 51.009220361000075)",Unfall 224943 (2020) Kat:3, Licht: 0,224943,3,3,5,02,14,6,0,0,1,1,0,0,0,0
"POINT (13.744570503000034 51.037101748000055)",Unfall 224947 (2020) Kat:3, Licht: 0,224947,3,3,5,01,10,2,1,0,0,1,0,0,0,0
"POINT (13.695364747000042 51.081967182000028)",Unfall 224952 (2020) Kat:2, Licht: 2,224952,2,4,6,02,17,5,1,2,0,1,1,0,0,0
"POINT (13.770319818000075 50.991361195000081)",Unfall 224960 (2020) Kat:3, Licht: 2,224960,3,6,6,02,06,2,1,2,0,1,1,0,0,0
"POINT (13.765532955000026 51.073247329000026)",Unfall 224961 (2020) Kat:3, Licht: 1,224961,3,6,2,02,07,2,1,1,0,1,0,0,0,0
"POINT (13.752521576000049 51.077714540000045)",Unfall 224962 (2020) Kat:3, Licht: 0,224962,3,6,2,02,16,2,1,0,0,1,0,0,0,0
"POINT (13.799294720000034 51.024783450000029)",Unfall 224963 (2020) Kat:3, Licht: 0,224963,3,5,1,02,15,3,1,0,0,1,0,0,0,0
"POINT (13.769625896000036 51.051107883000043)",Unfall 224966 (2020) Kat:3, Licht: 2,224966,3,3,5,02,06,2,1,2,1,1,0,0,0,0
"POINT (13.781746030000022 51.043851388000064)",Unfall 224971 (2020) Kat:3, Licht: 2,224971,3,6,2,02,17,3,1,2,0,1,0,0,0,0
"POINT (13.711987637000050 51.080986357000029)",Unfall 224976 (2020) Kat:3, Licht: 1,224976,3,3,5,02,15,1,1,1,1,1,0,0,0,0
"POINT (13.803388801000040 51.053878540000028)",Unfall 224978 (2020) Kat:3, Licht: 0,224978,3,6,2,02,15,4,1,0,0,1,0,0,1,0
"POINT (13.749156009000046 51.064437129000055)",Unfall 224979 (2020) Kat:3, Licht: 2,224979,3,4,6,02,18,1,1,2,1,0,1,0,0,0
"POINT (13.724277474000075 51.054006411000046)",Unfall 224981 (2020) Kat:2, Licht: 2,224981,2,3,5,02,17,1,1,2,1,1,0,0,0,0
"POINT (13.691996647000053 51.049063446000048)",Unfall 224989 (2020) Kat:3, Licht: 2,224989,3,3,5,01,22,1,0,2,0,1,0,0,0,0
"POINT (13.759589879000032 51.054487319000032)",Unfall 224993 (2020) Kat:3, Licht: 0,224993,3,5,1,02,11,7,0,0,1,1,0,0,0,0
"POINT (13.777866082000060 51.053985554000064)",Unfall 224995 (2020) Kat:3, Licht: 2,224995,3,3,5,02,00,7,0,2,1,1,0,0,0,0
"POINT (13.782189022000068 51.054667330000029)",Unfall 224998 (2020) Kat:3, Licht: 0,224998,3,6,3,02,10,6,0,0,0,1,0,0,0,1
"POINT (13.689236010000059 51.044012614000053)",Unfall 225009 (2020) Kat:3, Licht: 0,225009,3,4,6,01,12,6,0,0,0,1,1,0,0,0
"POINT (13.758330809000029 51.029816067000070)",Unfall 225010 (2020) Kat:3, Licht: 0,225010,3,1,0,01,10,6,0,0,1,0,0,0,0,0
"POINT (13.741080105000037 51.057454689000053)",Unfall 225012 (2020) Kat:3, Licht: 0,225012,3,6,6,01,13,6,0,0,1,0,1,0,0,0
"POINT (13.792608935000032 51.039666500000067)",Unfall 225013 (2020) Kat:3, Licht: 0,225013,3,1,0,01,08,6,1,0,0,0,0,1,0,0
"POINT (13.805933607000043 51.007629903000065)",Unfall 225014 (2020) Kat:3, Licht: 0,225014,3,7,8,01,07,7,0,0,0,1,0,0,0,0
"POINT (13.787530975000038 51.054053241000076)",Unfall 225016 (2020) Kat:2, Licht: 0,225016,2,1,1,01,08,6,1,0,1,1,0,0,0,0
"POINT (13.752029152000034 51.066843715000061)",Unfall 225022 (2020) Kat:2, Licht: 2,225022,2,1,0,02,21,5,1,2,1,0,0,0,0,0
"POINT (13.763573512000050 51.018971021000027)",Unfall 225025 (2020) Kat:3, Licht: 2,225025,3,4,6,01,18,7,0,2,0,1,1,0,0,0
"POINT (13.766501472000073 51.059540501000072)",Unfall 225030 (2020) Kat:3, Licht: 2,225030,3,1,9,01,23,7,0,2,0,1,0,0,0,0
"POINT (13.783979795000050 51.034616898000081)",Unfall 225031 (2020) Kat:2, Licht: 0,225031,2,4,6,02,09,4,0,0,0,1,1,0,0,0
"POINT (13.708639127000026 51.047043860000031)",Unfall 225044 (2020) Kat:3, Licht: 1,225044,3,6,3,01,07,5,0,1,0,1,0,1,0,0
"POINT (13.884410861000049 51.063102540000045)",Unfall 225046 (2020) Kat:3, Licht: 0,225046,3,7,0,01,10,5,0,0,0,1,0,0,0,1
"POINT (13.748696802000040 51.081266274000029)",Unfall 225048 (2020) Kat:3, Licht: 2,225048,3,7,3,01,19,5,0,2,0,1,0,0,0,0
"POINT (13.770203624000033 51.028896006000082)",Unfall 225050 (2020) Kat:3, Licht: 1,225050,3,3,5,01,07,5,0,1,1,1,0,0,0,0
"POINT (13.678487837000034 51.061124699000061)",Unfall 225051 (2020) Kat:2, Licht: 2,225051,2,3,0,01,18,5,0,2,0,1,0,0,0,1
"POINT (13.769628134000072 51.051113242000042)",Unfall 225071 (2020) Kat:3, Licht: 0,225071,3,3,5,02,11,7,0,0,0,1,0,0,0,0
"POINT (13.724787825000021 51.077062170000033)",Unfall 225073 (2020) Kat:2, Licht: 2,225073,2,1,8,01,06,4,1,2,1,0,0,0,0,0
"POINT (13.666227064000054 51.046336059000055)",Unfall 225084 (2020) Kat:3, Licht: 0,225084,3,4,6,01,14,3,1,0,0,1,1,0,0,0
"POINT (13.794091105000064 51.013085034000028)",Unfall 225086 (2020) Kat:3, Licht: 0,225086,3,3,5,01,11,3,1,0,0,1,0,0,0,0
"POINT (13.696652501000074 51.082039385000030)",Unfall 225087 (2020) Kat:3, Licht: 2,225087,3,1,9,01,04,6,1,2,0,1,0,0,0,0
"POINT (13.769041498000036 51.124062929000047)",Unfall 225088 (2020) Kat:3, Licht: 2,225088,3,2,5,02,20,4,0,2,0,1,0,0,0,0
"POINT (13.716071688000056 51.014682284000060)",Unfall 225089 (2020) Kat:3, Licht: 2,225089,3,7,2,01,19,3,1,2,0,1,0,0,0,0
"POINT (13.740762768000025 51.047244251000052)",Unfall 225090 (2020) Kat:2, Licht: 0,225090,2,3,5,01,16,6,0,0,1,1,0,0,0,0
"POINT (13.725732855000047 51.048826793000046)",Unfall 225091 (2020) Kat:2, Licht: 2,225091,2,7,0,01,05,3,1,2,0,0,1,0,0,1
"POINT (13.762023182000064 51.051850103000049)",Unfall 225093 (2020) Kat:3, Licht: 1,225093,3,4,6,01,16,3,1,1,0,1,1,0,0,0
"POINT (13.756001976000050 51.055907455000067)",Unfall 225094 (2020) Kat:3, Licht: 1,225094,3,3,5,01,16,3,1,1,0,1,0,0,0,0
"POINT (13.750649683000063 51.047524448000047)",Unfall 225095 (2020) Kat:3, Licht: 0,225095,3,3,5,01,15,3,1,0,1,0,0,0,0,1
"POINT (13.725986640000031 51.048908367000081)",Unfall 225097 (2020) Kat:2, Licht: 2,225097,2,7,0,01,05,3,1,2,0,0,0,0,0,1
"POINT (13.724937338000075 51.057724390000033)",Unfall 225099 (2020) Kat:3, Licht: 1,225099,3,6,2,01,06,3,1,1,0,1,0,0,0,1
"POINT (13.670271804000038 51.029662464000069)",Unfall 225101 (2020) Kat:3, Licht: 0,225101,3,1,0,01,10,3,0,0,1,1,0,0,0,0
"POINT (13.751502957000071 51.050793401000078)",Unfall 225106 (2020) Kat:3, Licht: 2,225106,3,3,5,02,06,6,1,2,1,1,0,0,0,0
"POINT (13.833573638000075 51.021662432000028)",Unfall 225115 (2020) Kat:3, Licht: 2,225115,3,3,5,02,22,5,1,2,0,1,0,0,0,0
"POINT (13.712337008000077 51.079314988000078)",Unfall 225124 (2020) Kat:3, Licht: 0,225124,3,3,5,02,11,2,1,0,0,1,0,0,0,0
"POINT (13.771086732000072 51.046158456000057)",Unfall 225126 (2020) Kat:3, Licht: 2,225126,3,3,5,02,18,2,1,2,1,1,0,0,0,0
"POINT (13.799319575000027 51.041741666000064)",Unfall 225135 (2020) Kat:3, Licht: 2,225135,3,2,5,02,18,2,0,2,0,1,0,0,0,1
"POINT (13.738757711000062 51.054102960000080)",Unfall 225139 (2020) Kat:3, Licht: 0,225139,3,6,3,02,15,4,1,0,1,1,0,0,0,0
"POINT (13.765528142000051 51.073248944000056)",Unfall 225140 (2020) Kat:3, Licht: 0,225140,3,1,2,03,13,2,1,0,0,1,0,0,0,0
"POINT (13.713168030000077 51.077528587000074)",Unfall 225145 (2020) Kat:3, Licht: 0,225145,3,6,6,03,07,2,0,0,1,0,1,0,0,0
"POINT (13.744964489000040 51.072368350000033)",Unfall 225149 (2020) Kat:3, Licht: 0,225149,3,3,5,02,17,6,0,0,1,1,0,0,0,0
"POINT (13.793836475000035 51.051860029000068)",Unfall 225153 (2020) Kat:3, Licht: 0,225153,3,3,5,03,17,4,0,0,1,1,0,0,0,0
"POINT (13.781452635000051 51.043826237000076)",Unfall 225154 (2020) Kat:3, Licht: 1,225154,3,2,5,02,17,6,0,1,1,1,0,0,0,0
"POINT (13.787512572000026 51.035957999000061)",Unfall 225156 (2020) Kat:2, Licht: 1,225156,2,2,6,02,06,6,1,1,0,1,1,0,0,0
"POINT (13.848219161000031 51.012553052000044)",Unfall 225158 (2020) Kat:3, Licht: 1,225158,3,7,8,02,23,5,1,1,0,1,0,0,0,0
"POINT (13.755926557000066 51.055874684000059)",Unfall 225159 (2020) Kat:3, Licht: 0,225159,3,2,5,03,07,5,0,0,1,1,0,0,0,0
"POINT (13.757861479000042 51.075796814000057)",Unfall 225176 (2020) Kat:3, Licht: 0,225176,3,3,5,02,13,7,0,0,1,1,0,0,0,0
"POINT (13.800222977000033 51.034199487000080)",Unfall 225178 (2020) Kat:3, Licht: 2,225178,3,3,5,02,18,4,1,2,0,1,0,0,0,0
"POINT (13.793427585000074 51.042151252000053)",Unfall 225184 (2020) Kat:2, Licht: 0,225184,2,7,6,03,11,3,1,0,0,0,1,0,1,0
"POINT (13.763677023000071 51.055877486000043)",Unfall 225185 (2020) Kat:3, Licht: 2,225185,3,7,6,02,18,5,1,2,0,0,1,0,0,1
"POINT (13.710804159000077 51.032570241000030)",Unfall 225189 (2020) Kat:3, Licht: 0,225189,3,2,6,02,09,5,0,0,0,1,1,0,0,0
"POINT (13.788215798000067 51.036942705000058)",Unfall 225191 (2020) Kat:3, Licht: 2,225191,3,7,6,03,22,2,0,2,1,0,1,0,0,0
"POINT (13.780578313000035 51.042191015000071)",Unfall 225195 (2020) Kat:3, Licht: 0,225195,3,3,5,02,13,4,1,0,0,1,0,0,0,0
"POINT (13.765552651000064 51.048359458000050)",Unfall 225196 (2020) Kat:3, Licht: 0,225196,3,3,5,03,15,2,0,0,1,1,0,0,0,0
"POINT (13.773363601000028 51.043401849000077)",Unfall 225198 (2020) Kat:3, Licht: 2,225198,3,2,6,02,17,4,0,2,0,1,1,0,0,0
"POINT (13.779127061000054 51.058881277000069)",Unfall 225199 (2020) Kat:3, Licht: 0,225199,3,7,0,03,06,6,1,0,0,1,0,0,0,0
"POINT (13.776829322000026 51.047992541000042)",Unfall 225203 (2020) Kat:3, Licht: 0,225203,3,3,5,02,09,6,1,0,0,1,0,0,0,0
"POINT (13.775011057000029 51.038134121000041)",Unfall 225207 (2020) Kat:2, Licht: 0,225207,2,3,5,03,15,4,0,0,1,1,0,0,0,0
"POINT (13.737103983000054 51.050171605000060)",Unfall 225212 (2020) Kat:3, Licht: 0,225212,3,7,0,03,13,5,0,0,1,0,0,0,0,0
"POINT (13.848284225000043 51.007245494000074)",Unfall 225232 (2020) Kat:3, Licht: 0,225232,3,3,5,02,13,3,0,0,1,1,0,0,0,0
"POINT (13.831498052000029 51.030446200000029)",Unfall 225239 (2020) Kat:3, Licht: 2,225239,3,6,2,02,18,1,1,2,0,1,0,0,0,0
"POINT (13.808787869000071 51.050477810000075)",Unfall 225241 (2020) Kat:3, Licht: 0,225241,3,1,0,02,15,3,1,0,1,0,0,0,0,0
"POINT (13.694268535000049 51.043123776000073)",Unfall 225245 (2020) Kat:3, Licht: 0,225245,3,3,5,02,08,7,1,0,0,1,0,0,0,0
"POINT (13.758335755000076 51.053069889000028)",Unfall 225248 (2020) Kat:2, Licht: 0,225248,2,4,6,02,15,4,1,0,1,0,1,0,0,0
"POINT (13.716306787000065 51.055045763000066)",Unfall 225249 (2020) Kat:3, Licht: 0,225249,3,3,5,03,11,2,1,0,0,1,0,0,0,0
"POINT (13.808312716000046 51.050882896000076)",Unfall 225252 (2020) Kat:3, Licht: 0,225252,3,2,5,03,08,6,0,0,0,1,0,0,0,0
"POINT (13.686631883000075 51.041306507000058)",Unfall 225264 (2020) Kat:3, Licht: 2,225264,3,7,0,03,20,2,0,2,1,0,0,0,0,0
"POINT (13.697394436000025 51.086280629000044)",Unfall 225266 (2020) Kat:3, Licht: 0,225266,3,2,5,02,08,3,0,0,1,1,0,0,0,0
"POINT (13.705719535000071 51.090569491000053)",Unfall 225268 (2020) Kat:2, Licht: 0,225268,2,3,5,02,08,3,0,0,1,1,0,0,0,0
"POINT (13.700164610000058 51.041030242000033)",Unfall 225269 (2020) Kat:3, Licht: 0,225269,3,5,0,03,17,2,0,0,0,1,0,1,0,0
"POINT (13.764611078000030 51.067141665000065)",Unfall 225271 (2020) Kat:3, Licht: 0,225271,3,3,5,02,15,5,0,0,1,1,0,0,0,0
"POINT (13.764537268000026 51.015739262000068)",Unfall 225272 (2020) Kat:3, Licht: 0,225272,3,5,3,03,09,5,0,0,1,1,0,0,0,0
"POINT (13.832554709000021 51.029490040000042)",Unfall 225276 (2020) Kat:3, Licht: 2,225276,3,1,0,02,19,1,1,2,1,0,0,0,0,0
"POINT (13.710698692000051 51.057862558000068)",Unfall 225282 (2020) Kat:3, Licht: 0,225282,3,4,6,03,07,5,0,0,0,1,1,0,0,0
"POINT (13.700047896000058 51.041794888000027)",Unfall 225285 (2020) Kat:3, Licht: 0,225285,3,3,5,02,08,2,0,0,1,1,0,0,0,0
"POINT (13.773731619000046 51.019689368000058)",Unfall 225288 (2020) Kat:3, Licht: 0,225288,3,7,6,02,16,7,0,0,0,1,1,0,0,0
"POINT (13.680213741000046 51.052004399000054)",Unfall 225290 (2020) Kat:3, Licht: 0,225290,3,6,2,02,15,4,1,0,0,1,0,0,0,0
"POINT (13.756562010000039 51.055091833000063)",Unfall 225293 (2020) Kat:3, Licht: 0,225293,3,3,5,03,10,6,0,0,1,1,0,0,0,0
"POINT (13.752242228000057 51.077832134000062)",Unfall 225297 (2020) Kat:3, Licht: 2,225297,3,3,5,03,05,3,0,2,0,1,0,0,0,0
"POINT (13.837429411000073 51.024874974000056)",Unfall 225298 (2020) Kat:3, Licht: 0,225298,3,1,0,02,07,2,1,0,1,0,0,0,0,0
"POINT (13.788465081000027 51.033728202000077)",Unfall 225299 (2020) Kat:3, Licht: 0,225299,3,5,2,02,13,7,0,0,0,1,0,0,0,0
"POINT (13.757913422000058 51.075862187000041)",Unfall 225302 (2020) Kat:3, Licht: 0,225302,3,6,2,02,12,2,0,0,0,1,0,0,0,0
"POINT (13.758391745000040 51.029710353000041)",Unfall 225303 (2020) Kat:3, Licht: 0,225303,3,1,0,02,09,4,1,0,1,0,0,0,0,0
"POINT (13.756285584000068 51.045870187000048)",Unfall 225304 (2020) Kat:3, Licht: 0,225304,3,6,2,03,11,2,0,0,0,1,0,0,0,0
"POINT (13.783959001000028 51.009680780000053)",Unfall 225309 (2020) Kat:3, Licht: 2,225309,3,4,6,03,06,2,0,2,0,1,1,0,0,0
"POINT (13.737923676000037 51.074290516000076)",Unfall 225315 (2020) Kat:3, Licht: 0,225315,3,3,5,02,13,6,1,0,1,1,0,0,0,0
"POINT (13.810464493000040 51.033820606000063)",Unfall 225319 (2020) Kat:3, Licht: 0,225319,3,4,6,03,10,4,0,0,0,1,1,0,0,0
"POINT (13.702552257000036 51.088453835000053)",Unfall 225322 (2020) Kat:3, Licht: 0,225322,3,2,2,02,13,1,1,0,0,1,0,0,0,0
"POINT (13.766375411000070 51.056554461000076)",Unfall 225325 (2020) Kat:3, Licht: 0,225325,3,7,0,03,14,5,0,0,0,0,0,0,0,1
"POINT (13.741789944000061 51.043201763000070)",Unfall 225331 (2020) Kat:3, Licht: 0,225331,3,2,5,03,12,1,0,0,1,1,0,0,0,0
"POINT (13.692699363000031 51.085699195000075)",Unfall 225339 (2020) Kat:3, Licht: 0,225339,3,2,5,03,16,7,0,0,0,1,0,0,0,0
"POINT (13.782720732000030 51.050668003000055)",Unfall 225343 (2020) Kat:3, Licht: 0,225343,3,1,0,02,15,7,1,0,1,0,0,0,0,0
"POINT (13.815833129000055 51.016539277000049)",Unfall 225350 (2020) Kat:3, Licht: 2,225350,3,6,3,03,21,3,0,2,1,1,0,0,0,0
"POINT (13.743402465000031 51.035663716000045)",Unfall 225352 (2020) Kat:3, Licht: 0,225352,3,4,6,02,15,7,0,0,0,1,1,0,0,0
"POINT (13.810857436000049 51.018820901000026)",Unfall 225356 (2020) Kat:3, Licht: 0,225356,3,6,3,03,07,2,0,0,1,1,0,0,0,0
"POINT (13.814380559000028 51.015366469000071)",Unfall 225361 (2020) Kat:3, Licht: 2,225361,3,6,2,02,18,4,1,2,0,1,0,0,0,0
"POINT (13.725898210000025 51.052976880000074)",Unfall 225373 (2020) Kat:2, Licht: 0,225373,2,7,6,03,09,4,0,0,0,1,1,0,0,0
"POINT (13.842870228000038 51.001799287000040)",Unfall 225378 (2020) Kat:2, Licht: 0,225378,2,1,0,02,12,7,0,0,1,0,0,0,0,0
"POINT (13.701397060000033 51.040877444000046)",Unfall 225379 (2020) Kat:2, Licht: 0,225379,2,3,5,03,15,2,0,0,0,1,0,1,0,0
"POINT (13.720336332000045 51.054680106000035)",Unfall 225382 (2020) Kat:3, Licht: 2,225382,3,2,1,02,18,3,1,2,0,1,0,0,0,0
"POINT (13.794509753000057 51.011785009000050)",Unfall 225391 (2020) Kat:3, Licht: 0,225391,3,5,1,03,11,5,0,0,0,1,0,1,0,0