WKT,Name,OBJECTID,UKATEGORIE,UTYP1,UART,UMONAT,USTUNDE,UWOCHENTAG,STRZUSTAND,ULICHTVERH,ISTRAD,ISTPKW,ISTFUSS,ISTKRAD,ISTGKFZ,ISTSONSTIG
"POINT (13.800799817000041 51.041232783000055)",Unfall 225402 (2020) Kat:3, Licht: 0,225402,3,6,2,03,13,6,0,0,0,1,0,0,0,1
"POINT (13.709411482000064 51.081591833000061)",Unfall 225403 (2020) Kat:3, Licht: 0,225403,3,2,6,03,09,3,0,0,0,1,1,0,0,0
"POINT (13.797037725000052 51.044370146000063)",Unfall 225407 (2020) Kat:3, Licht: 0,225407,3,3,5,03,11,1,0,0,0,1,0,0,0,0
"POINT (13.779062614000054 51.038007333000053)",Unfall 225412 (2020) Kat:2, Licht: 0,225412,2,3,5,04,16,5,0,0,1,1,0,0,0,0
"POINT (13.773664710000048 51.048748090000061)",Unfall 225414 (2020) Kat:3, Licht: 0,225414,3,1,0,04,18,5,0,0,1,0,0,0,0,0
"POINT (13.788711359000047 51.043435897000052)",Unfall 225416 (2020) Kat:2, Licht: 0,225416,2,1,0,04,11,5,0,0,1,0,0,0,0,0
"POINT (13.741484048000075 51.070008576000077)",Unfall 225418 (2020) Kat:3, Licht: 0,225418,3,1,0,04,16,5,0,0,1,0,0,0,0,0
"POINT (13.647335851000037 51.092036693000068)",Unfall 225420 (2020) Kat:3, Licht: 0,225420,3,6,4,04,16,3,0,0,1,1,0,0,0,0
"POINT (13.710788164000064 51.077548702000058)",Unfall 225425 (2020) Kat:3, Licht: 0,225425,3,1,0,04,14,4,0,0,1,0,0,0,0,0
"POINT (13.756914410000036 51.055234917000064)",Unfall 225426 (2020) Kat:3, Licht: 2,225426,3,6,3,04,20,4,0,2,1,0,0,0,0,0
"POINT (13.711922155000025 51.088937142000077)",Unfall 225435 (2020) Kat:3, Licht: 2,225435,3,1,1,03,20,3,0,2,0,1,0,1,0,0
"POINT (13.760721722000028 51.071651776000067)",Unfall 225437 (2020) Kat:2, Licht: 0,225437,2,7,0,04,19,7,0,0,1,0,0,0,0,0
"POINT (13.770162954000057 51.045203743000059)",Unfall 225438 (2020) Kat:2, Licht: 0,225438,2,2,6,03,11,7,0,0,0,1,1,0,0,0
"POINT (13.777086149000070 51.040553759000034)",Unfall 225439 (2020) Kat:3, Licht: 1,225439,3,4,6,03,06,3,0,1,0,1,1,0,0,0
"POINT (13.802753195000037 51.030147739000029)",Unfall 225442 (2020) Kat:2, Licht: 0,225442,2,2,6,03,11,3,0,0,0,1,1,0,0,0
"POINT (13.789020334000043 51.049293363000061)",Unfall 225448 (2020) Kat:3, Licht: 1,225448,3,3,5,04,18,7,0,1,0,1,0,1,0,0
"POINT (13.765629558000057 51.015716604000033)",Unfall 225449 (2020) Kat:3, Licht: 0,225449,3,3,3,03,12,2,0,0,1,0,0,0,0,1
"POINT (13.777095277000058 51.059951911000041)",Unfall 225451 (2020) Kat:3, Licht: 0,225451,3,1,0,03,11,2,0,0,1,0,0,0,0,0
"POINT (13.756221936000031 51.072878059000061)",Unfall 225453 (2020) Kat:2, Licht: 0,225453,2,3,5,03,08,2,0,0,1,1,0,0,0,0
"POINT (13.838099665000072 51.050393057000065)",Unfall 225459 (2020) Kat:3, Licht: 0,225459,3,1,0,04,16,7,0,0,1,0,0,0,0,0
"POINT (13.716902751000077 51.093553561000078)",Unfall 225464 (2020) Kat:3, Licht: 0,225464,3,3,5,03,14,7,0,0,1,0,0,0,0,1
"POINT (13.725220658000069 51.050202657000057)",Unfall 225466 (2020) Kat:3, Licht: 2,225466,3,3,5,03,19,7,0,2,1,1,0,0,0,0
"POINT (13.678252667000038 51.048488092000071)",Unfall 225467 (2020) Kat:2, Licht: 0,225467,2,5,0,03,07,6,0,0,1,0,0,0,0,1
"POINT (13.828066448000072 51.032484245000035)",Unfall 225468 (2020) Kat:3, Licht: 0,225468,3,1,0,03,15,7,0,0,1,0,0,0,0,0
"POINT (13.742042300000037 51.024841698000046)",Unfall 225469 (2020) Kat:1, Licht: 2,225469,1,1,8,03,00,7,0,2,1,0,0,0,0,0
"POINT (13.787091669000063 51.015800895000041)",Unfall 225470 (2020) Kat:3, Licht: 0,225470,3,2,6,03,13,6,0,0,0,1,1,0,0,0
"POINT (13.693070348000049 51.038734836000060)",Unfall 225485 (2020) Kat:3, Licht: 0,225485,3,3,5,03,14,6,0,0,1,1,0,0,0,0
"POINT (13.759274026000071 51.060915475000058)",Unfall 225486 (2020) Kat:3, Licht: 0,225486,3,1,0,04,17,3,0,0,1,0,1,0,0,0
"POINT (13.841980079000052 51.002311382000073)",Unfall 225489 (2020) Kat:3, Licht: 0,225489,3,2,6,03,10,5,0,0,0,1,1,0,0,0
"POINT (13.760255271000062 51.023323052000080)",Unfall 225497 (2020) Kat:3, Licht: 0,225497,3,3,5,03,06,5,0,0,1,1,0,0,0,0
"POINT (13.798628830000041 51.012452433000078)",Unfall 225500 (2020) Kat:3, Licht: 0,225500,3,2,5,03,11,5,0,0,0,1,0,0,0,0
"POINT (13.744006778000028 51.068341137000061)",Unfall 225501 (2020) Kat:3, Licht: 0,225501,3,1,0,04,14,6,0,0,1,1,0,0,0,0
"POINT (13.692914686000051 51.046493321000071)",Unfall 225502 (2020) Kat:3, Licht: 0,225502,3,4,6,03,15,4,0,0,0,1,1,0,0,0
"POINT (13.800204505000067 51.057383154000036)",Unfall 225505 (2020) Kat:3, Licht: 0,225505,3,3,3,04,17,2,0,0,1,0,0,0,0,0
"POINT (13.745502347000070 51.068295207000062)",Unfall 225506 (2020) Kat:3, Licht: 0,225506,3,2,5,03,07,4,0,0,1,1,0,0,0,0
"POINT (13.783367603000045 51.034083911000039)",Unfall 225508 (2020) Kat:3, Licht: 0,225508,3,4,6,03,16,5,0,0,0,0,1,0,0,1
"POINT (13.830329566000046 51.031707049000033)",Unfall 225511 (2020) Kat:3, Licht: 0,225511,3,1,0,04,13,1,0,0,1,0,0,0,0,0
"POINT (13.810122988000046 51.036206245000074)",Unfall 225515 (2020) Kat:2, Licht: 0,225515,2,7,0,04,17,1,0,0,0,0,0,0,0,1
"POINT (13.729986090000068 51.074456129000055)",Unfall 225516 (2020) Kat:3, Licht: 0,225516,3,7,0,03,17,3,0,0,1,0,0,0,0,0
"POINT (13.709854406000034 51.082782983000072)",Unfall 225517 (2020) Kat:3, Licht: 0,225517,3,5,1,03,15,3,0,0,1,0,0,0,0,1
"POINT (13.785699630000067 51.055213172000038)",Unfall 225518 (2020) Kat:3, Licht: 0,225518,3,5,1,03,16,5,0,0,1,1,0,0,0,0
"POINT (13.774712642000054 51.045706269000050)",Unfall 225519 (2020) Kat:3, Licht: 0,225519,3,7,0,03,16,3,0,0,0,1,0,0,0,0
"POINT (13.770814830000063 51.039849204000063)",Unfall 225521 (2020) Kat:3, Licht: 0,225521,3,3,5,03,18,3,0,0,1,0,0,0,0,1
"POINT (13.738122714000042 51.086946418000082)",Unfall 225523 (2020) Kat:3, Licht: 0,225523,3,6,2,03,15,3,0,0,1,1,0,0,0,0
"POINT (13.773682664000034 51.048766409000052)",Unfall 225525 (2020) Kat:3, Licht: 0,225525,3,3,5,03,13,3,0,0,1,1,0,0,0,0
"POINT (13.721796847000064 51.086677885000029)",Unfall 225527 (2020) Kat:3, Licht: 0,225527,3,4,6,03,16,3,0,0,0,0,1,0,0,1
"POINT (13.733471201000043 51.072050575000048)",Unfall 225528 (2020) Kat:3, Licht: 0,225528,3,6,2,04,16,3,0,0,1,0,0,0,0,0
"POINT (13.777199364000069 51.060058177000030)",Unfall 225534 (2020) Kat:2, Licht: 0,225534,2,3,5,03,09,2,0,0,1,1,0,0,0,0
"POINT (13.761536993000050 51.025360076000027)",Unfall 225536 (2020) Kat:2, Licht: 0,225536,2,4,0,03,11,2,0,0,0,0,1,0,0,1
"POINT (13.745728351000025 51.072187277000069)",Unfall 225538 (2020) Kat:3, Licht: 0,225538,3,5,3,03,18,2,0,0,1,1,0,0,0,0
"POINT (13.749153516000035 51.057723766000038)",Unfall 225559 (2020) Kat:3, Licht: 0,225559,3,3,5,03,17,6,1,0,1,1,0,0,0,0
"POINT (13.782950440000036 51.033434597000053)",Unfall 225561 (2020) Kat:3, Licht: 0,225561,3,2,5,03,18,6,1,0,1,1,0,0,0,0
"POINT (13.688963461000071 51.057938676000049)",Unfall 225578 (2020) Kat:3, Licht: 0,225578,3,6,2,03,16,5,0,0,0,1,0,0,0,0
"POINT (13.768495901000051 51.056856555000081)",Unfall 225579 (2020) Kat:2, Licht: 0,225579,2,7,1,03,14,5,0,0,0,1,1,0,0,0
"POINT (13.761416616000076 51.027547266000056)",Unfall 225581 (2020) Kat:2, Licht: 0,225581,2,2,5,03,13,5,0,0,0,1,0,1,0,0
"POINT (13.717618866000066 51.027912344000072)",Unfall 225582 (2020) Kat:3, Licht: 2,225582,3,1,4,03,19,5,0,2,1,0,0,0,0,0
"POINT (13.793325582000023 51.043082352000056)",Unfall 225584 (2020) Kat:3, Licht: 0,225584,3,3,5,03,08,5,0,0,1,0,0,0,0,1
"POINT (13.750314549000052 51.050905467000064)",Unfall 225585 (2020) Kat:3, Licht: 0,225585,3,1,0,03,15,5,0,0,1,0,0,0,0,0
"POINT (13.693668566000042 51.070998137000061)",Unfall 225588 (2020) Kat:3, Licht: 0,225588,3,5,1,03,13,5,0,0,1,1,0,0,0,0
"POINT (13.817995699000051 51.035305576000042)",Unfall 225596 (2020) Kat:3, Licht: 0,225596,3,3,5,04,12,3,0,0,1,1,0,0,0,0
"POINT (13.690367529000071 51.049146654000026)",Unfall 225610 (2020) Kat:3, Licht: 0,225610,3,2,2,03,16,4,0,0,0,1,0,0,0,0
"POINT (13.750247585000068 51.047477945000026)",Unfall 225612 (2020) Kat:3, Licht: 0,225612,3,1,0,03,15,4,0,0,1,0,0,0,0,0
"POINT (13.848675895000042 51.004268555000067)",Unfall 225614 (2020) Kat:3, Licht: 0,225614,3,3,5,04,07,2,0,0,0,1,0,0,0,0
"POINT (13.825824942000054 51.023565210000072)",Unfall 225624 (2020) Kat:3, Licht: 1,225624,3,2,2,03,18,3,1,1,0,1,0,1,0,0
"POINT (13.805616045000022 51.026123085000052)",Unfall 225626 (2020) Kat:3, Licht: 1,225626,3,4,6,03,06,3,0,1,0,1,1,0,0,0
"POINT (13.797566634000077 50.991677560000028)",Unfall 225629 (2020) Kat:3, Licht: 0,225629,3,3,5,03,16,3,0,0,1,1,0,0,0,0
"POINT (13.830218574000071 51.010282446000076)",Unfall 225631 (2020) Kat:3, Licht: 0,225631,3,7,2,03,16,3,0,0,1,1,0,0,0,0
"POINT (13.717857050000077 51.053152337000029)",Unfall 225633 (2020) Kat:3, Licht: 0,225633,3,3,5,03,09,3,0,0,1,1,0,0,0,0
"POINT (13.825625892000062 51.052637086000061)",Unfall 225635 (2020) Kat:2, Licht: 0,225635,2,1,0,04,09,3,0,0,1,0,0,0,0,0
"POINT (13.788441311000042 51.039872391000074)",Unfall 225648 (2020) Kat:3, Licht: 0,225648,3,6,2,03,17,2,0,0,0,1,0,0,0,0
"POINT (13.710474043000033 51.084081595000043)",Unfall 225649 (2020) Kat:3, Licht: 2,225649,3,5,1,03,18,2,0,2,1,1,0,0,0,0
"POINT (13.701993097000070 51.036536207000040)",Unfall 225652 (2020) Kat:3, Licht: 2,225652,3,3,5,03,20,2,0,2,0,1,0,0,0,0
"POINT (13.771472654000036 51.057486267000058)",Unfall 225666 (2020) Kat:3, Licht: 0,225666,3,3,0,04,13,2,0,0,0,0,0,0,0,1
"POINT (13.755066813000042 51.020239195000045)",Unfall 225673 (2020) Kat:3, Licht: 0,225673,3,1,0,04,07,1,0,0,1,0,0,0,0,0
"POINT (13.791539570000054 51.013409102000026)",Unfall 225675 (2020) Kat:3, Licht: 0,225675,3,4,6,04,12,5,0,0,0,0,1,0,1,0
"POINT (13.791022484000052 51.029618377000077)",Unfall 225676 (2020) Kat:3, Licht: 0,225676,3,3,5,04,15,4,0,0,1,1,0,0,0,0
"POINT (13.742589571000053 51.084646368000051)",Unfall 225680 (2020) Kat:3, Licht: 1,225680,3,3,5,04,05,3,0,1,1,1,0,0,0,0
"POINT (13.781544425000050 51.053263979000064)",Unfall 225686 (2020) Kat:2, Licht: 0,225686,2,2,5,04,07,4,0,0,1,1,0,0,0,0
"POINT (13.848370846000023 51.016060701000072)",Unfall 225693 (2020) Kat:3, Licht: 0,225693,3,1,0,04,18,2,0,0,1,0,0,0,0,0
"POINT (13.740768311000068 51.047242469000082)",Unfall 225695 (2020) Kat:2, Licht: 0,225695,2,3,5,04,18,5,0,0,1,1,0,0,0,0
"POINT (13.754625217000068 51.061125126000036)",Unfall 225696 (2020) Kat:3, Licht: 0,225696,3,3,5,04,14,6,0,0,0,1,0,1,0,0
"POINT (13.724149292000050 51.077183562000073)",Unfall 225697 (2020) Kat:3, Licht: 0,225697,3,5,1,04,17,3,0,0,1,1,0,0,0,0
"POINT (13.728193218000058 51.085212776000049)",Unfall 225700 (2020) Kat:3, Licht: 0,225700,3,1,0,04,19,4,0,0,1,0,0,0,0,0
"POINT (13.749884382000062 51.050921512000059)",Unfall 225705 (2020) Kat:3, Licht: 0,225705,3,7,0,04,11,2,0,0,1,0,0,0,0,0
"POINT (13.803177808000044 51.033065103000069)",Unfall 225708 (2020) Kat:3, Licht: 0,225708,3,3,5,04,07,6,0,0,1,1,0,0,0,0
"POINT (13.778829079000047 51.017491957000061)",Unfall 225713 (2020) Kat:3, Licht: 0,225713,3,3,5,04,16,1,0,0,1,1,0,0,0,0
"POINT (13.731293783000069 51.053379994000068)",Unfall 225714 (2020) Kat:3, Licht: 0,225714,3,3,5,04,18,4,0,0,1,1,0,0,0,0
"POINT (13.844237737000071 51.017545698000049)",Unfall 225716 (2020) Kat:3, Licht: 0,225716,3,1,0,04,13,1,0,0,1,0,0,0,0,0
"POINT (13.834171019000053 51.009553533000030)",Unfall 225719 (2020) Kat:3, Licht: 1,225719,3,1,0,04,20,1,0,1,1,0,0,0,0,0
"POINT (13.784974548000037 51.046848545000046)",Unfall 225720 (2020) Kat:3, Licht: 2,225720,3,5,1,04,00,5,0,2,1,1,0,0,0,0
"POINT (13.690845787000057 51.053240852000044)",Unfall 225723 (2020) Kat:3, Licht: 0,225723,3,1,0,04,10,5,0,0,1,0,0,0,0,0
"POINT (13.822707573000059 51.032021894000081)",Unfall 225725 (2020) Kat:2, Licht: 0,225725,2,3,5,04,13,1,0,0,1,1,0,0,0,0
"POINT (13.718478104000042 51.087760140000057)",Unfall 225726 (2020) Kat:3, Licht: 0,225726,3,2,3,04,17,4,0,0,1,1,0,0,0,0
"POINT (13.793774243000030 51.025582468000039)",Unfall 225730 (2020) Kat:2, Licht: 0,225730,2,2,5,04,13,1,0,0,1,1,0,0,0,0
"POINT (13.752095219000068 51.061957318000054)",Unfall 225737 (2020) Kat:3, Licht: 0,225737,3,1,0,04,11,3,0,0,0,0,0,1,0,0
"POINT (13.690961207000043 51.052970362000053)",Unfall 225743 (2020) Kat:2, Licht: 0,225743,2,1,0,04,13,4,0,0,1,0,0,0,0,0
"POINT (13.813104956000075 51.019560956000078)",Unfall 225747 (2020) Kat:3, Licht: 0,225747,3,1,0,04,13,2,0,0,1,0,0,0,0,0
"POINT (13.760980306000022 51.026060651000080)",Unfall 225749 (2020) Kat:3, Licht: 0,225749,3,1,0,04,17,5,0,0,1,0,0,0,0,0
"POINT (13.701738986000066 51.038161633000072)",Unfall 225754 (2020) Kat:3, Licht: 0,225754,3,1,0,04,12,6,0,0,1,0,0,0,0,0
"POINT (13.747253874000023 51.045591331000026)",Unfall 225755 (2020) Kat:2, Licht: 0,225755,2,7,0,04,14,3,0,0,1,0,0,0,0,1
"POINT (13.774436202000061 51.049532396000075)",Unfall 225758 (2020) Kat:3, Licht: 0,225758,3,4,6,04,12,2,0,0,0,1,1,0,0,0
"POINT (13.687792303000037 51.047956956000064)",Unfall 225759 (2020) Kat:3, Licht: 2,225759,3,1,0,04,02,7,0,2,1,0,0,0,0,0
"POINT (13.698504705000062 51.074235818000034)",Unfall 225765 (2020) Kat:3, Licht: 0,225765,3,3,5,04,19,7,0,0,1,0,0,0,0,0
"POINT (13.860963234000053 51.009153382000079)",Unfall 225767 (2020) Kat:3, Licht: 0,225767,3,7,0,04,13,1,0,0,1,0,0,0,0,1
"POINT (13.822527406000063 51.048887852000064)",Unfall 225769 (2020) Kat:3, Licht: 0,225769,3,1,4,04,18,7,0,0,1,1,0,0,0,0
"POINT (13.760855298000024 51.026212232000034)",Unfall 225775 (2020) Kat:3, Licht: 0,225775,3,1,0,04,17,5,0,0,1,0,0,0,0,0
"POINT (13.756570536000027 51.055095404000042)",Unfall 225776 (2020) Kat:3, Licht: 0,225776,3,3,5,04,07,5,0,0,1,1,0,0,0,0
"POINT (13.724903855000036 51.080077752000079)",Unfall 225786 (2020) Kat:3, Licht: 0,225786,3,2,5,04,11,5,0,0,1,1,0,0,0,0
"POINT (13.682592489000058 51.060139628000059)",Unfall 225787 (2020) Kat:3, Licht: 0,225787,3,1,0,04,17,4,1,0,1,0,0,0,0,0
"POINT (13.808266242000059 51.050901438000039)",Unfall 225791 (2020) Kat:3, Licht: 0,225791,3,1,0,04,15,3,0,0,1,0,0,0,0,0
"POINT (13.775485238000044 51.069759530000056)",Unfall 225794 (2020) Kat:3, Licht: 0,225794,3,3,5,04,17,7,0,0,0,1,0,0,0,0
"POINT (13.832280137000055 51.029780761000040)",Unfall 225798 (2020) Kat:2, Licht: 0,225798,2,4,6,04,16,4,0,0,0,1,1,0,0,0
"POINT (13.837278578000053 51.024805033000064)",Unfall 225804 (2020) Kat:3, Licht: 0,225804,3,1,0,04,12,6,0,0,1,0,0,0,0,0
"POINT (13.776687077000076 51.016941407000047)",Unfall 225807 (2020) Kat:3, Licht: 0,225807,3,5,1,04,18,5,0,0,1,1,0,0,0,0
"POINT (13.813295945000050 51.045541755000045)",Unfall 225808 (2020) Kat:3, Licht: 0,225808,3,1,0,04,18,6,0,0,0,0,0,1,0,0
"POINT (13.737757543000043 51.044486405000043)",Unfall 225810 (2020) Kat:3, Licht: 0,225810,3,1,0,04,16,3,0,0,1,0,0,0,0,0
"POINT (13.779961954000044 51.132020709000074)",Unfall 225812 (2020) Kat:3, Licht: 0,225812,3,1,0,04,18,6,0,0,1,0,0,0,0,0
"POINT (13.734854181000060 51.075153685000032)",Unfall 225822 (2020) Kat:3, Licht: 0,225822,3,4,6,04,13,6,0,0,0,1,1,0,0,0
"POINT (13.748524541000052 51.053603570000064)",Unfall 225830 (2020) Kat:3, Licht: 0,225830,3,1,0,04,14,1,0,0,1,0,0,0,0,0
"POINT (13.788760310000043 51.042401314000074)",Unfall 225834 (2020) Kat:3, Licht: 0,225834,3,6,2,04,08,5,0,0,1,1,0,0,0,0
"POINT (13.775554286000045 51.045365561000040)",Unfall 225842 (2020) Kat:3, Licht: 0,225842,3,2,5,04,16,5,0,0,1,1,0,0,0,0
"POINT (13.792412436000063 51.020931136000058)",Unfall 225847 (2020) Kat:3, Licht: 0,225847,3,1,4,04,13,3,0,0,0,1,0,1,0,0
"POINT (13.779476452000040 51.060860310000066)",Unfall 225863 (2020) Kat:3, Licht: 0,225863,3,6,2,04,13,2,0,0,0,1,0,0,0,0
"POINT (13.788868220000040 51.073582238000029)",Unfall 225865 (2020) Kat:3, Licht: 0,225865,3,1,0,04,07,5,0,0,1,0,0,0,0,0
"POINT (13.749858017000065 51.071529497000029)",Unfall 225867 (2020) Kat:3, Licht: 0,225867,3,1,8,04,12,3,0,0,1,0,0,0,0,0
"POINT (13.838517458000069 51.023534916000074)",Unfall 225872 (2020) Kat:3, Licht: 0,225872,3,1,0,04,09,5,0,0,1,0,0,0,0,0
"POINT (13.755538839000053 51.060267119000059)",Unfall 225873 (2020) Kat:2, Licht: 0,225873,2,1,0,04,10,2,0,0,1,0,0,0,0,0
"POINT (13.831045338000024 51.017999419000034)",Unfall 225874 (2020) Kat:3, Licht: 0,225874,3,1,0,04,19,5,0,0,1,0,0,0,0,0
"POINT (13.777766794000058 51.127896588000056)",Unfall 225881 (2020) Kat:2, Licht: 0,225881,2,4,6,04,11,5,0,0,0,0,1,0,1,0
"POINT (13.641443933000062 51.083620650000057)",Unfall 225883 (2020) Kat:3, Licht: 0,225883,3,7,2,04,15,1,0,0,0,1,0,1,0,0
"POINT (13.697274556000025 51.036298240000065)",Unfall 225891 (2020) Kat:3, Licht: 0,225891,3,3,5,04,18,5,0,0,0,1,0,0,0,0
"POINT (13.783871005000037 51.121326969000052)",Unfall 225892 (2020) Kat:3, Licht: 0,225892,3,5,2,04,12,3,0,0,0,1,0,0,0,0
"POINT (13.720575274000055 51.083335697000052)",Unfall 225896 (2020) Kat:3, Licht: 0,225896,3,3,5,04,08,7,0,0,1,0,0,0,0,0
"POINT (13.737073681000027 51.049983048000058)",Unfall 225904 (2020) Kat:3, Licht: 0,225904,3,4,6,04,15,3,0,0,1,0,1,0,0,0
"POINT (13.720225053000036 51.054804026000056)",Unfall 225907 (2020) Kat:3, Licht: 0,225907,3,3,5,04,19,7,0,0,1,1,0,0,0,0
"POINT (13.779374109000059 51.046220965000032)",Unfall 225910 (2020) Kat:2, Licht: 0,225910,2,4,6,04,17,4,0,0,0,1,1,0,0,0
"POINT (13.803849490000061 51.026075771000080)",Unfall 225914 (2020) Kat:3, Licht: 0,225914,3,1,0,04,08,2,0,0,1,0,0,0,0,0
"POINT (13.725596467000059 51.036074247000045)",Unfall 225922 (2020) Kat:3, Licht: 0,225922,3,5,1,04,16,6,0,0,1,0,0,0,0,1
"POINT (13.792357246000051 51.020934426000053)",Unfall 225923 (2020) Kat:3, Licht: 2,225923,3,1,0,04,22,3,0,2,0,0,0,1,0,0
"POINT (13.655725252000025 51.048880085000064)",Unfall 225927 (2020) Kat:3, Licht: 0,225927,3,6,2,04,17,4,0,0,0,1,0,0,0,0
"POINT (13.754583550000063 51.057131467000033)",Unfall 225936 (2020) Kat:3, Licht: 0,225936,3,6,4,04,17,4,0,0,1,0,0,0,0,0
"POINT (13.746711051000034 51.038320839000050)",Unfall 225937 (2020) Kat:3, Licht: 0,225937,3,6,2,04,11,3,0,0,0,1,0,0,0,0
"POINT (13.809832999000037 51.010017653000034)",Unfall 225939 (2020) Kat:3, Licht: 0,225939,3,5,1,04,16,1,0,0,1,1,0,0,0,0
"POINT (13.819273542000076 51.006943925000030)",Unfall 225943 (2020) Kat:3, Licht: 2,225943,3,7,0,04,23,5,0,2,1,1,0,0,0,0
"POINT (13.740299645000050 51.038558758000079)",Unfall 225946 (2020) Kat:3, Licht: 0,225946,3,2,5,04,08,4,0,0,1,1,0,0,0,0
"POINT (13.762921323000057 51.049573297000052)",Unfall 225948 (2020) Kat:3, Licht: 0,225948,3,1,0,05,13,4,0,0,1,0,0,0,0,0
"POINT (13.743149048000078 51.072875859000078)",Unfall 225954 (2020) Kat:3, Licht: 0,225954,3,2,5,05,15,4,0,0,1,1,0,0,0,0
"POINT (13.739230650000025 51.019163536000065)",Unfall 225965 (2020) Kat:3, Licht: 0,225965,3,1,0,05,17,7,0,0,1,0,0,0,0,0
"POINT (13.738990019000028 51.050249447000056)",Unfall 225967 (2020) Kat:3, Licht: 2,225967,3,1,0,05,21,7,0,2,1,0,0,0,0,0
"POINT (13.686986896000064 51.056961243000046)",Unfall 225971 (2020) Kat:2, Licht: 0,225971,2,1,0,05,19,3,0,0,1,0,0,0,0,0
"POINT (13.777791302000026 51.052887387000055)",Unfall 225975 (2020) Kat:3, Licht: 0,225975,3,2,0,05,15,2,0,0,1,0,0,0,0,1
"POINT (13.727486977000069 51.095210643000030)",Unfall 225979 (2020) Kat:3, Licht: 0,225979,3,5,1,05,16,3,0,0,0,1,0,0,0,1
"POINT (13.748961479000059 51.062808861000065)",Unfall 225981 (2020) Kat:3, Licht: 1,225981,3,7,0,05,19,3,1,1,1,1,0,0,0,0
"POINT (13.775177676000055 51.038394842000059)",Unfall 225987 (2020) Kat:3, Licht: 0,225987,3,2,5,05,16,3,0,0,1,1,0,0,0,0
"POINT (13.794539801000042 51.025276338000026)",Unfall 225988 (2020) Kat:3, Licht: 0,225988,3,7,3,05,18,2,0,0,1,0,0,0,0,0
"POINT (13.668693161000022 51.093430878000049)",Unfall 225989 (2020) Kat:3, Licht: 0,225989,3,3,5,05,18,6,0,0,0,1,0,0,0,0
"POINT (13.709269788000029 51.047500736000075)",Unfall 225990 (2020) Kat:3, Licht: 0,225990,3,6,4,05,14,6,0,0,1,0,1,0,0,0
"POINT (13.723635706000039 51.036328432000062)",Unfall 225991 (2020) Kat:3, Licht: 0,225991,3,3,5,05,05,6,0,0,0,1,0,0,0,0
"POINT (13.715210501000058 51.093964222000068)",Unfall 225992 (2020) Kat:3, Licht: 0,225992,3,3,0,05,15,3,0,0,0,0,0,0,0,1
"POINT (13.817634367000039 51.031021401000032)",Unfall 225994 (2020) Kat:2, Licht: 0,225994,2,2,5,05,07,6,0,0,1,1,0,0,0,0
"POINT (13.839232648000063 51.000830643000029)",Unfall 226009 (2020) Kat:2, Licht: 1,226009,2,2,2,05,20,5,0,1,0,1,0,0,0,0
"POINT (13.775049127000045 51.160080874000073)",Unfall 226011 (2020) Kat:3, Licht: 0,226011,3,6,4,05,16,5,0,0,0,1,0,0,0,0
"POINT (13.737008149000076 51.037742123000044)",Unfall 226012 (2020) Kat:2, Licht: 0,226012,2,6,2,05,14,5,0,0,0,1,0,0,0,1
"POINT (13.738567075000049 51.039471858000070)",Unfall 226014 (2020) Kat:2, Licht: 0,226014,2,3,5,05,12,5,0,0,1,1,0,0,0,0
"POINT (13.831945995000069 51.027224473000047)",Unfall 226015 (2020) Kat:2, Licht: 0,226015,2,3,5,05,20,5,0,0,0,1,0,1,0,0
"POINT (13.738199674000043 51.053252327000052)",Unfall 226024 (2020) Kat:3, Licht: 0,226024,3,3,5,05,15,3,0,0,1,0,0,0,0,0
"POINT (13.761617555000043 51.052084299000057)",Unfall 226030 (2020) Kat:3, Licht: 0,226030,3,3,5,05,14,4,0,0,1,1,0,0,0,0
"POINT (13.783015848000048 51.043483731000038)",Unfall 226031 (2020) Kat:3, Licht: 0,226031,3,4,6,05,13,4,0,0,1,0,1,0,0,0
"POINT (13.709582817000069 51.032940503000077)",Unfall 226032 (2020) Kat:3, Licht: 0,226032,3,6,0,05,19,4,0,0,1,1,0,0,0,0
"POINT (13.755999773000042 51.055906477000065)",Unfall 226033 (2020) Kat:3, Licht: 0,226033,3,3,5,05,09,4,0,0,0,1,0,0,0,0
"POINT (13.692842351000024 51.046675640000046)",Unfall 226055 (2020) Kat:3, Licht: 0,226055,3,1,0,05,15,2,1,0,1,0,0,0,0,0
"POINT (13.697489619000066 51.016970505000074)",Unfall 226056 (2020) Kat:3, Licht: 0,226056,3,5,1,05,11,3,0,0,1,1,0,0,0,0
"POINT (13.829634084000077 51.008467582000037)",Unfall 226057 (2020) Kat:2, Licht: 0,226057,2,1,0,05,11,2,1,0,1,0,0,0,0,0
"POINT (13.778635241000075 51.042627177000043)",Unfall 226058 (2020) Kat:3, Licht: 0,226058,3,3,5,05,07,3,0,0,0,1,0,0,0,1
"POINT (13.718238116000066 51.031419155000037)",Unfall 226059 (2020) Kat:2, Licht: 0,226059,2,3,5,05,07,2,0,0,1,1,0,0,0,0
"POINT (13.751506023000047 51.047221684000078)",Unfall 226060 (2020) Kat:2, Licht: 0,226060,2,3,5,05,06,3,0,0,1,1,0,0,0,0
"POINT (13.706597593000026 51.091476738000040)",Unfall 226069 (2020) Kat:3, Licht: 0,226069,3,7,8,05,19,1,0,0,1,0,0,0,0,0