WKT,Name,OBJECTID,UKATEGORIE,UTYP1,UART,UMONAT,USTUNDE,UWOCHENTAG,STRZUSTAND,ULICHTVERH,ISTRAD,ISTPKW,ISTFUSS,ISTKRAD,ISTGKFZ,ISTSONSTIG
"POINT (13.728772261000074 51.052127357000074)",Unfall 226071 (2020) Kat:2, Licht: 0,226071,2,1,0,05,19,1,0,0,1,0,0,0,0,0
"POINT (13.748464930000068 51.053541012000039)",Unfall 226073 (2020) Kat:2, Licht: 0,226073,2,2,5,05,14,2,1,0,1,1,0,0,0,0
"POINT (13.777421467000067 51.060153240000034)",Unfall 226074 (2020) Kat:3, Licht: 0,226074,3,6,2,05,17,3,0,0,0,1,0,0,0,0
"POINT (13.771738791000075 51.057543471000031)",Unfall 226075 (2020) Kat:3, Licht: 0,226075,3,3,5,05,10,2,1,0,1,1,0,0,0,0
"POINT (13.728812627000025 51.019674689000055)",Unfall 226078 (2020) Kat:3, Licht: 0,226078,3,3,5,05,17,1,0,0,1,1,0,0,0,0
"POINT (13.703356591000045 51.091535519000047)",Unfall 226081 (2020) Kat:3, Licht: 0,226081,3,7,0,05,13,1,0,0,1,0,0,0,0,0
"POINT (13.667199115000074 51.047159054000076)",Unfall 226084 (2020) Kat:3, Licht: 0,226084,3,5,3,05,10,1,0,0,0,1,0,1,0,0
"POINT (13.712528505000023 51.026210241000058)",Unfall 226086 (2020) Kat:2, Licht: 0,226086,2,1,0,05,17,1,1,0,1,0,0,0,0,0
"POINT (13.774601501000063 51.070206479000035)",Unfall 226087 (2020) Kat:3, Licht: 0,226087,3,1,8,05,06,1,0,0,0,1,0,1,0,0
"POINT (13.803584088000036 51.051077601000031)",Unfall 226089 (2020) Kat:2, Licht: 0,226089,2,1,8,05,16,1,1,0,1,0,0,0,0,0
"POINT (13.750972693000051 51.054113556000061)",Unfall 226090 (2020) Kat:3, Licht: 0,226090,3,1,0,05,11,1,0,0,1,0,0,0,0,0
"POINT (13.700932907000038 51.094100078000054)",Unfall 226093 (2020) Kat:3, Licht: 0,226093,3,6,3,05,17,1,0,0,1,1,0,0,0,0
"POINT (13.782653874000061 51.045414092000044)",Unfall 226094 (2020) Kat:3, Licht: 0,226094,3,1,0,05,16,1,1,0,1,0,0,0,0,0
"POINT (13.762751097000034 51.016514356000073)",Unfall 226109 (2020) Kat:3, Licht: 0,226109,3,6,2,05,18,7,1,0,1,1,0,0,0,0
"POINT (13.686287889000027 51.042434389000050)",Unfall 226114 (2020) Kat:3, Licht: 0,226114,3,3,0,05,10,3,0,0,1,1,0,0,0,0
"POINT (13.708395698000061 51.040704563000077)",Unfall 226115 (2020) Kat:3, Licht: 0,226115,3,1,0,05,16,7,0,0,1,0,0,0,0,0
"POINT (13.812386704000062 51.046539540000026)",Unfall 226118 (2020) Kat:3, Licht: 0,226118,3,1,0,05,16,7,0,0,1,0,0,0,0,0
"POINT (13.692448086000070 51.047643589000074)",Unfall 226137 (2020) Kat:3, Licht: 0,226137,3,1,1,05,17,6,0,0,1,0,0,0,0,1
"POINT (13.684612816000026 51.047445849000042)",Unfall 226139 (2020) Kat:3, Licht: 0,226139,3,6,2,05,08,6,0,0,0,1,0,0,0,0
"POINT (13.758898279000050 51.116931526000030)",Unfall 226141 (2020) Kat:3, Licht: 0,226141,3,1,0,05,15,6,1,0,0,0,0,1,0,0
"POINT (13.720615677000069 51.121693256000071)",Unfall 226144 (2020) Kat:3, Licht: 0,226144,3,3,5,05,13,6,0,0,1,0,0,0,0,1
"POINT (13.756553868000026 51.055088423000029)",Unfall 226145 (2020) Kat:3, Licht: 0,226145,3,3,5,05,16,6,0,0,1,1,0,0,0,0
"POINT (13.788229113000057 51.043291998000029)",Unfall 226146 (2020) Kat:3, Licht: 0,226146,3,6,1,05,11,6,0,0,0,1,0,0,0,0
"POINT (13.829273789000069 51.010607552000067)",Unfall 226147 (2020) Kat:3, Licht: 0,226147,3,1,0,05,12,1,0,0,1,0,0,0,0,0
"POINT (13.807519810000031 51.034919575000060)",Unfall 226148 (2020) Kat:2, Licht: 0,226148,2,1,0,05,17,6,0,0,1,0,0,0,0,0
"POINT (13.855809720000025 51.011373974000037)",Unfall 226154 (2020) Kat:3, Licht: 0,226154,3,6,3,05,13,1,0,0,1,0,0,0,0,0
"POINT (13.861616842000046 51.007262763000028)",Unfall 226160 (2020) Kat:3, Licht: 0,226160,3,5,1,05,18,6,0,0,1,1,0,0,0,0
"POINT (13.756476765000059 51.040388728000039)",Unfall 226162 (2020) Kat:3, Licht: 0,226162,3,1,0,05,12,6,0,0,1,0,0,0,0,0
"POINT (13.733696068000029 51.040346726000053)",Unfall 226164 (2020) Kat:3, Licht: 0,226164,3,6,4,05,16,6,0,0,1,0,0,0,0,0
"POINT (13.698695145000045 51.042912400000034)",Unfall 226173 (2020) Kat:3, Licht: 0,226173,3,7,0,05,17,5,0,0,0,1,1,0,0,0
"POINT (13.712006908000035 51.096143168000026)",Unfall 226174 (2020) Kat:3, Licht: 0,226174,3,4,6,05,16,5,0,0,0,1,1,0,0,0
"POINT (13.683274607000044 51.021644079000055)",Unfall 226176 (2020) Kat:2, Licht: 0,226176,2,1,8,05,16,5,0,0,1,0,0,0,0,0
"POINT (13.777689050000049 51.055498342000078)",Unfall 226178 (2020) Kat:3, Licht: 0,226178,3,6,3,05,17,5,0,0,1,1,0,0,0,0
"POINT (13.766461978000052 51.056449633000057)",Unfall 226179 (2020) Kat:3, Licht: 0,226179,3,3,5,05,09,5,0,0,1,1,0,0,0,0
"POINT (13.777843444000041 51.054179009000052)",Unfall 226180 (2020) Kat:3, Licht: 0,226180,3,6,2,05,07,3,0,0,0,1,0,0,0,0
"POINT (13.805378166000025 51.025446333000048)",Unfall 226193 (2020) Kat:3, Licht: 0,226193,3,6,3,05,09,1,0,0,1,1,0,0,0,0
"POINT (13.697812956000064 51.032642079000027)",Unfall 226195 (2020) Kat:3, Licht: 0,226195,3,2,2,05,18,4,0,0,0,1,0,0,0,0
"POINT (13.646121523000033 51.039970025000059)",Unfall 226197 (2020) Kat:3, Licht: 0,226197,3,1,0,05,13,4,0,0,1,0,0,0,0,0
"POINT (13.883380432000024 51.057850587000075)",Unfall 226198 (2020) Kat:3, Licht: 0,226198,3,3,5,05,17,4,0,0,1,1,0,0,0,0
"POINT (13.776579360000028 51.066691119000041)",Unfall 226200 (2020) Kat:3, Licht: 0,226200,3,7,0,05,18,4,0,0,1,0,0,0,0,0
"POINT (13.841355670000041 51.022215408000079)",Unfall 226208 (2020) Kat:3, Licht: 2,226208,3,7,0,05,21,5,0,2,1,0,0,0,0,0
"POINT (13.760675574000061 51.049199062000071)",Unfall 226210 (2020) Kat:3, Licht: 0,226210,3,2,5,05,07,5,1,0,1,1,0,0,0,0
"POINT (13.734015910000039 51.049534323000046)",Unfall 226214 (2020) Kat:3, Licht: 0,226214,3,4,6,05,13,6,0,0,0,1,1,0,0,0
"POINT (13.746104030000026 51.051738161000060)",Unfall 226217 (2020) Kat:3, Licht: 0,226217,3,2,5,05,17,5,0,0,1,1,0,0,0,0
"POINT (13.682787905000055 51.055080372000077)",Unfall 226218 (2020) Kat:3, Licht: 0,226218,3,3,5,06,13,6,0,0,1,1,0,0,0,0
"POINT (13.831186801000058 51.031131276000053)",Unfall 226219 (2020) Kat:3, Licht: 0,226219,3,3,5,05,07,4,0,0,1,1,0,0,0,0
"POINT (13.825272322000046 51.024891002000061)",Unfall 226220 (2020) Kat:2, Licht: 0,226220,2,3,5,05,15,1,0,0,0,1,0,0,0,0
"POINT (13.825867371000072 51.012074106000057)",Unfall 226224 (2020) Kat:3, Licht: 0,226224,3,2,3,06,18,4,0,0,1,1,0,0,0,0
"POINT (13.775161877000073 51.038294523000047)",Unfall 226226 (2020) Kat:3, Licht: 0,226226,3,2,5,06,14,4,0,0,0,1,0,0,0,1
"POINT (13.784597712000050 51.035205854000026)",Unfall 226229 (2020) Kat:3, Licht: 0,226229,3,5,2,06,06,6,1,0,1,1,0,0,0,0
"POINT (13.674907524000048 51.082119941000030)",Unfall 226231 (2020) Kat:3, Licht: 0,226231,3,1,0,05,15,7,0,0,1,0,0,0,0,0
"POINT (13.800557673000071 51.027470109000035)",Unfall 226232 (2020) Kat:3, Licht: 0,226232,3,6,1,06,08,4,0,0,0,1,0,0,0,0
"POINT (13.762491088000047 51.037447384000075)",Unfall 226235 (2020) Kat:3, Licht: 0,226235,3,2,0,06,19,4,0,0,1,0,0,0,0,0
"POINT (13.870354400000053 51.014732858000059)",Unfall 226236 (2020) Kat:3, Licht: 0,226236,3,1,0,06,17,4,0,0,1,0,0,0,0,0
"POINT (13.678457248000029 51.061145178000061)",Unfall 226240 (2020) Kat:3, Licht: 2,226240,3,3,5,05,20,5,0,2,1,0,0,0,0,1
"POINT (13.756621532000054 51.049851726000043)",Unfall 226264 (2020) Kat:3, Licht: 0,226264,3,7,0,05,10,6,0,0,0,0,0,0,0,1
"POINT (13.830604968000046 51.000121987000057)",Unfall 226278 (2020) Kat:3, Licht: 0,226278,3,2,5,05,16,6,0,0,1,1,0,0,0,0
"POINT (13.718407679000052 51.077506497000059)",Unfall 226280 (2020) Kat:3, Licht: 0,226280,3,5,1,06,13,6,0,0,1,0,0,0,0,1
"POINT (13.790688198000055 51.013039008000078)",Unfall 226283 (2020) Kat:2, Licht: 0,226283,2,3,0,06,05,6,1,0,1,1,0,0,0,0
"POINT (13.722047930000031 51.080220270000041)",Unfall 226284 (2020) Kat:3, Licht: 0,226284,3,3,5,05,07,4,0,0,1,1,0,0,0,0
"POINT (13.828673656000035 51.010880029000077)",Unfall 226291 (2020) Kat:3, Licht: 0,226291,3,2,2,05,08,3,0,0,0,0,0,0,0,1
"POINT (13.741114529000072 51.046992160000059)",Unfall 226296 (2020) Kat:3, Licht: 0,226296,3,6,2,05,12,7,1,0,0,1,0,0,0,0
"POINT (13.718420209000044 51.053400486000044)",Unfall 226313 (2020) Kat:2, Licht: 0,226313,2,3,5,05,13,5,0,0,1,1,0,0,0,0
"POINT (13.689160469000058 51.055856852000034)",Unfall 226315 (2020) Kat:3, Licht: 0,226315,3,1,0,06,11,5,0,0,1,0,0,0,0,0
"POINT (13.783091766000041 51.043503861000033)",Unfall 226316 (2020) Kat:3, Licht: 0,226316,3,3,5,05,07,5,0,0,1,1,0,0,0,0
"POINT (13.759576670000058 51.027938457000062)",Unfall 226317 (2020) Kat:3, Licht: 0,226317,3,3,6,06,13,3,0,0,1,0,1,0,0,0
"POINT (13.787107649000063 51.015652566000028)",Unfall 226319 (2020) Kat:3, Licht: 0,226319,3,1,0,06,08,3,0,0,1,0,0,0,0,0
"POINT (13.752154143000041 51.061753641000053)",Unfall 226320 (2020) Kat:3, Licht: 0,226320,3,1,0,05,12,6,0,0,1,0,0,0,0,0
"POINT (13.789748577000069 51.045276379000029)",Unfall 226321 (2020) Kat:3, Licht: 0,226321,3,3,5,06,14,3,0,0,1,1,0,0,0,0
"POINT (13.691996308000057 51.049063465000074)",Unfall 226325 (2020) Kat:3, Licht: 2,226325,3,3,5,06,21,5,1,2,1,1,0,0,0,0
"POINT (13.666220954000039 51.048840715000040)",Unfall 226326 (2020) Kat:3, Licht: 0,226326,3,7,6,05,18,4,0,0,0,1,1,0,0,0
"POINT (13.755746456000054 51.047317270000065)",Unfall 226331 (2020) Kat:3, Licht: 0,226331,3,1,0,06,09,3,0,0,1,0,0,0,0,0
"POINT (13.767997794000053 51.015747697000052)",Unfall 226332 (2020) Kat:3, Licht: 0,226332,3,2,2,05,12,6,0,0,0,1,0,0,0,0
"POINT (13.768248146000076 51.047970608000071)",Unfall 226336 (2020) Kat:3, Licht: 0,226336,3,3,5,06,06,6,1,0,1,1,0,0,0,0
"POINT (13.841837566000038 51.002423039000064)",Unfall 226337 (2020) Kat:3, Licht: 0,226337,3,6,2,06,13,5,0,0,0,1,0,0,0,0
"POINT (13.710240598000041 51.048215256000049)",Unfall 226356 (2020) Kat:3, Licht: 0,226356,3,3,5,06,16,5,0,0,0,1,0,1,0,0
"POINT (13.786009210000032 51.059422966000056)",Unfall 226358 (2020) Kat:3, Licht: 0,226358,3,2,5,06,13,5,0,0,1,1,0,0,0,0
"POINT (13.723577716000023 51.019253102000050)",Unfall 226360 (2020) Kat:3, Licht: 0,226360,3,3,5,05,13,6,0,0,0,1,0,0,0,1
"POINT (13.796829221000053 51.041489354000078)",Unfall 226361 (2020) Kat:3, Licht: 0,226361,3,3,5,05,16,3,0,0,1,1,0,0,0,1
"POINT (13.749095489000069 51.064376026000048)",Unfall 226365 (2020) Kat:3, Licht: 0,226365,3,3,5,05,13,7,0,0,1,0,0,0,0,0
"POINT (13.701788756000042 51.038200906000043)",Unfall 226370 (2020) Kat:3, Licht: 0,226370,3,3,5,05,15,2,1,0,0,1,0,0,0,0
"POINT (13.758055224000032 51.032993148000060)",Unfall 226372 (2020) Kat:3, Licht: 0,226372,3,1,1,05,09,6,0,0,1,1,0,0,0,0
"POINT (13.719589344000042 51.077404564000062)",Unfall 226376 (2020) Kat:3, Licht: 0,226376,3,3,5,06,17,6,0,0,0,1,0,0,0,0
"POINT (13.770355326000072 51.071734163000031)",Unfall 226377 (2020) Kat:3, Licht: 0,226377,3,2,5,06,07,5,0,0,0,1,0,0,0,1
"POINT (13.735668440000040 51.019808689000058)",Unfall 226378 (2020) Kat:3, Licht: 0,226378,3,5,0,05,07,4,0,0,0,1,0,1,0,0
"POINT (13.698253218000048 51.087605757000063)",Unfall 226386 (2020) Kat:3, Licht: 0,226386,3,6,6,05,13,6,0,0,0,1,1,0,0,0
"POINT (13.774998946000039 51.042755148000026)",Unfall 226390 (2020) Kat:3, Licht: 0,226390,3,3,5,06,07,6,1,0,1,1,0,0,0,0
"POINT (13.762388641000030 51.070044871000050)",Unfall 226392 (2020) Kat:3, Licht: 1,226392,3,4,6,05,19,7,0,1,0,1,1,0,0,0
"POINT (13.685798445000046 51.083326247000059)",Unfall 226397 (2020) Kat:3, Licht: 0,226397,3,1,0,06,14,2,0,0,1,0,0,0,0,0
"POINT (13.857719084000053 50.998225853000065)",Unfall 226404 (2020) Kat:3, Licht: 0,226404,3,3,5,06,17,2,0,0,1,0,0,0,0,0
"POINT (13.789803659000029 51.027152394000041)",Unfall 226409 (2020) Kat:2, Licht: 0,226409,2,4,6,05,10,5,0,0,1,0,1,0,0,0
"POINT (13.761790079000036 51.058153250000032)",Unfall 226417 (2020) Kat:3, Licht: 0,226417,3,7,1,06,17,2,0,0,1,1,0,0,0,0
"POINT (13.755290076000051 51.065987327000073)",Unfall 226428 (2020) Kat:3, Licht: 0,226428,3,1,0,05,17,6,1,0,1,0,0,0,0,0
"POINT (13.841405407000025 51.003459458000066)",Unfall 226431 (2020) Kat:2, Licht: 0,226431,2,3,5,05,14,4,0,0,0,1,0,1,0,0
"POINT (13.786571912000056 51.059291821000045)",Unfall 226438 (2020) Kat:3, Licht: 0,226438,3,6,3,05,13,6,0,0,1,1,0,0,0,0
"POINT (13.756711848000066 51.026844184000026)",Unfall 226439 (2020) Kat:3, Licht: 0,226439,3,1,0,05,08,4,0,0,1,0,0,0,0,0
"POINT (13.791018414000064 51.021390179000036)",Unfall 226440 (2020) Kat:3, Licht: 1,226440,3,1,0,05,20,6,1,1,1,0,0,0,0,0
"POINT (13.705452849000039 51.034241850000058)",Unfall 226444 (2020) Kat:3, Licht: 0,226444,3,6,1,06,18,6,0,0,0,1,0,1,0,0
"POINT (13.696939118000046 51.080546819000062)",Unfall 226449 (2020) Kat:3, Licht: 0,226449,3,3,5,05,16,1,0,0,1,1,0,0,0,0
"POINT (13.773789947000068 51.046074027000031)",Unfall 226452 (2020) Kat:3, Licht: 0,226452,3,2,5,05,17,3,0,0,1,1,0,0,0,0
"POINT (13.782913709000070 51.035223977000044)",Unfall 226453 (2020) Kat:2, Licht: 0,226453,2,3,5,06,12,6,0,0,1,0,0,0,0,1
"POINT (13.772123409000073 51.034169924000082)",Unfall 226455 (2020) Kat:3, Licht: 0,226455,3,6,2,05,13,7,0,0,1,0,1,0,0,0
"POINT (13.748464187000025 51.053542021000055)",Unfall 226456 (2020) Kat:3, Licht: 0,226456,3,2,5,05,16,1,0,0,1,1,0,0,0,0
"POINT (13.765035913000077 51.053779180000049)",Unfall 226465 (2020) Kat:2, Licht: 0,226465,2,3,5,05,16,1,0,0,1,1,0,0,0,0
"POINT (13.729435059000025 51.045726013000035)",Unfall 226476 (2020) Kat:3, Licht: 0,226476,3,2,4,06,11,7,0,0,0,1,0,0,0,0
"POINT (13.740977156000042 51.036461540000062)",Unfall 226478 (2020) Kat:3, Licht: 0,226478,3,5,1,06,16,5,0,0,1,1,0,0,0,0
"POINT (13.801110235000067 51.038764051000044)",Unfall 226482 (2020) Kat:3, Licht: 0,226482,3,1,0,06,10,7,0,0,1,0,0,0,0,0
"POINT (13.738626072000045 51.053861153000071)",Unfall 226483 (2020) Kat:3, Licht: 2,226483,3,1,0,06,22,2,0,2,0,0,0,0,0,1
"POINT (13.739527233000047 51.019174488000033)",Unfall 226485 (2020) Kat:3, Licht: 0,226485,3,1,0,06,06,2,0,0,1,0,0,0,0,0
"POINT (13.840579334000040 50.999313529000062)",Unfall 226501 (2020) Kat:3, Licht: 0,226501,3,6,0,06,18,3,0,0,1,0,1,0,0,0
"POINT (13.758486826000023 51.033456488000070)",Unfall 226504 (2020) Kat:3, Licht: 0,226504,3,1,1,06,10,3,0,0,1,1,0,0,0,0
"POINT (13.799571002000050 51.041688118000081)",Unfall 226505 (2020) Kat:3, Licht: 0,226505,3,3,5,06,13,3,0,0,1,1,0,0,0,0
"POINT (13.673909850000030 51.041376065000065)",Unfall 226507 (2020) Kat:2, Licht: 0,226507,2,3,5,06,17,1,0,0,1,1,0,0,0,0
"POINT (13.836912827000049 51.006729066000048)",Unfall 226511 (2020) Kat:3, Licht: 0,226511,3,7,0,06,12,4,0,0,0,0,1,0,1,0
"POINT (13.696672287000069 51.006609228000059)",Unfall 226516 (2020) Kat:2, Licht: 1,226516,2,1,8,06,04,6,1,1,0,0,0,0,1,0
"POINT (13.780688863000023 51.019378416000052)",Unfall 226519 (2020) Kat:3, Licht: 0,226519,3,4,6,06,17,6,0,0,0,0,1,0,0,1
"POINT (13.805280715000038 51.035015304000069)",Unfall 226526 (2020) Kat:3, Licht: 2,226526,3,5,1,06,00,7,0,2,0,1,0,0,0,1
"POINT (13.755625578000036 51.047143610000035)",Unfall 226531 (2020) Kat:3, Licht: 0,226531,3,6,3,06,14,7,0,0,0,1,0,1,0,0
"POINT (13.817562055000053 51.011006025000029)",Unfall 226533 (2020) Kat:3, Licht: 0,226533,3,2,0,06,16,5,0,0,0,1,0,0,0,1
"POINT (13.864412780000066 51.014855413000078)",Unfall 226538 (2020) Kat:3, Licht: 0,226538,3,6,4,06,11,2,0,0,1,1,0,0,0,0
"POINT (13.829732211000021 51.000644602000079)",Unfall 226544 (2020) Kat:2, Licht: 0,226544,2,3,5,06,15,3,0,0,1,1,0,0,0,0
"POINT (13.808874988000071 51.052743090000035)",Unfall 226548 (2020) Kat:2, Licht: 0,226548,2,3,0,06,11,7,0,0,1,1,0,0,0,0
"POINT (13.744402039000022 51.056333071000040)",Unfall 226557 (2020) Kat:3, Licht: 2,226557,3,1,0,06,22,1,0,2,1,0,0,0,0,0
"POINT (13.709810072000039 51.098704178000048)",Unfall 226558 (2020) Kat:3, Licht: 0,226558,3,6,0,06,17,6,0,0,1,1,0,0,0,0
"POINT (13.753125877000059 51.064907978000065)",Unfall 226565 (2020) Kat:3, Licht: 0,226565,3,1,0,06,18,5,0,0,1,0,0,0,0,0
"POINT (13.788283139000043 51.035977988000070)",Unfall 226567 (2020) Kat:3, Licht: 0,226567,3,3,5,06,16,5,0,0,1,1,0,0,0,0
"POINT (13.777962339000055 51.052425989000028)",Unfall 226571 (2020) Kat:3, Licht: 2,226571,3,1,0,06,23,6,0,2,1,0,0,0,0,0
"POINT (13.715209539000057 51.036438986000064)",Unfall 226572 (2020) Kat:3, Licht: 0,226572,3,6,2,06,17,2,0,0,0,1,0,0,0,0
"POINT (13.770366190000061 51.048769412000070)",Unfall 226575 (2020) Kat:2, Licht: 0,226575,2,7,0,06,17,5,0,0,0,0,0,0,0,1
"POINT (13.833219453000027 51.026317000000063)",Unfall 226577 (2020) Kat:3, Licht: 0,226577,3,4,6,06,18,2,0,0,1,0,1,0,0,0
"POINT (13.789293196000074 51.012363471000072)",Unfall 226579 (2020) Kat:3, Licht: 0,226579,3,6,2,06,17,5,0,0,0,1,0,0,0,0
"POINT (13.806321786000069 51.036067957000057)",Unfall 226582 (2020) Kat:3, Licht: 0,226582,3,3,5,06,16,2,0,0,1,1,0,0,0,0
"POINT (13.790972282000041 51.021388926000043)",Unfall 226583 (2020) Kat:3, Licht: 0,226583,3,1,0,06,16,7,1,0,0,0,0,1,0,0
"POINT (13.747058625000022 51.071545706000052)",Unfall 226584 (2020) Kat:3, Licht: 0,226584,3,1,1,06,16,2,0,0,1,1,0,0,0,0
"POINT (13.782305649000023 51.047584634000032)",Unfall 226585 (2020) Kat:3, Licht: 0,226585,3,2,2,06,07,5,0,0,0,1,0,0,0,0
"POINT (13.765844784000024 51.065794276000076)",Unfall 226587 (2020) Kat:2, Licht: 0,226587,2,3,5,06,12,2,0,0,0,1,0,1,0,0
"POINT (13.814132726000025 51.054328313000042)",Unfall 226589 (2020) Kat:3, Licht: 0,226589,3,2,0,06,09,5,1,0,0,1,0,1,0,0
"POINT (13.789422051000031 51.024791506000042)",Unfall 226591 (2020) Kat:3, Licht: 0,226591,3,7,0,06,15,2,0,0,1,0,0,0,0,0
"POINT (13.780342153000049 51.030993861000070)",Unfall 226601 (2020) Kat:2, Licht: 0,226601,2,2,6,06,18,5,0,0,0,1,1,0,0,0
"POINT (13.766112966000037 51.056339386000047)",Unfall 226606 (2020) Kat:2, Licht: 0,226606,2,2,2,06,11,4,1,0,0,1,0,0,0,1
"POINT (13.771184875000074 51.024255368000070)",Unfall 226614 (2020) Kat:3, Licht: 2,226614,3,3,5,06,21,3,0,2,1,1,0,0,0,0
"POINT (13.677666972000054 51.046491801000059)",Unfall 226620 (2020) Kat:3, Licht: 0,226620,3,1,0,06,09,4,0,0,1,0,0,0,0,0
"POINT (13.721316086000058 51.032287826000072)",Unfall 226625 (2020) Kat:3, Licht: 0,226625,3,3,0,06,14,7,0,0,1,0,0,0,0,0
"POINT (13.712650108000048 51.057249119000062)",Unfall 226629 (2020) Kat:3, Licht: 0,226629,3,2,5,06,14,6,0,0,0,1,0,1,0,0
"POINT (13.720688866000046 51.059082393000040)",Unfall 226631 (2020) Kat:2, Licht: 0,226631,2,4,6,06,13,4,0,0,0,0,1,0,0,1
"POINT (13.608254883000029 51.069120953000038)",Unfall 226636 (2020) Kat:2, Licht: 2,226636,2,1,8,06,23,7,0,2,0,0,0,1,0,0
"POINT (13.761943403000032 51.053129445000081)",Unfall 226638 (2020) Kat:3, Licht: 2,226638,3,3,5,06,23,5,0,2,0,1,0,0,0,0
"POINT (13.765319095000052 51.055974566000032)",Unfall 226643 (2020) Kat:3, Licht: 0,226643,3,1,5,06,17,7,0,0,1,1,0,0,0,0
"POINT (13.729093354000042 51.051050697000051)",Unfall 226644 (2020) Kat:3, Licht: 0,226644,3,7,0,06,14,6,0,0,0,1,0,0,0,1
"POINT (13.757612441000049 51.024548874000061)",Unfall 226648 (2020) Kat:3, Licht: 0,226648,3,1,0,06,10,2,0,0,1,0,0,0,0,0
"POINT (13.748918632000027 51.033193116000064)",Unfall 226650 (2020) Kat:3, Licht: 2,226650,3,1,0,06,03,1,0,2,0,0,0,0,0,1
"POINT (13.805067792000045 51.025657819000060)",Unfall 226653 (2020) Kat:3, Licht: 0,226653,3,7,1,06,15,1,1,0,1,1,0,0,0,0
"POINT (13.779769619000035 51.044318319000070)",Unfall 226659 (2020) Kat:3, Licht: 0,226659,3,3,5,06,15,2,0,0,1,1,0,0,0,0
"POINT (13.690471979000051 51.014655136000044)",Unfall 226668 (2020) Kat:2, Licht: 0,226668,2,1,8,06,21,1,1,0,1,0,0,0,0,0
"POINT (13.781061038000075 51.127915900000062)",Unfall 226672 (2020) Kat:3, Licht: 1,226672,3,6,2,06,05,4,0,1,0,1,0,1,0,0
"POINT (13.695294512000032 51.077905273000056)",Unfall 226678 (2020) Kat:2, Licht: 0,226678,2,3,5,06,11,6,0,0,0,1,0,0,0,1
"POINT (13.761624848000054 51.052101819000029)",Unfall 226681 (2020) Kat:3, Licht: 0,226681,3,3,5,06,15,6,0,0,1,0,0,0,0,1
"POINT (13.700350980000053 51.039198584000076)",Unfall 226686 (2020) Kat:3, Licht: 0,226686,3,3,5,06,10,2,0,0,0,1,0,0,0,0
"POINT (13.769304285000032 51.024586653000028)",Unfall 226687 (2020) Kat:3, Licht: 0,226687,3,1,0,06,14,7,1,0,1,0,0,0,0,0
"POINT (13.793652863000034 51.028698862000056)",Unfall 226691 (2020) Kat:2, Licht: 0,226691,2,3,5,06,11,7,0,0,1,0,0,0,0,1
"POINT (13.804815450000035 51.024039695000056)",Unfall 226692 (2020) Kat:2, Licht: 0,226692,2,7,1,06,18,7,0,0,0,1,0,1,0,0
"POINT (13.780542744000059 51.135405900000080)",Unfall 226693 (2020) Kat:2, Licht: 0,226693,2,1,0,06,12,5,0,0,1,0,0,0,0,0
"POINT (13.762158892000059 51.053141975000074)",Unfall 226698 (2020) Kat:3, Licht: 1,226698,3,6,3,06,05,2,0,1,0,1,0,0,0,1
"POINT (13.809048942000061 51.052992712000048)",Unfall 226704 (2020) Kat:3, Licht: 0,226704,3,6,3,06,09,3,0,0,1,1,0,0,0,0
"POINT (13.690652173000046 51.053711719000034)",Unfall 226709 (2020) Kat:2, Licht: 0,226709,2,1,0,06,08,7,1,0,1,0,0,0,0,0
"POINT (13.751844563000077 51.063201567000078)",Unfall 226718 (2020) Kat:3, Licht: 2,226718,3,1,0,06,02,1,1,2,1,0,0,0,0,0
"POINT (13.782080408000070 51.050976057000071)",Unfall 226725 (2020) Kat:3, Licht: 0,226725,3,5,1,06,07,5,0,0,1,1,0,0,0,0
"POINT (13.730628219000039 51.088965409000082)",Unfall 226731 (2020) Kat:3, Licht: 0,226731,3,2,5,06,12,6,0,0,0,1,0,0,0,0
"POINT (13.828631662000078 51.010870626000042)",Unfall 226736 (2020) Kat:3, Licht: 0,226736,3,5,1,06,14,4,0,0,1,1,0,0,0,0
"POINT (13.707376774000068 51.029518963000044)",Unfall 226741 (2020) Kat:2, Licht: 0,226741,2,5,1,06,17,4,1,0,1,1,0,0,0,0
"POINT (13.805324428000063 51.011626962000037)",Unfall 226742 (2020) Kat:3, Licht: 0,226742,3,1,0,07,07,5,1,0,1,0,0,0,0,0
"POINT (13.779980110000054 51.118523778000053)",Unfall 226744 (2020) Kat:3, Licht: 0,226744,3,3,5,06,06,4,0,0,0,1,0,0,0,1
"POINT (13.772631915000034 51.047809575000031)",Unfall 226747 (2020) Kat:3, Licht: 0,226747,3,3,5,06,16,4,1,0,1,1,0,0,0,0
"POINT (13.788283563000050 51.035987588000069)",Unfall 226754 (2020) Kat:3, Licht: 0,226754,3,3,5,06,06,4,0,0,1,1,0,0,0,0
"POINT (13.780356259000030 51.116141525000046)",Unfall 226757 (2020) Kat:3, Licht: 2,226757,3,1,9,06,02,4,0,2,0,1,0,0,0,0
"POINT (13.691276064000022 51.052415175000078)",Unfall 226758 (2020) Kat:3, Licht: 0,226758,3,6,2,06,11,3,0,0,1,1,0,0,0,0