WKT,Name,OBJECTID,UKATEGORIE,UTYP1,UART,UMONAT,USTUNDE,UWOCHENTAG,STRZUSTAND,ULICHTVERH,ISTRAD,ISTPKW,ISTFUSS,ISTKRAD,ISTGKFZ,ISTSONSTIG
"POINT (13.720445685000072 51.039429046000066)",Unfall 226760 (2020) Kat:3, Licht: 0,226760,3,3,5,06,15,3,0,0,1,1,0,0,0,0
"POINT (13.762121876000037 51.062619950000055)",Unfall 226761 (2020) Kat:3, Licht: 0,226761,3,7,0,06,15,3,0,0,1,1,0,0,0,0
"POINT (13.788283558000046 51.035987474000081)",Unfall 226764 (2020) Kat:3, Licht: 0,226764,3,3,5,06,13,3,0,0,1,1,0,0,0,0
"POINT (13.701993894000054 51.036528363000059)",Unfall 226765 (2020) Kat:3, Licht: 0,226765,3,2,3,06,19,3,0,0,1,1,0,0,0,0
"POINT (13.749157857000057 51.074197504000040)",Unfall 226781 (2020) Kat:3, Licht: 0,226781,3,6,6,07,19,5,0,0,1,0,1,0,0,0
"POINT (13.748922068000070 51.051265164000029)",Unfall 226783 (2020) Kat:3, Licht: 1,226783,3,3,5,07,20,5,0,1,1,1,0,0,0,0
"POINT (13.724001762000057 51.080774239000050)",Unfall 226806 (2020) Kat:2, Licht: 0,226806,2,7,0,06,15,2,0,0,1,0,0,0,0,0
"POINT (13.741865373000053 51.023597591000055)",Unfall 226808 (2020) Kat:3, Licht: 0,226808,3,6,0,06,14,2,0,0,1,1,0,0,0,0
"POINT (13.768069796000077 51.021944187000031)",Unfall 226809 (2020) Kat:3, Licht: 0,226809,3,6,2,06,16,2,0,0,1,0,0,0,0,1
"POINT (13.747553176000054 51.072304071000076)",Unfall 226811 (2020) Kat:3, Licht: 2,226811,3,5,1,06,03,2,1,2,1,1,0,0,0,0
"POINT (13.774273957000048 51.032792958000073)",Unfall 226813 (2020) Kat:3, Licht: 0,226813,3,2,5,06,16,2,0,0,1,1,0,0,0,0
"POINT (13.807995067000036 51.011156965000055)",Unfall 226814 (2020) Kat:3, Licht: 0,226814,3,1,0,06,11,2,0,0,1,0,0,0,0,0
"POINT (13.704972236000060 51.027432447000081)",Unfall 226818 (2020) Kat:3, Licht: 0,226818,3,1,0,06,18,3,0,0,1,0,0,0,0,0
"POINT (13.832638486000064 51.029485024000053)",Unfall 226821 (2020) Kat:3, Licht: 0,226821,3,1,0,06,12,3,0,0,1,0,0,0,0,0
"POINT (13.752735571000073 51.059736452000038)",Unfall 226823 (2020) Kat:3, Licht: 0,226823,3,6,3,07,13,5,0,0,1,1,0,0,0,0
"POINT (13.791196989000071 51.013262352000027)",Unfall 226826 (2020) Kat:3, Licht: 0,226826,3,6,6,06,17,3,0,0,1,0,1,0,0,0
"POINT (13.749670757000047 51.043093857000031)",Unfall 226829 (2020) Kat:3, Licht: 0,226829,3,6,3,06,17,3,0,0,1,0,0,0,0,0
"POINT (13.736424583000030 51.046027602000038)",Unfall 226835 (2020) Kat:3, Licht: 2,226835,3,6,6,07,21,5,0,2,0,0,1,0,0,1
"POINT (13.789634941000031 51.125846754000065)",Unfall 226837 (2020) Kat:3, Licht: 0,226837,3,1,0,06,18,1,0,0,1,0,0,0,0,0
"POINT (13.672403521000035 51.042416958000047)",Unfall 226838 (2020) Kat:3, Licht: 1,226838,3,1,1,06,21,1,0,1,1,1,0,0,0,0
"POINT (13.749864422000030 51.075007500000027)",Unfall 226839 (2020) Kat:3, Licht: 0,226839,3,3,5,06,16,3,0,0,1,1,0,0,0,0
"POINT (13.741434826000045 51.023642686000073)",Unfall 226840 (2020) Kat:2, Licht: 0,226840,2,2,4,07,18,4,0,0,1,1,0,0,0,0
"POINT (13.822140600000068 51.029860964000079)",Unfall 226844 (2020) Kat:3, Licht: 0,226844,3,1,0,06,11,1,0,0,1,0,0,0,0,0
"POINT (13.720414202000029 51.082373637000046)",Unfall 226847 (2020) Kat:1, Licht: 0,226847,1,1,1,07,16,6,0,0,0,1,0,1,0,0
"POINT (13.714496716000042 51.035753956000065)",Unfall 226849 (2020) Kat:3, Licht: 0,226849,3,3,0,06,15,3,0,0,1,0,0,0,0,1
"POINT (13.718196453000076 51.031437707000066)",Unfall 226850 (2020) Kat:2, Licht: 0,226850,2,3,0,07,18,5,0,0,0,1,0,0,0,0
"POINT (13.733394672000031 51.051676909000037)",Unfall 226852 (2020) Kat:2, Licht: 2,226852,2,6,2,06,02,3,0,2,1,1,0,0,0,0
"POINT (13.740028182000060 51.053783464000048)",Unfall 226865 (2020) Kat:2, Licht: 2,226865,2,4,6,06,22,7,0,2,0,0,1,0,0,1
"POINT (13.788374371000032 51.039979707000043)",Unfall 226866 (2020) Kat:3, Licht: 0,226866,3,3,5,06,19,7,0,0,0,1,0,0,0,0
"POINT (13.840646878000030 51.023594485000046)",Unfall 226874 (2020) Kat:3, Licht: 0,226874,3,3,5,07,11,4,0,0,1,1,0,0,0,0
"POINT (13.806148943000039 51.038386026000069)",Unfall 226886 (2020) Kat:3, Licht: 0,226886,3,5,3,07,11,4,0,0,0,1,0,0,0,1
"POINT (13.723255537000057 51.049872025000070)",Unfall 226891 (2020) Kat:3, Licht: 0,226891,3,3,5,07,06,5,1,0,1,1,0,0,0,0
"POINT (13.754165387000057 51.070327416000055)",Unfall 226894 (2020) Kat:3, Licht: 0,226894,3,5,3,07,15,5,0,0,0,1,0,1,0,0
"POINT (13.761223782000059 51.025755341000036)",Unfall 226899 (2020) Kat:3, Licht: 0,226899,3,5,1,07,17,4,0,0,1,1,0,0,0,0
"POINT (13.768242934000057 51.066877211000076)",Unfall 226907 (2020) Kat:3, Licht: 0,226907,3,6,2,06,14,6,0,0,0,1,0,1,0,0
"POINT (13.768469465000067 51.047901230000036)",Unfall 226909 (2020) Kat:3, Licht: 0,226909,3,5,1,06,12,6,0,0,1,1,0,0,0,0
"POINT (13.809163617000024 51.050103099000069)",Unfall 226911 (2020) Kat:3, Licht: 0,226911,3,7,0,06,08,6,0,0,1,0,0,0,0,0
"POINT (13.690035177000027 51.061209155000029)",Unfall 226935 (2020) Kat:3, Licht: 0,226935,3,6,3,07,20,5,0,0,1,0,0,0,0,0
"POINT (13.756560743000023 51.055091302000051)",Unfall 226945 (2020) Kat:3, Licht: 0,226945,3,2,5,07,14,5,0,0,1,0,0,0,0,1
"POINT (13.700913621000041 51.043750182000053)",Unfall 226955 (2020) Kat:3, Licht: 0,226955,3,2,5,06,14,2,0,0,1,1,0,0,0,0
"POINT (13.842336825000075 51.021473231000073)",Unfall 226957 (2020) Kat:3, Licht: 0,226957,3,1,8,06,13,2,0,0,1,0,0,0,0,0
"POINT (13.743873892000067 51.040405712000052)",Unfall 226958 (2020) Kat:3, Licht: 0,226958,3,3,5,07,16,5,0,0,1,1,0,0,0,0
"POINT (13.757838414000048 51.051449502000025)",Unfall 226959 (2020) Kat:3, Licht: 0,226959,3,3,5,06,16,5,0,0,1,0,0,0,0,1
"POINT (13.752111134000074 51.070949832000053)",Unfall 226960 (2020) Kat:3, Licht: 0,226960,3,1,0,06,12,2,0,0,1,0,0,0,0,0
"POINT (13.726571066000076 51.046651680000082)",Unfall 226961 (2020) Kat:3, Licht: 0,226961,3,1,0,06,08,5,1,0,1,0,0,0,0,0
"POINT (13.781505443000071 51.053269421000039)",Unfall 226962 (2020) Kat:2, Licht: 0,226962,2,1,0,06,09,5,1,0,1,0,0,0,0,0
"POINT (13.823489922000022 51.034020780000048)",Unfall 226963 (2020) Kat:3, Licht: 0,226963,3,2,5,06,17,2,0,0,1,1,0,0,0,0
"POINT (13.814890888000036 51.017356646000053)",Unfall 226968 (2020) Kat:3, Licht: 0,226968,3,3,5,06,12,2,0,0,1,1,0,0,0,0
"POINT (13.769144991000076 51.040433660000076)",Unfall 226971 (2020) Kat:2, Licht: 2,226971,2,1,8,06,22,2,0,2,0,0,0,1,0,0
"POINT (13.774876962000064 51.038164033000044)",Unfall 226975 (2020) Kat:2, Licht: 0,226975,2,3,5,06,15,2,0,0,1,1,0,0,0,0
"POINT (13.761064151000028 51.068221505000054)",Unfall 226985 (2020) Kat:3, Licht: 0,226985,3,5,3,07,19,5,0,0,0,1,0,1,0,0
"POINT (13.711454331000027 51.033126743000082)",Unfall 226997 (2020) Kat:3, Licht: 0,226997,3,6,3,07,05,5,1,0,1,1,0,0,0,0
"POINT (13.710924827000042 51.052202810000040)",Unfall 226999 (2020) Kat:2, Licht: 0,226999,2,1,0,06,13,4,0,0,1,0,0,0,0,0
"POINT (13.709364549000043 51.081668030000060)",Unfall 227000 (2020) Kat:2, Licht: 0,227000,2,2,5,06,09,4,0,0,1,1,0,0,0,0
"POINT (13.828185396000038 50.998872151000057)",Unfall 227006 (2020) Kat:2, Licht: 0,227006,2,7,0,07,20,4,1,0,1,0,0,0,0,0
"POINT (13.711144921000027 51.045308396000053)",Unfall 227007 (2020) Kat:2, Licht: 0,227007,2,4,6,07,19,4,0,0,0,1,1,0,0,0
"POINT (13.750745294000069 51.047253099000045)",Unfall 227011 (2020) Kat:3, Licht: 0,227011,3,2,5,07,09,7,0,0,1,1,0,0,0,0
"POINT (13.820503025000050 51.013656499000035)",Unfall 227015 (2020) Kat:2, Licht: 0,227015,2,1,8,07,19,7,0,0,0,0,0,1,0,0
"POINT (13.719433741000046 51.076999149000073)",Unfall 227019 (2020) Kat:2, Licht: 0,227019,2,7,3,07,14,2,0,0,0,1,0,1,0,0
"POINT (13.759279972000058 51.060910833000037)",Unfall 227025 (2020) Kat:3, Licht: 0,227025,3,2,6,07,19,5,0,0,1,0,1,0,0,0
"POINT (13.769763724000029 51.044800709000071)",Unfall 227030 (2020) Kat:3, Licht: 0,227030,3,3,5,07,17,5,1,0,1,1,0,0,0,0
"POINT (13.781982888000073 51.036867330000064)",Unfall 227031 (2020) Kat:3, Licht: 0,227031,3,3,5,07,10,2,0,0,1,1,0,0,0,0
"POINT (13.803571209000040 51.025445562000073)",Unfall 227032 (2020) Kat:3, Licht: 2,227032,3,5,1,07,21,6,0,2,1,1,0,0,0,0
"POINT (13.769634380000070 51.051069446000042)",Unfall 227037 (2020) Kat:3, Licht: 0,227037,3,3,5,07,18,6,0,0,0,1,0,0,0,0
"POINT (13.671137495000039 51.053607091000060)",Unfall 227041 (2020) Kat:3, Licht: 0,227041,3,3,5,07,14,6,0,0,1,1,0,0,0,0
"POINT (13.733545402000061 51.051691256000026)",Unfall 227042 (2020) Kat:3, Licht: 0,227042,3,7,0,07,17,3,0,0,1,0,0,0,0,0
"POINT (13.720367217000046 51.076154128000042)",Unfall 227043 (2020) Kat:3, Licht: 0,227043,3,4,6,07,11,3,0,0,0,1,1,0,0,0
"POINT (13.690630671000065 51.053767144000062)",Unfall 227049 (2020) Kat:3, Licht: 0,227049,3,1,0,07,14,4,1,0,0,0,0,1,0,0
"POINT (13.894818416000021 51.066448200000082)",Unfall 227050 (2020) Kat:3, Licht: 0,227050,3,7,6,07,10,4,1,0,0,1,1,0,0,0
"POINT (13.729522229000054 51.045760694000080)",Unfall 227061 (2020) Kat:3, Licht: 0,227061,3,2,5,07,13,4,0,0,1,1,0,0,0,0
"POINT (13.713935764000041 51.025411923000036)",Unfall 227072 (2020) Kat:3, Licht: 2,227072,3,7,8,07,04,1,0,2,0,1,0,0,0,0
"POINT (13.757588961000067 51.055495920000055)",Unfall 227074 (2020) Kat:3, Licht: 0,227074,3,3,5,07,15,1,0,0,0,1,0,0,0,0
"POINT (13.699006092000047 51.087797638000040)",Unfall 227081 (2020) Kat:3, Licht: 0,227081,3,3,5,07,20,1,0,0,0,1,0,0,0,0
"POINT (13.721990071000050 51.081429991000050)",Unfall 227082 (2020) Kat:2, Licht: 0,227082,2,7,6,07,10,5,0,0,0,1,1,0,0,0
"POINT (13.743958590000034 51.074180083000044)",Unfall 227086 (2020) Kat:3, Licht: 0,227086,3,6,3,07,17,3,0,0,1,1,0,0,0,0
"POINT (13.700862831000052 51.088112289000037)",Unfall 227087 (2020) Kat:2, Licht: 0,227087,2,3,5,07,19,5,0,0,0,1,0,0,0,0
"POINT (13.800907391000067 51.050610172000063)",Unfall 227090 (2020) Kat:3, Licht: 0,227090,3,3,5,07,17,5,1,0,0,0,0,1,0,1
"POINT (13.838310575000037 51.004953032000060)",Unfall 227091 (2020) Kat:3, Licht: 0,227091,3,5,2,07,10,2,0,0,1,1,0,0,0,0
"POINT (13.789063949000024 51.014182209000069)",Unfall 227096 (2020) Kat:3, Licht: 0,227096,3,3,5,07,12,6,0,0,0,1,0,0,0,0
"POINT (13.806571751000035 51.037334258000044)",Unfall 227097 (2020) Kat:3, Licht: 0,227097,3,2,3,07,14,3,0,0,1,1,0,0,0,0
"POINT (13.758479470000054 51.029558160000079)",Unfall 227103 (2020) Kat:3, Licht: 0,227103,3,7,0,07,18,4,1,0,1,0,0,0,0,0
"POINT (13.848456118000058 51.010881803000075)",Unfall 227109 (2020) Kat:3, Licht: 0,227109,3,3,5,07,07,6,0,0,1,0,0,0,0,0
"POINT (13.858753927000066 51.001905091000026)",Unfall 227113 (2020) Kat:3, Licht: 0,227113,3,1,8,07,13,1,0,0,1,0,0,0,0,0
"POINT (13.832744079000065 51.020117343000038)",Unfall 227116 (2020) Kat:3, Licht: 0,227116,3,3,5,07,12,2,0,0,1,1,0,0,0,0
"POINT (13.735122057000069 51.046702821000054)",Unfall 227117 (2020) Kat:3, Licht: 0,227117,3,1,8,07,08,4,0,0,1,0,0,0,0,0
"POINT (13.798129422000045 51.023844197000074)",Unfall 227122 (2020) Kat:3, Licht: 0,227122,3,2,5,07,09,4,0,0,0,1,0,0,0,0
"POINT (13.738457311000047 51.053727221000031)",Unfall 227131 (2020) Kat:3, Licht: 0,227131,3,6,6,07,17,7,0,0,0,0,1,0,0,1
"POINT (13.715829752000047 51.054423187000054)",Unfall 227142 (2020) Kat:3, Licht: 0,227142,3,3,5,07,11,5,0,0,1,1,0,0,0,0
"POINT (13.682453345000056 51.060350869000047)",Unfall 227143 (2020) Kat:3, Licht: 2,227143,3,1,0,07,22,7,0,2,1,0,0,0,0,0
"POINT (13.734988519000069 51.052296802000058)",Unfall 227148 (2020) Kat:2, Licht: 1,227148,2,1,0,07,21,5,1,1,1,0,0,0,0,0
"POINT (13.787223121000068 51.054001476000053)",Unfall 227149 (2020) Kat:3, Licht: 0,227149,3,7,0,07,09,2,0,0,1,0,0,0,0,0
"POINT (13.757767632000025 51.062462739000068)",Unfall 227150 (2020) Kat:3, Licht: 0,227150,3,6,6,07,08,6,0,0,1,0,1,0,0,0
"POINT (13.749346408000065 51.033952907000071)",Unfall 227151 (2020) Kat:3, Licht: 0,227151,3,3,5,07,14,7,0,0,0,1,0,0,0,1
"POINT (13.837970895000069 51.024195338000027)",Unfall 227152 (2020) Kat:3, Licht: 0,227152,3,1,0,07,16,2,0,0,1,0,0,0,0,0
"POINT (13.800110428000039 50.999018830000068)",Unfall 227154 (2020) Kat:3, Licht: 0,227154,3,7,9,07,15,7,0,0,0,1,0,0,0,0
"POINT (13.733206453000037 51.057432510000069)",Unfall 227155 (2020) Kat:3, Licht: 0,227155,3,1,7,07,08,6,0,0,1,0,0,0,0,0
"POINT (13.751990474000024 51.062319383000045)",Unfall 227158 (2020) Kat:3, Licht: 2,227158,3,7,0,07,22,7,0,2,1,1,0,0,0,0
"POINT (13.730482228000028 51.039487886000074)",Unfall 227160 (2020) Kat:3, Licht: 0,227160,3,5,1,07,11,3,0,0,1,1,0,0,0,0
"POINT (13.832677311000054 51.020097899000064)",Unfall 227161 (2020) Kat:3, Licht: 0,227161,3,3,5,07,14,3,0,0,1,1,0,0,0,0
"POINT (13.777196446000062 51.060092801000053)",Unfall 227162 (2020) Kat:3, Licht: 0,227162,3,3,5,07,15,5,0,0,1,1,0,0,0,0
"POINT (13.742668837000053 51.023523913000076)",Unfall 227165 (2020) Kat:2, Licht: 0,227165,2,1,0,07,15,7,0,0,0,0,0,0,0,1
"POINT (13.763349434000077 51.116048192000051)",Unfall 227166 (2020) Kat:3, Licht: 0,227166,3,3,5,07,07,2,0,0,1,1,0,0,0,0
"POINT (13.750444473000073 51.071437182000068)",Unfall 227168 (2020) Kat:3, Licht: 2,227168,3,1,0,07,02,4,1,2,1,0,0,0,0,0
"POINT (13.751752586000066 51.067011082000079)",Unfall 227177 (2020) Kat:3, Licht: 0,227177,3,7,0,07,15,7,0,0,1,0,0,0,0,0
"POINT (13.784404876000053 51.043406714000071)",Unfall 227178 (2020) Kat:3, Licht: 0,227178,3,6,2,07,08,2,0,0,0,1,0,0,0,1
"POINT (13.738613163000025 51.039528962000077)",Unfall 227179 (2020) Kat:2, Licht: 0,227179,2,3,5,07,15,4,1,0,1,1,0,0,0,0
"POINT (13.701993191000042 51.036535289000028)",Unfall 227184 (2020) Kat:3, Licht: 0,227184,3,3,5,07,13,7,0,0,0,1,0,0,0,0
"POINT (13.707891933000042 51.078881976000048)",Unfall 227192 (2020) Kat:3, Licht: 0,227192,3,1,0,07,17,5,1,0,1,0,0,0,0,0
"POINT (13.800992761000032 51.003847368000038)",Unfall 227193 (2020) Kat:3, Licht: 0,227193,3,3,5,07,14,2,0,0,1,1,0,0,0,0
"POINT (13.776371092000034 51.046933808000063)",Unfall 227202 (2020) Kat:3, Licht: 0,227202,3,2,5,07,10,5,0,0,1,1,0,0,0,0
"POINT (13.778530249000028 51.042486717000031)",Unfall 227207 (2020) Kat:3, Licht: 0,227207,3,7,0,07,13,5,0,0,0,1,0,1,0,0
"POINT (13.765532787000041 51.048385753000048)",Unfall 227209 (2020) Kat:2, Licht: 0,227209,2,3,5,07,11,6,0,0,0,1,0,1,0,0
"POINT (13.708638257000075 51.047043226000028)",Unfall 227215 (2020) Kat:3, Licht: 0,227215,3,2,5,07,07,6,0,0,1,1,0,0,0,0
"POINT (13.738248376000058 51.039210089000051)",Unfall 227216 (2020) Kat:3, Licht: 0,227216,3,3,5,07,16,3,0,0,1,1,0,0,0,0
"POINT (13.755926222000028 51.055874547000030)",Unfall 227223 (2020) Kat:3, Licht: 0,227223,3,2,5,07,19,2,0,0,1,0,0,0,0,1
"POINT (13.760258818000068 51.026944694000065)",Unfall 227224 (2020) Kat:3, Licht: 0,227224,3,5,1,07,17,4,1,0,1,0,0,0,1,0
"POINT (13.741454243000021 51.049777819000042)",Unfall 227225 (2020) Kat:3, Licht: 0,227225,3,5,1,07,12,4,1,0,1,1,0,0,0,0
"POINT (13.831289253000023 51.002355102000081)",Unfall 227228 (2020) Kat:3, Licht: 0,227228,3,3,5,07,07,2,1,0,1,1,0,0,0,0
"POINT (13.782912583000041 51.033448362000058)",Unfall 227231 (2020) Kat:3, Licht: 0,227231,3,2,6,07,17,6,1,0,0,1,1,0,0,0
"POINT (13.737466875000052 51.033268693000082)",Unfall 227234 (2020) Kat:2, Licht: 2,227234,2,1,0,07,01,1,0,2,1,0,0,0,0,0
"POINT (13.720094488000029 51.080453249000072)",Unfall 227237 (2020) Kat:2, Licht: 0,227237,2,4,6,07,14,2,0,0,0,1,1,0,0,0
"POINT (13.738000857000031 51.050253031000068)",Unfall 227238 (2020) Kat:3, Licht: 2,227238,3,1,0,07,03,4,0,2,0,0,0,0,0,1
"POINT (13.823720889000072 51.012853667000059)",Unfall 227249 (2020) Kat:3, Licht: 0,227249,3,2,5,07,19,7,0,0,1,1,0,0,0,0
"POINT (13.735090336000042 51.027594568000040)",Unfall 227256 (2020) Kat:3, Licht: 0,227256,3,4,6,07,13,5,0,0,0,1,1,0,0,0
"POINT (13.829726046000076 51.000648408000075)",Unfall 227259 (2020) Kat:3, Licht: 0,227259,3,1,0,07,10,3,0,0,1,0,0,0,0,0
"POINT (13.754879082000059 51.070120963000079)",Unfall 227260 (2020) Kat:2, Licht: 0,227260,2,7,0,07,08,3,1,0,1,0,0,0,0,1
"POINT (13.719216763000077 51.076459668000041)",Unfall 227262 (2020) Kat:3, Licht: 0,227262,3,3,3,07,14,6,0,0,1,1,0,0,0,0
"POINT (13.759434161000058 51.051173920000053)",Unfall 227266 (2020) Kat:3, Licht: 0,227266,3,3,5,07,16,5,1,0,0,1,0,0,0,0
"POINT (13.756561061000070 51.055091435000065)",Unfall 227267 (2020) Kat:2, Licht: 0,227267,2,2,5,07,18,2,0,0,1,0,0,0,1,0
"POINT (13.769626194000068 51.051108596000063)",Unfall 227269 (2020) Kat:3, Licht: 0,227269,3,3,5,07,15,6,0,0,0,1,1,0,0,1
"POINT (13.786391387000037 51.034114989000045)",Unfall 227271 (2020) Kat:3, Licht: 0,227271,3,7,8,07,20,6,0,0,0,1,0,0,0,0
"POINT (13.809967124000025 51.048878940000066)",Unfall 227272 (2020) Kat:3, Licht: 0,227272,3,3,5,07,10,6,0,0,0,1,0,0,0,1
"POINT (13.799313448000078 51.026257393000037)",Unfall 227273 (2020) Kat:3, Licht: 0,227273,3,3,5,07,07,3,0,0,1,1,0,0,0,0
"POINT (13.699543120000044 51.077019306000068)",Unfall 227276 (2020) Kat:2, Licht: 0,227276,2,1,0,07,20,5,1,0,0,0,0,1,0,0
"POINT (13.770578963000048 51.071560093000073)",Unfall 227279 (2020) Kat:3, Licht: 0,227279,3,6,2,07,16,6,0,0,0,1,0,0,0,0
"POINT (13.724362055000029 51.090915487000075)",Unfall 227280 (2020) Kat:3, Licht: 0,227280,3,5,1,07,18,2,0,0,1,1,0,0,0,0
"POINT (13.800388194000050 51.027330367000047)",Unfall 227284 (2020) Kat:3, Licht: 0,227284,3,3,5,07,13,6,0,0,0,1,0,0,0,0
"POINT (13.738199674000043 51.053252327000052)",Unfall 227287 (2020) Kat:3, Licht: 0,227287,3,4,6,07,15,1,0,0,1,0,1,0,0,0
"POINT (13.801093467000044 51.028151448000074)",Unfall 227289 (2020) Kat:2, Licht: 0,227289,2,1,0,07,12,6,0,0,0,1,0,1,0,0
"POINT (13.841877920000059 51.002304117000051)",Unfall 227292 (2020) Kat:3, Licht: 0,227292,3,4,0,07,16,3,0,0,0,0,1,0,0,1
"POINT (13.755895484000064 51.055928580000057)",Unfall 227293 (2020) Kat:3, Licht: 0,227293,3,2,5,07,17,6,0,0,1,1,0,0,0,0
"POINT (13.761942668000074 51.051862399000072)",Unfall 227295 (2020) Kat:3, Licht: 2,227295,3,1,0,07,00,3,0,2,1,0,0,0,0,0
"POINT (13.788829772000042 51.043272795000064)",Unfall 227299 (2020) Kat:3, Licht: 0,227299,3,3,5,07,09,6,0,0,1,1,0,0,0,0
"POINT (13.812737538000022 50.998001130000034)",Unfall 227312 (2020) Kat:3, Licht: 0,227312,3,6,3,07,18,2,0,0,1,1,0,0,0,0
"POINT (13.762733598000068 51.088888951000058)",Unfall 227314 (2020) Kat:3, Licht: 0,227314,3,3,5,07,08,2,0,0,1,1,0,0,0,0
"POINT (13.728068834000055 51.048987438000040)",Unfall 227316 (2020) Kat:3, Licht: 0,227316,3,3,5,07,11,2,0,0,1,1,0,0,0,0
"POINT (13.725804442000026 51.050478339000051)",Unfall 227318 (2020) Kat:3, Licht: 0,227318,3,1,1,07,07,2,0,0,1,1,0,0,0,0
"POINT (13.740986117000034 51.062789932000044)",Unfall 227319 (2020) Kat:3, Licht: 0,227319,3,3,5,07,09,2,0,0,1,1,0,0,0,0
"POINT (13.686285612000063 51.042440743000043)",Unfall 227330 (2020) Kat:3, Licht: 0,227330,3,2,0,08,12,3,0,0,1,1,0,0,0,0
"POINT (13.744009722000044 51.087227917000064)",Unfall 227334 (2020) Kat:2, Licht: 0,227334,2,1,9,07,16,1,1,0,0,1,0,0,0,0
"POINT (13.725021585000036 51.080926265000073)",Unfall 227350 (2020) Kat:3, Licht: 2,227350,3,1,0,07,00,7,0,2,1,0,0,0,0,0
"POINT (13.729053510000028 51.059512599000072)",Unfall 227351 (2020) Kat:3, Licht: 0,227351,3,7,0,07,06,7,0,0,0,1,0,1,0,0
"POINT (13.721250874000077 51.029688944000043)",Unfall 227352 (2020) Kat:3, Licht: 0,227352,3,1,0,08,09,2,1,0,1,0,0,0,0,0
"POINT (13.819089513000051 51.031287943000052)",Unfall 227354 (2020) Kat:3, Licht: 2,227354,3,7,0,07,03,7,0,2,1,1,0,0,0,0
"POINT (13.697820096000044 51.032595341000047)",Unfall 227355 (2020) Kat:3, Licht: 0,227355,3,2,6,07,18,5,0,0,0,1,1,0,0,0
"POINT (13.728632626000035 51.085869168000045)",Unfall 227357 (2020) Kat:3, Licht: 0,227357,3,1,0,07,17,5,0,0,1,0,0,0,0,0
"POINT (13.714253408000047 51.027970405000076)",Unfall 227359 (2020) Kat:3, Licht: 0,227359,3,3,5,07,12,5,0,0,1,1,0,0,0,0
"POINT (13.746740484000043 51.053466524000044)",Unfall 227361 (2020) Kat:3, Licht: 0,227361,3,6,4,07,09,5,0,0,1,0,0,0,0,0
"POINT (13.799331020000068 51.056632991000072)",Unfall 227368 (2020) Kat:3, Licht: 0,227368,3,7,0,07,13,5,0,0,1,0,0,0,0,0
"POINT (13.806722975000071 51.052102393000041)",Unfall 227375 (2020) Kat:2, Licht: 2,227375,2,1,3,08,01,1,0,2,1,1,0,0,0,0
"POINT (13.770148681000023 51.017362672000047)",Unfall 227380 (2020) Kat:3, Licht: 0,227380,3,4,6,07,16,6,0,0,0,1,1,0,0,0
"POINT (13.744960927000022 51.072343917000069)",Unfall 227382 (2020) Kat:2, Licht: 0,227382,2,2,5,07,15,6,0,0,0,1,0,1,0,0
"POINT (13.775771005000024 51.050876693000077)",Unfall 227384 (2020) Kat:3, Licht: 2,227384,3,1,0,07,21,6,1,2,1,0,0,0,0,0
"POINT (13.765108481000027 51.066527516000065)",Unfall 227385 (2020) Kat:3, Licht: 0,227385,3,3,5,08,08,3,0,0,1,1,0,0,0,0
"POINT (13.747949332000076 51.068751158000055)",Unfall 227386 (2020) Kat:3, Licht: 0,227386,3,3,5,07,07,6,0,0,1,1,0,0,0,0
"POINT (13.690189282000063 51.061135577000073)",Unfall 227387 (2020) Kat:2, Licht: 0,227387,2,6,4,07,15,6,0,0,0,1,0,0,0,0
"POINT (13.796259903000077 51.052935648000073)",Unfall 227390 (2020) Kat:2, Licht: 2,227390,2,1,8,07,20,6,0,2,0,1,0,0,0,0
"POINT (13.795699881000075 51.042824694000046)",Unfall 227391 (2020) Kat:3, Licht: 0,227391,3,1,0,07,14,6,0,0,1,0,0,0,0,0
"POINT (13.756469909000032 51.065682740000057)",Unfall 227407 (2020) Kat:3, Licht: 0,227407,3,5,1,08,14,2,0,0,1,1,0,0,0,0
"POINT (13.721891442000071 51.032798299000035)",Unfall 227430 (2020) Kat:2, Licht: 0,227430,2,5,0,07,08,5,0,0,1,1,0,0,0,0
"POINT (13.755451629000049 51.050024261000033)",Unfall 227432 (2020) Kat:3, Licht: 0,227432,3,3,0,07,20,5,0,0,0,0,0,1,0,1
"POINT (13.740246111000033 51.053739495000059)",Unfall 227433 (2020) Kat:3, Licht: 0,227433,3,6,4,08,14,7,0,0,1,0,0,0,0,0
"POINT (13.782191174000047 51.054827822000050)",Unfall 227434 (2020) Kat:3, Licht: 0,227434,3,7,1,07,13,5,0,0,0,1,1,0,0,0
"POINT (13.701396907000060 51.040877428000044)",Unfall 227436 (2020) Kat:3, Licht: 0,227436,3,3,5,07,19,5,0,0,0,1,0,1,0,0
"POINT (13.761717935000036 51.054043917000058)",Unfall 227454 (2020) Kat:3, Licht: 0,227454,3,1,0,08,17,7,0,0,1,0,0,0,0,0
"POINT (13.811766525000053 51.020160573000055)",Unfall 227457 (2020) Kat:3, Licht: 0,227457,3,1,0,08,13,7,0,0,1,0,0,0,0,0