WKT,Name,OBJECTID,UKATEGORIE,UTYP1,UART,UMONAT,USTUNDE,UWOCHENTAG,STRZUSTAND,ULICHTVERH,ISTRAD,ISTPKW,ISTFUSS,ISTKRAD,ISTGKFZ,ISTSONSTIG
"POINT (13.720968176000042 51.055801164000059)",Unfall 227460 (2020) Kat:3, Licht: 1,227460,3,3,5,07,06,4,0,1,1,1,0,0,0,0
"POINT (13.692955620000077 51.046390731000031)",Unfall 227461 (2020) Kat:3, Licht: 0,227461,3,1,0,07,09,4,0,0,1,0,0,0,0,0
"POINT (13.812851622000039 51.046051540000065)",Unfall 227464 (2020) Kat:3, Licht: 0,227464,3,1,0,07,12,4,0,0,1,0,0,0,0,0
"POINT (13.805881312000054 51.049568936000071)",Unfall 227465 (2020) Kat:3, Licht: 0,227465,3,2,2,07,18,4,0,0,0,1,0,0,0,0
"POINT (13.729456950000042 51.045705877000046)",Unfall 227466 (2020) Kat:3, Licht: 0,227466,3,2,5,07,10,4,0,0,1,1,0,0,0,0
"POINT (13.837523779000037 51.024739789000080)",Unfall 227467 (2020) Kat:2, Licht: 0,227467,2,1,0,08,11,2,0,0,1,0,0,0,0,0
"POINT (13.751313259000028 51.067033640000034)",Unfall 227468 (2020) Kat:3, Licht: 0,227468,3,5,1,07,15,4,0,0,1,1,0,0,0,0
"POINT (13.757433569000057 51.045088663000058)",Unfall 227469 (2020) Kat:3, Licht: 0,227469,3,1,4,07,18,4,0,0,1,0,0,0,0,0
"POINT (13.813014966000026 51.019923980000044)",Unfall 227470 (2020) Kat:3, Licht: 0,227470,3,1,0,07,19,4,0,0,1,0,0,0,0,0
"POINT (13.812606284000026 51.019863704000045)",Unfall 227472 (2020) Kat:3, Licht: 0,227472,3,2,5,07,18,4,0,0,1,1,0,0,0,0
"POINT (13.724583058000064 51.053394010000034)",Unfall 227476 (2020) Kat:2, Licht: 0,227476,2,1,0,08,09,7,0,0,1,0,0,0,0,0
"POINT (13.776931428000069 51.062910346000081)",Unfall 227478 (2020) Kat:2, Licht: 0,227478,2,1,0,07,19,4,0,0,1,0,0,0,0,0
"POINT (13.762501466000060 51.044567369000049)",Unfall 227485 (2020) Kat:2, Licht: 0,227485,2,2,5,07,16,4,0,0,1,0,0,0,0,0
"POINT (13.762854588000039 51.048825863000047)",Unfall 227487 (2020) Kat:2, Licht: 0,227487,2,7,0,07,14,4,0,0,1,0,0,0,0,0
"POINT (13.879724842000030 51.063113698000052)",Unfall 227492 (2020) Kat:2, Licht: 0,227492,2,4,6,08,17,1,1,0,0,1,1,0,0,0
"POINT (13.741308779000065 51.053557970000043)",Unfall 227501 (2020) Kat:2, Licht: 0,227501,2,1,0,08,12,3,0,0,1,0,0,0,0,0
"POINT (13.752014125000073 51.077538907000076)",Unfall 227503 (2020) Kat:2, Licht: 0,227503,2,7,6,08,13,7,0,0,0,0,1,0,0,1
"POINT (13.807560229000046 51.005468837000080)",Unfall 227505 (2020) Kat:3, Licht: 0,227505,3,2,5,07,15,3,0,0,0,1,0,1,0,0
"POINT (13.854284069000073 51.006048511000074)",Unfall 227508 (2020) Kat:3, Licht: 0,227508,3,3,5,07,11,3,0,0,0,1,0,0,0,0
"POINT (13.751942572000075 51.062484958000027)",Unfall 227509 (2020) Kat:3, Licht: 0,227509,3,1,0,07,19,3,0,0,1,0,0,0,0,0
"POINT (13.738795511000035 51.054158693000034)",Unfall 227510 (2020) Kat:2, Licht: 0,227510,2,6,4,07,16,3,0,0,1,0,0,0,0,0
"POINT (13.728241376000028 51.056871793000028)",Unfall 227512 (2020) Kat:3, Licht: 1,227512,3,1,0,07,21,3,0,1,1,0,0,0,0,0
"POINT (13.783255783000072 51.050413771000080)",Unfall 227513 (2020) Kat:3, Licht: 0,227513,3,1,0,07,07,3,0,0,1,0,0,0,0,0
"POINT (13.740881275000049 51.073477218000050)",Unfall 227514 (2020) Kat:3, Licht: 2,227514,3,4,6,07,03,3,0,2,0,1,1,0,0,0
"POINT (13.709396824000066 51.081693683000026)",Unfall 227519 (2020) Kat:3, Licht: 0,227519,3,3,5,07,19,6,0,0,1,1,0,0,0,0
"POINT (13.811368865000077 51.062514833000080)",Unfall 227523 (2020) Kat:3, Licht: 0,227523,3,3,5,08,08,2,1,0,0,1,0,1,0,0
"POINT (13.665395618000048 51.060833484000057)",Unfall 227532 (2020) Kat:3, Licht: 0,227532,3,1,0,07,11,2,0,0,1,0,0,0,0,0
"POINT (13.808464328000071 51.010843199000078)",Unfall 227534 (2020) Kat:3, Licht: 0,227534,3,6,3,07,15,2,0,0,1,0,0,0,0,0
"POINT (13.760043330000030 51.027197460000082)",Unfall 227535 (2020) Kat:3, Licht: 0,227535,3,1,8,07,12,2,0,0,1,0,0,0,0,0
"POINT (13.758670382000048 51.029226952000045)",Unfall 227537 (2020) Kat:3, Licht: 0,227537,3,5,1,07,08,2,0,0,1,1,0,0,0,0
"POINT (13.726811145000056 51.052701709000075)",Unfall 227539 (2020) Kat:3, Licht: 0,227539,3,1,7,07,17,2,0,0,1,0,0,0,0,0
"POINT (13.735066716000063 51.019189999000048)",Unfall 227556 (2020) Kat:2, Licht: 0,227556,2,3,5,08,12,3,0,0,1,1,0,0,0,0
"POINT (13.779184605000069 51.031452566000041)",Unfall 227562 (2020) Kat:3, Licht: 0,227562,3,6,3,07,17,6,0,0,1,1,0,0,0,0
"POINT (13.732019036000054 51.079845126000066)",Unfall 227564 (2020) Kat:3, Licht: 0,227564,3,1,0,07,18,1,1,0,1,0,0,0,0,0
"POINT (13.752699392000068 51.058282389000055)",Unfall 227565 (2020) Kat:3, Licht: 0,227565,3,1,0,08,12,7,0,0,1,0,0,0,0,0
"POINT (13.705721188000041 51.090569119000065)",Unfall 227568 (2020) Kat:3, Licht: 0,227568,3,3,5,08,16,7,0,0,0,1,0,0,0,0
"POINT (13.798170616000050 51.004186704000062)",Unfall 227571 (2020) Kat:3, Licht: 0,227571,3,5,1,07,12,3,0,0,1,1,0,0,0,0
"POINT (13.746581070000047 51.053399011000067)",Unfall 227580 (2020) Kat:2, Licht: 0,227580,2,3,5,08,16,3,1,0,1,1,0,0,0,0
"POINT (13.752234378000026 51.063804795000067)",Unfall 227582 (2020) Kat:2, Licht: 0,227582,2,1,0,08,08,1,0,0,1,0,0,0,0,0
"POINT (13.810368300000050 51.012899546000028)",Unfall 227583 (2020) Kat:3, Licht: 1,227583,3,1,0,08,20,7,0,1,0,0,0,1,0,0
"POINT (13.742837345000055 51.049598637000031)",Unfall 227591 (2020) Kat:3, Licht: 0,227591,3,5,1,08,18,3,0,0,1,1,0,0,0,0
"POINT (13.724613036000051 51.029799710000077)",Unfall 227598 (2020) Kat:2, Licht: 0,227598,2,7,0,08,15,4,0,0,1,0,0,0,0,0
"POINT (13.804196730000058 51.032745305000049)",Unfall 227602 (2020) Kat:3, Licht: 0,227602,3,1,0,08,08,6,0,0,1,0,0,0,0,0
"POINT (13.791364984000040 51.059606867000070)",Unfall 227620 (2020) Kat:3, Licht: 0,227620,3,5,3,08,08,6,0,0,0,1,0,1,0,0
"POINT (13.678379025000027 51.056883412000047)",Unfall 227622 (2020) Kat:3, Licht: 0,227622,3,3,5,08,16,6,0,0,1,0,0,0,0,0
"POINT (13.757135187000074 51.049694232000036)",Unfall 227629 (2020) Kat:3, Licht: 0,227629,3,2,5,08,14,2,1,0,1,1,0,0,0,0
"POINT (13.777104836000035 51.067275212000027)",Unfall 227632 (2020) Kat:3, Licht: 0,227632,3,1,9,08,15,6,0,0,0,1,0,0,0,0
"POINT (13.683048863000067 51.059704346000046)",Unfall 227636 (2020) Kat:3, Licht: 0,227636,3,1,0,08,17,3,1,0,1,0,0,0,0,0
"POINT (13.794657858000051 51.040966060000073)",Unfall 227637 (2020) Kat:3, Licht: 0,227637,3,7,5,08,09,6,0,0,0,1,0,0,0,0
"POINT (13.778597403000049 51.042636825000045)",Unfall 227640 (2020) Kat:3, Licht: 0,227640,3,3,5,08,17,6,0,0,0,1,0,0,0,0
"POINT (13.757831343000078 51.032942290000051)",Unfall 227641 (2020) Kat:3, Licht: 2,227641,3,7,6,08,17,5,0,2,0,1,1,0,0,0
"POINT (13.840212541000028 51.024571353000056)",Unfall 227642 (2020) Kat:3, Licht: 0,227642,3,7,7,08,09,6,0,0,1,0,0,0,0,0
"POINT (13.792340129000024 51.053780064000080)",Unfall 227643 (2020) Kat:3, Licht: 0,227643,3,2,5,08,20,5,0,0,1,1,0,0,0,0
"POINT (13.690044382000053 51.055389527000045)",Unfall 227644 (2020) Kat:2, Licht: 0,227644,2,1,0,08,17,1,0,0,1,0,0,0,0,0
"POINT (13.851025584000070 50.992885234000028)",Unfall 227645 (2020) Kat:2, Licht: 0,227645,2,3,5,08,14,6,0,0,0,1,0,1,0,0
"POINT (13.791451132000077 51.050724759000047)",Unfall 227657 (2020) Kat:3, Licht: 0,227657,3,3,5,08,14,4,0,0,0,1,0,0,0,0
"POINT (13.810969104000037 51.013634441000079)",Unfall 227664 (2020) Kat:3, Licht: 0,227664,3,3,5,08,07,6,0,0,0,1,0,0,0,0
"POINT (13.814480698000068 51.020326194000063)",Unfall 227672 (2020) Kat:3, Licht: 0,227672,3,1,0,08,08,2,0,0,1,0,0,0,0,0
"POINT (13.807538803000057 51.035112705000074)",Unfall 227678 (2020) Kat:3, Licht: 2,227678,3,1,0,08,21,6,0,2,1,0,0,0,0,0
"POINT (13.810526192000054 51.036054793000062)",Unfall 227680 (2020) Kat:2, Licht: 0,227680,2,4,6,08,12,6,0,0,1,0,1,0,0,0
"POINT (13.780383926000070 51.053152201000046)",Unfall 227686 (2020) Kat:3, Licht: 0,227686,3,7,0,08,15,2,1,0,0,0,0,1,0,0
"POINT (13.738036089000047 51.054367350000064)",Unfall 227695 (2020) Kat:3, Licht: 0,227695,3,6,8,08,15,3,0,0,1,1,0,0,0,0
"POINT (13.697562140000059 51.052813992000040)",Unfall 227698 (2020) Kat:3, Licht: 0,227698,3,6,3,08,19,3,0,0,1,0,0,0,0,0
"POINT (13.757656648000022 51.018949992000046)",Unfall 227700 (2020) Kat:3, Licht: 1,227700,3,7,0,08,20,1,0,1,1,0,0,0,0,0
"POINT (13.676675031000059 51.060813965000079)",Unfall 227717 (2020) Kat:3, Licht: 0,227717,3,3,5,08,09,5,0,0,0,1,0,0,0,0
"POINT (13.777056281000057 51.035696989000030)",Unfall 227724 (2020) Kat:3, Licht: 0,227724,3,2,0,08,15,6,0,0,0,1,0,0,0,1
"POINT (13.704828425000073 51.025093686000048)",Unfall 227725 (2020) Kat:3, Licht: 0,227725,3,4,6,08,16,5,0,0,1,0,1,0,0,0
"POINT (13.729108360000055 51.050966858000038)",Unfall 227729 (2020) Kat:3, Licht: 0,227729,3,2,5,08,15,5,0,0,1,1,0,0,0,0
"POINT (13.760245923000070 51.066783325000074)",Unfall 227730 (2020) Kat:2, Licht: 0,227730,2,3,5,08,10,4,0,0,1,0,0,0,0,0
"POINT (13.712838215000033 51.080997181000043)",Unfall 227732 (2020) Kat:3, Licht: 0,227732,3,7,0,08,10,2,1,0,1,0,0,0,0,0
"POINT (13.808806746000073 51.050463343000047)",Unfall 227734 (2020) Kat:3, Licht: 0,227734,3,3,5,08,11,5,0,0,0,1,0,0,0,0
"POINT (13.803024609000033 51.036901810000074)",Unfall 227740 (2020) Kat:2, Licht: 0,227740,2,2,5,08,15,6,0,0,1,1,0,0,0,0
"POINT (13.725198874000057 51.050289413000030)",Unfall 227741 (2020) Kat:3, Licht: 1,227741,3,6,2,08,20,5,0,1,0,1,0,0,0,0
"POINT (13.770516836000070 51.067911566000078)",Unfall 227742 (2020) Kat:3, Licht: 0,227742,3,6,3,08,11,6,0,0,0,1,0,1,0,1
"POINT (13.809140309000043 51.010428694000041)",Unfall 227743 (2020) Kat:3, Licht: 0,227743,3,2,2,08,10,7,0,0,0,1,0,0,0,0
"POINT (13.786189215000036 51.049068628000043)",Unfall 227747 (2020) Kat:3, Licht: 0,227747,3,3,0,08,14,1,0,0,0,1,0,1,0,0
"POINT (13.757847311000035 51.051448036000068)",Unfall 227752 (2020) Kat:3, Licht: 0,227752,3,3,5,08,08,5,0,0,1,1,0,0,0,0
"POINT (13.752205893000053 51.065135764000047)",Unfall 227754 (2020) Kat:2, Licht: 0,227754,2,5,1,08,17,7,0,0,1,1,0,0,0,0
"POINT (13.724914483000077 51.057706920000044)",Unfall 227756 (2020) Kat:2, Licht: 0,227756,2,4,6,08,07,3,1,0,1,0,1,0,0,0
"POINT (13.702846077000061 51.038263571000073)",Unfall 227757 (2020) Kat:3, Licht: 0,227757,3,6,0,08,17,5,0,0,0,1,0,0,0,1
"POINT (13.795313036000039 51.024972912000067)",Unfall 227758 (2020) Kat:3, Licht: 0,227758,3,5,1,08,17,1,0,0,1,1,0,0,0,0
"POINT (13.729539284000055 51.075740643000074)",Unfall 227760 (2020) Kat:3, Licht: 2,227760,3,7,5,08,21,5,0,2,0,1,0,0,0,0
"POINT (13.678473544000042 51.061134267000057)",Unfall 227761 (2020) Kat:3, Licht: 0,227761,3,3,5,08,16,5,0,0,0,1,0,0,0,0
"POINT (13.744447595000054 51.066304370000069)",Unfall 227763 (2020) Kat:2, Licht: 0,227763,2,1,0,08,07,5,0,0,1,0,0,0,0,0
"POINT (13.746573887000068 51.053399004000028)",Unfall 227764 (2020) Kat:2, Licht: 0,227764,2,1,4,08,17,1,0,0,1,0,0,0,0,1
"POINT (13.692474448000041 51.072907837000059)",Unfall 227770 (2020) Kat:2, Licht: 0,227770,2,5,1,08,16,3,0,0,1,1,0,0,0,0
"POINT (13.812441850000027 51.044217799000080)",Unfall 227777 (2020) Kat:3, Licht: 2,227777,3,7,1,08,23,4,0,2,1,1,0,0,0,0
"POINT (13.744595413000070 51.037362341000062)",Unfall 227781 (2020) Kat:3, Licht: 0,227781,3,6,2,08,14,6,0,0,0,1,0,0,0,0
"POINT (13.786046075000058 51.050639675000070)",Unfall 227783 (2020) Kat:2, Licht: 2,227783,2,1,0,08,00,6,0,2,1,0,0,0,0,0
"POINT (13.683035528000062 51.059715201000074)",Unfall 227795 (2020) Kat:2, Licht: 0,227795,2,1,0,08,17,2,1,0,1,0,0,0,0,0
"POINT (13.751617088000046 51.077033145000030)",Unfall 227799 (2020) Kat:3, Licht: 2,227799,3,1,0,08,01,7,0,2,1,0,0,0,0,0
"POINT (13.805382320000035 51.025451548000035)",Unfall 227806 (2020) Kat:3, Licht: 0,227806,3,2,5,08,08,2,0,0,1,1,0,0,0,0
"POINT (13.737101285000051 51.037728512000058)",Unfall 227814 (2020) Kat:3, Licht: 1,227814,3,1,0,08,18,3,0,1,0,0,0,1,0,0
"POINT (13.750981355000022 51.066268618000038)",Unfall 227816 (2020) Kat:3, Licht: 2,227816,3,1,0,08,01,7,0,2,1,0,0,0,0,0
"POINT (13.680163840000034 51.042360694000081)",Unfall 227819 (2020) Kat:3, Licht: 0,227819,3,6,2,08,18,1,0,0,0,1,0,0,0,0
"POINT (13.752095428000075 51.061956598000052)",Unfall 227825 (2020) Kat:3, Licht: 0,227825,3,1,0,08,11,3,0,0,1,0,0,0,0,0
"POINT (13.710770565000075 51.032541486000071)",Unfall 227829 (2020) Kat:2, Licht: 0,227829,2,2,5,08,09,4,0,0,0,1,0,1,0,0
"POINT (13.787456928000040 51.059054742000058)",Unfall 227832 (2020) Kat:3, Licht: 0,227832,3,3,5,08,16,4,0,0,1,1,0,0,0,0
"POINT (13.775918776000026 51.069472184000062)",Unfall 227836 (2020) Kat:3, Licht: 0,227836,3,1,8,08,07,4,0,0,0,1,0,0,0,0
"POINT (13.782723275000023 51.033380061000059)",Unfall 227837 (2020) Kat:3, Licht: 0,227837,3,1,0,08,16,5,0,0,0,0,0,1,0,0
"POINT (13.724979649000034 51.057756731000040)",Unfall 227841 (2020) Kat:3, Licht: 2,227841,3,1,0,08,00,7,1,2,1,0,0,0,0,0
"POINT (13.752449178000063 51.036837730000059)",Unfall 227842 (2020) Kat:3, Licht: 0,227842,3,1,0,08,09,6,0,0,1,0,0,0,0,0
"POINT (13.806802496000046 51.052111624000077)",Unfall 227843 (2020) Kat:2, Licht: 0,227843,2,2,2,08,18,4,0,0,1,1,0,0,0,0
"POINT (13.761617200000046 51.052083447000030)",Unfall 227847 (2020) Kat:3, Licht: 0,227847,3,3,5,08,18,4,0,0,0,1,0,0,0,1
"POINT (13.787402604000022 51.048452242000053)",Unfall 227850 (2020) Kat:3, Licht: 0,227850,3,5,1,08,08,2,0,0,1,1,0,0,0,0
"POINT (13.771611144000076 51.046956823000073)",Unfall 227854 (2020) Kat:3, Licht: 0,227854,3,1,0,08,11,6,0,0,0,0,0,1,0,0
"POINT (13.805021094000040 51.050181550000048)",Unfall 227856 (2020) Kat:3, Licht: 0,227856,3,3,5,08,14,6,0,0,0,1,0,1,0,0
"POINT (13.757935422000060 51.032867772000031)",Unfall 227871 (2020) Kat:3, Licht: 0,227871,3,1,0,09,16,3,0,0,1,0,0,0,0,0
"POINT (13.688944320000076 51.057960112000046)",Unfall 227874 (2020) Kat:2, Licht: 1,227874,2,3,5,09,20,2,0,1,1,1,0,0,0,0
"POINT (13.755926943000077 51.055874841000048)",Unfall 227878 (2020) Kat:3, Licht: 0,227878,3,2,5,09,07,4,0,0,1,1,0,0,0,0
"POINT (13.729457772000046 51.045705121000026)",Unfall 227885 (2020) Kat:3, Licht: 0,227885,3,2,5,09,10,6,0,0,1,1,0,0,0,0
"POINT (13.861224423000067 51.014341072000036)",Unfall 227887 (2020) Kat:3, Licht: 0,227887,3,3,5,09,12,6,0,0,1,1,0,0,0,0
"POINT (13.728774150000049 51.086081101000048)",Unfall 227890 (2020) Kat:3, Licht: 0,227890,3,1,0,08,08,4,0,0,1,0,0,0,0,0
"POINT (13.718514804000051 51.029017198000076)",Unfall 227891 (2020) Kat:3, Licht: 1,227891,3,3,5,09,06,6,1,1,0,1,0,0,0,0
"POINT (13.749599775000036 51.064885163000042)",Unfall 227897 (2020) Kat:3, Licht: 0,227897,3,6,2,08,11,4,0,0,1,0,0,0,0,1
"POINT (13.775551787000040 51.045362021000074)",Unfall 227913 (2020) Kat:3, Licht: 0,227913,3,2,5,09,17,5,0,0,1,1,0,0,0,0
"POINT (13.800090602000068 51.057432772000027)",Unfall 227915 (2020) Kat:3, Licht: 0,227915,3,2,5,09,16,5,0,0,1,0,0,0,0,1
"POINT (13.679089192000049 51.055971493000072)",Unfall 227917 (2020) Kat:3, Licht: 0,227917,3,3,5,09,10,3,0,0,0,1,0,1,0,0
"POINT (13.795619146000035 51.012975679000078)",Unfall 227918 (2020) Kat:3, Licht: 0,227918,3,3,5,09,15,5,0,0,0,1,0,1,0,0
"POINT (13.751183852000054 51.060165602000041)",Unfall 227919 (2020) Kat:3, Licht: 0,227919,3,1,0,09,17,5,0,0,1,0,0,0,0,0
"POINT (13.781315529000040 51.123986199000058)",Unfall 227920 (2020) Kat:3, Licht: 0,227920,3,1,1,09,14,2,0,0,1,1,0,0,0,0
"POINT (13.712897527000052 51.046421866000060)",Unfall 227922 (2020) Kat:3, Licht: 0,227922,3,3,3,09,15,5,0,0,1,1,0,0,0,0
"POINT (13.846164554000040 50.999102131000029)",Unfall 227923 (2020) Kat:2, Licht: 0,227923,2,2,2,09,17,5,0,0,1,1,0,0,0,0
"POINT (13.710719492000067 51.079164267000067)",Unfall 227924 (2020) Kat:2, Licht: 0,227924,2,1,1,09,11,2,0,0,1,1,0,0,0,0
"POINT (13.757183068000074 51.049806823000040)",Unfall 227930 (2020) Kat:3, Licht: 0,227930,3,2,5,09,08,3,0,0,1,1,0,0,0,0
"POINT (13.758001129000036 51.052257186000077)",Unfall 227937 (2020) Kat:3, Licht: 0,227937,3,3,5,09,16,4,0,0,1,0,0,0,0,1
"POINT (13.811867685000038 51.011430850000067)",Unfall 227941 (2020) Kat:3, Licht: 0,227941,3,3,5,09,07,4,0,0,1,0,0,0,0,1
"POINT (13.688937962000068 51.057967231000077)",Unfall 227955 (2020) Kat:3, Licht: 0,227955,3,3,5,09,12,4,0,0,0,1,0,0,0,0
"POINT (13.725174385000059 51.076987657000075)",Unfall 227956 (2020) Kat:3, Licht: 0,227956,3,1,0,09,13,4,0,0,1,0,0,0,0,0
"POINT (13.805920181000033 51.039549748000070)",Unfall 227958 (2020) Kat:3, Licht: 0,227958,3,6,2,09,08,4,0,0,0,1,0,0,0,0
"POINT (13.782978329000059 51.043493021000074)",Unfall 227959 (2020) Kat:2, Licht: 0,227959,2,3,5,09,15,4,0,0,1,0,0,1,0,0
"POINT (13.781445318000067 51.043898400000046)",Unfall 227960 (2020) Kat:3, Licht: 0,227960,3,2,5,09,10,4,0,0,1,1,0,0,0,0
"POINT (13.757936404000077 51.049611294000044)",Unfall 227962 (2020) Kat:3, Licht: 0,227962,3,1,0,09,16,4,0,0,1,0,0,0,0,0
"POINT (13.798614732000033 51.012479244000076)",Unfall 227964 (2020) Kat:3, Licht: 0,227964,3,2,5,08,06,3,0,0,1,1,0,0,0,0
"POINT (13.823155491000023 51.008081782000033)",Unfall 227965 (2020) Kat:3, Licht: 0,227965,3,2,5,09,11,4,0,0,1,1,0,0,0,0
"POINT (13.736813132000066 51.050517375000027)",Unfall 227966 (2020) Kat:3, Licht: 0,227966,3,4,0,09,10,4,0,0,0,1,1,0,0,0
"POINT (13.804300329000057 51.048367870000050)",Unfall 227970 (2020) Kat:2, Licht: 2,227970,2,1,0,08,22,3,0,2,1,0,0,0,0,0
"POINT (13.776332435000029 51.052738115000068)",Unfall 227974 (2020) Kat:3, Licht: 0,227974,3,1,0,08,12,3,0,0,1,0,0,0,0,0
"POINT (13.835827355000049 51.026816383000039)",Unfall 227976 (2020) Kat:3, Licht: 0,227976,3,2,5,09,11,7,0,0,1,1,0,0,0,0
"POINT (13.749228347000042 51.033552776000079)",Unfall 227980 (2020) Kat:3, Licht: 0,227980,3,3,5,09,17,2,0,0,0,1,0,0,0,0
"POINT (13.814223620000064 51.054919880000057)",Unfall 227986 (2020) Kat:2, Licht: 0,227986,2,1,0,09,12,7,1,0,1,0,0,0,0,0
"POINT (13.813722384000073 51.045066181000038)",Unfall 227992 (2020) Kat:3, Licht: 0,227992,3,1,0,09,11,3,0,0,1,0,0,0,0,0
"POINT (13.690582753000058 51.053806776000044)",Unfall 227996 (2020) Kat:3, Licht: 0,227996,3,2,5,09,13,2,0,0,1,1,0,0,0,0
"POINT (13.753756300000077 51.066384551000056)",Unfall 228000 (2020) Kat:3, Licht: 0,228000,3,1,0,09,16,4,0,0,1,0,0,0,0,0
"POINT (13.785329262000062 51.035942626000065)",Unfall 228009 (2020) Kat:3, Licht: 0,228009,3,3,5,09,17,3,0,0,1,1,0,0,0,0
"POINT (13.686603744000024 51.057365830000037)",Unfall 228010 (2020) Kat:3, Licht: 2,228010,3,6,2,09,20,3,0,2,0,1,0,0,0,0
"POINT (13.797372616000075 51.024209787000075)",Unfall 228014 (2020) Kat:3, Licht: 0,228014,3,2,5,09,16,3,0,0,1,1,0,0,0,0
"POINT (13.758077321000030 51.052354287000071)",Unfall 228017 (2020) Kat:3, Licht: 0,228017,3,1,0,09,18,1,0,0,1,0,0,0,0,0
"POINT (13.798212113000034 51.025054126000043)",Unfall 228037 (2020) Kat:3, Licht: 0,228037,3,3,5,08,17,2,0,0,0,1,0,0,0,1
"POINT (13.729419979000056 51.040267775000075)",Unfall 228039 (2020) Kat:3, Licht: 0,228039,3,1,0,08,14,2,1,0,1,0,0,0,0,0
"POINT (13.738734912000041 51.054077639000070)",Unfall 228043 (2020) Kat:3, Licht: 0,228043,3,7,8,08,17,2,0,0,1,0,0,0,0,0
"POINT (13.725012237000044 51.080924638000056)",Unfall 228045 (2020) Kat:3, Licht: 0,228045,3,6,3,09,12,2,0,0,1,1,0,0,0,0
"POINT (13.725347901000077 51.081065387000081)",Unfall 228047 (2020) Kat:3, Licht: 0,228047,3,1,0,08,14,2,1,0,1,0,0,0,0,0
"POINT (13.796379999000067 51.041593148000061)",Unfall 228052 (2020) Kat:3, Licht: 0,228052,3,5,3,09,13,3,0,0,0,1,0,1,0,0
"POINT (13.788579492000054 51.043279673000029)",Unfall 228059 (2020) Kat:3, Licht: 0,228059,3,2,2,09,17,4,0,0,1,1,0,0,0,0
"POINT (13.722153536000064 51.077379960000030)",Unfall 228064 (2020) Kat:3, Licht: 0,228064,3,1,0,08,11,1,1,0,1,0,0,0,0,0
"POINT (13.858611795000058 51.001815855000075)",Unfall 228066 (2020) Kat:3, Licht: 0,228066,3,3,5,08,14,1,1,0,1,1,0,0,0,0
"POINT (13.883677859000045 51.066792158000055)",Unfall 228068 (2020) Kat:2, Licht: 2,228068,2,1,8,08,20,1,1,2,0,1,0,0,0,0
"POINT (13.673549172000037 51.064412837000077)",Unfall 228082 (2020) Kat:3, Licht: 0,228082,3,3,5,08,14,7,0,0,0,1,0,0,0,0
"POINT (13.830218419000062 51.010223380000070)",Unfall 228083 (2020) Kat:3, Licht: 0,228083,3,6,2,08,15,7,0,0,0,1,0,0,0,0
"POINT (13.763588950000042 51.032373807000056)",Unfall 228085 (2020) Kat:2, Licht: 0,228085,2,7,1,08,10,7,0,0,0,1,0,1,0,0
"POINT (13.709525775000031 51.042682012000057)",Unfall 228087 (2020) Kat:3, Licht: 0,228087,3,3,5,08,18,2,0,0,1,1,0,0,0,0
"POINT (13.718666787000075 51.028843518000031)",Unfall 228094 (2020) Kat:3, Licht: 0,228094,3,3,5,08,08,2,0,0,0,1,0,0,0,0
"POINT (13.775197401000071 51.032837175000054)",Unfall 228097 (2020) Kat:3, Licht: 1,228097,3,3,5,09,05,3,0,1,1,1,0,0,0,0
"POINT (13.851494082000045 51.004595291000044)",Unfall 228104 (2020) Kat:2, Licht: 0,228104,2,1,0,09,16,2,0,0,1,0,0,0,0,0
"POINT (13.749149372000034 51.010830816000066)",Unfall 228107 (2020) Kat:3, Licht: 0,228107,3,1,4,08,09,2,1,0,0,1,0,1,0,0
"POINT (13.796922590000065 51.049962138000069)",Unfall 228108 (2020) Kat:3, Licht: 0,228108,3,3,5,08,12,6,0,0,0,1,0,0,0,0
"POINT (13.795468721000077 51.042915205000043)",Unfall 228111 (2020) Kat:3, Licht: 0,228111,3,2,5,08,17,6,0,0,1,1,0,0,0,0
"POINT (13.816594776000045 51.030740921000074)",Unfall 228112 (2020) Kat:3, Licht: 0,228112,3,1,0,08,19,6,1,0,1,0,0,0,0,0
"POINT (13.802395862000026 51.022145510000030)",Unfall 228114 (2020) Kat:3, Licht: 0,228114,3,6,3,08,16,6,0,0,1,0,0,0,0,0
"POINT (13.767557175000036 51.072583548000068)",Unfall 228115 (2020) Kat:2, Licht: 2,228115,2,7,8,08,01,2,0,2,0,1,0,0,0,0
"POINT (13.714174628000023 51.047239894000029)",Unfall 228116 (2020) Kat:3, Licht: 0,228116,3,7,6,09,11,2,0,0,1,0,1,0,0,0
"POINT (13.739159144000041 51.050226538000061)",Unfall 228117 (2020) Kat:3, Licht: 0,228117,3,1,0,08,16,2,0,0,1,0,0,0,0,0
"POINT (13.786336358000028 51.028537768000035)",Unfall 228118 (2020) Kat:3, Licht: 0,228118,3,3,5,08,15,6,0,0,1,1,0,0,0,0
"POINT (13.803428625000038 51.030800823000050)",Unfall 228119 (2020) Kat:3, Licht: 0,228119,3,3,5,08,17,2,0,0,1,1,0,0,0,0
"POINT (13.831351128000051 51.018275598000059)",Unfall 228120 (2020) Kat:3, Licht: 0,228120,3,1,0,09,18,4,0,0,1,0,0,0,0,0