WKT,Name,OBJECTID,UKATEGORIE,UTYP1,UART,UMONAT,USTUNDE,UWOCHENTAG,STRZUSTAND,ULICHTVERH,ISTRAD,ISTPKW,ISTFUSS,ISTKRAD,ISTGKFZ,ISTSONSTIG
"POINT (13.783312511000076 51.053452836000076)",Unfall 228121 (2020) Kat:3, Licht: 0,228121,3,1,0,08,07,2,0,0,0,0,0,1,0,0
"POINT (13.761586264000073 51.031716357000050)",Unfall 228133 (2020) Kat:2, Licht: 0,228133,2,3,5,09,10,4,0,0,1,1,0,0,0,0
"POINT (13.820401443000037 51.006269394000071)",Unfall 228151 (2020) Kat:3, Licht: 0,228151,3,3,5,08,15,5,0,0,1,1,0,0,0,0
"POINT (13.793550708000055 51.008211251000034)",Unfall 228152 (2020) Kat:3, Licht: 0,228152,3,1,8,08,10,5,0,0,1,0,0,0,0,0
"POINT (13.825672329000042 51.012157592000051)",Unfall 228153 (2020) Kat:3, Licht: 0,228153,3,6,2,08,16,5,0,0,0,1,0,0,0,0
"POINT (13.755192435000026 51.050086859000032)",Unfall 228155 (2020) Kat:3, Licht: 0,228155,3,4,6,08,14,5,0,0,0,0,1,0,0,1
"POINT (13.697280257000045 51.036258890000056)",Unfall 228159 (2020) Kat:3, Licht: 0,228159,3,3,5,08,12,5,1,0,0,1,0,0,0,0
"POINT (13.775382981000064 51.069851662000076)",Unfall 228160 (2020) Kat:2, Licht: 0,228160,2,1,8,08,10,5,0,0,0,0,0,1,0,0
"POINT (13.763277132000042 51.038259998000058)",Unfall 228161 (2020) Kat:2, Licht: 2,228161,2,4,6,09,20,2,0,2,1,0,1,0,0,0
"POINT (13.729377045000035 51.070396783000035)",Unfall 228167 (2020) Kat:3, Licht: 2,228167,3,1,0,09,20,7,0,2,1,0,0,0,0,0
"POINT (13.686968854000042 51.056716958000038)",Unfall 228169 (2020) Kat:3, Licht: 0,228169,3,7,1,09,11,5,0,0,0,1,0,0,0,0
"POINT (13.812879455000029 50.987263979000033)",Unfall 228174 (2020) Kat:3, Licht: 0,228174,3,1,2,09,17,4,0,0,1,1,0,0,0,0
"POINT (13.653976335000038 51.048123120000071)",Unfall 228177 (2020) Kat:3, Licht: 0,228177,3,2,5,09,18,4,0,0,0,1,0,0,0,0
"POINT (13.809336206000069 51.016224097000077)",Unfall 228180 (2020) Kat:3, Licht: 0,228180,3,6,2,09,15,4,0,0,0,1,0,0,0,0
"POINT (13.808558622000021 51.027925965000065)",Unfall 228183 (2020) Kat:3, Licht: 0,228183,3,2,2,09,15,6,0,0,0,1,0,0,0,0
"POINT (13.752412033000041 51.064055878000033)",Unfall 228185 (2020) Kat:2, Licht: 1,228185,2,1,0,09,18,4,1,1,1,0,0,0,0,0
"POINT (13.796850825000035 51.049987527000042)",Unfall 228190 (2020) Kat:3, Licht: 0,228190,3,3,5,09,13,4,0,0,1,1,0,0,0,0
"POINT (13.753087763000053 51.059074218000035)",Unfall 228191 (2020) Kat:3, Licht: 0,228191,3,3,5,09,17,3,0,0,1,0,0,0,0,0
"POINT (13.728143845000034 51.061022509000054)",Unfall 228193 (2020) Kat:3, Licht: 0,228193,3,1,0,09,18,4,1,0,1,0,0,0,0,0
"POINT (13.744774358000029 51.051419415000055)",Unfall 228198 (2020) Kat:3, Licht: 0,228198,3,1,0,09,17,4,1,0,1,0,0,0,0,0
"POINT (13.743689546000041 51.049998232000064)",Unfall 228199 (2020) Kat:3, Licht: 2,228199,3,7,0,09,20,4,0,2,1,1,0,0,0,0
"POINT (13.735161507000043 51.047158161000027)",Unfall 228205 (2020) Kat:3, Licht: 0,228205,3,1,0,09,14,3,0,0,1,0,0,0,0,0
"POINT (13.676526066000065 51.063810933000070)",Unfall 228218 (2020) Kat:3, Licht: 0,228218,3,2,5,09,11,7,0,0,1,1,0,0,0,0
"POINT (13.775443824000035 51.045425965000049)",Unfall 228225 (2020) Kat:3, Licht: 0,228225,3,3,5,09,16,5,0,0,1,0,1,0,0,0
"POINT (13.771095844000058 51.029849988000080)",Unfall 228228 (2020) Kat:3, Licht: 0,228228,3,2,5,09,11,7,0,0,1,1,0,0,0,0
"POINT (13.693548440000029 51.044901574000050)",Unfall 228231 (2020) Kat:3, Licht: 0,228231,3,1,1,09,07,2,0,0,0,1,0,0,0,0
"POINT (13.694422928000051 51.084769027000050)",Unfall 228234 (2020) Kat:3, Licht: 2,228234,3,7,1,09,22,6,0,2,0,1,0,0,0,1
"POINT (13.717298665000044 51.055677988000070)",Unfall 228238 (2020) Kat:3, Licht: 0,228238,3,6,2,09,11,3,0,0,1,1,0,0,0,0
"POINT (13.823947121000060 51.012780566000060)",Unfall 228239 (2020) Kat:2, Licht: 0,228239,2,4,6,09,15,6,0,0,0,1,1,0,0,0
"POINT (13.757762724000031 51.075895385000081)",Unfall 228243 (2020) Kat:3, Licht: 0,228243,3,7,6,09,17,6,0,0,1,0,1,0,0,0
"POINT (13.701394119000042 51.040877135000073)",Unfall 228244 (2020) Kat:3, Licht: 0,228244,3,3,5,09,15,3,0,0,0,1,0,0,0,0
"POINT (13.756561377000025 51.055091568000080)",Unfall 228246 (2020) Kat:3, Licht: 0,228246,3,2,5,09,07,6,0,0,1,1,0,0,0,0
"POINT (13.683413357000063 51.042428937000068)",Unfall 228247 (2020) Kat:3, Licht: 0,228247,3,2,0,09,15,6,0,0,1,1,0,0,0,0
"POINT (13.834314382000059 50.999322197000026)",Unfall 228250 (2020) Kat:3, Licht: 0,228250,3,1,0,09,13,3,0,0,1,0,0,0,0,0
"POINT (13.827613841000073 51.053175637000038)",Unfall 228251 (2020) Kat:2, Licht: 0,228251,2,1,4,09,14,3,0,0,1,1,0,0,0,0
"POINT (13.786993835000033 51.051758744000040)",Unfall 228252 (2020) Kat:3, Licht: 0,228252,3,3,5,09,16,6,0,0,1,1,0,0,0,0
"POINT (13.847309219000067 51.004024302000062)",Unfall 228253 (2020) Kat:3, Licht: 2,228253,3,1,0,09,05,3,0,2,1,0,0,0,0,0
"POINT (13.699391022000043 51.035022551000054)",Unfall 228254 (2020) Kat:3, Licht: 0,228254,3,5,1,09,15,1,0,0,1,1,0,0,0,0
"POINT (13.751508694000051 51.047220739000068)",Unfall 228255 (2020) Kat:3, Licht: 0,228255,3,3,5,09,09,6,0,0,1,1,0,0,0,0
"POINT (13.769230601000061 51.024529425000026)",Unfall 228259 (2020) Kat:2, Licht: 0,228259,2,4,6,09,12,6,0,0,0,0,1,0,0,1
"POINT (13.788288056000056 51.030525606000026)",Unfall 228260 (2020) Kat:3, Licht: 0,228260,3,3,5,09,15,6,0,0,0,0,0,0,0,1
"POINT (13.683413867000070 51.042428949000055)",Unfall 228261 (2020) Kat:3, Licht: 0,228261,3,2,5,09,16,6,0,0,1,1,0,0,0,0
"POINT (13.790072631000044 51.048640102000036)",Unfall 228262 (2020) Kat:3, Licht: 0,228262,3,7,6,09,16,4,1,0,0,1,1,0,0,0
"POINT (13.810030155000049 51.012624995000067)",Unfall 228263 (2020) Kat:2, Licht: 0,228263,2,1,8,09,10,3,0,0,0,1,0,0,0,0
"POINT (13.804807228000072 51.032566082000073)",Unfall 228266 (2020) Kat:3, Licht: 2,228266,3,1,0,09,21,3,0,2,1,0,0,0,0,0
"POINT (13.773604137000063 51.048725767000064)",Unfall 228273 (2020) Kat:2, Licht: 0,228273,2,3,5,09,16,3,0,0,1,1,0,0,0,0
"POINT (13.694366326000022 51.043117988000063)",Unfall 228276 (2020) Kat:3, Licht: 2,228276,3,2,5,09,20,4,1,2,0,1,0,0,0,1
"POINT (13.695332950000022 51.047796558000073)",Unfall 228277 (2020) Kat:3, Licht: 2,228277,3,6,1,09,21,3,0,2,0,1,0,1,0,0
"POINT (13.725770202000035 51.061935990000052)",Unfall 228284 (2020) Kat:3, Licht: 0,228284,3,7,0,09,16,5,0,0,1,0,1,0,0,0
"POINT (13.810439718000055 51.051148440000077)",Unfall 228288 (2020) Kat:3, Licht: 0,228288,3,6,6,09,08,3,0,0,1,0,1,0,0,0
"POINT (13.733261474000074 51.039799129000073)",Unfall 228290 (2020) Kat:3, Licht: 0,228290,3,4,6,09,09,2,0,0,1,0,1,0,0,0
"POINT (13.774537035000037 51.033112983000080)",Unfall 228297 (2020) Kat:3, Licht: 2,228297,3,2,2,09,19,7,0,2,0,1,0,0,0,0
"POINT (13.798073939000062 51.010486391000029)",Unfall 228309 (2020) Kat:3, Licht: 0,228309,3,5,1,09,15,6,0,0,1,1,0,0,0,0
"POINT (13.700557531000072 51.087116689000027)",Unfall 228311 (2020) Kat:3, Licht: 0,228311,3,5,1,09,16,4,0,0,1,1,0,0,0,0
"POINT (13.760748681000052 51.049406094000062)",Unfall 228313 (2020) Kat:3, Licht: 0,228313,3,4,0,09,08,3,0,0,0,0,1,0,0,1
"POINT (13.752014518000067 51.009516520000034)",Unfall 228316 (2020) Kat:3, Licht: 0,228316,3,7,0,09,15,3,0,0,1,0,0,0,0,1
"POINT (13.767508739000050 51.042567859000030)",Unfall 228324 (2020) Kat:3, Licht: 0,228324,3,3,5,09,16,4,1,0,1,1,0,0,0,0
"POINT (13.670694893000075 51.042270193000036)",Unfall 228331 (2020) Kat:3, Licht: 0,228331,3,3,5,09,16,5,0,0,1,1,0,0,0,0
"POINT (13.699417088000075 51.038056508000068)",Unfall 228333 (2020) Kat:3, Licht: 0,228333,3,7,0,09,12,5,0,0,1,0,0,0,0,0
"POINT (13.728449470000044 51.056602369000075)",Unfall 228336 (2020) Kat:3, Licht: 0,228336,3,7,0,09,08,5,1,0,1,0,0,0,0,0
"POINT (13.750528485000075 51.052582880000045)",Unfall 228343 (2020) Kat:3, Licht: 0,228343,3,5,3,09,16,5,0,0,0,1,0,1,0,0
"POINT (13.784315768000056 51.059298656000067)",Unfall 228346 (2020) Kat:3, Licht: 0,228346,3,1,0,09,07,5,0,0,1,0,0,0,0,0
"POINT (13.792889047000074 51.013079650000066)",Unfall 228347 (2020) Kat:3, Licht: 0,228347,3,1,0,09,12,5,0,0,0,0,0,1,0,0
"POINT (13.761043535000056 51.068227571000079)",Unfall 228354 (2020) Kat:2, Licht: 2,228354,2,1,0,09,23,7,0,2,1,0,0,0,0,0
"POINT (13.776683758000047 51.051805087000048)",Unfall 228358 (2020) Kat:2, Licht: 1,228358,2,6,0,09,20,5,0,1,1,0,0,0,1,0
"POINT (13.717066300000056 51.052608406000047)",Unfall 228365 (2020) Kat:3, Licht: 0,228365,3,3,5,09,16,3,0,0,1,1,0,0,0,0
"POINT (13.731059176000031 51.053650340000047)",Unfall 228370 (2020) Kat:3, Licht: 0,228370,3,1,0,09,12,5,0,0,1,0,0,0,0,0
"POINT (13.824522312000056 51.023145042000067)",Unfall 228371 (2020) Kat:3, Licht: 0,228371,3,4,6,09,16,6,0,0,0,1,1,0,0,0
"POINT (13.682808493000039 51.042415236000068)",Unfall 228373 (2020) Kat:2, Licht: 1,228373,2,2,5,09,18,2,0,1,0,1,0,0,0,0
"POINT (13.708951066000054 51.047236112000064)",Unfall 228378 (2020) Kat:3, Licht: 0,228378,3,2,3,09,06,2,0,0,1,1,0,0,0,0
"POINT (13.765541941000038 51.073244316000057)",Unfall 228379 (2020) Kat:3, Licht: 0,228379,3,6,2,09,16,3,0,0,0,1,0,1,0,0
"POINT (13.824546619000046 51.033742180000047)",Unfall 228381 (2020) Kat:3, Licht: 2,228381,3,1,0,09,21,2,0,2,1,0,0,0,0,0
"POINT (13.755770551000069 51.047247678000076)",Unfall 228386 (2020) Kat:2, Licht: 0,228386,2,2,5,09,16,4,1,0,1,1,0,0,0,0
"POINT (13.784549816000037 51.051338601000054)",Unfall 228387 (2020) Kat:3, Licht: 0,228387,3,7,6,09,14,2,0,0,0,1,1,0,0,0
"POINT (13.740963446000023 51.059728255000039)",Unfall 228389 (2020) Kat:3, Licht: 0,228389,3,3,5,09,09,4,0,0,1,0,0,0,0,0
"POINT (13.772643346000052 51.046526570000026)",Unfall 228390 (2020) Kat:3, Licht: 2,228390,3,1,0,09,21,2,0,2,1,0,0,0,0,0
"POINT (13.771033313000032 51.040051034000044)",Unfall 228393 (2020) Kat:2, Licht: 0,228393,2,3,5,09,07,2,0,0,0,1,0,1,0,0
"POINT (13.801329386000077 51.028457306000064)",Unfall 228396 (2020) Kat:3, Licht: 0,228396,3,2,5,09,14,5,0,0,0,1,0,0,0,0
"POINT (13.731100959000059 51.091152027000078)",Unfall 228401 (2020) Kat:3, Licht: 0,228401,3,5,3,09,10,2,0,0,1,1,0,0,0,0
"POINT (13.725225945000034 51.053179514000078)",Unfall 228405 (2020) Kat:2, Licht: 0,228405,2,1,0,09,16,7,0,0,1,0,0,0,0,0
"POINT (13.687396729000056 51.083574064000061)",Unfall 228411 (2020) Kat:3, Licht: 0,228411,3,1,0,09,11,5,0,0,1,0,0,0,0,0
"POINT (13.757884182000055 51.051823677000073)",Unfall 228414 (2020) Kat:2, Licht: 0,228414,2,6,3,09,13,7,0,0,1,0,0,0,0,0
"POINT (13.835038417000021 51.020871127000078)",Unfall 228417 (2020) Kat:2, Licht: 0,228417,2,7,0,09,14,2,0,0,1,0,0,0,0,0
"POINT (13.742546159000028 51.033658127000081)",Unfall 228433 (2020) Kat:3, Licht: 0,228433,3,6,1,09,08,6,1,0,1,1,0,0,0,0
"POINT (13.703833174000067 51.038319484000056)",Unfall 228435 (2020) Kat:3, Licht: 0,228435,3,1,0,09,08,4,0,0,1,0,0,0,0,0
"POINT (13.814154507000069 51.055128400000058)",Unfall 228437 (2020) Kat:2, Licht: 0,228437,2,1,0,09,15,3,0,0,1,0,0,0,0,0
"POINT (13.778668173000028 51.058845402000031)",Unfall 228440 (2020) Kat:3, Licht: 0,228440,3,3,0,09,14,1,0,0,1,1,0,0,0,0
"POINT (13.824662921000026 51.013820007000049)",Unfall 228441 (2020) Kat:2, Licht: 0,228441,2,6,3,09,11,3,0,0,0,1,0,1,0,0
"POINT (13.755527189000077 51.050047573000029)",Unfall 228446 (2020) Kat:2, Licht: 2,228446,2,3,0,09,22,6,0,2,1,1,0,0,0,0
"POINT (13.713143924000065 51.050280475000079)",Unfall 228447 (2020) Kat:3, Licht: 0,228447,3,2,5,09,06,6,0,0,1,1,0,0,0,0
"POINT (13.772728902000040 51.046491373000038)",Unfall 228448 (2020) Kat:3, Licht: 0,228448,3,1,0,09,11,4,0,0,1,0,0,0,0,0
"POINT (13.745327844000030 51.063036928000031)",Unfall 228452 (2020) Kat:3, Licht: 0,228452,3,1,0,09,18,1,0,0,1,0,0,0,0,0
"POINT (13.720023032000029 51.092699780000032)",Unfall 228462 (2020) Kat:3, Licht: 0,228462,3,3,5,09,14,1,0,0,0,1,0,0,0,0
"POINT (13.749166556000034 51.052516717000060)",Unfall 228465 (2020) Kat:3, Licht: 0,228465,3,3,5,09,06,4,0,0,1,1,0,0,0,0
"POINT (13.774503913000046 51.060626562000039)",Unfall 228466 (2020) Kat:3, Licht: 0,228466,3,2,5,09,08,5,0,0,1,1,0,0,0,0
"POINT (13.791015224000034 51.012873036000030)",Unfall 228468 (2020) Kat:3, Licht: 0,228468,3,3,5,09,12,4,0,0,1,0,0,1,0,0
"POINT (13.803289046000032 51.021638053000061)",Unfall 228469 (2020) Kat:2, Licht: 0,228469,2,2,5,09,16,5,0,0,1,0,0,1,0,0
"POINT (13.800426023000057 51.001984211000035)",Unfall 228470 (2020) Kat:2, Licht: 0,228470,2,4,6,09,07,5,0,0,0,1,1,0,0,0
"POINT (13.797159912000041 51.023039007000079)",Unfall 228474 (2020) Kat:3, Licht: 0,228474,3,6,6,09,07,1,0,0,0,1,1,0,0,0
"POINT (13.792806025000061 51.059347907000074)",Unfall 228475 (2020) Kat:3, Licht: 2,228475,3,3,5,09,22,2,0,2,0,1,0,1,0,0
"POINT (13.724320934000048 51.036936179000065)",Unfall 228476 (2020) Kat:3, Licht: 0,228476,3,3,5,09,07,4,0,0,1,1,0,0,0,0
"POINT (13.736878782000076 51.047520671000029)",Unfall 228485 (2020) Kat:3, Licht: 0,228485,3,3,5,10,15,2,1,0,1,1,0,0,0,0
"POINT (13.787941757000056 51.030159127000047)",Unfall 228489 (2020) Kat:3, Licht: 0,228489,3,1,0,10,14,6,0,0,1,0,0,0,0,0
"POINT (13.722236462000069 51.063318086000038)",Unfall 228499 (2020) Kat:3, Licht: 0,228499,3,4,6,10,11,6,0,0,1,0,1,0,0,0
"POINT (13.743149087000063 51.072873059000074)",Unfall 228501 (2020) Kat:3, Licht: 0,228501,3,2,5,10,08,5,0,0,1,1,0,0,0,0
"POINT (13.763806596000052 51.053137332000063)",Unfall 228502 (2020) Kat:3, Licht: 0,228502,3,4,6,10,15,3,0,0,0,1,1,0,0,0
"POINT (13.693765766000070 51.089824701000055)",Unfall 228505 (2020) Kat:2, Licht: 0,228505,2,6,3,10,11,1,0,0,0,1,0,1,0,0
"POINT (13.711854243000062 51.112583545000064)",Unfall 228512 (2020) Kat:3, Licht: 0,228512,3,6,0,10,17,6,0,0,0,1,0,1,0,0
"POINT (13.812304874000063 51.011441019000074)",Unfall 228534 (2020) Kat:3, Licht: 1,228534,3,3,1,09,07,3,0,1,1,1,0,0,0,0
"POINT (13.786083228000052 51.016394025000068)",Unfall 228536 (2020) Kat:3, Licht: 0,228536,3,2,4,09,08,3,1,0,0,1,0,0,0,0
"POINT (13.677587404000064 51.058997072000068)",Unfall 228539 (2020) Kat:2, Licht: 0,228539,2,3,5,09,15,3,0,0,0,1,0,0,0,0
"POINT (13.737630973000023 51.074371537000047)",Unfall 228541 (2020) Kat:3, Licht: 0,228541,3,2,5,10,14,6,0,0,1,1,0,0,0,0
"POINT (13.732469208000055 51.050978652000026)",Unfall 228545 (2020) Kat:3, Licht: 0,228545,3,6,3,09,18,3,0,0,1,0,0,0,0,0
"POINT (13.729143855000075 51.045605178000073)",Unfall 228548 (2020) Kat:3, Licht: 0,228548,3,1,0,09,13,3,0,0,1,0,0,0,0,0
"POINT (13.715695282000070 51.036852480000050)",Unfall 228549 (2020) Kat:2, Licht: 0,228549,2,3,5,10,17,6,0,0,0,1,0,0,0,0
"POINT (13.771883029000037 51.030512157000032)",Unfall 228551 (2020) Kat:3, Licht: 1,228551,3,2,0,10,06,5,0,1,0,1,0,0,0,1
"POINT (13.725395421000030 51.062080124000033)",Unfall 228554 (2020) Kat:3, Licht: 2,228554,3,1,0,10,20,5,0,2,1,0,0,0,0,0
"POINT (13.839757512000062 51.025817685000050)",Unfall 228557 (2020) Kat:3, Licht: 0,228557,3,7,7,10,14,1,0,0,1,0,0,0,0,0
"POINT (13.811089186000061 51.013439401000028)",Unfall 228560 (2020) Kat:3, Licht: 0,228560,3,1,0,10,16,6,0,0,1,0,0,0,0,0
"POINT (13.684257642000034 51.058803620000049)",Unfall 228568 (2020) Kat:3, Licht: 0,228568,3,3,5,09,12,4,0,0,0,1,0,0,0,0
"POINT (13.880681896000056 51.036080433000052)",Unfall 228573 (2020) Kat:3, Licht: 2,228573,3,1,8,10,01,5,0,2,1,0,0,0,0,0
"POINT (13.767781434000028 51.026081259000080)",Unfall 228576 (2020) Kat:3, Licht: 0,228576,3,2,5,09,15,4,0,0,1,1,0,0,0,0
"POINT (13.770184968000024 51.071694015000048)",Unfall 228579 (2020) Kat:3, Licht: 0,228579,3,6,2,10,14,5,0,0,0,1,0,0,0,0
"POINT (13.758058446000064 51.052305366000041)",Unfall 228581 (2020) Kat:3, Licht: 1,228581,3,1,0,10,20,4,0,1,1,0,0,0,0,0
"POINT (13.751907311000025 51.062606839000068)",Unfall 228583 (2020) Kat:2, Licht: 0,228583,2,7,6,10,17,5,0,0,0,1,1,0,0,0
"POINT (13.683343439000055 51.060932572000070)",Unfall 228588 (2020) Kat:3, Licht: 2,228588,3,1,0,10,18,2,1,2,0,0,0,1,0,0
"POINT (13.705720821000057 51.090569203000030)",Unfall 228590 (2020) Kat:3, Licht: 0,228590,3,3,5,09,14,2,0,0,1,1,0,0,0,0
"POINT (13.767807890000029 51.059750737000059)",Unfall 228592 (2020) Kat:3, Licht: 0,228592,3,3,5,10,07,6,1,0,1,1,0,0,0,0
"POINT (13.803118444000063 51.047465915000032)",Unfall 228594 (2020) Kat:3, Licht: 0,228594,3,2,5,10,14,5,0,0,1,1,0,0,0,0
"POINT (13.749349065000047 51.035725581000065)",Unfall 228597 (2020) Kat:3, Licht: 0,228597,3,2,5,09,13,2,0,0,0,1,0,0,0,0
"POINT (13.793252080000059 51.038017487000047)",Unfall 228599 (2020) Kat:3, Licht: 0,228599,3,2,3,09,08,2,0,0,1,0,0,0,0,0
"POINT (13.776005044000044 51.045256913000060)",Unfall 228602 (2020) Kat:3, Licht: 0,228602,3,5,1,09,16,2,0,0,1,1,0,0,0,0
"POINT (13.725504555000043 51.070117865000043)",Unfall 228603 (2020) Kat:3, Licht: 1,228603,3,2,3,10,18,6,0,1,1,0,0,0,0,0
"POINT (13.809901453000066 51.009977620000029)",Unfall 228605 (2020) Kat:3, Licht: 0,228605,3,6,2,10,14,5,0,0,0,1,0,0,0,0
"POINT (13.738151836000043 51.047041389000071)",Unfall 228606 (2020) Kat:3, Licht: 0,228606,3,2,5,10,09,5,0,0,1,0,0,0,0,1
"POINT (13.763976213000035 51.066590201000054)",Unfall 228607 (2020) Kat:3, Licht: 2,228607,3,3,5,10,18,5,0,2,1,1,0,0,0,0
"POINT (13.708974565000062 51.047221918000048)",Unfall 228608 (2020) Kat:3, Licht: 0,228608,3,2,0,10,09,3,0,0,1,1,0,0,0,0
"POINT (13.822275956000055 50.997787618000075)",Unfall 228609 (2020) Kat:3, Licht: 0,228609,3,3,5,09,12,2,0,0,1,1,0,0,0,0
"POINT (13.780294383000069 51.031012792000070)",Unfall 228610 (2020) Kat:3, Licht: 0,228610,3,6,2,09,15,4,0,0,0,1,0,0,0,0
"POINT (13.736547036000047 51.047244017000025)",Unfall 228611 (2020) Kat:1, Licht: 0,228611,1,4,6,10,18,1,0,0,0,0,1,0,0,1
"POINT (13.710940998000069 51.048736963000067)",Unfall 228614 (2020) Kat:3, Licht: 0,228614,3,6,5,10,10,6,0,0,0,1,0,1,0,0
"POINT (13.751702345000069 51.066962308000029)",Unfall 228618 (2020) Kat:3, Licht: 0,228618,3,1,5,10,09,6,0,0,1,1,0,0,0,0
"POINT (13.808653748000040 51.025426638000056)",Unfall 228624 (2020) Kat:3, Licht: 0,228624,3,6,6,10,08,5,0,0,1,0,1,0,0,0
"POINT (13.810247319000041 51.022792643000059)",Unfall 228628 (2020) Kat:3, Licht: 0,228628,3,1,0,10,13,2,1,0,1,0,0,0,0,0
"POINT (13.740383336000036 51.056463990000054)",Unfall 228632 (2020) Kat:3, Licht: 0,228632,3,7,6,10,15,7,0,0,1,0,1,0,0,0
"POINT (13.776807120000058 51.064237381000055)",Unfall 228636 (2020) Kat:3, Licht: 0,228636,3,1,0,09,15,1,0,0,1,0,0,0,0,0
"POINT (13.771848436000028 51.046864126000060)",Unfall 228638 (2020) Kat:3, Licht: 2,228638,3,3,5,10,05,2,0,2,1,1,0,0,0,0
"POINT (13.723271474000057 51.040586328000074)",Unfall 228648 (2020) Kat:3, Licht: 0,228648,3,6,2,10,10,6,1,0,0,1,0,0,0,0
"POINT (13.800475328000061 50.999260105000076)",Unfall 228656 (2020) Kat:3, Licht: 0,228656,3,3,5,10,14,6,0,0,1,1,0,0,0,0
"POINT (13.796803087000058 51.041463853000039)",Unfall 228658 (2020) Kat:3, Licht: 1,228658,3,3,5,10,17,5,0,1,0,1,0,0,0,1
"POINT (13.747206175000031 51.071960761000071)",Unfall 228666 (2020) Kat:3, Licht: 0,228666,3,3,5,10,13,6,0,0,1,1,0,0,0,0
"POINT (13.687444431000074 51.056769357000064)",Unfall 228670 (2020) Kat:3, Licht: 0,228670,3,2,0,09,13,7,1,0,1,1,0,0,0,0
"POINT (13.805832724000027 51.141537278000044)",Unfall 228685 (2020) Kat:3, Licht: 0,228685,3,1,4,10,14,4,0,0,1,1,0,0,0,0
"POINT (13.718884295000066 51.059665618000054)",Unfall 228691 (2020) Kat:3, Licht: 0,228691,3,2,5,10,11,2,0,0,1,1,0,0,0,0
"POINT (13.726532985000063 51.045799946000045)",Unfall 228695 (2020) Kat:3, Licht: 0,228695,3,1,0,10,07,6,1,0,1,0,0,0,0,0
"POINT (13.692008213000065 51.049062797000033)",Unfall 228701 (2020) Kat:3, Licht: 1,228701,3,3,5,10,06,7,1,1,0,1,0,0,0,0
"POINT (13.795339875000025 51.042920619000029)",Unfall 228703 (2020) Kat:3, Licht: 0,228703,3,2,5,10,07,6,0,0,1,1,0,0,0,0
"POINT (13.825904730000047 51.012057936000076)",Unfall 228708 (2020) Kat:3, Licht: 0,228708,3,3,5,10,10,5,0,0,1,0,0,0,0,1
"POINT (13.747743349000075 51.022989663000033)",Unfall 228709 (2020) Kat:3, Licht: 0,228709,3,7,1,10,14,5,0,0,1,1,0,0,0,0
"POINT (13.708958023000037 51.047231908000072)",Unfall 228710 (2020) Kat:3, Licht: 0,228710,3,2,3,10,08,3,0,0,1,1,0,0,0,0
"POINT (13.775806614000032 51.050803162000079)",Unfall 228715 (2020) Kat:3, Licht: 0,228715,3,2,5,10,13,6,0,0,1,1,0,0,0,0
"POINT (13.755933100000050 51.055894531000035)",Unfall 228718 (2020) Kat:2, Licht: 0,228718,2,2,5,10,15,5,0,0,1,1,0,0,0,0
"POINT (13.734484487000032 51.088360673000068)",Unfall 228737 (2020) Kat:3, Licht: 0,228737,3,3,5,10,08,3,0,0,1,0,0,0,0,0
"POINT (13.834888121000063 51.004154020000044)",Unfall 228738 (2020) Kat:2, Licht: 0,228738,2,2,5,10,14,3,0,0,0,1,0,1,0,0
"POINT (13.806119840000065 51.038524769000048)",Unfall 228739 (2020) Kat:3, Licht: 0,228739,3,7,1,10,13,3,0,0,0,1,0,0,0,1
"POINT (13.657691753000051 51.049237289000075)",Unfall 228744 (2020) Kat:3, Licht: 2,228744,3,1,0,10,00,6,0,2,1,0,0,0,0,0
"POINT (13.755440104000058 51.050000914000066)",Unfall 228751 (2020) Kat:3, Licht: 1,228751,3,3,5,10,06,2,0,1,1,1,0,0,0,0
"POINT (13.728467430000023 51.056582699000046)",Unfall 228752 (2020) Kat:3, Licht: 2,228752,3,1,0,10,07,6,1,2,1,0,0,0,0,0
"POINT (13.753532789000076 51.052914750000070)",Unfall 228753 (2020) Kat:3, Licht: 1,228753,3,3,5,10,06,2,0,1,0,1,0,0,0,1
"POINT (13.843400161000034 51.017873082000051)",Unfall 228754 (2020) Kat:2, Licht: 0,228754,2,3,5,10,13,3,0,0,1,1,0,0,0,0
"POINT (13.751321457000074 51.042438793000031)",Unfall 228755 (2020) Kat:3, Licht: 0,228755,3,6,3,10,12,6,1,0,1,0,0,1,0,0
"POINT (13.718693632000054 51.028812138000035)",Unfall 228756 (2020) Kat:2, Licht: 0,228756,2,3,5,10,16,2,0,0,0,1,0,1,0,0
"POINT (13.698175142000025 51.052710101000059)",Unfall 228760 (2020) Kat:3, Licht: 0,228760,3,6,3,10,11,6,1,0,0,1,0,0,1,0
"POINT (13.749028640000063 51.033973983000067)",Unfall 228762 (2020) Kat:3, Licht: 2,228762,3,3,0,10,01,1,0,2,1,1,0,0,0,0
"POINT (13.718169372000034 51.018817811000076)",Unfall 228764 (2020) Kat:2, Licht: 2,228764,2,3,5,10,06,6,0,2,1,1,0,0,0,0
"POINT (13.776574771000071 51.066737553000053)",Unfall 228781 (2020) Kat:2, Licht: 2,228781,2,1,0,10,22,7,0,2,1,0,0,0,0,0
"POINT (13.675955266000074 51.052383775000067)",Unfall 228782 (2020) Kat:3, Licht: 2,228782,3,7,7,10,18,4,0,2,0,0,0,1,0,0