WKT,Name,OBJECTID,UKATEGORIE,UTYP1,UART,UMONAT,USTUNDE,UWOCHENTAG,STRZUSTAND,ULICHTVERH,ISTRAD,ISTPKW,ISTFUSS,ISTKRAD,ISTGKFZ,ISTSONSTIG
"POINT (13.648665664000077 51.090837714000031)",Unfall 228785 (2020) Kat:3, Licht: 0,228785,3,2,5,10,15,7,0,0,1,0,0,0,0,0
"POINT (13.788703340000040 51.043328829000075)",Unfall 228806 (2020) Kat:3, Licht: 2,228806,3,1,0,10,18,3,0,2,0,0,0,0,0,1
"POINT (13.727289660000054 51.097766969000077)",Unfall 228813 (2020) Kat:2, Licht: 0,228813,2,7,6,10,09,6,1,0,1,0,1,0,0,0
"POINT (13.702182868000023 51.034928900000068)",Unfall 228814 (2020) Kat:3, Licht: 2,228814,3,3,5,10,18,6,1,2,1,1,0,0,0,0
"POINT (13.697818668000025 51.032604686000070)",Unfall 228815 (2020) Kat:3, Licht: 0,228815,3,2,5,10,09,5,0,0,1,1,0,0,0,0
"POINT (13.766734412000062 51.082904326000062)",Unfall 228816 (2020) Kat:3, Licht: 0,228816,3,1,0,10,07,6,0,0,1,0,0,0,0,0
"POINT (13.764189619000035 51.030859754000062)",Unfall 228818 (2020) Kat:3, Licht: 0,228818,3,6,3,10,09,5,0,0,1,1,0,0,0,0
"POINT (13.748948322000047 51.051433237000026)",Unfall 228819 (2020) Kat:3, Licht: 0,228819,3,4,6,10,16,6,1,0,1,0,1,0,0,0
"POINT (13.780313307000029 51.042214518000037)",Unfall 228820 (2020) Kat:3, Licht: 0,228820,3,3,5,10,08,6,1,0,0,1,0,0,0,0
"POINT (13.777825357000040 51.054333566000082)",Unfall 228821 (2020) Kat:3, Licht: 0,228821,3,2,5,10,09,6,1,0,1,1,0,0,0,0
"POINT (13.740268523000054 51.038513868000052)",Unfall 228823 (2020) Kat:2, Licht: 0,228823,2,1,0,10,11,5,0,0,1,0,0,0,0,0
"POINT (13.702827427000045 51.017918242000064)",Unfall 228833 (2020) Kat:2, Licht: 1,228833,2,5,1,10,16,2,1,1,0,1,0,0,0,0
"POINT (13.755076468000027 51.025772782000047)",Unfall 228835 (2020) Kat:3, Licht: 0,228835,3,1,0,10,14,4,1,0,1,0,0,0,0,0
"POINT (13.740054450000059 51.055997531000060)",Unfall 228837 (2020) Kat:3, Licht: 0,228837,3,6,3,10,17,7,0,0,1,0,0,0,0,0
"POINT (13.699022512000056 51.071358998000051)",Unfall 228861 (2020) Kat:3, Licht: 1,228861,3,2,5,10,16,5,1,1,1,1,0,0,0,0
"POINT (13.706050707000031 51.043652894000047)",Unfall 228864 (2020) Kat:3, Licht: 0,228864,3,5,2,10,15,5,1,0,1,1,0,0,0,0
"POINT (13.708528455000021 51.046963253000058)",Unfall 228865 (2020) Kat:3, Licht: 2,228865,3,4,0,10,02,5,1,2,0,0,1,1,0,0
"POINT (13.747542032000069 51.031008378000081)",Unfall 228866 (2020) Kat:3, Licht: 0,228866,3,3,5,10,08,5,1,0,0,1,0,0,0,0
"POINT (13.707721801000048 51.077471315000082)",Unfall 228867 (2020) Kat:3, Licht: 0,228867,3,3,5,10,09,1,0,0,1,0,0,0,0,0
"POINT (13.739422632000071 51.060286071000064)",Unfall 228868 (2020) Kat:3, Licht: 0,228868,3,6,2,10,10,5,1,0,0,1,0,0,0,0
"POINT (13.753345982000042 51.050371043000041)",Unfall 228869 (2020) Kat:3, Licht: 2,228869,3,3,5,10,06,5,1,2,1,1,0,0,0,0
"POINT (13.777455524000061 51.057683765000036)",Unfall 228871 (2020) Kat:3, Licht: 2,228871,3,2,5,10,22,7,0,2,1,0,0,0,1,0
"POINT (13.720607456000039 51.049330673000043)",Unfall 228872 (2020) Kat:3, Licht: 2,228872,3,3,5,10,05,5,1,2,1,1,0,0,0,0
"POINT (13.708492286000023 51.046936909000067)",Unfall 228874 (2020) Kat:3, Licht: 1,228874,3,7,0,10,07,4,0,1,1,0,0,0,0,0
"POINT (13.730870525000057 51.053867725000032)",Unfall 228875 (2020) Kat:3, Licht: 0,228875,3,7,0,10,15,5,1,0,1,0,0,0,0,0
"POINT (13.825904590000050 51.012057997000056)",Unfall 228876 (2020) Kat:3, Licht: 2,228876,3,3,5,10,18,5,1,2,1,1,0,0,0,0
"POINT (13.686715716000037 51.056904080000038)",Unfall 228878 (2020) Kat:3, Licht: 0,228878,3,7,1,10,10,4,0,0,0,1,0,1,0,0
"POINT (13.777498646000026 51.052857387000074)",Unfall 228879 (2020) Kat:3, Licht: 2,228879,3,6,2,10,08,5,1,2,0,1,0,0,0,0
"POINT (13.841562397000075 51.003093473000035)",Unfall 228883 (2020) Kat:3, Licht: 0,228883,3,6,2,10,14,4,0,0,0,1,0,0,0,0
"POINT (13.729457533000073 51.045705341000030)",Unfall 228884 (2020) Kat:3, Licht: 0,228884,3,2,5,10,09,7,1,0,1,1,0,0,0,0
"POINT (13.746863681000036 51.069884974000047)",Unfall 228893 (2020) Kat:3, Licht: 0,228893,3,3,5,10,15,4,0,0,1,1,0,0,0,0
"POINT (13.808113869000067 51.053554187000032)",Unfall 228899 (2020) Kat:3, Licht: 0,228899,3,6,4,10,13,4,0,0,1,0,0,0,0,0
"POINT (13.815268519000028 51.036079288000053)",Unfall 228900 (2020) Kat:3, Licht: 0,228900,3,1,1,10,12,4,0,0,0,1,0,0,0,0
"POINT (13.780577971000071 51.042190527000059)",Unfall 228903 (2020) Kat:3, Licht: 0,228903,3,3,5,10,14,4,0,0,0,0,0,0,1,1
"POINT (13.746239396000021 51.058433586000035)",Unfall 228910 (2020) Kat:2, Licht: 2,228910,2,4,6,10,18,4,0,2,0,0,1,0,0,1
"POINT (13.717609028000027 51.087563249000027)",Unfall 228912 (2020) Kat:3, Licht: 0,228912,3,6,2,10,16,4,1,0,0,1,0,0,0,0
"POINT (13.758996322000030 51.027926396000055)",Unfall 228913 (2020) Kat:3, Licht: 0,228913,3,6,2,10,13,4,1,0,0,1,0,0,1,0
"POINT (13.805930386000057 51.052216693000048)",Unfall 228914 (2020) Kat:3, Licht: 0,228914,3,6,2,10,17,4,1,0,0,1,0,0,0,0
"POINT (13.781091160000074 51.053224589000081)",Unfall 228915 (2020) Kat:3, Licht: 0,228915,3,4,6,10,11,4,1,0,0,1,1,0,0,0
"POINT (13.800492658000053 51.027388672000029)",Unfall 228918 (2020) Kat:3, Licht: 0,228918,3,2,3,10,11,3,0,0,1,0,0,0,1,0
"POINT (13.713935941000045 51.032223539000029)",Unfall 228944 (2020) Kat:3, Licht: 0,228944,3,1,0,10,14,3,0,0,1,0,0,0,0,0
"POINT (13.749226078000049 51.033555073000059)",Unfall 228945 (2020) Kat:3, Licht: 0,228945,3,3,5,10,15,4,0,0,0,1,0,1,0,0
"POINT (13.805239702000051 51.042489352000075)",Unfall 228967 (2020) Kat:3, Licht: 0,228967,3,1,0,10,07,3,1,0,1,0,0,0,0,0
"POINT (13.648769925000067 51.039695465000079)",Unfall 228978 (2020) Kat:3, Licht: 0,228978,3,7,2,10,13,2,1,0,0,1,0,0,0,0
"POINT (13.728373803000068 51.056639636000057)",Unfall 228981 (2020) Kat:2, Licht: 2,228981,2,2,5,10,19,2,0,2,1,1,0,0,0,0
"POINT (13.812597421000078 51.010994299000060)",Unfall 228982 (2020) Kat:3, Licht: 2,228982,3,3,5,10,20,2,1,2,1,1,0,0,0,0
"POINT (13.779836164000073 51.034644911000044)",Unfall 228983 (2020) Kat:3, Licht: 0,228983,3,3,5,10,14,2,0,0,0,1,0,1,0,0
"POINT (13.767787420000047 51.026145330000077)",Unfall 228984 (2020) Kat:3, Licht: 0,228984,3,2,2,10,12,2,0,0,0,1,0,0,0,0
"POINT (13.770522442000072 51.041371572000060)",Unfall 228985 (2020) Kat:2, Licht: 0,228985,2,1,0,10,14,2,1,0,1,0,0,0,0,0
"POINT (13.729527429000029 51.045762763000027)",Unfall 228988 (2020) Kat:3, Licht: 0,228988,3,2,6,10,07,2,0,0,0,1,1,0,0,0
"POINT (13.780967718000056 51.019233823000036)",Unfall 228989 (2020) Kat:3, Licht: 0,228989,3,3,5,10,11,2,0,0,1,1,0,0,0,0
"POINT (13.748977933000049 51.033780760000070)",Unfall 228991 (2020) Kat:3, Licht: 0,228991,3,3,5,10,17,2,0,0,0,1,0,0,0,1
"POINT (13.779660612000043 51.040874656000028)",Unfall 228992 (2020) Kat:3, Licht: 0,228992,3,6,2,10,10,2,0,0,0,1,0,0,0,0
"POINT (13.735081931000025 51.046697852000079)",Unfall 228999 (2020) Kat:2, Licht: 0,228999,2,4,6,10,15,2,0,0,0,1,1,0,0,0
"POINT (13.842214683000066 51.018932142000040)",Unfall 229002 (2020) Kat:3, Licht: 0,229002,3,3,5,11,08,2,0,0,1,1,0,0,0,0
"POINT (13.733428407000076 51.046285531000080)",Unfall 229006 (2020) Kat:3, Licht: 0,229006,3,7,0,11,15,5,0,0,1,0,0,0,0,0
"POINT (13.787855414000035 51.027922557000068)",Unfall 229010 (2020) Kat:3, Licht: 0,229010,3,6,2,11,09,6,0,0,0,1,0,0,0,0
"POINT (13.766031174000034 51.019218138000042)",Unfall 229015 (2020) Kat:3, Licht: 0,229015,3,3,5,11,15,4,0,0,1,1,0,0,0,0
"POINT (13.818506245000037 50.998316156000044)",Unfall 229018 (2020) Kat:3, Licht: 0,229018,3,1,4,11,14,2,0,0,0,1,0,0,0,0
"POINT (13.709031031000052 51.047187813000050)",Unfall 229019 (2020) Kat:3, Licht: 2,229019,3,1,0,10,00,7,1,2,1,0,0,0,0,0
"POINT (13.723298902000067 51.040500840000050)",Unfall 229022 (2020) Kat:2, Licht: 2,229022,2,3,5,10,17,7,1,2,1,1,0,0,0,0
"POINT (13.692005237000046 51.049062964000029)",Unfall 229027 (2020) Kat:3, Licht: 2,229027,3,3,5,10,22,7,1,2,0,1,0,0,0,0
"POINT (13.807328731000041 51.005245898000055)",Unfall 229028 (2020) Kat:3, Licht: 0,229028,3,6,2,11,15,2,0,0,0,1,0,0,0,0
"POINT (13.797274351000056 51.041923686000075)",Unfall 229029 (2020) Kat:3, Licht: 0,229029,3,5,1,11,15,5,0,0,1,1,0,0,0,0
"POINT (13.722463357000038 51.029860369000062)",Unfall 229030 (2020) Kat:2, Licht: 0,229030,2,5,1,11,09,3,0,0,1,1,0,0,0,0
"POINT (13.741804204000061 51.023603998000056)",Unfall 229033 (2020) Kat:2, Licht: 0,229033,2,4,0,11,15,5,0,0,1,1,1,0,0,0
"POINT (13.774560354000073 51.033104310000056)",Unfall 229034 (2020) Kat:3, Licht: 0,229034,3,2,5,11,13,3,0,0,1,1,0,0,0,0
"POINT (13.779861488000051 51.044255055000065)",Unfall 229036 (2020) Kat:3, Licht: 0,229036,3,2,5,11,14,6,0,0,1,0,0,0,1,0
"POINT (13.781319875000065 51.037092586000028)",Unfall 229037 (2020) Kat:3, Licht: 2,229037,3,7,0,11,18,3,0,2,1,0,0,0,0,0
"POINT (13.776599133000047 51.066473590000044)",Unfall 229041 (2020) Kat:3, Licht: 0,229041,3,1,0,11,07,2,1,0,1,0,0,0,0,0
"POINT (13.768501168000057 51.020413757000028)",Unfall 229045 (2020) Kat:3, Licht: 1,229045,3,5,1,11,06,5,0,1,1,1,0,0,0,0
"POINT (13.772479167000029 51.050881501000049)",Unfall 229049 (2020) Kat:3, Licht: 0,229049,3,4,6,11,12,3,0,0,1,0,1,0,0,0
"POINT (13.781803971000045 51.051107797000043)",Unfall 229053 (2020) Kat:2, Licht: 0,229053,2,5,1,11,07,2,1,0,1,1,0,0,0,0
"POINT (13.716919018000056 51.080794162000075)",Unfall 229066 (2020) Kat:3, Licht: 0,229066,3,3,5,11,07,6,0,0,1,1,0,0,0,0
"POINT (13.738229812000043 51.050222836000046)",Unfall 229067 (2020) Kat:3, Licht: 2,229067,3,6,2,11,19,4,0,2,0,1,0,0,0,0
"POINT (13.647499391000053 51.078957712000033)",Unfall 229071 (2020) Kat:2, Licht: 0,229071,2,1,0,11,10,2,1,0,1,0,0,0,0,0
"POINT (13.738862519000065 51.013385420000077)",Unfall 229078 (2020) Kat:3, Licht: 0,229078,3,5,1,11,12,6,0,0,1,1,0,0,0,0
"POINT (13.836092624000059 51.062090874000035)",Unfall 229082 (2020) Kat:3, Licht: 0,229082,3,1,0,11,09,4,1,0,1,0,0,0,0,0
"POINT (13.814213873000028 51.054302038000060)",Unfall 229085 (2020) Kat:3, Licht: 0,229085,3,6,2,11,13,5,0,0,0,1,0,0,0,0
"POINT (13.770881290000034 51.045929679000039)",Unfall 229086 (2020) Kat:3, Licht: 2,229086,3,1,0,11,16,3,1,2,1,0,0,0,0,0
"POINT (13.808217075000073 51.006078611000078)",Unfall 229089 (2020) Kat:3, Licht: 0,229089,3,3,5,11,13,3,0,0,0,1,0,0,0,0
"POINT (13.797698738000065 51.042336323000029)",Unfall 229092 (2020) Kat:2, Licht: 0,229092,2,3,5,11,07,2,1,0,1,1,0,0,0,0
"POINT (13.759437708000064 51.051173312000060)",Unfall 229096 (2020) Kat:3, Licht: 0,229096,3,2,4,11,08,2,1,0,1,1,0,0,0,0
"POINT (13.761685601000067 51.025165426000058)",Unfall 229097 (2020) Kat:3, Licht: 0,229097,3,5,1,11,15,1,0,0,1,1,0,0,0,0
"POINT (13.805219612000030 51.052659727000048)",Unfall 229098 (2020) Kat:2, Licht: 2,229098,2,4,6,11,05,5,0,2,0,1,1,0,0,0
"POINT (13.723874732000070 51.077235759000075)",Unfall 229104 (2020) Kat:3, Licht: 0,229104,3,6,1,11,08,5,1,0,1,1,0,0,0,0
"POINT (13.682756719000054 51.042414348000079)",Unfall 229105 (2020) Kat:3, Licht: 1,229105,3,2,6,10,16,6,1,1,0,1,1,0,0,0
"POINT (13.810255632000064 51.053452468000046)",Unfall 229107 (2020) Kat:3, Licht: 0,229107,3,4,6,11,15,7,0,0,0,1,1,0,0,0
"POINT (13.685535458000061 51.084487583000055)",Unfall 229109 (2020) Kat:3, Licht: 2,229109,3,3,5,11,07,2,1,2,1,1,0,0,0,0
"POINT (13.799413691000041 51.056605933000071)",Unfall 229115 (2020) Kat:2, Licht: 0,229115,2,3,5,11,15,5,0,0,1,1,0,0,0,0
"POINT (13.694159218000038 51.043389512000033)",Unfall 229116 (2020) Kat:3, Licht: 0,229116,3,1,0,10,07,6,1,0,1,0,0,0,0,0
"POINT (13.838474773000030 51.005834037000056)",Unfall 229118 (2020) Kat:3, Licht: 0,229118,3,3,5,10,12,6,1,0,0,1,0,0,0,0
"POINT (13.747326649000058 51.071942269000033)",Unfall 229119 (2020) Kat:3, Licht: 0,229119,3,2,0,11,13,6,0,0,0,1,1,0,0,0
"POINT (13.851303603000076 51.063148226000067)",Unfall 229121 (2020) Kat:3, Licht: 0,229121,3,3,5,10,15,6,1,0,1,1,0,0,0,0
"POINT (13.778600735000055 51.042635976000042)",Unfall 229123 (2020) Kat:3, Licht: 0,229123,3,3,5,11,13,4,0,0,0,1,0,0,0,0
"POINT (13.677592712000035 51.058969497000078)",Unfall 229125 (2020) Kat:3, Licht: 0,229125,3,3,5,11,16,4,0,0,1,1,0,0,0,0
"POINT (13.853265856000064 51.002414574000056)",Unfall 229126 (2020) Kat:3, Licht: 0,229126,3,3,5,11,14,1,0,0,1,1,0,0,0,0
"POINT (13.735050591000061 51.054002625000066)",Unfall 229127 (2020) Kat:3, Licht: 0,229127,3,1,0,10,09,6,1,0,1,0,0,0,0,0
"POINT (13.780347925000058 51.030868960000078)",Unfall 229129 (2020) Kat:3, Licht: 2,229129,3,2,5,11,21,2,0,2,0,1,0,0,0,0
"POINT (13.755238177000024 51.045901327000081)",Unfall 229130 (2020) Kat:3, Licht: 1,229130,3,7,0,10,05,6,1,1,1,0,0,0,0,0
"POINT (13.808372662000068 51.038164161000054)",Unfall 229133 (2020) Kat:3, Licht: 0,229133,3,1,0,10,11,6,1,0,1,0,0,0,0,0
"POINT (13.777473583000074 51.057507403000045)",Unfall 229141 (2020) Kat:3, Licht: 0,229141,3,2,3,11,13,5,0,0,1,1,0,0,0,0
"POINT (13.732507400000031 51.050976396000067)",Unfall 229142 (2020) Kat:2, Licht: 1,229142,2,7,0,11,16,3,1,1,1,0,0,0,0,0
"POINT (13.641893216000028 51.081071188000067)",Unfall 229145 (2020) Kat:3, Licht: 0,229145,3,3,5,11,15,3,1,0,1,1,0,0,0,0
"POINT (13.743595917000050 51.111065076000045)",Unfall 229147 (2020) Kat:3, Licht: 0,229147,3,1,0,11,15,6,0,0,1,0,0,0,0,0
"POINT (13.780701847000046 51.053184565000038)",Unfall 229148 (2020) Kat:3, Licht: 1,229148,3,7,0,11,16,3,0,1,0,0,0,1,0,0
"POINT (13.757958344000031 51.075828357000034)",Unfall 229154 (2020) Kat:2, Licht: 0,229154,2,3,5,11,11,5,0,0,0,1,0,1,0,0
"POINT (13.749150841000073 51.033547964000036)",Unfall 229157 (2020) Kat:3, Licht: 0,229157,3,3,5,11,15,5,0,0,1,1,0,0,0,0
"POINT (13.774526114000025 51.060546022000040)",Unfall 229162 (2020) Kat:3, Licht: 1,229162,3,2,5,11,16,3,0,1,1,1,0,0,0,0
"POINT (13.681645739000032 51.052414898000052)",Unfall 229169 (2020) Kat:3, Licht: 2,229169,3,2,5,11,23,5,1,2,1,1,0,0,0,0
"POINT (13.716910832000053 51.093497716000059)",Unfall 229173 (2020) Kat:3, Licht: 2,229173,3,3,5,11,05,6,0,2,1,1,0,0,0,0
"POINT (13.746296544000074 51.078573379000034)",Unfall 229179 (2020) Kat:3, Licht: 1,229179,3,7,0,11,07,4,1,1,1,1,0,0,0,0
"POINT (13.792599360000054 51.047662228000036)",Unfall 229183 (2020) Kat:3, Licht: 0,229183,3,1,0,11,07,2,1,0,1,0,0,0,0,0
"POINT (13.765836623000041 51.065790591000052)",Unfall 229185 (2020) Kat:3, Licht: 0,229185,3,3,5,11,08,2,0,0,1,1,0,0,0,0
"POINT (13.721927199000049 51.086453343000073)",Unfall 229190 (2020) Kat:3, Licht: 2,229190,3,3,5,11,18,6,0,2,1,0,0,0,0,0
"POINT (13.781763442000056 51.043877830000042)",Unfall 229197 (2020) Kat:3, Licht: 0,229197,3,2,5,11,15,5,0,0,1,1,0,0,0,0
"POINT (13.769641904000025 51.051146215000074)",Unfall 229198 (2020) Kat:3, Licht: 2,229198,3,6,2,11,18,3,1,2,0,1,0,0,0,0
"POINT (13.828199753000035 50.998859092000032)",Unfall 229200 (2020) Kat:3, Licht: 2,229200,3,3,5,11,05,6,0,2,0,1,0,0,0,0
"POINT (13.636328139000057 51.043071425000051)",Unfall 229203 (2020) Kat:3, Licht: 0,229203,3,6,4,11,15,3,0,0,0,1,0,0,1,0
"POINT (13.840821003000030 51.008601683000052)",Unfall 229206 (2020) Kat:3, Licht: 0,229206,3,1,0,11,14,1,0,0,1,0,0,0,0,0
"POINT (13.884186817000057 51.058282172000077)",Unfall 229210 (2020) Kat:3, Licht: 0,229210,3,2,5,11,15,5,0,0,1,1,0,0,0,0
"POINT (13.778142618000061 51.036875016000067)",Unfall 229211 (2020) Kat:2, Licht: 0,229211,2,7,0,11,15,1,0,0,1,0,0,0,0,0
"POINT (13.777185195000072 51.052314386000035)",Unfall 229213 (2020) Kat:2, Licht: 2,229213,2,4,6,11,20,5,0,2,0,1,1,0,0,0
"POINT (13.808047386000055 51.038340650000066)",Unfall 229214 (2020) Kat:2, Licht: 0,229214,2,1,0,11,14,3,0,0,1,0,0,0,0,0
"POINT (13.746183802000076 51.063519842000062)",Unfall 229218 (2020) Kat:3, Licht: 1,229218,3,3,5,11,16,5,0,1,1,1,0,0,0,0
"POINT (13.733627776000048 51.044923817000040)",Unfall 229219 (2020) Kat:3, Licht: 0,229219,3,3,5,10,11,5,1,0,1,1,0,0,0,0
"POINT (13.803211632000057 51.051759114000049)",Unfall 229220 (2020) Kat:3, Licht: 0,229220,3,6,3,11,14,1,0,0,1,1,0,0,0,0
"POINT (13.820655912000063 51.063389031000042)",Unfall 229221 (2020) Kat:3, Licht: 0,229221,3,7,5,11,08,7,1,0,1,1,0,0,0,0
"POINT (13.630882444000065 51.040004474000057)",Unfall 229223 (2020) Kat:3, Licht: 1,229223,3,7,6,11,16,2,0,1,0,1,1,0,0,0
"POINT (13.701518336000049 51.046893346000047)",Unfall 229225 (2020) Kat:3, Licht: 0,229225,3,2,5,11,15,2,0,0,1,1,0,0,0,0
"POINT (13.773226642000054 51.043143864000058)",Unfall 229226 (2020) Kat:2, Licht: 0,229226,2,1,0,10,10,5,1,0,1,0,0,0,0,0
"POINT (13.738263207000045 51.039226927000072)",Unfall 229227 (2020) Kat:3, Licht: 0,229227,3,3,5,10,13,5,0,0,1,1,0,0,0,0
"POINT (13.799762402000056 50.995350120000069)",Unfall 229229 (2020) Kat:3, Licht: 0,229229,3,7,6,10,11,5,0,0,0,1,1,0,0,0
"POINT (13.785887914000057 51.015129767000076)",Unfall 229230 (2020) Kat:3, Licht: 1,229230,3,1,0,11,16,6,0,1,1,0,0,0,0,0
"POINT (13.716912305000051 51.093499904000055)",Unfall 229231 (2020) Kat:3, Licht: 0,229231,3,3,5,11,12,4,0,0,0,1,0,0,0,0
"POINT (13.814751866000051 51.009658677000061)",Unfall 229232 (2020) Kat:3, Licht: 0,229232,3,3,0,10,16,5,1,0,0,1,0,1,0,0
"POINT (13.817424723000045 51.012411946000043)",Unfall 229234 (2020) Kat:3, Licht: 0,229234,3,7,1,11,08,4,0,0,1,1,0,0,0,0
"POINT (13.758695575000047 51.049468835000027)",Unfall 229237 (2020) Kat:3, Licht: 2,229237,3,3,5,11,16,1,0,2,1,1,0,0,0,0
"POINT (13.721949486000028 51.086645793000059)",Unfall 229240 (2020) Kat:2, Licht: 0,229240,2,3,5,11,11,3,0,0,0,1,0,1,0,0
"POINT (13.781104007000067 51.019165095000062)",Unfall 229242 (2020) Kat:3, Licht: 0,229242,3,2,6,11,13,6,0,0,0,1,1,0,0,0
"POINT (13.753027926000073 51.058740844000056)",Unfall 229249 (2020) Kat:3, Licht: 2,229249,3,1,0,11,18,4,0,2,1,0,0,0,0,0
"POINT (13.810223810000025 51.053441741000029)",Unfall 229252 (2020) Kat:3, Licht: 2,229252,3,6,2,11,16,5,0,2,0,1,0,0,0,0
"POINT (13.786288071000058 51.028556654000056)",Unfall 229253 (2020) Kat:3, Licht: 0,229253,3,2,5,11,15,3,0,0,1,1,0,0,0,0
"POINT (13.768168472000070 51.047956178000049)",Unfall 229256 (2020) Kat:3, Licht: 2,229256,3,2,2,11,06,3,0,2,1,1,0,0,0,0
"POINT (13.806591815000047 51.042284733000031)",Unfall 229260 (2020) Kat:3, Licht: 2,229260,3,2,5,11,16,1,1,2,0,1,0,1,0,0
"POINT (13.837229480000076 51.038391724000064)",Unfall 229261 (2020) Kat:2, Licht: 0,229261,2,1,0,11,13,1,1,0,1,0,0,0,0,0
"POINT (13.697306486000059 51.037936808000040)",Unfall 229262 (2020) Kat:3, Licht: 0,229262,3,4,6,11,08,5,0,0,0,1,1,0,0,0
"POINT (13.827673955000023 51.016332023000075)",Unfall 229266 (2020) Kat:3, Licht: 0,229266,3,1,0,11,09,2,1,0,1,0,0,0,0,0
"POINT (13.764326148000066 51.050344156000051)",Unfall 229271 (2020) Kat:3, Licht: 0,229271,3,7,0,11,15,7,0,0,1,0,0,0,0,0
"POINT (13.752174776000061 51.063719040000080)",Unfall 229273 (2020) Kat:3, Licht: 0,229273,3,1,0,11,08,2,0,0,1,0,0,0,0,0
"POINT (13.708971900000051 51.047223527000028)",Unfall 229277 (2020) Kat:3, Licht: 0,229277,3,1,0,12,09,4,0,0,1,0,0,0,0,0
"POINT (13.768584676000046 51.094904728000074)",Unfall 229279 (2020) Kat:3, Licht: 1,229279,3,6,4,11,06,2,1,1,0,1,0,0,0,0
"POINT (13.793929701000025 51.050402539000061)",Unfall 229284 (2020) Kat:3, Licht: 2,229284,3,3,0,11,22,2,0,2,1,0,0,0,0,0
"POINT (13.814702903000068 51.010081203000027)",Unfall 229290 (2020) Kat:3, Licht: 0,229290,3,4,6,11,15,4,0,0,0,0,1,1,0,0
"POINT (13.776356086000021 51.067703759000040)",Unfall 229291 (2020) Kat:3, Licht: 2,229291,3,1,0,12,20,3,0,2,1,0,0,0,0,0
"POINT (13.757242754000060 51.045163310000078)",Unfall 229293 (2020) Kat:3, Licht: 0,229293,3,1,0,12,10,5,2,0,0,0,0,1,0,0
"POINT (13.792562237000027 51.059411463000060)",Unfall 229294 (2020) Kat:3, Licht: 0,229294,3,3,5,11,06,2,1,0,1,0,0,1,0,0
"POINT (13.747538600000041 51.031008949000068)",Unfall 229300 (2020) Kat:3, Licht: 0,229300,3,3,5,12,10,2,0,0,1,0,0,0,0,1
"POINT (13.826463405000027 51.004742106000037)",Unfall 229302 (2020) Kat:3, Licht: 1,229302,3,2,6,12,07,4,0,1,0,1,1,0,0,0
"POINT (13.726596555000071 51.031552706000070)",Unfall 229303 (2020) Kat:2, Licht: 0,229303,2,3,5,12,08,4,0,0,1,1,0,0,0,0
"POINT (13.745247390000031 51.026827747000027)",Unfall 229304 (2020) Kat:2, Licht: 2,229304,2,3,5,11,07,2,1,2,1,1,0,0,0,0
"POINT (13.812701284000070 50.997998711000037)",Unfall 229306 (2020) Kat:3, Licht: 0,229306,3,7,0,12,13,3,0,0,1,0,0,0,0,0
"POINT (13.763713528000039 51.051719929000058)",Unfall 229309 (2020) Kat:3, Licht: 2,229309,3,3,5,12,07,3,0,2,1,1,0,0,0,0
"POINT (13.805940113000077 51.039416362000054)",Unfall 229311 (2020) Kat:3, Licht: 0,229311,3,6,2,11,10,2,0,0,0,1,0,0,0,0
"POINT (13.750359707000030 51.065586351000036)",Unfall 229315 (2020) Kat:2, Licht: 0,229315,2,2,5,11,13,5,0,0,1,0,0,0,0,0
"POINT (13.795352564000041 51.045107429000041)",Unfall 229319 (2020) Kat:2, Licht: 0,229319,2,3,5,12,09,4,0,0,0,1,0,0,0,0
"POINT (13.751988872000027 51.062324918000058)",Unfall 229330 (2020) Kat:3, Licht: 1,229330,3,1,0,12,16,4,1,1,1,0,0,0,0,0
"POINT (13.724193712000044 51.030903384000055)",Unfall 229339 (2020) Kat:3, Licht: 0,229339,3,3,5,12,12,6,0,0,0,1,0,0,0,1
"POINT (13.751558829000032 51.050732930000038)",Unfall 229346 (2020) Kat:3, Licht: 0,229346,3,7,0,11,13,1,0,0,1,0,0,0,0,0
"POINT (13.775590745000045 51.022022473000050)",Unfall 229347 (2020) Kat:3, Licht: 0,229347,3,4,6,11,09,6,0,0,0,0,1,0,0,1
"POINT (13.775413125000057 51.069747904000053)",Unfall 229350 (2020) Kat:3, Licht: 2,229350,3,2,5,12,17,2,0,2,0,1,0,0,0,0
"POINT (13.805984938000051 51.052188441000055)",Unfall 229354 (2020) Kat:3, Licht: 0,229354,3,6,2,12,07,2,0,0,0,1,0,0,0,0
"POINT (13.721458573000064 51.055629192000026)",Unfall 229359 (2020) Kat:3, Licht: 0,229359,3,3,5,11,08,3,0,0,1,0,0,0,1,0
"POINT (13.784371685000053 51.034974349000038)",Unfall 229367 (2020) Kat:3, Licht: 1,229367,3,1,0,11,07,5,0,1,1,0,0,0,0,0
"POINT (13.794199890000073 51.043958293000060)",Unfall 229371 (2020) Kat:3, Licht: 0,229371,3,7,0,12,16,4,0,0,1,1,0,0,0,0
"POINT (13.751681014000042 51.050705357000027)",Unfall 229376 (2020) Kat:3, Licht: 0,229376,3,4,6,12,12,4,0,0,0,1,1,0,0,0