WKT,Name,OBJECTID,UKATEGORIE,UTYP1,UART,UMONAT,USTUNDE,UWOCHENTAG,STRZUSTAND,ULICHTVERH,ISTRAD,ISTPKW,ISTFUSS,ISTKRAD,ISTGKFZ,ISTSONSTIG
"POINT (13.775158157000021 51.033808577000059)",Unfall 229379 (2020) Kat:3, Licht: 2,229379,3,6,2,12,16,5,0,2,0,1,0,0,0,0
"POINT (13.791444519000038 51.026502132000076)",Unfall 229380 (2020) Kat:3, Licht: 0,229380,3,6,3,11,10,7,0,0,1,1,0,0,0,0
"POINT (13.837864318000072 51.024325299000054)",Unfall 229381 (2020) Kat:3, Licht: 2,229381,3,3,5,12,07,5,0,2,1,1,0,0,0,0
"POINT (13.673028531000057 51.067201135000062)",Unfall 229383 (2020) Kat:3, Licht: 0,229383,3,6,0,11,11,7,0,0,0,1,1,0,0,0
"POINT (13.708962985000028 51.047228912000037)",Unfall 229388 (2020) Kat:3, Licht: 0,229388,3,2,5,11,15,7,0,0,1,1,0,0,0,0
"POINT (13.840198381000050 51.024469157000055)",Unfall 229391 (2020) Kat:2, Licht: 0,229391,2,6,4,11,14,7,0,0,1,0,0,0,0,0
"POINT (13.692913032000035 51.046401418000073)",Unfall 229397 (2020) Kat:3, Licht: 0,229397,3,3,5,11,14,7,0,0,0,1,0,0,0,0
"POINT (13.730706562000023 51.050019541000040)",Unfall 229400 (2020) Kat:3, Licht: 2,229400,3,3,5,12,06,3,1,2,1,1,0,0,0,0
"POINT (13.750820492000059 51.022523869000054)",Unfall 229407 (2020) Kat:3, Licht: 0,229407,3,1,0,11,07,4,2,0,1,0,0,0,0,0
"POINT (13.785330253000041 51.035941505000039)",Unfall 229410 (2020) Kat:3, Licht: 2,229410,3,3,5,12,05,5,0,2,1,1,0,0,0,0
"POINT (13.742960090000054 51.023493878000068)",Unfall 229412 (2020) Kat:3, Licht: 2,229412,3,4,6,12,16,6,0,2,0,1,1,0,0,0
"POINT (13.673493686000029 51.040529619000040)",Unfall 229421 (2020) Kat:3, Licht: 2,229421,3,3,5,12,06,4,0,2,0,1,0,0,0,0
"POINT (13.801838241000041 51.042500592000067)",Unfall 229424 (2020) Kat:3, Licht: 0,229424,3,3,5,12,11,7,0,0,1,1,0,0,0,0
"POINT (13.748736684000050 51.032917667000049)",Unfall 229430 (2020) Kat:2, Licht: 2,229430,2,1,0,11,18,5,0,2,1,0,0,0,0,0
"POINT (13.843784590000041 51.014007586000048)",Unfall 229443 (2020) Kat:3, Licht: 2,229443,3,7,0,11,05,2,1,2,1,0,0,0,0,0
"POINT (13.697335634000069 51.086673512000061)",Unfall 229455 (2020) Kat:3, Licht: 2,229455,3,3,5,12,18,6,0,2,0,1,0,0,0,0
"POINT (13.751992506000022 51.062312360000078)",Unfall 229464 (2020) Kat:3, Licht: 0,229464,3,1,0,11,15,4,0,0,1,0,0,0,0,0
"POINT (13.753837389000068 51.077360548000058)",Unfall 229467 (2020) Kat:3, Licht: 2,229467,3,6,4,12,06,5,0,2,1,0,0,0,0,0
"POINT (13.736947205000035 51.050504846000081)",Unfall 229471 (2020) Kat:3, Licht: 0,229471,3,1,0,11,11,1,1,0,0,0,0,1,0,0
"POINT (13.781650685000045 51.121545228000059)",Unfall 229474 (2020) Kat:2, Licht: 0,229474,2,4,6,12,10,2,0,0,0,0,1,0,1,0
"POINT (13.769190785000035 51.118954392000035)",Unfall 229486 (2020) Kat:3, Licht: 0,229486,3,4,6,11,14,5,0,0,0,1,1,0,0,0
"POINT (13.727075727000056 51.039127229000030)",Unfall 229492 (2020) Kat:3, Licht: 0,229492,3,1,4,11,14,6,0,0,1,1,0,0,0,0
"POINT (13.729509888000052 51.030081222000035)",Unfall 229496 (2020) Kat:3, Licht: 2,229496,3,1,1,11,17,6,0,2,1,1,0,0,0,0
"POINT (13.802725224000028 51.030155524000065)",Unfall 229497 (2020) Kat:3, Licht: 0,229497,3,3,0,12,14,5,0,0,0,1,0,0,0,1
"POINT (13.739221047000058 51.032004392000033)",Unfall 229498 (2020) Kat:3, Licht: 0,229498,3,1,0,11,14,7,0,0,1,0,0,0,0,0
"POINT (13.627072169000030 51.088066093000066)",Unfall 229507 (2020) Kat:3, Licht: 0,229507,3,1,1,11,11,4,0,0,0,1,0,1,0,0
"POINT (13.777199553000059 51.060055952000027)",Unfall 229509 (2020) Kat:3, Licht: 2,229509,3,3,5,12,05,6,1,2,1,1,0,0,0,0
"POINT (13.800726161000057 51.042951498000036)",Unfall 229527 (2020) Kat:3, Licht: 0,229527,3,3,5,12,08,5,1,0,1,1,0,0,0,0
"POINT (13.718865787000027 51.087833059000047)",Unfall 229529 (2020) Kat:3, Licht: 0,229529,3,1,0,12,07,6,0,0,1,0,0,0,0,0
"POINT (13.781773908000048 51.044290906000072)",Unfall 229531 (2020) Kat:3, Licht: 2,229531,3,4,6,11,17,2,0,2,0,1,1,0,0,0
"POINT (13.703997504000029 51.044179514000064)",Unfall 229533 (2020) Kat:3, Licht: 0,229533,3,5,1,11,08,3,0,0,1,1,0,0,0,0
"POINT (13.788577241000041 51.043279753000036)",Unfall 229541 (2020) Kat:3, Licht: 0,229541,3,4,0,11,15,5,0,0,0,0,1,0,0,1
"POINT (13.667949102000023 51.070836255000074)",Unfall 229545 (2020) Kat:3, Licht: 1,229545,3,1,0,12,08,5,2,1,1,0,0,0,0,0
"POINT (13.734869055000047 51.048722897000061)",Unfall 229549 (2020) Kat:3, Licht: 2,229549,3,1,7,12,17,5,0,2,1,0,0,0,0,0
"POINT (13.808899314000030 51.052750140000057)",Unfall 229551 (2020) Kat:3, Licht: 0,229551,3,3,5,11,13,7,0,0,1,1,0,0,0,0
"POINT (13.855002114000058 50.999573231000056)",Unfall 229556 (2020) Kat:3, Licht: 0,229556,3,1,1,12,15,5,1,0,0,1,0,1,0,0
"POINT (13.743224387000055 51.061719013000072)",Unfall 229558 (2020) Kat:2, Licht: 0,229558,2,2,0,12,12,5,0,0,0,1,0,1,0,0
"POINT (13.721723107000059 51.077669755000045)",Unfall 229568 (2020) Kat:3, Licht: 0,229568,3,1,0,12,09,3,1,0,1,0,0,0,0,0
"POINT (13.777196189000051 51.060095851000028)",Unfall 229570 (2020) Kat:3, Licht: 2,229570,3,6,2,12,17,3,1,2,0,1,0,0,0,0
"POINT (13.829457108000042 51.010637379000059)",Unfall 229579 (2020) Kat:2, Licht: 0,229579,2,7,9,12,12,3,0,0,0,1,0,0,0,0
"POINT (13.743529725000030 51.023480276000043)",Unfall 229597 (2020) Kat:3, Licht: 0,229597,3,1,0,12,14,3,1,0,1,0,0,0,0,0
"POINT (13.746434262000037 51.115458726000043)",Unfall 229600 (2020) Kat:3, Licht: 0,229600,3,3,0,12,13,2,0,0,0,1,0,0,0,1
"POINT (13.816737866000040 51.034065985000041)",Unfall 229605 (2020) Kat:3, Licht: 0,229605,3,7,1,12,13,2,0,0,0,1,0,0,0,0
"POINT (13.749580215000037 51.057799533000036)",Unfall 229608 (2020) Kat:3, Licht: 0,229608,3,6,3,12,15,2,0,0,1,1,0,0,0,0
"POINT (13.826963794000051 51.011651975000063)",Unfall 229614 (2020) Kat:3, Licht: 0,229614,3,4,6,12,14,5,0,0,0,1,1,0,0,0
"POINT (13.743604761000029 51.035656236000079)",Unfall 229619 (2020) Kat:3, Licht: 0,229619,3,3,5,12,13,1,0,0,0,1,0,0,0,0
"POINT (13.687356298000054 51.056749894000063)",Unfall 229645 (2020) Kat:3, Licht: 0,229645,3,3,5,12,10,7,1,0,0,1,0,0,0,1
"POINT (13.778724890000035 51.050238104000073)",Unfall 229648 (2020) Kat:3, Licht: 0,229648,3,1,0,12,10,3,2,0,1,0,0,0,0,0
"POINT (13.772392307000075 51.057683932000032)",Unfall 229672 (2020) Kat:3, Licht: 0,229672,3,4,6,12,15,7,1,0,0,1,1,0,0,0
"POINT (13.805389245000072 51.039056715000072)",Unfall 229681 (2020) Kat:3, Licht: 0,229681,3,3,5,12,10,4,1,0,1,1,0,0,0,0
"POINT (13.786491027000068 51.043345518000081)",Unfall 229682 (2020) Kat:3, Licht: 0,229682,3,6,2,12,15,7,0,0,0,1,0,0,0,0
"POINT (13.764429655000072 51.015744654000059)",Unfall 229690 (2020) Kat:3, Licht: 0,229690,3,3,5,12,08,6,1,0,1,1,0,0,0,0
"POINT (13.706002331000036 51.028233188000058)",Unfall 229697 (2020) Kat:3, Licht: 0,229697,3,1,8,12,13,6,1,0,1,0,0,0,0,0
"POINT (13.747171361000028 51.076856453000062)",Unfall 229700 (2020) Kat:3, Licht: 1,229700,3,7,0,12,16,6,1,1,1,1,0,0,0,0
"POINT (13.705438539000056 51.034245592000048)",Unfall 229708 (2020) Kat:3, Licht: 1,229708,3,1,0,12,06,3,2,1,1,0,0,0,0,0
"POINT (13.798183390000077 51.023821899000041)",Unfall 229722 (2020) Kat:3, Licht: 2,229722,3,3,5,12,22,4,1,2,1,1,0,0,0,0
"POINT (13.758733898000060 51.061292952000031)",Unfall 229759 (2020) Kat:3, Licht: 2,229759,3,1,0,12,05,3,2,2,1,0,0,0,0,0
"POINT (13.780180435000034 51.030892611000070)",Unfall 229763 (2020) Kat:3, Licht: 0,229763,3,7,2,12,13,5,0,0,0,1,0,0,0,0
"POINT (13.776573794000058 51.066747446000079)",Unfall 229771 (2020) Kat:3, Licht: 0,229771,3,6,0,12,08,2,0,0,0,1,0,0,0,1
"POINT (13.751498846000061 51.047224224000047)",Unfall 229774 (2020) Kat:3, Licht: 0,229774,3,3,5,12,12,5,0,0,1,1,0,0,0,0
"POINT (13.831973945000072 51.009863388000042)",Unfall 229799 (2020) Kat:2, Licht: 0,229799,2,1,0,12,12,4,0,0,1,0,0,0,0,0
"POINT (13.779454892000047 51.040941878000069)",Unfall 229810 (2020) Kat:2, Licht: 2,229810,2,1,0,12,05,3,2,2,1,0,0,0,0,0
"POINT (13.746500040000058 51.122115428000029)",Unfall 120663 (2021) Kat:3, Licht: 0,120663,3,6,2,04,11,5,0,0,0,1,0,0,0,1
"POINT (13.746683470000050 51.051365119000081)",Unfall 120668 (2021) Kat:3, Licht: 0,120668,3,3,5,03,10,6,0,0,0,1,0,0,0,0
"POINT (13.706229357000041 51.045368920000044)",Unfall 120672 (2021) Kat:3, Licht: 0,120672,3,1,0,05,14,2,0,0,1,0,0,0,0,0
"POINT (13.690103219000036 51.072733133000042)",Unfall 120675 (2021) Kat:3, Licht: 0,120675,3,3,5,02,06,6,0,0,1,1,0,0,0,0
"POINT (13.783104916000070 51.066910561000043)",Unfall 120684 (2021) Kat:3, Licht: 0,120684,3,6,2,01,15,6,1,0,0,1,0,0,0,0
"POINT (13.791380746000073 51.123846340000057)",Unfall 120713 (2021) Kat:3, Licht: 0,120713,3,6,2,05,14,5,0,0,1,1,0,0,0,0
"POINT (13.741327274000071 51.045927667000058)",Unfall 120725 (2021) Kat:3, Licht: 0,120725,3,2,5,05,07,2,0,0,1,1,0,0,0,0
"POINT (13.790574077000031 51.159859989000040)",Unfall 120745 (2021) Kat:3, Licht: 2,120745,3,6,2,02,19,1,2,2,0,1,0,0,0,1
"POINT (13.748697733000029 51.128220646000045)",Unfall 120750 (2021) Kat:3, Licht: 0,120750,3,6,2,04,15,5,0,0,0,1,0,0,0,0
"POINT (13.627373949000059 51.088613865000070)",Unfall 120756 (2021) Kat:3, Licht: 0,120756,3,6,2,04,08,6,0,0,0,1,0,0,0,0
"POINT (13.709778631000063 51.061593546000040)",Unfall 120758 (2021) Kat:3, Licht: 0,120758,3,3,5,03,14,2,0,0,0,1,0,0,0,0
"POINT (13.697309206000057 51.061041649000060)",Unfall 120762 (2021) Kat:3, Licht: 0,120762,3,3,5,05,08,5,0,0,0,1,0,0,1,0
"POINT (13.742502257000069 51.113536048000071)",Unfall 120768 (2021) Kat:3, Licht: 0,120768,3,6,3,04,15,3,0,0,0,1,0,0,1,0
"POINT (13.717879383000025 51.077036243000066)",Unfall 120770 (2021) Kat:3, Licht: 1,120770,3,1,0,06,20,7,1,1,1,0,0,0,0,0
"POINT (13.733925700000043 51.075076212000056)",Unfall 120783 (2021) Kat:3, Licht: 0,120783,3,6,2,01,11,4,0,0,1,1,0,0,0,0
"POINT (13.701641849000055 51.030624739000075)",Unfall 120788 (2021) Kat:3, Licht: 0,120788,3,3,5,03,15,3,0,0,1,1,0,0,0,0
"POINT (13.711988839000071 51.025549959000045)",Unfall 120795 (2021) Kat:3, Licht: 0,120795,3,3,5,02,10,2,0,0,0,1,0,0,0,0
"POINT (13.731719341000030 51.106432725000047)",Unfall 120806 (2021) Kat:3, Licht: 0,120806,3,6,2,05,14,3,0,0,0,1,0,0,0,0
"POINT (13.744082052000067 51.047475685000052)",Unfall 120810 (2021) Kat:3, Licht: 0,120810,3,6,2,02,16,2,1,0,0,1,0,0,0,0
"POINT (13.640230614000075 51.086777035000068)",Unfall 120813 (2021) Kat:3, Licht: 2,120813,3,6,2,02,18,3,0,2,0,1,0,0,0,0
"POINT (13.729772681000043 51.030567159000043)",Unfall 120830 (2021) Kat:3, Licht: 1,120830,3,6,2,04,06,2,0,1,0,1,0,0,0,0
"POINT (13.766918903000033 51.094453861000034)",Unfall 120844 (2021) Kat:3, Licht: 0,120844,3,3,5,03,12,2,0,0,1,1,0,0,0,0
"POINT (13.737184805000027 51.063243500000056)",Unfall 120856 (2021) Kat:3, Licht: 0,120856,3,6,2,05,17,4,1,0,0,1,0,0,0,0
"POINT (13.708901009000044 51.061602033000042)",Unfall 120863 (2021) Kat:3, Licht: 0,120863,3,3,5,05,15,5,0,0,0,1,0,1,0,0
"POINT (13.739291698000045 51.068348647000050)",Unfall 120865 (2021) Kat:3, Licht: 1,120865,3,2,5,02,17,5,0,1,1,1,0,0,0,0
"POINT (13.690524394000022 51.061608167000031)",Unfall 120869 (2021) Kat:3, Licht: 0,120869,3,1,0,04,15,3,0,0,1,0,0,0,0,0
"POINT (13.603527371000041 51.036862541000062)",Unfall 120872 (2021) Kat:3, Licht: 0,120872,3,6,2,03,15,4,0,0,0,1,0,0,1,0
"POINT (13.759125587000028 51.024039232000064)",Unfall 120882 (2021) Kat:3, Licht: 0,120882,3,3,5,05,10,2,0,0,1,1,0,0,0,0
"POINT (13.672292277000054 51.050259752000045)",Unfall 120884 (2021) Kat:3, Licht: 0,120884,3,7,0,02,15,2,0,0,0,1,0,0,0,0
"POINT (13.697218507000059 51.061035731000061)",Unfall 120893 (2021) Kat:3, Licht: 0,120893,3,6,2,06,07,4,0,0,0,1,0,0,0,0
"POINT (13.717131965000021 51.038052375000063)",Unfall 120897 (2021) Kat:3, Licht: 0,120897,3,1,0,05,11,1,0,0,1,0,0,0,0,0
"POINT (13.753250847000061 51.074197415000071)",Unfall 120907 (2021) Kat:3, Licht: 0,120907,3,1,0,01,14,6,2,0,0,0,0,1,0,0
"POINT (13.716505454000071 51.077612491000082)",Unfall 120910 (2021) Kat:3, Licht: 0,120910,3,1,0,05,17,1,0,0,1,0,0,0,0,0
"POINT (13.715476474000070 51.099296077000076)",Unfall 120912 (2021) Kat:3, Licht: 0,120912,3,2,5,05,10,2,0,0,0,1,0,0,0,0
"POINT (13.734200141000031 51.061562723000065)",Unfall 120916 (2021) Kat:3, Licht: 0,120916,3,1,0,01,11,6,1,0,1,0,0,0,0,0
"POINT (13.745599525000046 51.118706721000081)",Unfall 120935 (2021) Kat:3, Licht: 2,120935,3,1,9,01,18,6,1,2,0,1,0,0,0,0
"POINT (13.854845698000076 51.061890031000075)",Unfall 120938 (2021) Kat:3, Licht: 0,120938,3,6,2,05,15,2,0,0,0,1,0,0,0,0
"POINT (13.689754285000049 51.061773251000034)",Unfall 120942 (2021) Kat:3, Licht: 0,120942,3,6,2,04,10,7,0,0,0,1,0,0,0,0
"POINT (13.722818529000051 51.074688543000036)",Unfall 120943 (2021) Kat:3, Licht: 0,120943,3,3,5,06,17,5,0,0,1,1,0,0,0,0
"POINT (13.736954981000054 51.108887659000061)",Unfall 120951 (2021) Kat:2, Licht: 2,120951,2,7,0,04,23,1,0,2,0,0,0,0,1,0
"POINT (13.814012591000051 50.988426843000070)",Unfall 120972 (2021) Kat:3, Licht: 1,120972,3,2,5,03,19,2,0,1,1,1,0,0,0,0
"POINT (13.820604705000051 51.063963768000065)",Unfall 120973 (2021) Kat:3, Licht: 0,120973,3,3,5,03,12,5,1,0,0,1,0,0,0,0
"POINT (13.736410721000027 51.062805826000044)",Unfall 120983 (2021) Kat:3, Licht: 0,120983,3,1,4,05,14,3,0,0,1,0,0,0,0,0
"POINT (13.702447406000033 51.090477853000039)",Unfall 120986 (2021) Kat:2, Licht: 0,120986,2,3,5,04,15,5,0,0,0,1,0,1,0,0
"POINT (13.737828371000035 51.088329151000039)",Unfall 120992 (2021) Kat:3, Licht: 0,120992,3,1,0,03,16,4,0,0,1,0,0,0,0,0
"POINT (13.722230594000052 51.054111845000079)",Unfall 121018 (2021) Kat:3, Licht: 0,121018,3,2,5,05,16,6,0,0,0,1,0,0,0,0
"POINT (13.745987993000028 51.049727206000057)",Unfall 121019 (2021) Kat:3, Licht: 0,121019,3,6,1,03,16,5,1,0,0,1,0,0,0,0
"POINT (13.719194233000053 51.095916685000077)",Unfall 121039 (2021) Kat:2, Licht: 0,121039,2,4,6,03,15,5,0,0,1,0,1,0,0,0
"POINT (13.703732235000075 51.041257881000035)",Unfall 121041 (2021) Kat:3, Licht: 0,121041,3,6,2,06,11,5,0,0,0,1,0,1,0,0
"POINT (13.739168261000032 51.109975291000069)",Unfall 121042 (2021) Kat:3, Licht: 0,121042,3,6,2,05,10,7,0,0,0,1,0,1,0,0
"POINT (13.872728424000059 51.104768695000075)",Unfall 121046 (2021) Kat:2, Licht: 2,121046,2,1,8,02,22,6,1,2,0,1,0,0,0,0
"POINT (13.705730538000068 51.099084420000054)",Unfall 121052 (2021) Kat:3, Licht: 0,121052,3,6,2,03,12,4,0,0,0,1,0,0,1,0
"POINT (13.755670516000066 51.076760670000056)",Unfall 121053 (2021) Kat:3, Licht: 0,121053,3,6,2,06,14,6,0,0,0,1,0,1,0,0
"POINT (13.722571357000049 51.014231898000048)",Unfall 121065 (2021) Kat:3, Licht: 0,121065,3,6,3,02,12,4,0,0,0,1,0,0,0,0
"POINT (13.827790072000028 51.085291734000066)",Unfall 121087 (2021) Kat:3, Licht: 2,121087,3,1,9,01,05,7,2,2,0,1,0,0,0,0
"POINT (13.652013649000025 51.071428691000051)",Unfall 121097 (2021) Kat:3, Licht: 0,121097,3,1,8,03,09,5,1,0,0,1,0,0,0,0
"POINT (13.746650420000037 51.057140702000027)",Unfall 121104 (2021) Kat:3, Licht: 0,121104,3,2,5,04,18,5,0,0,1,1,0,0,0,0
"POINT (13.935985734000042 51.056496678000030)",Unfall 121108 (2021) Kat:2, Licht: 0,121108,2,2,5,04,18,4,0,0,0,1,0,1,0,0
"POINT (13.749017695000077 51.130014408000079)",Unfall 121118 (2021) Kat:3, Licht: 2,121118,3,6,3,03,18,3,0,2,0,1,0,0,1,0
"POINT (13.779559231000064 51.066962426000032)",Unfall 121119 (2021) Kat:3, Licht: 1,121119,3,3,5,02,17,4,0,1,1,1,0,0,0,0
"POINT (13.828772583000045 51.058544781000080)",Unfall 121156 (2021) Kat:3, Licht: 0,121156,3,2,2,04,18,1,0,0,0,1,0,0,0,0
"POINT (13.717966151000041 51.102186796000069)",Unfall 121174 (2021) Kat:2, Licht: 0,121174,2,7,8,03,13,5,0,0,0,0,0,0,1,0
"POINT (13.760123681000039 51.023306341000080)",Unfall 121184 (2021) Kat:3, Licht: 0,121184,3,2,5,05,15,2,0,0,1,1,0,0,0,0
"POINT (13.702005362000023 51.032521657000075)",Unfall 121195 (2021) Kat:3, Licht: 0,121195,3,2,5,04,14,2,0,0,1,0,0,0,1,0
"POINT (13.654581018000044 51.036250121000080)",Unfall 121198 (2021) Kat:3, Licht: 0,121198,3,1,3,03,11,6,1,0,0,1,0,0,1,0
"POINT (13.719216763000077 51.076459668000041)",Unfall 121213 (2021) Kat:3, Licht: 2,121213,3,3,5,03,23,3,0,2,0,1,0,0,0,1
"POINT (13.735761969000066 51.099526626000056)",Unfall 121214 (2021) Kat:3, Licht: 1,121214,3,6,2,02,06,4,1,1,0,1,0,0,0,0
"POINT (13.733456092000040 51.039332820000027)",Unfall 121215 (2021) Kat:3, Licht: 0,121215,3,1,0,06,13,5,0,0,1,0,0,0,0,0
"POINT (13.705470213000069 51.048014824000063)",Unfall 121232 (2021) Kat:3, Licht: 1,121232,3,1,2,04,06,3,2,1,0,1,0,0,1,0
"POINT (13.748744560000034 51.129135816000030)",Unfall 121244 (2021) Kat:3, Licht: 0,121244,3,6,3,04,07,3,0,0,0,1,0,0,1,0
"POINT (13.738957480000067 51.066936690000034)",Unfall 121278 (2021) Kat:3, Licht: 2,121278,3,6,3,04,19,5,0,2,0,0,0,1,0,1
"POINT (13.772857879000071 50.989334147000079)",Unfall 121286 (2021) Kat:2, Licht: 0,121286,2,6,3,02,15,5,0,0,0,1,0,0,0,0
"POINT (13.690334073000031 51.061606005000044)",Unfall 121311 (2021) Kat:3, Licht: 0,121311,3,6,0,04,14,4,0,0,1,0,0,0,0,0
"POINT (13.705018289000066 51.036741384000038)",Unfall 121312 (2021) Kat:3, Licht: 0,121312,3,3,3,04,16,4,0,0,1,1,0,0,0,0
"POINT (13.706638787000031 51.019657329000040)",Unfall 121319 (2021) Kat:3, Licht: 0,121319,3,2,0,06,15,4,0,0,1,1,0,0,0,0
"POINT (13.743458027000031 51.047592665000082)",Unfall 121325 (2021) Kat:3, Licht: 2,121325,3,3,5,01,19,3,1,2,1,1,0,0,0,0
"POINT (13.590377318000037 51.062200322000081)",Unfall 121353 (2021) Kat:3, Licht: 0,121353,3,6,2,05,10,2,0,0,0,1,0,0,0,0
"POINT (13.722564614000078 51.014111984000067)",Unfall 121411 (2021) Kat:3, Licht: 0,121411,3,6,2,03,14,6,0,0,0,1,0,0,0,1
"POINT (13.715902784000036 51.036924672000055)",Unfall 121434 (2021) Kat:3, Licht: 0,121434,3,7,2,04,11,3,0,0,0,1,0,0,0,0
"POINT (13.714844166000034 51.099929732000078)",Unfall 121437 (2021) Kat:3, Licht: 0,121437,3,6,2,02,11,6,1,0,0,1,0,0,1,0
"POINT (13.771617070000048 51.015680033000081)",Unfall 121439 (2021) Kat:3, Licht: 0,121439,3,1,4,05,15,2,0,0,1,0,0,0,0,0
"POINT (13.836631667000063 51.062285181000050)",Unfall 121451 (2021) Kat:3, Licht: 0,121451,3,1,0,04,08,3,1,0,1,0,0,0,0,0
"POINT (13.802662092000048 50.987758518000078)",Unfall 121476 (2021) Kat:3, Licht: 0,121476,3,3,5,02,11,1,0,0,1,1,0,0,0,0
"POINT (13.705094130000077 51.044436193000081)",Unfall 121487 (2021) Kat:2, Licht: 2,121487,2,1,9,05,02,4,0,2,0,1,0,0,0,0
"POINT (13.832937739000045 51.059360577000064)",Unfall 121489 (2021) Kat:3, Licht: 0,121489,3,1,0,03,13,2,0,0,0,0,0,1,0,0
"POINT (13.651739478000025 51.036085071000059)",Unfall 121494 (2021) Kat:3, Licht: 0,121494,3,6,3,02,12,5,0,0,0,1,0,0,0,0
"POINT (13.689635708000026 51.064916427000071)",Unfall 121497 (2021) Kat:3, Licht: 0,121497,3,6,2,04,08,2,0,0,0,1,0,0,0,0
"POINT (13.603529472000048 51.062901498000031)",Unfall 121504 (2021) Kat:3, Licht: 0,121504,3,6,2,05,17,3,0,0,0,1,0,0,0,0
"POINT (13.836757365000039 51.058161218000066)",Unfall 121513 (2021) Kat:3, Licht: 2,121513,3,1,8,02,19,3,1,2,0,1,0,0,0,0
"POINT (13.586388128000067 51.048781512000062)",Unfall 121541 (2021) Kat:3, Licht: 0,121541,3,3,5,04,06,5,2,0,0,1,0,0,0,1
"POINT (13.748450480000031 51.068912842000032)",Unfall 121547 (2021) Kat:2, Licht: 0,121547,2,3,6,05,11,6,0,0,1,0,1,0,0,0
"POINT (13.610243022000077 51.037529419000066)",Unfall 121553 (2021) Kat:3, Licht: 1,121553,3,7,7,04,05,3,0,1,0,1,0,0,0,0
"POINT (13.724823056000048 51.044761031000064)",Unfall 121556 (2021) Kat:3, Licht: 0,121556,3,4,6,04,17,5,0,0,0,0,1,1,0,0
"POINT (13.793261282000060 51.154758493000031)",Unfall 121571 (2021) Kat:3, Licht: 0,121571,3,1,1,05,15,7,1,0,1,1,0,0,0,0
"POINT (13.768304251000075 51.019802992000052)",Unfall 121572 (2021) Kat:2, Licht: 0,121572,2,3,5,04,11,5,0,0,0,1,0,0,0,0
"POINT (13.727411436000068 51.058019868000031)",Unfall 121580 (2021) Kat:3, Licht: 0,121580,3,6,2,02,14,3,1,0,0,1,0,0,0,0
"POINT (13.840686086000062 51.094190327000035)",Unfall 121597 (2021) Kat:3, Licht: 2,121597,3,1,8,02,05,2,1,2,0,1,0,0,0,0
"POINT (13.723196579000046 51.089858139000057)",Unfall 121641 (2021) Kat:3, Licht: 0,121641,3,1,0,05,18,5,1,0,1,0,0,0,0,0
"POINT (13.704300006000040 51.086804614000073)",Unfall 121649 (2021) Kat:2, Licht: 0,121649,2,7,6,03,13,2,1,0,1,0,1,0,0,0
"POINT (13.768931172000066 51.099589055000081)",Unfall 121674 (2021) Kat:3, Licht: 0,121674,3,6,2,06,13,3,0,0,0,1,0,0,0,0
"POINT (13.652697926000030 51.071545756000035)",Unfall 121680 (2021) Kat:3, Licht: 0,121680,3,6,3,05,15,2,0,0,0,1,0,0,0,0
"POINT (13.595041780000031 51.062509496000075)",Unfall 121716 (2021) Kat:3, Licht: 0,121716,3,1,3,01,11,6,1,0,0,1,0,0,0,0
"POINT (13.736564492000070 51.063693602000058)",Unfall 121720 (2021) Kat:3, Licht: 0,121720,3,2,5,04,12,1,0,0,0,1,0,0,0,1
"POINT (13.751839549000067 51.062983074000044)",Unfall 121724 (2021) Kat:3, Licht: 0,121724,3,2,4,06,07,6,0,0,1,1,0,0,0,0
"POINT (13.733340600000076 51.126135741000041)",Unfall 121725 (2021) Kat:2, Licht: 0,121725,2,6,3,05,08,5,0,0,0,1,0,0,1,0
"POINT (13.842102681000028 51.059240336000073)",Unfall 121732 (2021) Kat:3, Licht: 0,121732,3,5,1,04,13,2,0,0,1,0,0,0,1,0
"POINT (13.746227194000028 51.057485699000040)",Unfall 121759 (2021) Kat:3, Licht: 0,121759,3,6,2,06,17,6,0,0,0,1,0,0,0,0
"POINT (13.705438221000065 51.047443026000053)",Unfall 121763 (2021) Kat:3, Licht: 1,121763,3,1,2,04,06,3,2,1,0,1,0,0,0,0
"POINT (13.728939290000028 51.059407714000031)",Unfall 121764 (2021) Kat:2, Licht: 2,121764,2,1,0,03,22,3,0,2,0,0,0,0,0,1
"POINT (13.649450057000024 51.083603334000031)",Unfall 121777 (2021) Kat:3, Licht: 0,121777,3,3,5,03,07,3,0,0,1,1,0,0,0,0
"POINT (13.704486678000023 51.050740414000074)",Unfall 121781 (2021) Kat:3, Licht: 0,121781,3,6,2,04,09,3,0,0,0,1,0,0,0,0
"POINT (13.599357325000028 51.075242324000044)",Unfall 121783 (2021) Kat:3, Licht: 0,121783,3,7,0,05,12,1,0,0,1,0,0,0,0,0
"POINT (13.689529953000033 51.067774490000033)",Unfall 121784 (2021) Kat:3, Licht: 0,121784,3,6,3,03,15,7,0,0,0,1,0,0,0,1
"POINT (13.879423615000064 51.013279203000081)",Unfall 121793 (2021) Kat:3, Licht: 0,121793,3,7,9,01,13,6,2,0,0,1,0,0,0,0