WKT,Name,OBJECTID,UKATEGORIE,UTYP1,UART,UMONAT,USTUNDE,UWOCHENTAG,STRZUSTAND,ULICHTVERH,ISTRAD,ISTPKW,ISTFUSS,ISTKRAD,ISTGKFZ,ISTSONSTIG
"POINT (13.598005503000024 51.093398325000067)",Unfall 121822 (2021) Kat:3, Licht: 0,121822,3,7,8,01,14,6,1,0,0,0,0,0,0,1
"POINT (13.728969968000058 51.059319083000048)",Unfall 121835 (2021) Kat:3, Licht: 1,121835,3,3,5,02,16,4,1,1,1,1,0,0,0,0
"POINT (13.730776360000050 51.058392039000069)",Unfall 121844 (2021) Kat:3, Licht: 0,121844,3,1,0,05,20,6,0,0,1,0,0,0,0,0
"POINT (13.852681161000078 51.061998887000073)",Unfall 121860 (2021) Kat:3, Licht: 2,121860,3,2,2,03,18,5,1,2,0,1,0,0,0,1
"POINT (13.722425036000061 51.127904007000041)",Unfall 121883 (2021) Kat:2, Licht: 0,121883,2,6,2,05,12,7,0,0,0,1,0,0,1,0
"POINT (13.745383244000038 51.118240832000026)",Unfall 121884 (2021) Kat:3, Licht: 2,121884,3,1,9,05,00,1,0,2,0,1,0,0,0,0
"POINT (13.744508946000053 51.116427951000048)",Unfall 121887 (2021) Kat:3, Licht: 0,121887,3,1,9,02,07,2,2,0,0,1,0,0,0,0
"POINT (13.751418820000026 51.072180360000061)",Unfall 121917 (2021) Kat:3, Licht: 0,121917,3,7,0,04,13,4,0,0,1,0,0,0,0,0
"POINT (13.717837364000047 51.038835830000039)",Unfall 121931 (2021) Kat:3, Licht: 0,121931,3,3,5,04,16,4,0,0,1,1,0,0,0,0
"POINT (13.799785134000047 50.998527944000045)",Unfall 121946 (2021) Kat:3, Licht: 0,121946,3,2,5,03,11,3,1,0,1,1,0,0,0,0
"POINT (13.667643956000063 51.032613929000036)",Unfall 121956 (2021) Kat:2, Licht: 0,121956,2,4,6,06,12,4,0,0,0,1,1,0,0,0
"POINT (13.604809571000033 51.056608263000044)",Unfall 121957 (2021) Kat:1, Licht: 0,121957,1,1,4,04,15,2,1,0,0,1,0,0,1,0
"POINT (13.727720008000063 51.084724464000033)",Unfall 121963 (2021) Kat:3, Licht: 0,121963,3,3,5,05,15,3,0,0,1,1,0,0,0,0
"POINT (13.728914619000022 51.059984731000043)",Unfall 121980 (2021) Kat:3, Licht: 0,121980,3,1,8,04,19,3,0,0,0,1,0,0,0,0
"POINT (13.816948586000024 50.987077203000069)",Unfall 121985 (2021) Kat:3, Licht: 2,121985,3,2,2,02,17,5,1,2,0,1,0,0,0,0
"POINT (13.744241932000023 51.047650230000045)",Unfall 121987 (2021) Kat:3, Licht: 0,121987,3,7,2,01,12,6,1,0,0,1,0,0,0,0
"POINT (13.746513187000062 51.122291754000059)",Unfall 121992 (2021) Kat:3, Licht: 0,121992,3,6,2,06,08,2,0,0,0,1,0,0,0,0
"POINT (13.619514902000049 51.065976491000072)",Unfall 121993 (2021) Kat:3, Licht: 0,121993,3,6,3,01,12,6,2,0,0,1,0,0,1,0
"POINT (13.778600027000039 51.111842387000081)",Unfall 122012 (2021) Kat:3, Licht: 0,122012,3,1,0,06,08,6,0,0,1,0,0,0,0,0
"POINT (13.594209615000068 51.055003799000076)",Unfall 122023 (2021) Kat:3, Licht: 0,122023,3,1,0,02,09,2,2,0,1,0,0,0,0,0
"POINT (13.725686802000041 51.032477901000050)",Unfall 122042 (2021) Kat:3, Licht: 0,122042,3,6,0,02,10,6,0,0,0,1,0,0,0,1
"POINT (13.742022275000068 51.064675062000049)",Unfall 122047 (2021) Kat:3, Licht: 0,122047,3,3,5,05,09,2,0,0,1,1,0,0,0,0
"POINT (13.816020327000047 51.064545470000041)",Unfall 122057 (2021) Kat:3, Licht: 0,122057,3,1,4,01,15,6,2,0,0,1,0,0,0,0
"POINT (13.702430191000076 51.090491580000048)",Unfall 122063 (2021) Kat:3, Licht: 0,122063,3,3,5,01,13,4,0,0,1,1,0,0,0,0
"POINT (13.753845317000071 51.062879134000070)",Unfall 122065 (2021) Kat:1, Licht: 0,122065,1,3,5,04,07,6,0,0,1,0,0,0,1,0
"POINT (13.751427380000052 51.135148423000032)",Unfall 122076 (2021) Kat:2, Licht: 0,122076,2,6,3,04,11,1,0,0,0,1,0,0,0,0
"POINT (13.714531564000026 51.079587114000049)",Unfall 122104 (2021) Kat:3, Licht: 0,122104,3,2,5,05,17,6,0,0,0,1,0,0,0,0
"POINT (13.691940981000073 51.084307253000077)",Unfall 122106 (2021) Kat:3, Licht: 2,122106,3,6,2,02,19,4,0,2,0,1,0,0,0,1
"POINT (13.763699256000052 51.087127220000070)",Unfall 122114 (2021) Kat:3, Licht: 0,122114,3,2,5,03,09,4,0,0,1,1,0,0,0,0
"POINT (13.745856872000047 51.028395849000049)",Unfall 122117 (2021) Kat:2, Licht: 0,122117,2,1,2,05,07,3,0,0,0,1,0,0,0,0
"POINT (13.705151091000062 51.044475979000026)",Unfall 122125 (2021) Kat:3, Licht: 0,122125,3,6,2,05,07,4,0,0,0,1,0,0,0,0
"POINT (13.790231663000043 51.119639235000079)",Unfall 122142 (2021) Kat:3, Licht: 0,122142,3,6,1,05,13,2,0,0,0,1,0,0,0,0
"POINT (13.699933865000048 51.061203253000031)",Unfall 122149 (2021) Kat:3, Licht: 0,122149,3,7,1,04,13,1,0,0,0,1,0,0,0,0
"POINT (13.680734400000063 51.061997684000062)",Unfall 122150 (2021) Kat:2, Licht: 0,122150,2,7,6,03,10,6,0,0,0,1,1,0,0,0
"POINT (13.694208922000030 51.043082706000064)",Unfall 122155 (2021) Kat:3, Licht: 0,122155,3,3,5,05,19,7,0,0,1,1,0,0,0,0
"POINT (13.604320132000055 51.093798958000036)",Unfall 122163 (2021) Kat:3, Licht: 0,122163,3,3,5,04,16,5,0,0,0,1,0,1,0,0
"POINT (13.679470565000031 51.062711653000065)",Unfall 122169 (2021) Kat:3, Licht: 0,122169,3,2,2,05,08,4,0,0,0,1,0,0,0,0
"POINT (13.816804311000055 51.056019442000036)",Unfall 122175 (2021) Kat:3, Licht: 0,122175,3,1,0,04,07,6,0,0,1,0,0,0,0,0
"POINT (13.730655597000066 51.068973284000037)",Unfall 122194 (2021) Kat:3, Licht: 2,122194,3,1,8,02,20,7,2,2,0,1,0,0,0,0
"POINT (13.582360524000023 51.062146274000042)",Unfall 122197 (2021) Kat:2, Licht: 0,122197,2,6,2,02,09,3,0,0,0,1,0,0,1,0
"POINT (13.746955438000043 51.176441284000077)",Unfall 122198 (2021) Kat:3, Licht: 0,122198,3,1,9,01,08,7,2,0,0,0,0,0,0,1
"POINT (13.614115799000047 51.038285138000049)",Unfall 122210 (2021) Kat:3, Licht: 0,122210,3,6,2,04,16,3,0,0,0,1,0,0,0,0
"POINT (13.721415389000072 51.047445698000047)",Unfall 122218 (2021) Kat:3, Licht: 0,122218,3,1,0,05,07,2,0,0,0,0,0,1,0,0
"POINT (13.694835111000032 51.060745307000047)",Unfall 122219 (2021) Kat:3, Licht: 0,122219,3,6,2,04,09,3,1,0,0,1,0,0,0,0
"POINT (13.605608379000046 51.093376613000032)",Unfall 122231 (2021) Kat:3, Licht: 1,122231,3,6,8,04,06,2,1,1,0,1,0,0,1,0
"POINT (13.727853384000070 51.084595860000036)",Unfall 122233 (2021) Kat:3, Licht: 0,122233,3,6,2,03,07,5,1,0,0,1,0,0,0,0
"POINT (13.706158595000034 51.019116936000046)",Unfall 122254 (2021) Kat:3, Licht: 0,122254,3,1,0,04,16,1,1,0,1,0,0,0,0,0
"POINT (13.703392014000030 51.029897308000045)",Unfall 122255 (2021) Kat:3, Licht: 0,122255,3,1,0,06,16,5,0,0,0,0,0,1,0,0
"POINT (13.739278298000045 51.066556191000075)",Unfall 122257 (2021) Kat:3, Licht: 0,122257,3,6,0,05,14,7,0,0,0,1,0,1,0,0
"POINT (13.737554423000063 51.043297598000038)",Unfall 122267 (2021) Kat:3, Licht: 0,122267,3,6,3,06,13,7,0,0,1,1,0,0,0,0
"POINT (13.799564626000063 51.143983994000052)",Unfall 122270 (2021) Kat:3, Licht: 0,122270,3,3,5,05,11,4,0,0,0,1,0,0,0,0
"POINT (13.721463228000061 51.061311360000047)",Unfall 122308 (2021) Kat:3, Licht: 0,122308,3,3,5,04,18,3,0,0,1,1,0,0,0,0
"POINT (13.595415942000045 51.071530651000046)",Unfall 122317 (2021) Kat:3, Licht: 0,122317,3,3,5,06,20,1,0,0,0,1,0,1,0,0
"POINT (13.811513341000023 50.989462430000060)",Unfall 122329 (2021) Kat:3, Licht: 0,122329,3,2,5,05,15,6,0,0,0,1,0,0,0,0
"POINT (13.599297697000054 51.074758947000078)",Unfall 122330 (2021) Kat:3, Licht: 0,122330,3,1,8,05,17,6,0,0,0,0,0,1,0,0
"POINT (13.879114096000023 51.059944591000033)",Unfall 122332 (2021) Kat:3, Licht: 0,122332,3,6,2,03,08,6,0,0,0,1,0,0,0,0
"POINT (13.800931956000056 51.166089509000074)",Unfall 122341 (2021) Kat:3, Licht: 0,122341,3,1,8,02,09,4,0,0,0,0,0,0,1,1
"POINT (13.703471608000029 51.042490469000029)",Unfall 122347 (2021) Kat:3, Licht: 0,122347,3,6,3,06,07,2,0,0,0,0,0,1,0,1
"POINT (13.604367342000046 51.037187550000056)",Unfall 122351 (2021) Kat:2, Licht: 0,122351,2,6,2,05,18,1,0,0,0,0,0,1,0,0
"POINT (13.741604416000030 51.046503758000028)",Unfall 122352 (2021) Kat:3, Licht: 0,122352,3,3,0,04,11,4,0,0,0,1,0,0,0,1
"POINT (13.721523745000070 51.061270043000036)",Unfall 122356 (2021) Kat:3, Licht: 0,122356,3,4,6,05,12,7,0,0,0,1,1,0,0,0
"POINT (13.762699432000034 51.064259309000079)",Unfall 122377 (2021) Kat:2, Licht: 0,122377,2,6,2,05,07,5,0,0,1,1,0,0,0,0
"POINT (13.823377176000065 51.063258821000034)",Unfall 122378 (2021) Kat:3, Licht: 0,122378,3,6,3,03,17,3,0,0,1,0,0,0,0,1
"POINT (13.843402174000062 51.126654459000065)",Unfall 122379 (2021) Kat:2, Licht: 0,122379,2,1,0,02,08,5,0,0,1,0,0,0,0,0
"POINT (13.774382952000053 51.013717373000077)",Unfall 122416 (2021) Kat:3, Licht: 2,122416,3,1,0,06,00,1,1,2,1,0,0,0,0,0
"POINT (13.762898847000031 51.021916814000065)",Unfall 122419 (2021) Kat:3, Licht: 2,122419,3,1,8,02,03,1,0,2,0,1,0,0,0,0
"POINT (13.747419074000049 51.052682999000069)",Unfall 122421 (2021) Kat:3, Licht: 0,122421,3,1,0,01,16,6,2,0,1,0,0,0,0,0
"POINT (13.701778419000050 51.030642069000066)",Unfall 122435 (2021) Kat:3, Licht: 0,122435,3,6,3,01,11,2,1,0,1,1,0,0,0,0
"POINT (13.701910089000023 51.032131519000075)",Unfall 122436 (2021) Kat:3, Licht: 0,122436,3,2,5,04,08,3,0,0,0,1,0,1,0,0
"POINT (13.768294430000026 51.019815370000060)",Unfall 122443 (2021) Kat:3, Licht: 0,122443,3,6,2,05,15,3,1,0,0,1,0,0,0,0
"POINT (13.694658289000074 51.043138472000066)",Unfall 122444 (2021) Kat:3, Licht: 0,122444,3,1,0,05,07,3,0,0,1,0,0,0,0,0
"POINT (13.671968234000076 51.029764006000050)",Unfall 122451 (2021) Kat:2, Licht: 0,122451,2,7,2,02,08,2,0,0,0,1,0,0,1,0
"POINT (13.756934330000036 51.025389412000038)",Unfall 122454 (2021) Kat:2, Licht: 0,122454,2,1,0,04,12,7,0,0,1,0,0,0,0,0
"POINT (13.694149957000036 51.043074822000051)",Unfall 122457 (2021) Kat:3, Licht: 2,122457,3,1,0,03,22,3,0,2,0,1,1,0,0,0
"POINT (13.679740104000075 51.020707733000052)",Unfall 122462 (2021) Kat:3, Licht: 0,122462,3,1,0,06,15,3,0,0,1,0,0,0,0,0
"POINT (13.745131002000051 51.064169085000060)",Unfall 122476 (2021) Kat:3, Licht: 0,122476,3,6,2,05,16,3,0,0,0,1,0,0,0,0
"POINT (13.733366662000037 51.038929935000056)",Unfall 122483 (2021) Kat:3, Licht: 2,122483,3,3,4,04,21,4,0,2,0,1,0,0,0,0
"POINT (13.872631413000022 51.104680966000046)",Unfall 122493 (2021) Kat:2, Licht: 2,122493,2,1,9,02,17,2,2,2,0,1,0,0,0,0
"POINT (13.706799845000035 51.029419778000033)",Unfall 122508 (2021) Kat:3, Licht: 0,122508,3,4,6,03,06,6,1,0,0,0,1,0,0,1
"POINT (13.610227507000047 51.039561970000079)",Unfall 122513 (2021) Kat:3, Licht: 0,122513,3,6,2,06,14,1,0,0,0,1,0,0,0,0
"POINT (13.739308816000062 51.073878025000056)",Unfall 122525 (2021) Kat:3, Licht: 0,122525,3,3,5,03,14,3,0,0,1,1,0,0,0,0
"POINT (13.606042149000075 51.063025609000078)",Unfall 122548 (2021) Kat:3, Licht: 0,122548,3,7,3,05,18,1,1,0,0,1,0,0,0,0
"POINT (13.709322802000031 51.058215884000049)",Unfall 122567 (2021) Kat:3, Licht: 0,122567,3,7,2,05,17,6,0,0,0,1,0,0,0,0
"POINT (13.733577653000054 51.075541904000033)",Unfall 122581 (2021) Kat:3, Licht: 0,122581,3,6,2,05,10,7,0,0,0,1,0,0,0,1
"POINT (13.827151431000061 51.058250309000073)",Unfall 122598 (2021) Kat:3, Licht: 0,122598,3,3,5,04,09,2,0,0,1,1,0,0,0,0
"POINT (13.736405235000063 51.063837113000034)",Unfall 122600 (2021) Kat:3, Licht: 0,122600,3,3,5,01,08,5,1,0,0,1,0,0,0,0
"POINT (13.688139889000070 51.047375411000075)",Unfall 122608 (2021) Kat:2, Licht: 0,122608,2,6,2,06,08,6,0,0,0,1,0,1,0,1
"POINT (13.668422115000055 51.032577200000048)",Unfall 122620 (2021) Kat:2, Licht: 0,122620,2,1,8,02,07,3,1,0,0,1,0,0,0,0
"POINT (13.718003891000023 51.038790265000046)",Unfall 122646 (2021) Kat:3, Licht: 0,122646,3,3,5,05,16,2,0,0,1,1,0,0,0,0
"POINT (13.737091950000035 51.070981393000068)",Unfall 122651 (2021) Kat:2, Licht: 0,122651,2,1,0,05,15,2,0,0,1,0,0,0,0,0
"POINT (13.685798314000067 51.062313364000033)",Unfall 122653 (2021) Kat:3, Licht: 0,122653,3,7,3,02,15,2,0,0,0,1,0,0,0,0
"POINT (13.837570283000048 51.062325517000033)",Unfall 122690 (2021) Kat:3, Licht: 0,122690,3,1,6,02,15,6,1,0,1,0,1,0,0,0
"POINT (13.733202368000036 51.076186439000026)",Unfall 122694 (2021) Kat:3, Licht: 0,122694,3,1,0,06,19,7,1,0,1,0,0,0,0,0
"POINT (13.762643747000027 51.064246362000063)",Unfall 122700 (2021) Kat:3, Licht: 0,122700,3,1,0,05,17,5,1,0,1,0,0,0,0,0
"POINT (13.754984810000053 51.062918579000041)",Unfall 122720 (2021) Kat:3, Licht: 0,122720,3,2,5,05,16,4,0,0,1,1,0,0,0,0
"POINT (13.727510570000049 51.044796298000051)",Unfall 122728 (2021) Kat:3, Licht: 0,122728,3,2,3,05,16,6,0,0,1,0,0,0,0,1
"POINT (13.702005770000028 51.032522731000029)",Unfall 122741 (2021) Kat:3, Licht: 0,122741,3,2,3,04,14,3,0,0,1,1,0,0,0,0
"POINT (13.703401742000040 51.088641724000070)",Unfall 122748 (2021) Kat:3, Licht: 0,122748,3,1,0,05,20,4,0,0,1,0,0,0,0,0
"POINT (13.739902734000054 51.065103469000064)",Unfall 122761 (2021) Kat:2, Licht: 0,122761,2,1,0,06,07,3,0,0,0,0,0,1,0,0
"POINT (13.739466206000031 51.065460678000079)",Unfall 122766 (2021) Kat:3, Licht: 2,122766,3,1,4,01,16,3,1,2,0,1,0,0,0,1
"POINT (13.716217573000051 51.077763279000067)",Unfall 122767 (2021) Kat:3, Licht: 0,122767,3,1,0,04,17,3,0,0,1,0,0,0,0,0
"POINT (13.856428375000064 51.061376620000033)",Unfall 122780 (2021) Kat:3, Licht: 0,122780,3,3,0,06,09,2,0,0,0,1,0,0,0,1
"POINT (13.724164045000066 51.073679766000055)",Unfall 122812 (2021) Kat:3, Licht: 0,122812,3,6,2,02,11,2,0,0,0,1,0,0,0,0
"POINT (13.735338336000041 51.103177811000080)",Unfall 122816 (2021) Kat:3, Licht: 0,122816,3,6,2,04,15,2,1,0,0,1,0,0,0,0
"POINT (13.746763283000064 51.122654100000034)",Unfall 122822 (2021) Kat:3, Licht: 0,122822,3,6,3,05,14,3,0,0,0,1,0,0,1,0
"POINT (13.727667899000039 51.060152586000072)",Unfall 122849 (2021) Kat:3, Licht: 2,122849,3,1,8,01,21,6,1,2,0,1,0,0,0,0
"POINT (13.614835424000034 51.088114915000062)",Unfall 122850 (2021) Kat:2, Licht: 0,122850,2,3,5,07,09,3,0,0,1,0,0,0,1,0
"POINT (13.634072075000063 51.087409285000035)",Unfall 122858 (2021) Kat:3, Licht: 0,122858,3,7,0,09,16,6,0,0,1,0,0,0,0,0
"POINT (13.740385300000071 51.064714807000030)",Unfall 122876 (2021) Kat:3, Licht: 2,122876,3,7,0,09,21,2,1,2,0,0,0,1,0,1
"POINT (13.727041986000074 51.043875029000048)",Unfall 122878 (2021) Kat:2, Licht: 0,122878,2,1,2,09,18,7,0,0,0,1,0,1,0,0
"POINT (13.857245677000037 51.017921024000032)",Unfall 122880 (2021) Kat:2, Licht: 0,122880,2,7,4,07,15,2,0,0,0,1,0,0,0,0
"POINT (13.735893845000021 51.098821442000030)",Unfall 122891 (2021) Kat:2, Licht: 1,122891,2,1,0,09,06,4,1,1,0,0,0,1,0,0
"POINT (13.747029250000026 51.063697582000032)",Unfall 122908 (2021) Kat:3, Licht: 2,122908,3,6,2,10,20,7,0,2,0,1,0,0,0,0
"POINT (13.741351908000070 51.064735844000040)",Unfall 122912 (2021) Kat:3, Licht: 0,122912,3,6,2,09,17,5,0,0,0,1,0,0,0,0
"POINT (13.803746422000074 51.065693204000070)",Unfall 122919 (2021) Kat:3, Licht: 0,122919,3,7,0,08,07,4,0,0,1,0,0,0,0,0
"POINT (13.748754989000076 51.063375776000044)",Unfall 122920 (2021) Kat:3, Licht: 0,122920,3,6,4,09,12,6,0,0,1,1,0,0,0,0
"POINT (13.804370445000075 51.124199052000051)",Unfall 122922 (2021) Kat:2, Licht: 2,122922,2,6,4,10,18,3,1,2,0,1,0,0,0,1
"POINT (13.747361172000069 51.122814931000050)",Unfall 122925 (2021) Kat:3, Licht: 0,122925,3,6,2,07,17,3,0,0,0,1,0,0,0,0
"POINT (13.737533539000026 51.087227041000062)",Unfall 122934 (2021) Kat:3, Licht: 0,122934,3,1,0,09,13,3,0,0,0,0,0,1,0,0
"POINT (13.748747931000025 51.129146258000048)",Unfall 122944 (2021) Kat:3, Licht: 0,122944,3,6,3,09,08,4,0,0,0,1,0,0,1,0
"POINT (13.727953184000057 51.084504958000082)",Unfall 122954 (2021) Kat:3, Licht: 0,122954,3,2,6,08,13,7,0,0,0,1,1,0,0,0
"POINT (13.741295596000043 51.064740792000066)",Unfall 122957 (2021) Kat:3, Licht: 2,122957,3,1,0,06,01,4,1,2,1,0,0,0,0,0
"POINT (13.731941720000066 51.126370898000062)",Unfall 122960 (2021) Kat:3, Licht: 0,122960,3,3,5,08,07,2,0,0,0,1,0,0,0,1
"POINT (13.705045561000077 51.044468493000068)",Unfall 122962 (2021) Kat:2, Licht: 0,122962,2,3,5,10,13,7,0,0,1,1,0,0,0,0
"POINT (13.736756242000070 51.063010341000052)",Unfall 122983 (2021) Kat:3, Licht: 2,122983,3,1,0,07,23,6,0,2,1,0,0,0,0,0
"POINT (13.743038540000043 51.028692215000035)",Unfall 122989 (2021) Kat:2, Licht: 0,122989,2,3,5,06,08,3,0,0,1,0,0,0,0,1
"POINT (13.793833201000041 51.158642765000081)",Unfall 123007 (2021) Kat:2, Licht: 0,123007,2,1,8,09,07,1,0,0,0,1,0,0,0,0
"POINT (13.710033732000056 51.058072569000046)",Unfall 123015 (2021) Kat:3, Licht: 0,123015,3,2,5,07,10,6,0,0,0,1,0,0,0,0
"POINT (13.768257271000039 51.015701439000054)",Unfall 123046 (2021) Kat:2, Licht: 2,123046,2,3,5,08,21,2,0,2,0,1,0,0,0,0
"POINT (13.754942841000059 51.076022828000077)",Unfall 123047 (2021) Kat:3, Licht: 0,123047,3,6,2,08,13,2,0,0,0,1,0,0,0,0
"POINT (13.720919188000039 51.092508585000076)",Unfall 123051 (2021) Kat:2, Licht: 0,123051,2,3,5,09,08,5,0,0,0,1,0,1,0,0
"POINT (13.729353148000030 51.019789650000064)",Unfall 123059 (2021) Kat:3, Licht: 2,123059,3,7,9,09,04,1,0,2,0,1,0,0,0,0
"POINT (13.724960298000042 51.043895590000034)",Unfall 123063 (2021) Kat:2, Licht: 0,123063,2,3,5,07,13,3,0,0,1,1,0,0,0,0
"POINT (13.768345912000029 51.015753982000035)",Unfall 123085 (2021) Kat:3, Licht: 0,123085,3,2,5,08,11,6,0,0,1,1,0,0,0,0
"POINT (13.815178513000035 51.053918946000067)",Unfall 123089 (2021) Kat:3, Licht: 0,123089,3,4,6,09,17,4,0,0,1,0,1,0,0,0
"POINT (13.723647078000056 51.089206233000027)",Unfall 123108 (2021) Kat:3, Licht: 0,123108,3,6,1,07,09,6,0,0,0,1,0,0,0,0
"POINT (13.755335201000037 51.026481416000081)",Unfall 123110 (2021) Kat:3, Licht: 2,123110,3,2,5,07,23,3,1,2,0,1,0,0,0,0
"POINT (13.742019825000057 51.064675284000032)",Unfall 123112 (2021) Kat:3, Licht: 0,123112,3,3,5,08,19,7,0,0,1,1,0,0,0,0
"POINT (13.750669216000063 51.121945973000038)",Unfall 123117 (2021) Kat:3, Licht: 1,123117,3,7,0,09,06,4,0,1,0,0,0,1,0,0
"POINT (13.754847574000053 51.026446346000057)",Unfall 123124 (2021) Kat:3, Licht: 2,123124,3,1,0,06,00,1,0,2,1,0,0,0,0,0
"POINT (13.727920257000051 51.060199374000035)",Unfall 123129 (2021) Kat:3, Licht: 0,123129,3,3,5,09,12,6,0,0,1,1,0,0,0,0
"POINT (13.747477891000074 51.051588341000070)",Unfall 123138 (2021) Kat:2, Licht: 0,123138,2,3,5,07,16,6,0,0,0,1,0,0,0,0
"POINT (13.763699013000064 51.087126801000068)",Unfall 123150 (2021) Kat:3, Licht: 0,123150,3,2,3,07,14,5,0,0,1,0,0,0,1,0
"POINT (13.788224057000036 51.005687752000028)",Unfall 123151 (2021) Kat:3, Licht: 0,123151,3,1,0,09,12,6,0,0,0,0,0,1,0,0
"POINT (13.731857299000069 51.079783653000050)",Unfall 123172 (2021) Kat:3, Licht: 0,123172,3,3,5,09,09,3,0,0,1,1,0,0,0,0
"POINT (13.706635203000076 51.028614073000028)",Unfall 123188 (2021) Kat:3, Licht: 0,123188,3,3,5,08,16,5,0,0,1,1,0,0,0,0
"POINT (13.825879921000023 51.062309481000057)",Unfall 123199 (2021) Kat:3, Licht: 0,123199,3,1,0,10,06,6,0,0,1,0,0,0,0,0
"POINT (13.733178088000045 51.038960518000067)",Unfall 123201 (2021) Kat:3, Licht: 0,123201,3,2,5,07,16,6,0,0,1,1,0,0,0,0
"POINT (13.747375277000060 51.051443163000044)",Unfall 123211 (2021) Kat:3, Licht: 0,123211,3,1,0,08,17,3,0,0,1,0,0,0,0,0
"POINT (13.730948421000051 51.029382799000075)",Unfall 123214 (2021) Kat:3, Licht: 0,123214,3,6,2,10,10,3,0,0,0,1,0,0,0,1
"POINT (13.723229163000042 51.089810848000070)",Unfall 123215 (2021) Kat:3, Licht: 2,123215,3,2,5,07,23,4,0,2,0,1,0,1,0,0
"POINT (13.798000341000034 50.997106267000049)",Unfall 123233 (2021) Kat:2, Licht: 0,123233,2,2,5,08,15,2,0,0,0,0,0,1,0,1
"POINT (13.870405777000030 51.103859541000077)",Unfall 123237 (2021) Kat:3, Licht: 2,123237,3,1,9,10,18,1,0,2,0,0,0,1,0,0
"POINT (13.731438325000056 51.110462282000071)",Unfall 123243 (2021) Kat:3, Licht: 0,123243,3,6,3,07,17,3,0,0,1,0,0,0,0,1
"POINT (13.633988980000026 51.087419679000050)",Unfall 123248 (2021) Kat:2, Licht: 0,123248,2,4,6,08,16,6,0,0,0,1,1,0,0,0
"POINT (13.792912202000025 51.128056731000072)",Unfall 123289 (2021) Kat:3, Licht: 0,123289,3,7,6,07,15,4,0,0,1,0,1,0,0,0
"POINT (13.918874875000029 51.039864765000061)",Unfall 123295 (2021) Kat:2, Licht: 0,123295,2,6,3,08,14,2,0,0,1,0,0,0,0,1
"POINT (13.747231669000030 51.051239988000077)",Unfall 123296 (2021) Kat:3, Licht: 0,123296,3,3,5,09,18,7,1,0,0,1,0,0,0,0
"POINT (13.722840460000043 51.074674857000048)",Unfall 123300 (2021) Kat:3, Licht: 0,123300,3,6,2,07,18,3,0,0,0,1,0,0,0,0
"POINT (13.719162552000057 51.096034391000046)",Unfall 123301 (2021) Kat:2, Licht: 0,123301,2,4,6,09,08,4,0,0,1,0,1,0,0,0
"POINT (13.750068993000070 51.132670639000025)",Unfall 123302 (2021) Kat:2, Licht: 0,123302,2,3,3,06,05,6,0,0,0,1,0,0,1,0
"POINT (13.690454225000053 51.082454823000035)",Unfall 123306 (2021) Kat:3, Licht: 0,123306,3,3,5,07,18,6,0,0,0,1,0,1,0,0
"POINT (13.722177388000034 51.054062126000076)",Unfall 123318 (2021) Kat:3, Licht: 0,123318,3,3,5,08,19,2,0,0,0,1,0,0,0,0
"POINT (13.788642197000058 51.158536627000046)",Unfall 123325 (2021) Kat:3, Licht: 0,123325,3,6,3,06,17,5,0,0,0,1,0,0,1,0
"POINT (13.756867932000034 51.077729899000076)",Unfall 123342 (2021) Kat:3, Licht: 0,123342,3,3,5,07,14,7,0,0,1,1,0,0,0,0
"POINT (13.747598007000022 51.067867848000049)",Unfall 123344 (2021) Kat:3, Licht: 0,123344,3,1,6,07,07,2,0,0,1,0,1,0,0,0
"POINT (13.727569664000043 51.031619879000061)",Unfall 123358 (2021) Kat:3, Licht: 0,123358,3,4,6,09,08,4,0,0,0,1,1,0,0,0
"POINT (13.790671837000048 51.120491732000062)",Unfall 123373 (2021) Kat:3, Licht: 0,123373,3,2,5,08,10,3,0,0,1,1,0,0,0,0
"POINT (13.922237609000035 51.061128161000056)",Unfall 123389 (2021) Kat:3, Licht: 0,123389,3,3,5,09,16,2,0,0,1,1,0,0,0,0
"POINT (13.825061682000069 51.058051574000046)",Unfall 123398 (2021) Kat:2, Licht: 0,123398,2,7,0,08,15,1,0,0,1,0,0,0,0,0
"POINT (13.737544615000047 51.087253879000059)",Unfall 123403 (2021) Kat:3, Licht: 0,123403,3,2,4,07,18,1,0,0,0,1,0,1,0,0
"POINT (13.703576188000056 51.034647642000039)",Unfall 123423 (2021) Kat:3, Licht: 0,123423,3,1,0,09,16,2,0,0,0,0,0,1,0,0
"POINT (13.736734817000070 51.093926178000061)",Unfall 123424 (2021) Kat:3, Licht: 0,123424,3,6,1,07,16,3,0,0,0,1,0,0,0,0
"POINT (13.741205979000028 51.046323406000056)",Unfall 123438 (2021) Kat:2, Licht: 0,123438,2,3,5,08,11,4,0,0,0,1,0,0,0,1
"POINT (13.782602001000043 51.067108868000048)",Unfall 123439 (2021) Kat:3, Licht: 0,123439,3,3,5,07,12,5,0,0,1,1,0,0,0,0
"POINT (13.720473532000028 51.093108326000049)",Unfall 123442 (2021) Kat:3, Licht: 0,123442,3,4,6,06,13,6,1,0,1,0,1,0,0,0