WKT,Name,OBJECTID,UKATEGORIE,UTYP1,UART,UMONAT,USTUNDE,UWOCHENTAG,STRZUSTAND,ULICHTVERH,ISTRAD,ISTPKW,ISTFUSS,ISTKRAD,ISTGKFZ,ISTSONSTIG
"POINT (13.747082379000062 51.063683361000074)",Unfall 123448 (2021) Kat:3, Licht: 1,123448,3,1,0,06,21,4,0,1,1,0,0,0,0,0
"POINT (13.690658629000040 51.078297215000077)",Unfall 123450 (2021) Kat:3, Licht: 2,123450,3,4,5,06,02,7,0,2,0,1,1,0,0,0
"POINT (13.823712633000071 50.985979016000044)",Unfall 123458 (2021) Kat:2, Licht: 0,123458,2,6,0,08,12,2,1,0,1,1,0,0,0,0
"POINT (13.760529767000037 51.082247999000060)",Unfall 123459 (2021) Kat:3, Licht: 0,123459,3,6,2,07,15,4,0,0,0,1,0,1,0,0
"POINT (13.697407293000026 51.059963390000064)",Unfall 123479 (2021) Kat:3, Licht: 0,123479,3,3,5,07,17,7,0,0,0,1,0,0,0,1
"POINT (13.721487674000059 51.047303459000034)",Unfall 123483 (2021) Kat:3, Licht: 0,123483,3,6,2,09,14,5,0,0,0,1,0,0,0,0
"POINT (13.691912255000034 51.084365932000026)",Unfall 123489 (2021) Kat:3, Licht: 0,123489,3,3,5,07,18,6,0,0,0,1,0,0,1,0
"POINT (13.700725361000025 51.016329461000055)",Unfall 123492 (2021) Kat:3, Licht: 0,123492,3,1,0,06,18,5,0,0,1,0,0,0,0,0
"POINT (13.742458617000068 51.064627121000058)",Unfall 123502 (2021) Kat:3, Licht: 0,123502,3,7,0,09,18,6,0,0,0,1,0,0,0,1
"POINT (13.746491988000059 51.122415686000068)",Unfall 123529 (2021) Kat:3, Licht: 2,123529,3,6,2,07,22,2,0,2,0,1,0,1,0,0
"POINT (13.745792877000042 51.124237007000033)",Unfall 123537 (2021) Kat:3, Licht: 0,123537,3,3,5,09,13,6,0,0,0,1,0,0,0,0
"POINT (13.657193480000046 51.080523731000028)",Unfall 123541 (2021) Kat:3, Licht: 0,123541,3,6,3,08,17,6,0,0,1,1,0,0,0,0
"POINT (13.707025641000030 51.041393754000069)",Unfall 123544 (2021) Kat:3, Licht: 0,123544,3,3,5,07,07,3,0,0,1,1,0,0,0,0
"POINT (13.734040067000024 51.040069247000076)",Unfall 123550 (2021) Kat:3, Licht: 0,123550,3,1,0,08,12,7,0,0,1,0,0,0,0,0
"POINT (13.837431682000044 51.034417200000064)",Unfall 123558 (2021) Kat:3, Licht: 0,123558,3,1,0,08,12,1,0,0,1,0,0,0,0,0
"POINT (13.712259772000039 51.100866642000028)",Unfall 123561 (2021) Kat:3, Licht: 0,123561,3,3,2,07,13,3,0,0,0,1,0,0,1,0
"POINT (13.738540919000059 51.044267186000070)",Unfall 123565 (2021) Kat:3, Licht: 0,123565,3,2,2,09,14,7,0,0,0,1,0,1,0,0
"POINT (13.759922231000075 51.081394740000064)",Unfall 123567 (2021) Kat:2, Licht: 0,123567,2,3,5,07,17,2,0,0,0,1,0,1,0,0
"POINT (13.773526333000063 51.014112440000076)",Unfall 123572 (2021) Kat:3, Licht: 0,123572,3,3,1,08,16,5,0,0,1,1,0,0,0,0
"POINT (13.738334205000058 51.060600999000030)",Unfall 123591 (2021) Kat:2, Licht: 0,123591,2,3,5,09,13,5,0,0,1,1,0,0,0,0
"POINT (13.833356786000024 51.061881004000043)",Unfall 123592 (2021) Kat:3, Licht: 0,123592,3,6,2,08,16,3,0,0,0,1,0,0,0,0
"POINT (13.724598655000023 51.055948788000080)",Unfall 123596 (2021) Kat:3, Licht: 2,123596,3,1,0,10,19,2,0,2,1,0,0,0,0,0
"POINT (13.738690552000037 51.029093857000078)",Unfall 123599 (2021) Kat:3, Licht: 2,123599,3,1,0,07,20,3,1,2,1,0,0,0,0,0
"POINT (13.731844373000058 51.126285851000034)",Unfall 123604 (2021) Kat:3, Licht: 0,123604,3,2,5,07,13,4,0,0,0,1,0,0,0,0
"POINT (13.721041236000076 51.041462016000025)",Unfall 123623 (2021) Kat:3, Licht: 0,123623,3,1,0,07,06,5,0,0,1,0,0,0,0,0
"POINT (13.872895531000040 51.012629213000082)",Unfall 123633 (2021) Kat:3, Licht: 0,123633,3,2,5,09,13,5,0,0,1,1,0,0,0,0
"POINT (13.737561730000039 51.087295347000065)",Unfall 123636 (2021) Kat:2, Licht: 0,123636,2,1,0,07,17,7,0,0,1,0,0,0,0,0
"POINT (13.738100335000070 51.043905823000046)",Unfall 123639 (2021) Kat:2, Licht: 0,123639,2,3,5,09,07,2,0,0,1,1,0,0,0,0
"POINT (13.715170191000027 51.078657418000034)",Unfall 123659 (2021) Kat:3, Licht: 0,123659,3,3,5,08,18,6,1,0,0,1,0,0,0,0
"POINT (13.735851636000064 51.041733933000046)",Unfall 123678 (2021) Kat:3, Licht: 0,123678,3,1,0,07,19,2,0,0,0,0,0,1,0,0
"POINT (13.753091435000044 51.062918277000051)",Unfall 123683 (2021) Kat:3, Licht: 1,123683,3,1,0,07,21,6,0,1,1,0,0,0,0,0
"POINT (13.707027469000025 51.041392988000041)",Unfall 123685 (2021) Kat:3, Licht: 0,123685,3,3,5,07,07,3,0,0,1,1,0,0,0,0
"POINT (13.732996002000050 51.076637630000050)",Unfall 123688 (2021) Kat:3, Licht: 2,123688,3,1,7,08,22,6,1,2,1,0,0,0,0,0
"POINT (13.703927811000028 51.017976622000049)",Unfall 123700 (2021) Kat:3, Licht: 1,123700,3,3,5,08,20,2,0,1,0,1,0,0,0,1
"POINT (13.712865184000066 51.061590963000071)",Unfall 123703 (2021) Kat:3, Licht: 0,123703,3,1,0,08,11,2,1,0,1,0,0,0,0,0
"POINT (13.717367692000039 51.038428632000034)",Unfall 123704 (2021) Kat:3, Licht: 0,123704,3,6,2,10,16,3,1,0,0,1,0,0,0,0
"POINT (13.854942211000036 51.061848375000068)",Unfall 123708 (2021) Kat:3, Licht: 0,123708,3,2,5,06,07,5,0,0,1,1,0,0,0,0
"POINT (13.703546252000024 51.034607595000068)",Unfall 123728 (2021) Kat:3, Licht: 0,123728,3,2,2,09,15,5,0,0,0,1,0,0,0,1
"POINT (13.690683603000025 51.078330870000059)",Unfall 123731 (2021) Kat:3, Licht: 0,123731,3,2,6,08,05,3,1,0,0,0,1,0,0,1
"POINT (13.799172903000056 51.143343694000066)",Unfall 123732 (2021) Kat:3, Licht: 0,123732,3,3,5,07,14,5,0,0,1,1,0,0,0,0
"POINT (13.732442328000047 51.061021592000031)",Unfall 123733 (2021) Kat:3, Licht: 0,123733,3,6,1,07,15,3,0,0,0,1,0,0,0,0
"POINT (13.722146145000067 51.127976482000065)",Unfall 123750 (2021) Kat:3, Licht: 0,123750,3,6,2,09,07,5,1,0,0,1,0,0,1,0
"POINT (13.731658100000061 51.125895425000067)",Unfall 123752 (2021) Kat:3, Licht: 0,123752,3,6,1,07,07,2,1,0,0,1,0,0,0,1
"POINT (13.689796278000074 51.082680189000030)",Unfall 123754 (2021) Kat:3, Licht: 0,123754,3,1,0,06,16,4,1,0,0,0,0,1,0,0
"POINT (13.745082283000045 51.064179985000067)",Unfall 123761 (2021) Kat:3, Licht: 0,123761,3,7,7,07,16,5,0,0,1,0,0,0,0,0
"POINT (13.694013437000024 51.012693648000038)",Unfall 123764 (2021) Kat:3, Licht: 0,123764,3,3,5,06,06,6,0,0,1,1,0,0,0,0
"POINT (13.699356717000057 51.059505328000057)",Unfall 123768 (2021) Kat:3, Licht: 0,123768,3,7,6,07,18,6,0,0,1,0,1,0,0,0
"POINT (13.690860131000022 51.061338055000078)",Unfall 123778 (2021) Kat:3, Licht: 0,123778,3,1,8,08,18,2,0,0,0,0,0,1,0,0
"POINT (13.733364013000028 51.038924751000081)",Unfall 123783 (2021) Kat:3, Licht: 2,123783,3,2,5,09,19,6,0,2,0,1,0,1,0,0
"POINT (13.730986271000063 51.068594615000052)",Unfall 123800 (2021) Kat:3, Licht: 0,123800,3,7,0,08,13,7,0,0,1,0,0,0,0,0
"POINT (13.739308530000073 51.073862387000077)",Unfall 123805 (2021) Kat:3, Licht: 0,123805,3,2,0,09,13,3,0,0,0,0,0,0,0,1
"POINT (13.616215918000023 51.065199093000047)",Unfall 123825 (2021) Kat:2, Licht: 0,123825,2,6,3,06,15,6,0,0,0,1,0,0,0,0
"POINT (13.686465450000071 51.022391997000057)",Unfall 123840 (2021) Kat:1, Licht: 0,123840,1,1,4,08,10,2,1,0,0,1,0,0,0,1
"POINT (13.802032639000060 50.994635279000079)",Unfall 123855 (2021) Kat:3, Licht: 0,123855,3,6,3,10,14,7,0,0,0,1,0,0,0,0
"POINT (13.763008504000027 51.064335842000048)",Unfall 123864 (2021) Kat:3, Licht: 0,123864,3,6,2,09,18,4,0,0,0,1,0,0,0,0
"POINT (13.775143696000043 51.110325663000026)",Unfall 123866 (2021) Kat:3, Licht: 0,123866,3,1,0,08,13,4,1,0,1,0,0,0,0,0
"POINT (13.778481907000071 51.111791210000035)",Unfall 123869 (2021) Kat:3, Licht: 0,123869,3,6,2,10,11,3,0,0,0,1,0,0,0,0
"POINT (13.935932612000045 51.055558535000046)",Unfall 123871 (2021) Kat:3, Licht: 0,123871,3,6,2,09,14,6,0,0,0,1,0,0,0,0
"POINT (13.703806350000036 51.043699663000041)",Unfall 123887 (2021) Kat:3, Licht: 0,123887,3,6,6,08,19,7,0,0,1,0,1,0,0,0
"POINT (13.722824884000033 51.054603270000030)",Unfall 123888 (2021) Kat:3, Licht: 0,123888,3,1,3,08,19,2,0,0,1,1,0,0,0,0
"POINT (13.731706883000072 51.026230155000064)",Unfall 123895 (2021) Kat:3, Licht: 0,123895,3,1,0,08,07,5,1,0,0,0,0,1,0,0
"POINT (13.707462479000071 51.020619862000046)",Unfall 123899 (2021) Kat:3, Licht: 0,123899,3,1,0,06,08,6,1,0,1,0,0,0,0,0
"POINT (13.722575319000043 51.054413191000037)",Unfall 123920 (2021) Kat:3, Licht: 0,123920,3,6,2,06,15,5,0,0,1,1,0,0,0,0
"POINT (13.844338156000049 51.061898438000071)",Unfall 123923 (2021) Kat:2, Licht: 0,123923,2,4,6,08,10,6,0,0,0,1,1,0,0,0
"POINT (13.759178324000061 51.024002917000075)",Unfall 123932 (2021) Kat:2, Licht: 0,123932,2,7,7,07,07,6,0,0,1,0,0,0,0,0
"POINT (13.689565994000077 51.068089980000082)",Unfall 123933 (2021) Kat:3, Licht: 0,123933,3,2,5,10,16,6,0,0,1,1,0,0,0,0
"POINT (13.712739159000023 51.061570598000060)",Unfall 123934 (2021) Kat:3, Licht: 0,123934,3,2,0,07,06,1,0,0,0,1,1,0,0,0
"POINT (13.731195829000058 51.024817455000061)",Unfall 123944 (2021) Kat:3, Licht: 0,123944,3,2,3,08,14,2,0,0,1,1,0,0,0,0
"POINT (13.767455615000074 51.118053808000070)",Unfall 123947 (2021) Kat:3, Licht: 0,123947,3,3,5,10,08,2,0,0,0,1,0,0,0,0
"POINT (13.644739920000063 51.029362126000080)",Unfall 123957 (2021) Kat:2, Licht: 0,123957,2,1,9,06,13,1,0,0,0,1,0,0,0,0
"POINT (13.702529349000031 51.059087141000077)",Unfall 123958 (2021) Kat:3, Licht: 0,123958,3,4,6,09,13,3,0,0,0,1,1,0,0,0
"POINT (13.641360099000053 51.086344449000080)",Unfall 123996 (2021) Kat:3, Licht: 0,123996,3,3,5,08,15,2,0,0,1,1,0,0,0,0
"POINT (13.749290354000038 51.130904570000041)",Unfall 123999 (2021) Kat:3, Licht: 2,123999,3,6,3,09,19,4,0,2,0,1,0,0,1,0
"POINT (13.789885542000036 51.119002189000071)",Unfall 124005 (2021) Kat:2, Licht: 0,124005,2,1,0,09,15,2,0,0,1,0,0,0,0,0
"POINT (13.800268250000045 50.998257098000067)",Unfall 124008 (2021) Kat:3, Licht: 0,124008,3,7,0,06,19,3,0,0,1,0,0,0,0,0
"POINT (13.708838123000021 51.084351374000050)",Unfall 124012 (2021) Kat:3, Licht: 1,124012,3,1,0,09,05,2,1,1,1,0,0,0,0,0
"POINT (13.720140436000065 51.034957462000079)",Unfall 124026 (2021) Kat:3, Licht: 2,124026,3,1,0,09,04,1,0,2,0,0,0,0,0,1
"POINT (13.738250848000064 51.063902005000045)",Unfall 124029 (2021) Kat:3, Licht: 0,124029,3,6,4,09,17,6,0,0,1,0,0,0,0,1
"POINT (13.766820894000034 51.094232368000064)",Unfall 124033 (2021) Kat:2, Licht: 0,124033,2,6,3,08,15,6,1,0,0,1,0,0,0,0
"POINT (13.913178922000043 51.044239057000027)",Unfall 124038 (2021) Kat:3, Licht: 0,124038,3,1,8,09,08,3,0,0,0,1,0,0,0,0
"POINT (13.668362190000039 51.072934396000051)",Unfall 124058 (2021) Kat:3, Licht: 2,124058,3,1,8,07,21,6,0,2,0,1,0,0,0,0
"POINT (13.848295996000047 51.061830286000031)",Unfall 124067 (2021) Kat:3, Licht: 0,124067,3,4,6,09,15,4,1,0,0,1,1,0,0,0
"POINT (13.747357918000034 51.122828027000025)",Unfall 124076 (2021) Kat:3, Licht: 0,124076,3,6,2,08,08,2,0,0,0,1,0,0,0,0
"POINT (13.695991578000076 51.043279712000071)",Unfall 124082 (2021) Kat:3, Licht: 0,124082,3,1,0,09,11,4,0,0,1,0,0,0,0,0
"POINT (13.701226816000030 51.050089702000037)",Unfall 124123 (2021) Kat:3, Licht: 0,124123,3,1,0,06,17,7,0,0,1,0,0,0,0,0
"POINT (13.743526565000025 51.047679872000060)",Unfall 124126 (2021) Kat:3, Licht: 2,124126,3,4,6,10,05,7,0,2,0,1,1,0,0,0
"POINT (13.823424310000064 51.057652937000057)",Unfall 124139 (2021) Kat:3, Licht: 0,124139,3,1,0,08,18,4,0,0,1,0,0,0,0,0
"POINT (13.740416653000068 51.064725375000080)",Unfall 124157 (2021) Kat:3, Licht: 0,124157,3,6,0,08,20,4,0,0,0,1,0,1,0,0
"POINT (13.719972965000068 51.102650758000038)",Unfall 124161 (2021) Kat:2, Licht: 0,124161,2,6,2,10,09,3,0,0,0,0,0,0,1,0
"POINT (13.725731276000033 51.056805825000026)",Unfall 124164 (2021) Kat:3, Licht: 0,124164,3,3,5,07,19,2,0,0,1,1,0,0,0,1
"POINT (13.864512431000037 51.053776682000034)",Unfall 124171 (2021) Kat:3, Licht: 0,124171,3,1,0,09,08,3,0,0,0,0,0,1,0,0
"POINT (13.728081251000049 51.058518140000047)",Unfall 124174 (2021) Kat:3, Licht: 0,124174,3,3,5,06,14,5,0,0,1,1,0,0,0,0
"POINT (13.704930885000067 51.085587913000040)",Unfall 124175 (2021) Kat:3, Licht: 0,124175,3,1,4,07,06,2,0,0,1,1,0,0,0,0
"POINT (13.719268836000026 51.076439064000056)",Unfall 124181 (2021) Kat:3, Licht: 0,124181,3,6,2,08,12,7,0,0,0,1,0,0,0,0
"POINT (13.709837263000054 51.083997919000069)",Unfall 124193 (2021) Kat:3, Licht: 0,124193,3,1,0,06,16,3,0,0,1,0,0,0,0,0
"POINT (13.746108050000032 51.057109074000039)",Unfall 124206 (2021) Kat:3, Licht: 0,124206,3,3,2,09,10,2,0,0,1,1,0,0,0,0
"POINT (13.742020206000063 51.064675250000050)",Unfall 124221 (2021) Kat:3, Licht: 0,124221,3,3,5,07,08,3,0,0,1,1,0,0,0,0
"POINT (13.738337387000058 51.063942398000052)",Unfall 124233 (2021) Kat:3, Licht: 0,124233,3,2,4,10,17,7,0,0,1,1,0,0,0,0
"POINT (13.738277877000030 51.063919074000069)",Unfall 124235 (2021) Kat:3, Licht: 0,124235,3,2,5,09,17,2,0,0,1,1,0,0,0,0
"POINT (13.749286942000026 51.130893418000028)",Unfall 124251 (2021) Kat:3, Licht: 0,124251,3,6,3,09,10,4,0,0,0,1,0,0,1,0
"POINT (13.745086867000055 51.049503553000079)",Unfall 124252 (2021) Kat:3, Licht: 0,124252,3,6,3,06,16,6,0,0,1,1,0,0,0,0
"POINT (13.699880823000058 51.025855805000049)",Unfall 124255 (2021) Kat:3, Licht: 0,124255,3,7,0,10,16,6,0,0,1,0,0,0,0,0
"POINT (13.741654234000066 51.112439714000061)",Unfall 124261 (2021) Kat:3, Licht: 0,124261,3,6,3,07,10,4,0,0,0,1,0,0,1,0
"POINT (13.761452702000042 51.022603773000071)",Unfall 124293 (2021) Kat:3, Licht: 0,124293,3,3,5,07,06,2,0,0,1,1,0,0,0,0
"POINT (13.691912255000034 51.084365932000026)",Unfall 124296 (2021) Kat:3, Licht: 0,124296,3,3,5,08,13,2,1,0,0,1,0,0,0,0
"POINT (13.754912123000054 51.062908519000075)",Unfall 124316 (2021) Kat:3, Licht: 0,124316,3,3,5,07,16,5,0,0,0,1,0,0,0,0
"POINT (13.737097549000055 51.063196224000080)",Unfall 124321 (2021) Kat:3, Licht: 0,124321,3,6,3,06,14,3,0,0,1,0,0,0,0,0
"POINT (13.734733290000065 51.074005853000074)",Unfall 124322 (2021) Kat:3, Licht: 0,124322,3,3,5,09,14,4,0,0,1,1,0,0,0,0
"POINT (13.615661474000035 51.038604318000068)",Unfall 124335 (2021) Kat:3, Licht: 0,124335,3,1,0,07,13,6,0,0,0,0,0,1,0,0
"POINT (13.769781202000047 51.116503322000028)",Unfall 124337 (2021) Kat:3, Licht: 2,124337,3,5,0,09,21,3,0,2,1,1,0,0,0,0
"POINT (13.850364577000050 51.061730491000048)",Unfall 124359 (2021) Kat:2, Licht: 0,124359,2,7,0,08,13,7,0,0,0,1,0,0,0,0
"POINT (13.664102781000054 51.076957763000053)",Unfall 124362 (2021) Kat:3, Licht: 0,124362,3,6,2,06,07,4,1,0,0,1,0,0,0,0
"POINT (13.771122794000064 51.016286641000079)",Unfall 124373 (2021) Kat:3, Licht: 0,124373,3,2,5,07,17,5,0,0,1,1,0,0,0,0
"POINT (13.660078708000071 51.079157960000032)",Unfall 124381 (2021) Kat:3, Licht: 0,124381,3,7,0,07,10,4,0,0,1,0,0,0,0,0
"POINT (13.730315068000039 51.069393997000077)",Unfall 124399 (2021) Kat:3, Licht: 0,124399,3,4,6,08,12,7,1,0,0,0,1,1,0,0
"POINT (13.783397125000022 51.113979457000028)",Unfall 124416 (2021) Kat:3, Licht: 0,124416,3,1,0,08,15,6,1,0,1,0,0,0,0,0
"POINT (13.719277533000025 51.095583749000070)",Unfall 124420 (2021) Kat:2, Licht: 2,124420,2,6,2,09,21,4,0,2,0,1,0,1,0,0
"POINT (13.639810774000068 51.030386382000074)",Unfall 124423 (2021) Kat:2, Licht: 0,124423,2,1,0,07,16,5,0,0,1,0,0,0,0,0
"POINT (13.729606955000065 51.111701853000056)",Unfall 124434 (2021) Kat:3, Licht: 0,124434,3,6,2,08,17,4,0,0,0,1,0,0,0,0
"POINT (13.851808606000077 51.118145217000063)",Unfall 124464 (2021) Kat:3, Licht: 0,124464,3,2,9,07,07,5,0,0,0,1,0,0,0,1
"POINT (13.743010420000076 51.124802947000035)",Unfall 124468 (2021) Kat:3, Licht: 0,124468,3,6,1,09,14,1,0,0,0,1,0,0,0,0
"POINT (13.738666948000059 51.029095111000061)",Unfall 124472 (2021) Kat:2, Licht: 0,124472,2,6,3,09,13,2,0,0,0,1,0,1,0,0
"POINT (13.737279855000054 51.085475128000041)",Unfall 124499 (2021) Kat:3, Licht: 0,124499,3,3,5,06,13,6,0,0,0,1,0,0,0,0
"POINT (13.683511846000044 51.020962400000030)",Unfall 124504 (2021) Kat:3, Licht: 0,124504,3,1,4,07,18,7,1,0,0,1,0,0,0,0
"POINT (13.736533289000022 51.071827782000071)",Unfall 124509 (2021) Kat:2, Licht: 0,124509,2,1,4,07,11,7,0,0,1,1,0,0,0,0
"POINT (13.731707891000042 51.067890135000027)",Unfall 124521 (2021) Kat:3, Licht: 0,124521,3,7,8,06,16,4,0,0,0,1,0,0,0,0
"POINT (13.737133241000038 51.063215562000039)",Unfall 124543 (2021) Kat:3, Licht: 0,124543,3,2,5,08,15,2,0,0,1,1,0,0,0,0
"POINT (13.774102326000047 51.013847408000061)",Unfall 124545 (2021) Kat:3, Licht: 0,124545,3,2,5,09,08,6,0,0,1,1,0,0,0,0
"POINT (13.704549425000039 51.039996610000060)",Unfall 124548 (2021) Kat:3, Licht: 0,124548,3,2,4,07,09,5,0,0,0,1,0,0,0,0
"POINT (13.701563385000043 51.091098968000040)",Unfall 124560 (2021) Kat:3, Licht: 0,124560,3,1,0,07,17,5,0,0,1,0,0,0,0,0
"POINT (13.645452974000023 51.078727629000070)",Unfall 124602 (2021) Kat:2, Licht: 0,124602,2,1,0,07,16,5,0,0,1,0,0,0,0,0
"POINT (13.718889896000064 51.012510109000061)",Unfall 124623 (2021) Kat:3, Licht: 0,124623,3,6,2,10,14,2,0,0,0,1,0,0,1,0
"POINT (13.704810896000026 51.036236892000034)",Unfall 124624 (2021) Kat:3, Licht: 0,124624,3,6,2,07,15,4,0,0,0,1,0,0,0,0
"POINT (13.608557476000044 51.033810735000031)",Unfall 124638 (2021) Kat:3, Licht: 2,124638,3,2,5,09,06,2,1,2,1,1,0,0,0,0
"POINT (13.703239370000063 51.098163625000041)",Unfall 124656 (2021) Kat:3, Licht: 0,124656,3,1,2,08,15,7,0,0,0,1,0,0,0,1
"POINT (13.704464234000056 51.050784827000030)",Unfall 124659 (2021) Kat:3, Licht: 0,124659,3,6,2,07,11,6,0,0,0,1,0,0,0,0
"POINT (13.755767981000076 51.076845677000051)",Unfall 124661 (2021) Kat:3, Licht: 0,124661,3,6,2,09,16,4,0,0,0,1,0,0,0,0
"POINT (13.666866520000042 51.070404296000049)",Unfall 124663 (2021) Kat:3, Licht: 0,124663,3,5,1,09,17,2,0,0,1,1,0,0,0,0
"POINT (13.702303854000036 51.043738383000061)",Unfall 124666 (2021) Kat:3, Licht: 0,124666,3,2,2,07,08,6,1,0,1,1,0,0,0,0
"POINT (13.718774406000023 51.039505605000045)",Unfall 124680 (2021) Kat:3, Licht: 0,124680,3,3,5,09,08,2,0,0,1,1,0,0,0,0
"POINT (13.811923830000069 51.064234840000040)",Unfall 124705 (2021) Kat:3, Licht: 0,124705,3,1,0,08,17,4,0,0,1,0,0,0,0,0
"POINT (13.610236776000022 51.039556257000072)",Unfall 124712 (2021) Kat:3, Licht: 0,124712,3,6,2,06,16,6,0,0,0,1,0,0,0,0
"POINT (13.740819659000067 51.058123013000056)",Unfall 124736 (2021) Kat:2, Licht: 2,124736,2,3,5,08,21,4,0,2,0,1,0,0,0,1
"POINT (13.832693690000042 51.059305814000027)",Unfall 124740 (2021) Kat:3, Licht: 0,124740,3,6,2,06,16,6,0,0,0,1,0,0,0,0
"POINT (13.715394774000060 51.101428218000081)",Unfall 124750 (2021) Kat:3, Licht: 2,124750,3,6,2,08,03,1,1,2,0,1,0,0,0,0
"POINT (13.696584511000026 51.043342392000056)",Unfall 124756 (2021) Kat:2, Licht: 1,124756,2,1,0,08,05,2,1,1,1,0,0,0,0,0
"POINT (13.863142727000024 51.103623044000074)",Unfall 124759 (2021) Kat:3, Licht: 0,124759,3,1,9,09,15,7,1,0,0,1,0,0,0,0
"POINT (13.707081773000027 51.061615395000047)",Unfall 124768 (2021) Kat:3, Licht: 0,124768,3,7,8,09,07,3,0,0,0,1,0,0,1,0
"POINT (13.720133708000049 51.093544127000030)",Unfall 124803 (2021) Kat:3, Licht: 0,124803,3,3,3,07,16,5,0,0,1,1,0,0,0,0
"POINT (13.715776657000049 51.078035939000074)",Unfall 124808 (2021) Kat:3, Licht: 0,124808,3,6,2,09,14,5,0,0,0,1,0,0,0,0
"POINT (13.755524255000068 51.063000923000061)",Unfall 124816 (2021) Kat:3, Licht: 2,124816,3,1,0,09,21,6,0,2,1,0,0,0,0,0
"POINT (13.766197886000043 51.065247861000046)",Unfall 124846 (2021) Kat:3, Licht: 0,124846,3,3,5,07,15,3,0,0,0,1,0,0,0,1
"POINT (13.854320580000035 51.062101082000027)",Unfall 124854 (2021) Kat:3, Licht: 0,124854,3,4,6,06,18,4,0,0,1,0,1,0,0,0
"POINT (13.703947424000035 51.043159427000035)",Unfall 124857 (2021) Kat:3, Licht: 0,124857,3,1,0,08,11,7,1,0,1,0,0,0,0,0
"POINT (13.861492255000030 51.060358140000062)",Unfall 124862 (2021) Kat:3, Licht: 0,124862,3,7,0,09,08,2,0,0,1,0,0,0,0,0
"POINT (13.691784455000061 51.009139607000066)",Unfall 124869 (2021) Kat:3, Licht: 0,124869,3,7,0,09,16,1,0,0,0,1,0,0,0,1
"POINT (13.690198350000060 51.073858213000051)",Unfall 124871 (2021) Kat:3, Licht: 0,124871,3,7,0,09,14,6,0,0,1,0,1,0,0,0
"POINT (13.705137838000041 51.085205075000033)",Unfall 124872 (2021) Kat:3, Licht: 0,124872,3,6,2,08,13,5,0,0,0,1,0,0,0,0
"POINT (13.863843942000074 51.103745280000055)",Unfall 124874 (2021) Kat:2, Licht: 0,124874,2,1,9,09,15,7,1,0,0,0,0,0,0,1
"POINT (13.745821056000068 51.028401153000061)",Unfall 124890 (2021) Kat:3, Licht: 0,124890,3,2,5,08,13,7,0,0,1,1,0,0,0,0
"POINT (13.632542792000038 51.039477956000042)",Unfall 124895 (2021) Kat:3, Licht: 0,124895,3,3,5,08,10,4,0,0,0,0,0,0,1,1
"POINT (13.678311722000046 51.019849630000067)",Unfall 124897 (2021) Kat:2, Licht: 2,124897,2,6,4,07,22,6,0,2,1,0,0,0,0,0
"POINT (13.713812305000033 51.080448147000027)",Unfall 124904 (2021) Kat:3, Licht: 0,124904,3,1,5,07,12,4,0,0,1,0,0,0,0,1
"POINT (13.763699316000043 51.087127325000040)",Unfall 124930 (2021) Kat:3, Licht: 0,124930,3,2,5,07,15,4,0,0,1,1,0,0,0,0
"POINT (13.780007089000037 51.112487009000063)",Unfall 124931 (2021) Kat:3, Licht: 0,124931,3,6,6,09,15,4,0,0,1,0,1,0,0,0
"POINT (13.725996137000038 51.056996145000028)",Unfall 124937 (2021) Kat:3, Licht: 0,124937,3,2,5,07,15,4,0,0,1,1,0,0,0,0
"POINT (13.813105971000027 51.083812245000047)",Unfall 124940 (2021) Kat:3, Licht: 0,124940,3,1,8,06,06,1,0,0,0,1,0,0,0,0
"POINT (13.695591066000077 51.022464223000043)",Unfall 124960 (2021) Kat:3, Licht: 2,124960,3,6,4,09,05,2,1,2,1,0,0,0,0,0
"POINT (13.715171348000069 51.078655606000041)",Unfall 124972 (2021) Kat:3, Licht: 0,124972,3,3,5,09,09,7,0,0,1,1,0,0,0,0
"POINT (13.654228662000037 51.081839653000031)",Unfall 124993 (2021) Kat:3, Licht: 0,124993,3,7,4,09,14,5,0,0,0,1,0,0,0,0
"POINT (13.746801003000030 51.063758679000046)",Unfall 125003 (2021) Kat:3, Licht: 0,125003,3,2,5,08,13,5,1,0,1,1,0,0,0,0
"POINT (13.745279824000022 51.048897534000048)",Unfall 125004 (2021) Kat:3, Licht: 2,125004,3,6,2,10,19,3,0,2,0,1,0,0,0,0
"POINT (13.649935206000066 51.083425728000066)",Unfall 125009 (2021) Kat:3, Licht: 0,125009,3,3,5,08,10,7,0,0,1,1,0,0,0,0
"POINT (13.745095262000063 51.118191261000050)",Unfall 125013 (2021) Kat:3, Licht: 1,125013,3,6,3,07,05,4,1,1,0,1,0,0,1,0
"POINT (13.724427869000067 51.088282652000032)",Unfall 125019 (2021) Kat:3, Licht: 0,125019,3,1,0,06,08,4,1,0,1,0,0,0,0,0
"POINT (13.692917454000053 51.082055752000031)",Unfall 125040 (2021) Kat:3, Licht: 0,125040,3,6,2,08,12,5,1,0,0,1,0,0,1,0
"POINT (13.739286781000033 51.074851306000028)",Unfall 125043 (2021) Kat:3, Licht: 0,125043,3,6,0,09,17,5,0,0,1,0,1,0,0,0