WKT,Name,OBJECTID,UKATEGORIE,UTYP1,UART,UMONAT,USTUNDE,UWOCHENTAG,STRZUSTAND,ULICHTVERH,ISTRAD,ISTPKW,ISTFUSS,ISTKRAD,ISTGKFZ,ISTSONSTIG
"POINT (13.795951337000076 50.996076577000053)",Unfall 125048 (2021) Kat:3, Licht: 0,125048,3,3,4,10,10,7,0,0,0,1,0,0,0,0
"POINT (13.794310908000057 51.073824675000026)",Unfall 125052 (2021) Kat:3, Licht: 0,125052,3,3,5,06,20,3,0,0,1,1,0,0,0,0
"POINT (13.733588080000061 51.039498097000035)",Unfall 125057 (2021) Kat:3, Licht: 0,125057,3,1,0,08,13,6,0,0,1,0,0,0,0,0
"POINT (13.691912255000034 51.084365932000026)",Unfall 125059 (2021) Kat:2, Licht: 2,125059,2,3,5,08,22,5,0,2,0,1,0,0,0,0
"POINT (13.691912255000034 51.084365932000026)",Unfall 125065 (2021) Kat:3, Licht: 0,125065,3,3,0,09,15,7,0,0,0,1,0,1,0,0
"POINT (13.743712906000042 51.057410635000053)",Unfall 125067 (2021) Kat:3, Licht: 0,125067,3,7,0,09,15,4,0,0,1,0,0,0,0,0
"POINT (13.822010444000057 51.056484379000040)",Unfall 125068 (2021) Kat:3, Licht: 0,125068,3,1,0,06,07,6,0,0,1,0,0,0,0,0
"POINT (13.690859899000031 51.078364508000050)",Unfall 125073 (2021) Kat:3, Licht: 1,125073,3,1,0,09,19,5,0,1,1,0,0,0,0,0
"POINT (13.718035294000060 51.035897024000064)",Unfall 125076 (2021) Kat:3, Licht: 0,125076,3,3,5,08,20,1,0,0,1,1,0,0,0,0
"POINT (13.610333588000060 51.039496583000073)",Unfall 125092 (2021) Kat:3, Licht: 0,125092,3,6,2,08,12,3,0,0,0,1,0,0,0,1
"POINT (13.723739822000027 51.045391340000037)",Unfall 125093 (2021) Kat:3, Licht: 0,125093,3,3,5,07,15,6,0,0,1,1,0,0,0,0
"POINT (13.743694050000045 51.057291297000063)",Unfall 125102 (2021) Kat:3, Licht: 0,125102,3,7,2,07,11,6,0,0,0,1,0,0,0,0
"POINT (13.734033647000047 51.065807186000029)",Unfall 125104 (2021) Kat:3, Licht: 0,125104,3,6,2,06,07,2,0,0,0,1,0,0,0,0
"POINT (13.701572939000073 51.091092459000038)",Unfall 125110 (2021) Kat:3, Licht: 2,125110,3,1,0,08,22,4,0,2,1,0,0,0,0,0
"POINT (13.703575481000030 51.029824470000051)",Unfall 125118 (2021) Kat:3, Licht: 0,125118,3,1,0,06,17,4,0,0,1,0,0,0,0,0
"POINT (13.788038296000025 51.069822292000026)",Unfall 125123 (2021) Kat:2, Licht: 0,125123,2,2,5,07,17,6,0,0,1,1,0,0,0,0
"POINT (13.746511533000046 51.121831867000026)",Unfall 125128 (2021) Kat:3, Licht: 0,125128,3,6,3,06,08,5,0,0,0,1,0,1,0,0
"POINT (13.595032086000060 51.062345610000079)",Unfall 125131 (2021) Kat:3, Licht: 0,125131,3,6,2,07,16,5,0,0,0,0,0,0,1,1
"POINT (13.680414263000046 51.075468173000047)",Unfall 125144 (2021) Kat:3, Licht: 0,125144,3,6,3,07,16,3,0,0,0,1,0,0,1,0
"POINT (13.727871934000063 51.084578963000070)",Unfall 125161 (2021) Kat:3, Licht: 0,125161,3,3,5,09,07,5,1,0,1,1,0,0,0,0
"POINT (13.725790573000040 51.056849920000047)",Unfall 125166 (2021) Kat:3, Licht: 0,125166,3,6,2,09,18,4,0,0,0,1,0,0,1,0
"POINT (13.783335176000037 51.067102905000070)",Unfall 125173 (2021) Kat:2, Licht: 0,125173,2,4,6,07,17,2,0,0,0,1,1,0,0,0
"POINT (13.687956350000036 51.061975037000082)",Unfall 125188 (2021) Kat:3, Licht: 0,125188,3,3,5,08,12,3,0,0,1,1,0,0,0,0
"POINT (13.776581070000077 51.067289153000047)",Unfall 125194 (2021) Kat:3, Licht: 0,125194,3,2,2,06,14,4,0,0,0,1,0,0,0,0
"POINT (13.672060188000046 51.017139577000080)",Unfall 125202 (2021) Kat:3, Licht: 0,125202,3,3,1,06,18,3,0,0,1,1,0,0,0,0
"POINT (13.743448129000058 51.047580904000029)",Unfall 125214 (2021) Kat:3, Licht: 2,125214,3,3,5,10,20,2,0,2,0,1,0,0,0,1
"POINT (13.719568443000071 51.035215024000081)",Unfall 125220 (2021) Kat:3, Licht: 2,125220,3,3,5,11,19,2,0,2,1,1,0,0,0,0
"POINT (13.767172310000035 51.095026532000077)",Unfall 125221 (2021) Kat:2, Licht: 0,125221,2,2,4,11,07,2,0,0,1,1,0,0,0,0
"POINT (13.723182711000049 51.013093537000032)",Unfall 125244 (2021) Kat:3, Licht: 0,125244,3,6,3,11,07,2,0,0,0,1,0,0,0,0
"POINT (13.738404817000060 51.069134291000069)",Unfall 125245 (2021) Kat:3, Licht: 2,125245,3,2,5,12,06,6,0,2,1,1,0,0,0,0
"POINT (13.690486282000052 51.061406121000061)",Unfall 125253 (2021) Kat:3, Licht: 1,125253,3,2,5,11,16,1,0,1,0,1,0,0,0,0
"POINT (13.832011474000069 51.061814446000028)",Unfall 125264 (2021) Kat:3, Licht: 0,125264,3,6,2,10,12,5,0,0,0,1,0,0,0,0
"POINT (13.772601769000062 51.107412113000066)",Unfall 125270 (2021) Kat:3, Licht: 0,125270,3,7,0,12,09,4,0,0,0,1,0,0,0,0
"POINT (13.749005399000055 51.069524960000081)",Unfall 125292 (2021) Kat:3, Licht: 2,125292,3,4,6,12,07,4,0,2,0,1,1,0,0,0
"POINT (13.785368002000041 51.067021664000038)",Unfall 125297 (2021) Kat:3, Licht: 2,125297,3,2,6,11,17,5,1,2,0,1,1,0,0,0
"POINT (13.690103220000026 51.072733148000054)",Unfall 125299 (2021) Kat:3, Licht: 0,125299,3,3,5,11,07,5,0,0,1,1,0,0,0,0
"POINT (13.681188441000074 51.048593502000074)",Unfall 125319 (2021) Kat:3, Licht: 0,125319,3,3,5,10,06,6,0,0,1,1,0,0,0,0
"POINT (13.728947438000034 51.059335051000062)",Unfall 125331 (2021) Kat:3, Licht: 2,125331,3,3,5,11,05,3,0,2,1,1,0,0,0,0
"POINT (13.628806295000061 51.037837916000058)",Unfall 125333 (2021) Kat:3, Licht: 2,125333,3,6,2,12,06,2,1,2,0,1,0,0,0,0
"POINT (13.692247597000062 51.042824969000037)",Unfall 125340 (2021) Kat:3, Licht: 0,125340,3,6,2,12,08,6,0,0,0,1,0,0,0,0
"POINT (13.702410225000051 51.033127494000041)",Unfall 125374 (2021) Kat:3, Licht: 0,125374,3,3,5,10,17,6,0,0,0,1,0,1,0,0
"POINT (13.765389177000031 51.091910053000049)",Unfall 125390 (2021) Kat:2, Licht: 2,125390,2,4,6,11,19,5,0,2,0,0,1,0,0,1
"POINT (13.767355687000077 51.145889933000035)",Unfall 125392 (2021) Kat:2, Licht: 0,125392,2,6,2,11,15,6,0,0,0,1,0,0,0,0
"POINT (13.831611666000072 51.058987394000042)",Unfall 125440 (2021) Kat:3, Licht: 2,125440,3,7,8,11,03,6,0,2,0,1,0,0,0,0
"POINT (13.737108326000055 51.071112800000037)",Unfall 125447 (2021) Kat:3, Licht: 2,125447,3,3,5,10,05,5,1,2,1,1,0,0,0,0
"POINT (13.689450638000039 51.041512484000066)",Unfall 125452 (2021) Kat:2, Licht: 0,125452,2,4,6,12,14,4,0,0,0,1,1,0,0,0
"POINT (13.801797307000072 50.994456711000055)",Unfall 125467 (2021) Kat:2, Licht: 0,125467,2,7,0,12,13,3,0,0,1,0,0,0,0,0
"POINT (13.719216763000077 51.076459668000041)",Unfall 125496 (2021) Kat:2, Licht: 2,125496,2,6,0,11,17,3,1,2,0,1,0,0,0,1
"POINT (13.718029857000033 51.035899478000033)",Unfall 125529 (2021) Kat:2, Licht: 0,125529,2,3,5,11,10,6,0,0,0,1,0,0,0,1
"POINT (13.724611467000045 51.088080456000057)",Unfall 125581 (2021) Kat:3, Licht: 0,125581,3,1,1,11,07,4,0,0,1,1,0,0,0,0
"POINT (13.748823085000026 51.128648933000079)",Unfall 125587 (2021) Kat:3, Licht: 0,125587,3,6,2,10,15,5,0,0,0,1,0,0,0,1
"POINT (13.729200388000038 51.030939652000029)",Unfall 125664 (2021) Kat:2, Licht: 2,125664,2,1,3,11,18,3,0,2,1,1,0,0,0,0
"POINT (13.788162181000075 51.005726451000044)",Unfall 125692 (2021) Kat:3, Licht: 0,125692,3,1,1,12,14,6,0,0,1,1,0,0,0,0
"POINT (13.803613534000021 50.995315223000034)",Unfall 125693 (2021) Kat:3, Licht: 0,125693,3,3,5,12,12,5,0,0,0,1,0,0,0,0
"POINT (13.767240331000039 51.145992283000055)",Unfall 125718 (2021) Kat:3, Licht: 0,125718,3,1,3,11,13,5,1,0,0,1,0,0,1,1
"POINT (13.782780321000075 51.010300287000064)",Unfall 125744 (2021) Kat:2, Licht: 0,125744,2,1,0,12,15,2,1,0,0,1,0,0,0,0
"POINT (13.727585406000060 51.058137321000061)",Unfall 125762 (2021) Kat:3, Licht: 1,125762,3,4,6,11,06,5,0,1,0,1,1,0,0,0
"POINT (13.777816771000062 51.012902802000042)",Unfall 125777 (2021) Kat:3, Licht: 2,125777,3,3,5,12,18,7,0,2,1,1,0,0,0,0
"POINT (13.707006716000024 51.041759794000029)",Unfall 125804 (2021) Kat:3, Licht: 2,125804,3,7,1,10,02,1,0,2,0,1,0,0,0,0
"POINT (13.692936333000034 51.081782284000042)",Unfall 125812 (2021) Kat:3, Licht: 2,125812,3,3,5,12,21,6,1,2,0,1,0,0,0,0
"POINT (13.827634785000043 51.062197880000042)",Unfall 125815 (2021) Kat:3, Licht: 2,125815,3,1,0,10,17,1,0,2,1,0,0,0,0,0
"POINT (13.666061502000048 51.075727176000044)",Unfall 125824 (2021) Kat:3, Licht: 0,125824,3,6,2,10,08,5,1,0,0,1,0,0,0,0
"POINT (13.730315204000021 51.069393829000035)",Unfall 125912 (2021) Kat:3, Licht: 0,125912,3,3,5,10,16,5,1,0,1,1,0,0,0,0
"POINT (13.747732683000038 51.068052148000049)",Unfall 125937 (2021) Kat:3, Licht: 0,125937,3,6,1,10,12,6,0,0,0,1,0,0,0,0
"POINT (13.715795657000058 51.036889099000064)",Unfall 125949 (2021) Kat:3, Licht: 1,125949,3,2,4,11,16,2,0,1,1,1,0,0,0,0
"POINT (13.691912255000034 51.084365932000026)",Unfall 125957 (2021) Kat:3, Licht: 2,125957,3,3,5,12,18,6,0,2,0,1,0,0,1,0
"POINT (13.748440569000024 51.127341978000061)",Unfall 125976 (2021) Kat:3, Licht: 0,125976,3,6,2,10,14,6,0,0,0,1,0,0,0,0
"POINT (13.863402735000022 51.103687267000055)",Unfall 126002 (2021) Kat:3, Licht: 0,126002,3,1,4,11,14,5,1,0,0,1,0,0,0,0
"POINT (13.728956460000063 51.059424855000032)",Unfall 126021 (2021) Kat:3, Licht: 0,126021,3,6,2,10,13,3,0,0,0,1,0,0,0,0
"POINT (13.607665985000040 51.046719105000079)",Unfall 126025 (2021) Kat:3, Licht: 2,126025,3,1,9,10,22,6,0,2,0,1,0,0,1,1
"POINT (13.733769483000060 51.066025996000064)",Unfall 126031 (2021) Kat:3, Licht: 2,126031,3,1,0,12,00,6,1,2,1,0,0,0,0,0
"POINT (13.729377044000046 51.070396783000035)",Unfall 126101 (2021) Kat:3, Licht: 0,126101,3,1,0,10,16,7,0,0,0,0,0,1,0,0
"POINT (13.738340228000027 51.044097970000053)",Unfall 126116 (2021) Kat:3, Licht: 2,126116,3,4,6,11,16,2,1,2,0,0,1,0,0,1
"POINT (13.703713729000071 51.050673838000080)",Unfall 126141 (2021) Kat:3, Licht: 0,126141,3,2,5,12,07,4,0,0,0,1,0,0,0,0
"POINT (13.623876687000063 51.089050602000043)",Unfall 126148 (2021) Kat:3, Licht: 2,126148,3,7,7,11,17,5,0,2,0,0,0,1,0,0
"POINT (13.736378439000077 51.063861122000048)",Unfall 126155 (2021) Kat:3, Licht: 0,126155,3,1,4,10,07,5,1,0,1,0,0,0,0,0
"POINT (13.791792506000036 51.125528838000037)",Unfall 126178 (2021) Kat:3, Licht: 0,126178,3,3,5,11,14,3,1,0,0,1,0,0,0,0
"POINT (13.718570308000039 51.076724042000080)",Unfall 126181 (2021) Kat:3, Licht: 0,126181,3,7,1,11,14,2,0,0,0,1,0,1,0,0
"POINT (13.767525003000060 51.020376406000082)",Unfall 126189 (2021) Kat:2, Licht: 0,126189,2,4,6,10,07,4,0,0,0,0,1,1,0,0
"POINT (13.749226828000076 51.129990311000029)",Unfall 126206 (2021) Kat:3, Licht: 0,126206,3,6,2,11,09,3,1,0,0,1,0,0,0,0
"POINT (13.712839776000067 51.101002542000060)",Unfall 126216 (2021) Kat:3, Licht: 0,126216,3,6,2,11,14,2,0,0,0,0,0,0,1,0
"POINT (13.614313217000074 51.059413160000076)",Unfall 126240 (2021) Kat:3, Licht: 0,126240,3,6,3,10,17,1,0,0,1,1,0,0,0,0
"POINT (13.793712635000077 51.001708959000041)",Unfall 126244 (2021) Kat:3, Licht: 0,126244,3,3,5,10,17,2,1,0,0,1,0,0,0,1
"POINT (13.776455068000075 51.067294581000056)",Unfall 126260 (2021) Kat:2, Licht: 0,126260,2,3,5,12,14,2,1,0,1,1,0,0,0,0
"POINT (13.686478515000033 51.022401930000058)",Unfall 126300 (2021) Kat:3, Licht: 0,126300,3,1,8,11,13,5,1,0,0,1,0,0,0,0
"POINT (13.874327235000067 51.011926191000043)",Unfall 126331 (2021) Kat:3, Licht: 2,126331,3,2,5,10,06,6,1,2,0,1,0,1,0,0
"POINT (13.770311164000077 50.994649192000054)",Unfall 126339 (2021) Kat:3, Licht: 0,126339,3,6,2,10,15,5,0,0,0,1,0,0,0,0
"POINT (13.726044130000048 51.058736671000077)",Unfall 126391 (2021) Kat:3, Licht: 0,126391,3,3,5,10,08,5,0,0,1,1,0,0,0,0
"POINT (13.741977487000042 51.064679123000076)",Unfall 126435 (2021) Kat:3, Licht: 2,126435,3,4,6,11,22,4,0,2,0,1,1,0,0,0
"POINT (13.739057452000054 51.074088192000033)",Unfall 126543 (2021) Kat:3, Licht: 0,126543,3,6,2,10,11,2,0,0,0,1,0,0,0,0
"POINT (13.745213984000031 51.064150517000030)",Unfall 126584 (2021) Kat:3, Licht: 1,126584,3,1,0,10,19,3,1,1,1,0,0,0,0,0
"POINT (13.739463494000063 51.062801109000077)",Unfall 126616 (2021) Kat:3, Licht: 0,126616,3,2,6,10,10,7,0,0,0,1,1,0,0,0
"POINT (13.752975375000062 51.073889653000037)",Unfall 126683 (2021) Kat:3, Licht: 2,126683,3,3,5,12,18,4,0,2,0,1,0,0,0,1
"POINT (13.709421403000022 51.084227419000058)",Unfall 126704 (2021) Kat:3, Licht: 0,126704,3,1,8,11,10,2,1,0,1,1,0,0,0,0
"POINT (13.719140538000033 51.076489552000055)",Unfall 126706 (2021) Kat:3, Licht: 0,126706,3,6,2,11,10,2,1,0,0,1,0,0,0,0
"POINT (13.736440376000076 51.063805446000060)",Unfall 126709 (2021) Kat:2, Licht: 0,126709,2,2,5,10,09,1,0,0,1,1,0,0,0,0
"POINT (13.728901535000034 51.083599364000065)",Unfall 126749 (2021) Kat:3, Licht: 2,126749,3,3,5,12,17,4,1,2,1,1,0,0,0,0
"POINT (13.704975862000026 51.044345530000044)",Unfall 126789 (2021) Kat:3, Licht: 2,126789,3,1,0,10,18,5,1,2,0,0,0,0,0,1
"POINT (13.863808340000048 51.103742221000061)",Unfall 126815 (2021) Kat:3, Licht: 2,126815,3,1,8,11,19,6,1,2,0,1,0,0,0,0
"POINT (13.731887419000032 51.126363334000075)",Unfall 126845 (2021) Kat:3, Licht: 2,126845,3,2,4,11,05,6,0,2,1,1,0,0,0,0
"POINT (13.730684541000073 51.030411656000069)",Unfall 126886 (2021) Kat:3, Licht: 2,126886,3,3,5,11,17,3,1,2,1,1,0,0,0,0
"POINT (13.794432749000066 51.163305223000066)",Unfall 126901 (2021) Kat:3, Licht: 2,126901,3,7,8,10,23,6,0,2,1,0,0,0,0,0
"POINT (13.862909171000069 51.103541986000039)",Unfall 126923 (2021) Kat:3, Licht: 0,126923,3,1,8,10,16,5,1,0,0,1,0,0,0,0
"POINT (13.804297483000028 50.994720946000029)",Unfall 126925 (2021) Kat:3, Licht: 1,126925,3,1,0,11,06,4,1,1,0,0,0,1,0,0
"POINT (13.736580823000054 51.063678887000037)",Unfall 126927 (2021) Kat:3, Licht: 0,126927,3,3,5,11,15,5,0,0,1,1,0,0,0,0
"POINT (13.771607507000056 51.015694762000066)",Unfall 126929 (2021) Kat:3, Licht: 0,126929,3,6,3,12,12,3,0,0,0,1,0,0,0,0
"POINT (13.872739944000045 51.104781512000045)",Unfall 126936 (2021) Kat:3, Licht: 0,126936,3,1,9,11,11,1,1,0,0,1,0,0,0,0
"POINT (13.689678032000074 51.069434447000049)",Unfall 126937 (2021) Kat:3, Licht: 0,126937,3,3,5,11,14,4,0,0,1,1,0,0,0,0
"POINT (13.821599236000054 51.047759966000058)",Unfall 126958 (2021) Kat:2, Licht: 0,126958,2,1,2,11,13,3,0,0,0,1,0,0,0,0
"POINT (13.756981547000066 51.025514773000054)",Unfall 126962 (2021) Kat:3, Licht: 2,126962,3,3,5,12,19,7,1,2,0,1,0,0,0,0
"POINT (13.742076149000070 51.064670177000039)",Unfall 126967 (2021) Kat:3, Licht: 0,126967,3,2,5,11,13,2,0,0,1,0,0,0,0,1
"POINT (13.714671943000042 51.100099399000044)",Unfall 126988 (2021) Kat:3, Licht: 2,126988,3,6,2,12,18,4,0,2,0,1,0,0,0,0
"POINT (13.768214199000056 51.019910465000066)",Unfall 126994 (2021) Kat:3, Licht: 2,126994,3,7,6,11,17,6,1,2,0,1,1,0,0,0
"POINT (13.704184207000026 51.035404604000064)",Unfall 127014 (2021) Kat:2, Licht: 0,127014,2,7,0,11,09,6,1,0,1,0,0,0,0,0
"POINT (13.851383029000033 51.025605346000077)",Unfall 127032 (2021) Kat:3, Licht: 0,127032,3,1,8,10,08,6,0,0,1,0,0,0,0,0
"POINT (13.691912255000034 51.084365932000026)",Unfall 127036 (2021) Kat:3, Licht: 0,127036,3,3,5,10,12,1,0,0,0,1,0,0,0,0
"POINT (13.732670854000048 51.029566817000045)",Unfall 127059 (2021) Kat:2, Licht: 0,127059,2,3,5,11,09,4,0,0,1,1,0,0,0,0
"POINT (13.718588959000044 51.039494267000066)",Unfall 127097 (2021) Kat:3, Licht: 2,127097,3,2,5,11,05,3,0,2,0,1,0,0,0,0
"POINT (13.800359551000042 51.146375445000047)",Unfall 127142 (2021) Kat:3, Licht: 2,127142,3,4,0,12,16,5,0,2,0,0,1,0,0,1
"POINT (13.823301466000032 51.057599337000056)",Unfall 127208 (2021) Kat:3, Licht: 0,127208,3,7,8,12,15,3,1,0,0,1,0,0,0,0
"POINT (13.717437427000050 51.077217774000076)",Unfall 127226 (2021) Kat:3, Licht: 0,127226,3,4,6,11,14,5,0,0,1,0,1,0,0,0
"POINT (13.761321214000077 51.083407862000058)",Unfall 127305 (2021) Kat:3, Licht: 0,127305,3,3,5,11,14,5,1,0,1,1,0,0,0,0
"POINT (13.841197989000023 51.062110186000041)",Unfall 127307 (2021) Kat:3, Licht: 2,127307,3,6,0,11,17,5,1,2,0,1,0,0,0,1
"POINT (13.640100697000037 51.086807362000059)",Unfall 127381 (2021) Kat:3, Licht: 0,127381,3,6,2,11,12,5,1,0,0,1,0,0,0,0
"POINT (13.755681307000032 51.076770082000053)",Unfall 127388 (2021) Kat:3, Licht: 0,127388,3,4,6,11,11,3,1,0,0,0,1,0,0,1
"POINT (13.595557034000024 51.071715566000080)",Unfall 127420 (2021) Kat:3, Licht: 0,127420,3,1,4,10,07,3,1,0,0,1,0,0,0,0
"POINT (13.695125154000038 51.043190248000030)",Unfall 127431 (2021) Kat:3, Licht: 0,127431,3,3,5,10,09,2,0,0,1,0,0,0,0,1
"POINT (13.736981544000059 51.093029028000046)",Unfall 127444 (2021) Kat:3, Licht: 0,127444,3,6,2,11,14,7,0,0,0,1,0,0,0,0
"POINT (13.743036512000060 51.028692380000052)",Unfall 127469 (2021) Kat:3, Licht: 1,127469,3,3,5,11,07,4,1,1,1,1,0,0,0,0
"POINT (13.739074487000039 51.064231299000028)",Unfall 127494 (2021) Kat:3, Licht: 0,127494,3,1,0,12,08,6,1,0,1,0,0,0,0,0
"POINT (13.628636022000023 51.037866376000068)",Unfall 127502 (2021) Kat:3, Licht: 2,127502,3,6,2,12,06,2,1,2,0,1,0,0,0,0
"POINT (13.722150773000067 51.054032296000059)",Unfall 127507 (2021) Kat:3, Licht: 2,127507,3,6,2,11,20,7,0,2,0,1,0,0,0,0
"POINT (13.740404635000061 51.064721325000050)",Unfall 127521 (2021) Kat:3, Licht: 0,127521,3,6,6,10,17,4,0,0,1,0,1,0,0,0
"POINT (13.701788961000034 51.031541907000076)",Unfall 127548 (2021) Kat:3, Licht: 0,127548,3,6,2,11,15,5,1,0,0,1,0,0,0,1
"POINT (13.707086178000054 51.029280523000068)",Unfall 127569 (2021) Kat:3, Licht: 0,127569,3,3,5,12,09,1,1,0,0,1,0,0,0,0
"POINT (13.769988304000037 51.116361611000059)",Unfall 127570 (2021) Kat:3, Licht: 0,127570,3,3,5,12,13,6,1,0,0,1,0,0,0,0
"POINT (13.759921342000041 51.081393494000054)",Unfall 127594 (2021) Kat:3, Licht: 2,127594,3,3,5,11,18,5,1,2,1,1,0,0,0,0
"POINT (13.719216763000077 51.076459668000041)",Unfall 127602 (2021) Kat:3, Licht: 0,127602,3,3,5,10,16,6,0,0,0,1,0,0,0,0
"POINT (13.665799188000051 51.075892140000065)",Unfall 127607 (2021) Kat:3, Licht: 0,127607,3,6,2,11,13,6,0,0,0,1,0,0,0,0
"POINT (13.634275070000058 51.087389448000067)",Unfall 127638 (2021) Kat:3, Licht: 0,127638,3,4,6,11,09,3,1,0,0,1,1,0,0,0
"POINT (13.739455983000028 51.062789781000049)",Unfall 127641 (2021) Kat:3, Licht: 2,127641,3,3,5,11,17,4,0,2,0,1,0,0,0,0
"POINT (13.863293974000044 51.014165429000059)",Unfall 127663 (2021) Kat:3, Licht: 0,127663,3,2,4,11,10,3,0,0,1,1,0,0,0,0
"POINT (13.766120206000039 51.092742064000049)",Unfall 127665 (2021) Kat:3, Licht: 2,127665,3,1,0,12,05,2,2,2,0,0,0,1,0,0
"POINT (13.712601279000069 51.061566208000045)",Unfall 127764 (2021) Kat:3, Licht: 0,127764,3,1,4,12,14,3,0,0,0,0,0,0,1,1
"POINT (13.707459503000052 51.058462103000068)",Unfall 127770 (2021) Kat:2, Licht: 0,127770,2,6,2,11,07,5,0,0,0,1,0,0,0,0
"POINT (13.765987365000058 51.092765086000043)",Unfall 127796 (2021) Kat:2, Licht: 2,127796,2,1,9,12,05,2,2,2,0,1,0,0,0,0
"POINT (13.713327576000040 51.062781089000055)",Unfall 127820 (2021) Kat:3, Licht: 2,127820,3,1,8,12,20,2,2,2,0,1,0,0,0,0
"POINT (13.707462422000049 51.020619799000031)",Unfall 127880 (2021) Kat:3, Licht: 0,127880,3,1,0,11,07,5,1,0,1,0,0,0,0,0
"POINT (13.756661475000044 51.077570480000077)",Unfall 127941 (2021) Kat:2, Licht: 0,127941,2,4,6,12,13,6,1,0,0,1,1,0,0,0
"POINT (13.632950232000042 51.038403559000074)",Unfall 127949 (2021) Kat:3, Licht: 2,127949,3,2,5,12,07,6,0,2,0,1,0,0,0,0
"POINT (13.719763250000028 51.094144058000040)",Unfall 127954 (2021) Kat:3, Licht: 0,127954,3,1,0,10,15,2,1,0,1,0,0,0,0,0
"POINT (13.720905793000043 51.041355002000046)",Unfall 127962 (2021) Kat:3, Licht: 2,127962,3,4,6,12,17,5,0,2,1,0,1,0,0,0
"POINT (13.715804872000035 51.037033915000052)",Unfall 127968 (2021) Kat:3, Licht: 0,127968,3,2,0,10,14,5,0,0,0,1,0,0,0,1
"POINT (13.860468738000066 51.015786187000060)",Unfall 127970 (2021) Kat:3, Licht: 2,127970,3,1,0,11,18,6,0,2,0,0,0,1,0,0
"POINT (13.729377044000046 51.070396783000035)",Unfall 127973 (2021) Kat:3, Licht: 0,127973,3,3,5,12,15,6,1,0,0,1,0,0,0,0
"POINT (13.713869782000074 51.100855586000080)",Unfall 127975 (2021) Kat:2, Licht: 0,127975,2,1,0,10,16,6,0,0,0,0,0,1,0,0
"POINT (13.727788074000046 51.060178233000045)",Unfall 127999 (2021) Kat:3, Licht: 2,127999,3,2,0,10,19,4,0,2,0,1,0,0,0,1
"POINT (13.732396266000023 51.077613576000033)",Unfall 128015 (2021) Kat:3, Licht: 2,128015,3,7,0,10,23,2,0,2,1,0,0,0,0,0
"POINT (13.738387455000066 51.063962022000055)",Unfall 128048 (2021) Kat:2, Licht: 0,128048,2,6,2,10,16,1,0,0,1,1,0,0,0,0
"POINT (13.780888581000056 51.154199687000073)",Unfall 128093 (2021) Kat:2, Licht: 0,128093,2,1,4,12,10,7,2,0,0,1,0,0,0,0
"POINT (13.701585370000032 51.030589094000049)",Unfall 128140 (2021) Kat:3, Licht: 0,128140,3,3,5,12,09,4,0,0,1,1,0,0,0,0
"POINT (13.610470984000074 51.037683681000033)",Unfall 128163 (2021) Kat:3, Licht: 0,128163,3,1,8,12,11,1,1,0,0,1,0,0,0,0
"POINT (13.731785307000052 51.025911331000032)",Unfall 128170 (2021) Kat:3, Licht: 0,128170,3,6,1,11,07,4,1,0,0,1,0,0,0,0
"POINT (13.681218660000070 51.061860847000048)",Unfall 128173 (2021) Kat:3, Licht: 2,128173,3,2,3,12,07,3,0,2,1,1,0,0,0,0
"POINT (13.846950720000052 51.060450713000080)",Unfall 128233 (2021) Kat:3, Licht: 0,128233,3,7,0,10,17,3,0,0,1,0,0,0,0,0
"POINT (13.750675173000047 51.071359098000073)",Unfall 128278 (2021) Kat:3, Licht: 2,128278,3,6,0,11,18,2,1,2,1,1,0,0,0,0
"POINT (13.773068541000043 51.113964194000062)",Unfall 128287 (2021) Kat:3, Licht: 0,128287,3,6,3,12,15,5,0,0,1,1,0,0,0,0
"POINT (13.727814919000025 51.084630894000043)",Unfall 128329 (2021) Kat:3, Licht: 0,128329,3,2,5,12,09,7,0,0,1,1,0,0,0,0
"POINT (13.763508822000063 51.120612114000039)",Unfall 128342 (2021) Kat:3, Licht: 2,128342,3,2,6,11,05,3,0,2,0,1,1,0,0,0
"POINT (13.818215476000034 51.052348456000061)",Unfall 128374 (2021) Kat:2, Licht: 2,128374,2,7,4,10,06,2,0,2,0,1,0,0,0,1
"POINT (13.713143892000062 51.081412404000048)",Unfall 128407 (2021) Kat:3, Licht: 2,128407,3,6,2,12,06,6,1,2,0,1,0,0,0,1
"POINT (13.761320915000056 51.083407435000026)",Unfall 128420 (2021) Kat:3, Licht: 2,128420,3,3,5,11,16,2,1,2,1,1,0,0,0,0
"POINT (13.793637871000044 51.129244368000059)",Unfall 128465 (2021) Kat:3, Licht: 2,128465,3,3,5,11,18,5,1,2,1,1,0,0,0,0
"POINT (13.702336373000037 51.043737532000080)",Unfall 128478 (2021) Kat:3, Licht: 0,128478,3,3,5,11,16,6,0,0,1,0,0,0,0,1
"POINT (13.714822851000065 51.037389171000029)",Unfall 128485 (2021) Kat:3, Licht: 2,128485,3,7,0,10,22,5,1,2,0,1,0,0,0,0
"POINT (13.763129203000062 51.064366301000064)",Unfall 128493 (2021) Kat:3, Licht: 0,128493,3,6,2,12,12,3,0,0,0,1,0,0,0,0