WKT,Name,OBJECTID,UKATEGORIE,UTYP1,UART,UMONAT,USTUNDE,UWOCHENTAG,STRZUSTAND,ULICHTVERH,ISTRAD,ISTPKW,ISTFUSS,ISTKRAD,ISTGKFZ,ISTSONSTIG
"POINT (13.651925816000073 51.082697109000037)",Unfall 128527 (2021) Kat:3, Licht: 0,128527,3,7,0,12,09,2,1,0,0,1,0,0,0,0
"POINT (13.814402530000052 51.064049104000048)",Unfall 128578 (2021) Kat:3, Licht: 0,128578,3,7,0,10,16,2,0,0,1,0,0,0,0,0
"POINT (13.729916574000072 51.082606030000079)",Unfall 128608 (2021) Kat:3, Licht: 0,128608,3,6,2,10,11,5,0,0,0,1,0,0,0,1
"POINT (13.644655525000076 51.085375870000064)",Unfall 128612 (2021) Kat:3, Licht: 0,128612,3,7,6,10,15,7,0,0,0,0,1,0,0,1
"POINT (13.712702419000038 51.061569428000041)",Unfall 128631 (2021) Kat:3, Licht: 0,128631,3,6,3,12,15,4,0,0,1,1,0,0,0,0
"POINT (13.707020333000060 51.041395978000025)",Unfall 128670 (2021) Kat:3, Licht: 0,128670,3,3,5,11,08,4,1,0,1,1,0,0,0,0
"POINT (13.801781620000042 50.994489569000052)",Unfall 128679 (2021) Kat:3, Licht: 2,128679,3,2,5,12,17,7,1,2,0,1,0,0,0,0
"POINT (13.823980520000077 51.085286527000051)",Unfall 128748 (2021) Kat:3, Licht: 0,128748,3,1,2,10,17,3,1,0,0,1,0,0,0,0
"POINT (13.793901498000025 51.001730083000041)",Unfall 128761 (2021) Kat:3, Licht: 0,128761,3,6,2,11,08,5,0,0,0,1,0,1,0,0
"POINT (13.873310174000039 51.012485180000056)",Unfall 128764 (2021) Kat:3, Licht: 0,128764,3,4,6,12,15,3,0,0,0,1,1,0,0,0
"POINT (13.700488089000032 51.029141918000050)",Unfall 128769 (2021) Kat:3, Licht: 2,128769,3,7,0,11,18,4,0,2,1,0,0,0,0,0
"POINT (13.774513586000069 51.111754958000063)",Unfall 128822 (2021) Kat:3, Licht: 0,128822,3,3,5,12,14,5,1,0,1,1,0,0,0,0
"POINT (13.763261572000033 51.062863800000059)",Unfall 222715 (2021) Kat:3, Licht: 2,222715,3,1,0,01,19,6,1,2,0,1,1,0,0,0
"POINT (13.771363777000033 51.046419227000058)",Unfall 222733 (2021) Kat:2, Licht: 0,222733,2,6,2,01,08,7,2,0,0,1,0,0,0,0
"POINT (13.777973473000031 51.053953493000051)",Unfall 222843 (2021) Kat:3, Licht: 0,222843,3,6,2,01,13,3,1,0,0,1,0,0,0,0
"POINT (13.716932859000053 51.093530436000037)",Unfall 222875 (2021) Kat:3, Licht: 0,222875,3,3,5,01,09,2,1,0,0,1,0,0,0,0
"POINT (13.766149455000061 51.094106446000069)",Unfall 222911 (2021) Kat:3, Licht: 0,222911,3,6,2,01,08,2,2,0,0,1,0,0,0,0
"POINT (13.803232551000065 51.021733888000028)",Unfall 222955 (2021) Kat:3, Licht: 0,222955,3,3,5,01,10,6,0,0,0,1,0,0,0,0
"POINT (13.714798589000054 51.079218651000076)",Unfall 222966 (2021) Kat:3, Licht: 0,222966,3,2,5,01,09,6,1,0,0,1,0,0,0,0
"POINT (13.729161481000062 51.055896376000078)",Unfall 223010 (2021) Kat:3, Licht: 0,223010,3,3,5,01,08,5,0,0,1,0,0,0,1,0
"POINT (13.787565810000046 51.043314529000043)",Unfall 223064 (2021) Kat:2, Licht: 1,223064,2,1,0,01,07,3,1,1,1,0,0,0,0,0
"POINT (13.787031385000034 51.015720236000050)",Unfall 223106 (2021) Kat:2, Licht: 0,223106,2,2,6,01,14,2,1,0,0,0,1,0,0,1
"POINT (13.784171581000066 51.034769389000076)",Unfall 223132 (2021) Kat:3, Licht: 0,223132,3,2,2,01,11,5,0,0,0,1,0,0,0,0
"POINT (13.771742384000049 51.057544243000052)",Unfall 223163 (2021) Kat:2, Licht: 0,223163,2,7,0,01,15,2,0,0,1,0,0,0,0,0
"POINT (13.777746746000048 51.052975835000041)",Unfall 223166 (2021) Kat:2, Licht: 2,223166,2,2,6,01,17,3,1,2,0,1,1,0,0,0
"POINT (13.736896800000068 51.044438633000027)",Unfall 223197 (2021) Kat:3, Licht: 0,223197,3,6,6,01,11,2,0,0,0,1,1,0,0,0
"POINT (13.769583082000054 51.051074679000067)",Unfall 223222 (2021) Kat:3, Licht: 0,223222,3,3,5,01,14,5,0,0,0,1,0,0,0,0
"POINT (13.800764990000062 51.042881890000046)",Unfall 223288 (2021) Kat:3, Licht: 1,223288,3,3,0,01,07,6,1,1,1,1,0,0,0,0
"POINT (13.768246308000073 51.047966684000073)",Unfall 223359 (2021) Kat:3, Licht: 0,223359,3,1,0,01,07,3,2,0,1,0,0,0,0,0
"POINT (13.713142556000037 51.031420505000028)",Unfall 223390 (2021) Kat:3, Licht: 0,223390,3,3,5,01,11,4,1,0,1,1,0,0,0,0
"POINT (13.773574952000047 51.048731525000051)",Unfall 223496 (2021) Kat:3, Licht: 0,223496,3,3,5,01,14,1,1,0,1,1,0,0,0,0
"POINT (13.761490965000064 51.055030567000074)",Unfall 223546 (2021) Kat:3, Licht: 2,223546,3,1,1,01,06,3,2,2,0,1,0,0,0,0
"POINT (13.758380757000054 51.046268806000057)",Unfall 223616 (2021) Kat:3, Licht: 0,223616,3,3,5,01,07,7,1,0,0,1,0,0,0,1
"POINT (13.743093130000034 51.058675990000040)",Unfall 223649 (2021) Kat:3, Licht: 0,223649,3,1,0,01,16,6,1,0,0,0,0,1,0,0
"POINT (13.788522591000060 51.041514704000065)",Unfall 223677 (2021) Kat:3, Licht: 0,223677,3,6,2,01,15,3,1,0,0,1,0,0,0,0
"POINT (13.816243400000076 51.035801958000036)",Unfall 223708 (2021) Kat:2, Licht: 0,223708,2,1,0,01,07,3,2,0,1,0,0,0,0,0
"POINT (13.837300771000059 51.025269135000030)",Unfall 223796 (2021) Kat:3, Licht: 2,223796,3,3,5,01,17,3,1,2,1,1,0,0,0,0
"POINT (13.797596392000059 51.024435293000067)",Unfall 223855 (2021) Kat:2, Licht: 0,223855,2,4,6,01,13,2,0,0,0,1,1,0,0,0
"POINT (13.742033171000060 51.065319706000082)",Unfall 223866 (2021) Kat:3, Licht: 0,223866,3,1,0,01,07,3,1,0,1,0,0,0,0,0
"POINT (13.729930168000067 51.087898146000043)",Unfall 223968 (2021) Kat:3, Licht: 0,223968,3,2,2,03,11,4,0,0,0,1,0,1,0,0
"POINT (13.788716744000055 51.043507802000079)",Unfall 223970 (2021) Kat:3, Licht: 0,223970,3,6,2,04,15,2,0,0,0,1,0,0,0,0
"POINT (13.822812632000023 51.032078375000026)",Unfall 223977 (2021) Kat:3, Licht: 0,223977,3,3,5,04,11,6,0,0,0,1,0,0,0,0
"POINT (13.758712714000069 51.049509388000047)",Unfall 223978 (2021) Kat:3, Licht: 0,223978,3,3,5,03,15,5,1,0,0,1,0,0,0,0
"POINT (13.817017032000024 51.062248987000032)",Unfall 223980 (2021) Kat:3, Licht: 0,223980,3,1,1,05,14,3,0,0,1,1,0,0,0,0
"POINT (13.713732579000066 51.052113588000054)",Unfall 223981 (2021) Kat:3, Licht: 0,223981,3,3,5,02,10,4,0,0,1,1,0,0,0,0
"POINT (13.750231333000045 51.132162383000036)",Unfall 223985 (2021) Kat:3, Licht: 0,223985,3,6,2,04,10,7,0,0,0,1,0,0,0,0
"POINT (13.711569958000041 51.050505690000080)",Unfall 223995 (2021) Kat:3, Licht: 0,223995,3,4,6,04,15,4,0,0,0,0,1,0,0,1
"POINT (13.730789249000054 51.038691667000080)",Unfall 223999 (2021) Kat:3, Licht: 0,223999,3,7,0,05,14,3,0,0,0,0,0,1,0,0
"POINT (13.770994268000038 51.040043647000061)",Unfall 224005 (2021) Kat:3, Licht: 0,224005,3,3,5,04,15,5,0,0,0,1,0,0,0,0
"POINT (13.747942955000042 51.072762638000029)",Unfall 224007 (2021) Kat:2, Licht: 0,224007,2,5,1,05,10,3,0,0,0,1,0,0,0,0
"POINT (13.767784334000055 51.026079805000052)",Unfall 224019 (2021) Kat:3, Licht: 0,224019,3,2,5,05,13,2,0,0,1,1,0,0,0,0
"POINT (13.721492812000065 51.077398755000047)",Unfall 224024 (2021) Kat:3, Licht: 0,224024,3,1,0,04,17,2,0,0,1,0,0,0,0,0
"POINT (13.715722815000049 51.106565403000047)",Unfall 224025 (2021) Kat:2, Licht: 0,224025,2,1,0,04,18,1,0,0,1,0,0,0,0,0
"POINT (13.709781954000050 51.098690181000052)",Unfall 224035 (2021) Kat:3, Licht: 0,224035,3,7,0,04,13,6,0,0,1,1,0,0,0,0
"POINT (13.766715630000022 51.041771522000033)",Unfall 224040 (2021) Kat:3, Licht: 0,224040,3,3,5,05,07,6,0,0,0,1,0,0,0,0
"POINT (13.752230609000037 51.077836979000040)",Unfall 224041 (2021) Kat:3, Licht: 0,224041,3,2,5,03,07,3,1,0,0,1,0,0,0,0
"POINT (13.694496532000073 51.081916634000038)",Unfall 224048 (2021) Kat:3, Licht: 0,224048,3,3,5,03,15,2,0,0,1,1,0,0,0,0
"POINT (13.713113663000058 51.031433325000080)",Unfall 224058 (2021) Kat:3, Licht: 0,224058,3,3,5,03,12,3,0,0,0,1,0,1,0,0
"POINT (13.746168678000060 51.059597835000034)",Unfall 224060 (2021) Kat:3, Licht: 2,224060,3,3,5,02,21,6,1,2,1,1,0,0,0,0
"POINT (13.680319487000077 51.052138752000076)",Unfall 224062 (2021) Kat:3, Licht: 0,224062,3,6,2,04,06,3,2,0,0,1,0,0,0,0
"POINT (13.775752437000051 51.050857832000077)",Unfall 224069 (2021) Kat:2, Licht: 0,224069,2,2,5,03,14,6,0,0,1,1,0,0,0,0
"POINT (13.804770057000042 51.039864400000056)",Unfall 224072 (2021) Kat:2, Licht: 0,224072,2,2,5,04,08,6,0,0,1,1,0,0,0,0
"POINT (13.792385084000045 51.058186767000052)",Unfall 224076 (2021) Kat:3, Licht: 0,224076,3,3,5,02,13,4,1,0,0,1,0,0,0,0
"POINT (13.741498247000038 51.023653228000057)",Unfall 224080 (2021) Kat:3, Licht: 0,224080,3,2,4,02,09,4,0,0,0,1,0,0,0,0
"POINT (13.823634125000069 51.011675738000065)",Unfall 224085 (2021) Kat:2, Licht: 0,224085,2,4,0,02,11,4,0,0,1,0,1,0,0,0
"POINT (13.726441722000061 51.081592871000055)",Unfall 224086 (2021) Kat:3, Licht: 0,224086,3,5,1,04,15,5,0,0,1,1,0,0,0,0
"POINT (13.712689541000032 51.080899724000062)",Unfall 224089 (2021) Kat:2, Licht: 0,224089,2,3,5,05,19,4,0,0,1,1,0,0,0,0
"POINT (13.786440805000041 51.028577908000045)",Unfall 224093 (2021) Kat:3, Licht: 2,224093,3,2,6,03,20,1,0,2,0,1,1,0,0,0
"POINT (13.808489470000040 51.011589283000035)",Unfall 224095 (2021) Kat:3, Licht: 0,224095,3,4,0,04,14,3,0,0,0,0,1,0,0,1
"POINT (13.806930854000029 51.004870282000070)",Unfall 224098 (2021) Kat:3, Licht: 0,224098,3,7,1,04,13,4,0,0,0,1,0,0,0,0
"POINT (13.787279009000031 51.119987960000060)",Unfall 224100 (2021) Kat:3, Licht: 0,224100,3,3,5,03,14,2,0,0,0,1,0,0,0,0
"POINT (13.793177354000022 51.043073639000056)",Unfall 224104 (2021) Kat:3, Licht: 2,224104,3,4,6,03,23,3,0,2,0,1,0,0,0,1
"POINT (13.747313242000075 51.070424466000077)",Unfall 224105 (2021) Kat:3, Licht: 0,224105,3,3,5,04,14,6,0,0,0,1,0,0,0,0
"POINT (13.841681586000050 51.019771667000043)",Unfall 224109 (2021) Kat:3, Licht: 0,224109,3,3,5,03,11,3,0,0,1,0,0,0,0,0
"POINT (13.789532672000064 51.018318884000053)",Unfall 224115 (2021) Kat:3, Licht: 0,224115,3,3,5,05,05,2,0,0,1,1,0,0,0,0
"POINT (13.775583284000049 51.045374651000031)",Unfall 224131 (2021) Kat:3, Licht: 0,224131,3,3,5,03,15,5,0,0,0,1,0,0,0,0
"POINT (13.780458036000027 51.030985748000035)",Unfall 224132 (2021) Kat:3, Licht: 2,224132,3,3,5,04,21,4,0,2,0,1,0,0,0,0
"POINT (13.834713944000043 51.027690795000069)",Unfall 224133 (2021) Kat:2, Licht: 0,224133,2,1,0,04,13,3,0,0,1,0,0,0,0,0
"POINT (13.702583649000076 51.036615096000048)",Unfall 224137 (2021) Kat:3, Licht: 2,224137,3,1,2,02,18,5,2,2,0,1,0,0,0,0
"POINT (13.764727308000033 51.039720187000057)",Unfall 224138 (2021) Kat:2, Licht: 0,224138,2,1,0,04,16,2,0,0,1,0,0,0,0,0
"POINT (13.728024470000037 51.052342814000042)",Unfall 224147 (2021) Kat:3, Licht: 0,224147,3,1,0,05,12,3,1,0,1,0,0,0,0,0
"POINT (13.706891985000027 51.046465441000066)",Unfall 224148 (2021) Kat:3, Licht: 0,224148,3,6,2,03,17,3,0,0,0,1,0,0,0,1
"POINT (13.807355405000067 51.035605350000026)",Unfall 224152 (2021) Kat:2, Licht: 2,224152,2,4,6,03,19,3,0,2,0,1,1,0,0,0
"POINT (13.741807852000022 51.023610613000073)",Unfall 224153 (2021) Kat:3, Licht: 0,224153,3,1,0,04,14,1,1,0,1,0,0,0,0,0
"POINT (13.801491500000054 51.040999533000047)",Unfall 224158 (2021) Kat:3, Licht: 2,224158,3,1,0,02,20,2,1,2,0,0,0,1,0,0
"POINT (13.786067843000069 51.043357911000044)",Unfall 224161 (2021) Kat:2, Licht: 0,224161,2,4,6,03,14,7,0,0,1,0,1,0,0,0
"POINT (13.841821882000033 51.002264802000070)",Unfall 224162 (2021) Kat:3, Licht: 1,224162,3,2,5,04,06,2,1,1,1,1,0,0,0,0
"POINT (13.806010613000069 51.041235495000080)",Unfall 224163 (2021) Kat:3, Licht: 0,224163,3,2,2,05,08,2,0,0,0,1,0,0,0,0
"POINT (13.747995990000049 51.072825031000036)",Unfall 224169 (2021) Kat:3, Licht: 0,224169,3,5,0,03,15,1,0,0,1,1,0,0,0,0
"POINT (13.749460513000031 51.064744563000033)",Unfall 224182 (2021) Kat:2, Licht: 0,224182,2,3,5,05,13,5,0,0,1,0,0,0,0,0
"POINT (13.861088659000075 51.019323090000057)",Unfall 224184 (2021) Kat:2, Licht: 0,224184,2,3,5,03,14,1,0,0,1,1,0,0,0,0
"POINT (13.803001590000065 51.040429257000028)",Unfall 224188 (2021) Kat:3, Licht: 0,224188,3,3,5,03,14,1,0,0,1,1,0,0,0,0
"POINT (13.829391050000027 51.010572064000030)",Unfall 224192 (2021) Kat:2, Licht: 0,224192,2,2,0,05,16,3,0,0,0,1,0,0,0,1
"POINT (13.777848722000044 51.054133903000036)",Unfall 224193 (2021) Kat:3, Licht: 0,224193,3,7,0,04,17,5,0,0,1,0,0,0,0,0
"POINT (13.692351760000065 51.049033990000055)",Unfall 224199 (2021) Kat:3, Licht: 0,224199,3,7,6,05,15,6,0,0,0,0,1,0,0,1
"POINT (13.741749122000044 51.013184096000032)",Unfall 224208 (2021) Kat:3, Licht: 0,224208,3,6,4,05,13,4,0,0,0,1,0,0,0,0
"POINT (13.735772192000070 51.055332878000058)",Unfall 224209 (2021) Kat:3, Licht: 0,224209,3,7,0,03,15,4,0,0,1,0,0,0,0,0
"POINT (13.793754588000070 51.016332493000050)",Unfall 224210 (2021) Kat:3, Licht: 2,224210,3,3,5,02,06,3,1,2,0,1,0,0,0,0
"POINT (13.733577044000072 51.035266555000078)",Unfall 224213 (2021) Kat:3, Licht: 0,224213,3,4,6,03,08,3,0,0,1,0,1,0,0,0
"POINT (13.754557202000058 51.041150971000036)",Unfall 224220 (2021) Kat:2, Licht: 0,224220,2,6,6,03,16,4,0,0,1,0,1,0,0,0
"POINT (13.741047290000040 51.035351989000048)",Unfall 224222 (2021) Kat:3, Licht: 0,224222,3,7,0,04,15,4,0,0,1,0,0,0,0,1
"POINT (13.643768436000073 51.092938034000042)",Unfall 224223 (2021) Kat:2, Licht: 0,224223,2,2,4,04,14,3,0,0,1,0,0,0,0,0
"POINT (13.795378864000043 51.045076419000054)",Unfall 224228 (2021) Kat:2, Licht: 0,224228,2,2,2,02,10,1,0,0,1,0,0,0,0,0
"POINT (13.768827561000023 51.056927644000041)",Unfall 224232 (2021) Kat:3, Licht: 0,224232,3,6,2,05,14,3,0,0,0,1,1,0,0,0
"POINT (13.790206546000036 51.022678010000050)",Unfall 224238 (2021) Kat:3, Licht: 0,224238,3,3,5,04,16,3,1,0,1,1,0,0,0,0
"POINT (13.719755149000036 51.078761326000063)",Unfall 224241 (2021) Kat:3, Licht: 0,224241,3,3,5,05,11,7,0,0,0,1,0,1,0,0
"POINT (13.738389929000050 51.047039281000082)",Unfall 224242 (2021) Kat:3, Licht: 0,224242,3,4,0,02,16,4,0,0,1,0,1,0,0,0
"POINT (13.822838044000036 51.128823079000028)",Unfall 224252 (2021) Kat:3, Licht: 0,224252,3,4,6,02,16,1,0,0,0,1,1,0,0,0
"POINT (13.764254135000044 51.053131171000075)",Unfall 224253 (2021) Kat:3, Licht: 0,224253,3,1,0,03,07,2,1,0,1,0,0,0,0,0
"POINT (13.742393423000067 51.042091170000049)",Unfall 224254 (2021) Kat:3, Licht: 0,224254,3,3,5,05,15,4,1,0,1,1,0,0,0,0
"POINT (13.788957717000073 51.027488365000067)",Unfall 224256 (2021) Kat:3, Licht: 0,224256,3,5,2,01,11,5,0,0,0,1,0,0,0,0
"POINT (13.699877714000024 51.022755982000035)",Unfall 224264 (2021) Kat:3, Licht: 0,224264,3,2,5,02,11,5,0,0,1,1,0,0,0,0
"POINT (13.809052412000028 51.034828560000051)",Unfall 224267 (2021) Kat:3, Licht: 0,224267,3,2,6,04,14,6,0,0,0,1,1,0,0,0
"POINT (13.633084434000068 51.085247272000061)",Unfall 224270 (2021) Kat:3, Licht: 0,224270,3,2,5,05,12,2,0,0,0,1,0,0,0,0
"POINT (13.805968334000056 51.049609968000027)",Unfall 224277 (2021) Kat:3, Licht: 0,224277,3,2,6,02,10,5,0,0,0,1,1,0,0,0
"POINT (13.789532490000056 51.018318963000070)",Unfall 224292 (2021) Kat:2, Licht: 2,224292,2,3,5,05,21,1,0,2,1,1,0,0,0,0
"POINT (13.743898562000027 51.060897583000042)",Unfall 224296 (2021) Kat:3, Licht: 0,224296,3,4,6,04,18,5,0,0,0,1,1,0,0,0
"POINT (13.798276032000047 51.045561845000066)",Unfall 224302 (2021) Kat:2, Licht: 0,224302,2,5,0,05,08,5,0,0,1,1,0,0,0,0
"POINT (13.773393254000041 51.127516680000042)",Unfall 224303 (2021) Kat:3, Licht: 0,224303,3,3,5,02,15,6,0,0,1,1,0,0,0,0
"POINT (13.761555818000033 51.046640640000078)",Unfall 224306 (2021) Kat:3, Licht: 0,224306,3,1,1,03,08,3,1,0,1,1,0,0,0,0
"POINT (13.755888081000023 51.055935281000075)",Unfall 224308 (2021) Kat:3, Licht: 0,224308,3,1,0,04,10,3,0,0,1,0,0,0,0,0
"POINT (13.761721930000022 51.031734552000046)",Unfall 224313 (2021) Kat:3, Licht: 0,224313,3,3,5,03,09,3,1,0,1,1,0,0,0,0
"POINT (13.682816144000071 51.042415367000046)",Unfall 224322 (2021) Kat:3, Licht: 0,224322,3,6,2,05,10,3,0,0,1,1,0,0,0,0
"POINT (13.699005953000039 51.087797785000078)",Unfall 224324 (2021) Kat:3, Licht: 2,224324,3,3,5,03,21,3,0,2,0,1,0,0,0,0
"POINT (13.856601849000072 51.010897420000049)",Unfall 224337 (2021) Kat:3, Licht: 0,224337,3,6,5,05,17,7,0,0,1,0,0,0,0,0
"POINT (13.800377886000035 51.027254533000075)",Unfall 224342 (2021) Kat:3, Licht: 0,224342,3,2,5,03,13,7,0,0,1,1,0,0,0,0
"POINT (13.747235429000057 51.071922830000062)",Unfall 224347 (2021) Kat:3, Licht: 0,224347,3,3,5,03,18,4,0,0,1,1,0,0,0,0
"POINT (13.791566821000060 51.013300736000076)",Unfall 224348 (2021) Kat:3, Licht: 0,224348,3,6,2,02,12,4,1,0,0,1,0,0,0,1
"POINT (13.789818567000054 51.027146472000027)",Unfall 224353 (2021) Kat:3, Licht: 0,224353,3,6,2,05,16,6,0,0,0,1,0,0,0,0
"POINT (13.760201533000043 51.027015038000059)",Unfall 224355 (2021) Kat:3, Licht: 0,224355,3,2,6,02,10,6,0,0,0,1,1,0,0,0
"POINT (13.729259119000062 51.093126658000074)",Unfall 224356 (2021) Kat:3, Licht: 0,224356,3,7,1,05,17,5,1,0,1,1,0,0,0,0
"POINT (13.777196408000066 51.060093246000065)",Unfall 224358 (2021) Kat:3, Licht: 2,224358,3,3,5,01,17,4,0,2,1,1,0,0,0,0
"POINT (13.778120188000059 51.049722824000071)",Unfall 224360 (2021) Kat:3, Licht: 0,224360,3,3,5,04,08,4,0,0,1,1,0,0,0,0
"POINT (13.794554120000043 51.002963119000071)",Unfall 224363 (2021) Kat:3, Licht: 0,224363,3,1,0,05,17,2,0,0,1,0,0,0,0,0
"POINT (13.763653168000076 51.025845943000036)",Unfall 224369 (2021) Kat:3, Licht: 0,224369,3,1,0,04,06,7,1,0,1,0,0,0,0,0
"POINT (13.781269405000046 51.054393322000067)",Unfall 224375 (2021) Kat:3, Licht: 0,224375,3,7,0,04,15,5,0,0,1,1,0,0,0,0
"POINT (13.697436095000057 51.032803510000065)",Unfall 224378 (2021) Kat:3, Licht: 0,224378,3,4,6,04,08,2,1,0,0,1,1,0,0,0
"POINT (13.789531077000049 51.018319574000031)",Unfall 224379 (2021) Kat:2, Licht: 2,224379,2,3,5,05,21,1,0,2,1,1,0,0,0,0
"POINT (13.737466797000025 51.087235074000034)",Unfall 224383 (2021) Kat:3, Licht: 0,224383,3,6,3,05,08,6,0,0,1,1,0,0,0,0
"POINT (13.756555320000075 51.055089031000080)",Unfall 224385 (2021) Kat:3, Licht: 0,224385,3,3,5,01,13,1,0,0,1,1,0,0,0,0
"POINT (13.782923246000053 51.033446251000044)",Unfall 224388 (2021) Kat:3, Licht: 0,224388,3,2,6,03,13,4,1,0,0,1,1,0,0,0
"POINT (13.788918260000059 51.126051360000076)",Unfall 224392 (2021) Kat:3, Licht: 0,224392,3,1,0,02,16,5,0,0,1,0,0,0,0,0
"POINT (13.806190032000075 51.038244972000030)",Unfall 224397 (2021) Kat:3, Licht: 0,224397,3,2,5,05,16,5,0,0,1,1,0,0,0,0
"POINT (13.758204713000055 51.053908205000027)",Unfall 224400 (2021) Kat:3, Licht: 0,224400,3,1,8,02,15,1,2,0,0,1,0,0,0,0
"POINT (13.686368722000054 51.084007485000029)",Unfall 224404 (2021) Kat:3, Licht: 1,224404,3,3,5,05,21,6,0,1,1,1,0,0,0,0
"POINT (13.883371207000039 51.057847479000031)",Unfall 224406 (2021) Kat:3, Licht: 0,224406,3,3,5,02,14,6,1,0,1,1,0,0,0,0
"POINT (13.733248131000039 51.046456599000066)",Unfall 224407 (2021) Kat:2, Licht: 0,224407,2,1,0,05,10,6,1,0,1,0,0,0,0,0
"POINT (13.749394481000024 51.035982841000077)",Unfall 224408 (2021) Kat:3, Licht: 2,224408,3,1,0,03,21,5,1,2,1,0,0,0,0,0
"POINT (13.719570655000041 51.077339558000062)",Unfall 224413 (2021) Kat:3, Licht: 0,224413,3,6,2,03,17,2,0,0,1,1,0,0,0,0
"POINT (13.888072918000034 51.056614724000042)",Unfall 224429 (2021) Kat:2, Licht: 0,224429,2,1,0,02,07,1,2,0,1,0,0,0,0,0
"POINT (13.755196823000063 51.055538189000060)",Unfall 224433 (2021) Kat:3, Licht: 0,224433,3,3,5,03,06,2,0,0,1,1,0,0,0,0
"POINT (13.752841438000075 51.058112798000082)",Unfall 224436 (2021) Kat:3, Licht: 0,224436,3,1,0,04,08,4,0,0,1,0,0,0,0,0
"POINT (13.705389374000049 51.034280326000044)",Unfall 224439 (2021) Kat:3, Licht: 0,224439,3,2,5,05,17,3,0,0,1,1,0,0,0,0
"POINT (13.726313918000073 51.045669130000078)",Unfall 224447 (2021) Kat:3, Licht: 1,224447,3,1,1,05,20,3,1,1,0,1,0,0,0,0
"POINT (13.785324032000062 51.035948544000064)",Unfall 224449 (2021) Kat:3, Licht: 2,224449,3,3,5,02,17,6,1,2,1,1,0,0,0,0
"POINT (13.752343416000031 51.042038480000031)",Unfall 224455 (2021) Kat:3, Licht: 0,224455,3,1,0,02,12,4,0,0,1,0,0,0,0,0
"POINT (13.808641702000045 51.038018757000032)",Unfall 224457 (2021) Kat:3, Licht: 0,224457,3,1,0,04,18,5,1,0,1,0,0,0,0,0
"POINT (13.756556363000072 51.055089468000062)",Unfall 224463 (2021) Kat:3, Licht: 0,224463,3,3,5,05,09,4,0,0,1,1,0,0,0,0
"POINT (13.780489201000023 51.031018223000046)",Unfall 224465 (2021) Kat:3, Licht: 0,224465,3,4,0,04,06,4,0,0,0,1,1,0,0,0
"POINT (13.722913937000044 51.081562361000067)",Unfall 224471 (2021) Kat:3, Licht: 2,224471,3,7,5,02,17,4,1,2,1,1,0,0,0,0
"POINT (13.777966051000021 51.052453623000076)",Unfall 224473 (2021) Kat:2, Licht: 0,224473,2,7,0,05,15,7,0,0,0,1,0,0,0,0
"POINT (13.748483120000060 51.053516328000057)",Unfall 224481 (2021) Kat:2, Licht: 0,224481,2,2,6,01,14,1,0,0,0,1,1,0,0,0
"POINT (13.722349646000055 51.026096702000075)",Unfall 224483 (2021) Kat:3, Licht: 0,224483,3,1,0,04,07,3,0,0,1,0,0,0,0,0
"POINT (13.837089927000022 51.018092233000061)",Unfall 224491 (2021) Kat:3, Licht: 0,224491,3,5,1,05,16,4,1,0,0,1,0,0,0,0
"POINT (13.694435280000050 51.084730968000031)",Unfall 224493 (2021) Kat:3, Licht: 0,224493,3,3,5,04,12,6,0,0,1,1,0,0,0,0
"POINT (13.712062405000040 51.096141695000028)",Unfall 224499 (2021) Kat:3, Licht: 0,224499,3,7,5,04,16,2,0,0,0,1,0,0,0,0
"POINT (13.822785244000045 51.030456943000047)",Unfall 224501 (2021) Kat:2, Licht: 0,224501,2,1,0,03,11,5,0,0,0,0,0,1,0,0
"POINT (13.695941106000078 51.087503320000053)",Unfall 224507 (2021) Kat:3, Licht: 0,224507,3,3,5,04,11,5,0,0,1,1,0,0,0,0
"POINT (13.770274773000040 51.028929005000066)",Unfall 224508 (2021) Kat:2, Licht: 0,224508,2,2,5,03,17,6,0,0,1,1,0,0,0,0
"POINT (13.780359474000022 51.030821841000034)",Unfall 224509 (2021) Kat:3, Licht: 1,224509,3,2,5,02,16,3,1,1,1,1,0,0,0,0
"POINT (13.853656315000023 50.990636971000072)",Unfall 224511 (2021) Kat:2, Licht: 2,224511,2,1,0,05,02,1,1,2,1,0,0,0,0,0
"POINT (13.724658708000050 51.077086717000043)",Unfall 224512 (2021) Kat:3, Licht: 0,224512,3,1,0,03,13,4,1,0,1,0,0,0,0,0
"POINT (13.769679566000036 51.044714880000072)",Unfall 224514 (2021) Kat:3, Licht: 0,224514,3,1,2,05,17,4,0,0,1,1,0,0,0,0
"POINT (13.749135814000056 51.033648949000053)",Unfall 224519 (2021) Kat:3, Licht: 2,224519,3,3,0,03,19,2,0,2,0,1,0,0,0,1
"POINT (13.717885044000070 51.033755744000075)",Unfall 224521 (2021) Kat:3, Licht: 0,224521,3,3,5,04,16,2,0,0,0,1,0,0,0,0
"POINT (13.698986755000021 51.087806194000052)",Unfall 224524 (2021) Kat:3, Licht: 0,224524,3,3,5,03,11,3,0,0,0,1,0,0,0,0