WKT,Name,OBJECTID,UKATEGORIE,UTYP1,UART,UMONAT,USTUNDE,UWOCHENTAG,STRZUSTAND,ULICHTVERH,ISTRAD,ISTPKW,ISTFUSS,ISTKRAD,ISTGKFZ,ISTSONSTIG
"POINT (13.729144312000074 51.055839970000079)",Unfall 224530 (2021) Kat:3, Licht: 0,224530,3,3,5,03,17,2,0,0,0,1,0,0,0,0
"POINT (13.789530882000065 51.018319658000053)",Unfall 224534 (2021) Kat:2, Licht: 0,224534,2,3,5,03,06,2,0,0,1,0,0,0,1,0
"POINT (13.808974032000037 51.047388373000047)",Unfall 224536 (2021) Kat:2, Licht: 0,224536,2,3,5,05,06,2,0,0,1,1,0,0,0,0
"POINT (13.807298557000024 51.005216838000081)",Unfall 224540 (2021) Kat:3, Licht: 0,224540,3,6,2,04,13,4,0,0,0,1,0,0,0,0
"POINT (13.813863819000062 51.020126655000070)",Unfall 224547 (2021) Kat:2, Licht: 0,224547,2,3,5,02,09,6,1,0,1,1,0,0,0,0
"POINT (13.785856241000033 51.060320163000029)",Unfall 224548 (2021) Kat:3, Licht: 0,224548,3,2,5,04,15,1,0,0,1,1,0,0,0,0
"POINT (13.773793957000066 51.046072462000041)",Unfall 224551 (2021) Kat:3, Licht: 0,224551,3,2,5,04,08,2,1,0,0,1,0,0,0,0
"POINT (13.854369189000067 50.997336311000026)",Unfall 224552 (2021) Kat:3, Licht: 0,224552,3,3,5,05,13,7,0,0,1,1,0,0,0,0
"POINT (13.707217657000058 51.080556248000050)",Unfall 224553 (2021) Kat:3, Licht: 0,224553,3,5,1,02,15,2,0,0,1,1,0,0,0,0
"POINT (13.793267334000063 51.049053233000052)",Unfall 224559 (2021) Kat:3, Licht: 1,224559,3,3,5,05,20,1,1,1,0,1,0,1,0,0
"POINT (13.726223841000035 51.081658752000067)",Unfall 224562 (2021) Kat:3, Licht: 0,224562,3,3,5,05,17,4,1,0,1,0,0,0,0,0
"POINT (13.770993006000026 51.040042283000048)",Unfall 224565 (2021) Kat:3, Licht: 0,224565,3,3,5,05,09,4,0,0,0,1,0,0,0,0
"POINT (13.791842670000051 51.029313071000047)",Unfall 224571 (2021) Kat:3, Licht: 0,224571,3,1,0,03,18,2,0,0,1,0,0,0,0,0
"POINT (13.710146217000045 51.079110843000080)",Unfall 224579 (2021) Kat:3, Licht: 2,224579,3,1,0,05,02,2,0,2,1,0,0,0,0,0
"POINT (13.785411720000070 51.035934707000081)",Unfall 224581 (2021) Kat:3, Licht: 0,224581,3,1,0,05,18,4,0,0,1,0,0,0,0,0
"POINT (13.810136269000054 51.009837963000052)",Unfall 224587 (2021) Kat:3, Licht: 0,224587,3,6,2,04,16,3,0,0,0,1,0,0,0,0
"POINT (13.685273123000059 51.058192304000045)",Unfall 224593 (2021) Kat:3, Licht: 0,224593,3,5,1,05,15,3,0,0,0,1,0,0,0,1
"POINT (13.808289456000068 51.052693025000053)",Unfall 224594 (2021) Kat:3, Licht: 0,224594,3,1,0,02,12,4,0,0,1,0,0,0,0,0
"POINT (13.657935844000065 51.051809535000075)",Unfall 224598 (2021) Kat:3, Licht: 0,224598,3,6,6,04,16,2,0,0,0,1,1,0,0,0
"POINT (13.701996122000025 51.036506409000026)",Unfall 224608 (2021) Kat:3, Licht: 2,224608,3,3,5,01,20,7,1,2,0,1,0,0,0,0
"POINT (13.786448598000050 51.028586284000028)",Unfall 224616 (2021) Kat:3, Licht: 1,224616,3,1,0,05,20,4,1,1,1,0,0,0,0,0
"POINT (13.770358704000046 51.052333387000033)",Unfall 224620 (2021) Kat:3, Licht: 2,224620,3,7,0,05,22,5,0,2,1,0,0,0,0,0
"POINT (13.736342144000048 51.090423609000027)",Unfall 224623 (2021) Kat:3, Licht: 1,224623,3,4,6,02,18,3,2,1,0,1,1,0,0,0
"POINT (13.719991523000033 51.054801045000033)",Unfall 224630 (2021) Kat:3, Licht: 0,224630,3,4,6,02,13,4,0,0,1,0,1,0,0,0
"POINT (13.703429813000071 51.094008595000048)",Unfall 224634 (2021) Kat:3, Licht: 2,224634,3,4,6,04,00,6,0,2,0,1,1,0,0,0
"POINT (13.692009792000022 51.049062708000065)",Unfall 224637 (2021) Kat:3, Licht: 2,224637,3,3,5,04,20,6,0,2,0,1,0,0,0,0
"POINT (13.779853169000035 51.044244390000074)",Unfall 224662 (2021) Kat:3, Licht: 0,224662,3,2,6,03,10,1,0,0,0,1,1,0,0,0
"POINT (13.773789592000071 51.046074166000039)",Unfall 224663 (2021) Kat:3, Licht: 0,224663,3,6,2,04,15,6,0,0,0,1,0,1,0,0
"POINT (13.840244109000025 51.021520784000074)",Unfall 224665 (2021) Kat:3, Licht: 0,224665,3,3,5,02,16,2,2,0,0,1,0,0,0,0
"POINT (13.817708768000045 51.011006144000078)",Unfall 224671 (2021) Kat:2, Licht: 0,224671,2,4,6,03,12,6,1,0,0,1,1,0,0,0
"POINT (13.721314024000037 51.088264078000066)",Unfall 224672 (2021) Kat:3, Licht: 0,224672,3,3,5,05,18,5,0,0,1,1,0,0,0,0
"POINT (13.829732831000058 51.000644218000048)",Unfall 224690 (2021) Kat:3, Licht: 0,224690,3,2,5,02,08,6,0,0,1,1,0,0,0,0
"POINT (13.757085092000068 51.049761962000048)",Unfall 224692 (2021) Kat:3, Licht: 0,224692,3,4,6,05,12,4,0,0,0,1,1,0,0,0
"POINT (13.707226565000042 51.036565316000065)",Unfall 224693 (2021) Kat:3, Licht: 0,224693,3,7,1,03,14,2,0,0,0,1,0,0,0,1
"POINT (13.749381436000021 51.035679188000074)",Unfall 224694 (2021) Kat:3, Licht: 2,224694,3,2,6,01,17,6,2,2,0,1,1,0,0,0
"POINT (13.883372726000061 51.057847991000074)",Unfall 224695 (2021) Kat:3, Licht: 0,224695,3,3,5,04,12,3,0,0,1,1,0,0,0,0
"POINT (13.741285755000035 51.090094642000054)",Unfall 224696 (2021) Kat:3, Licht: 0,224696,3,6,2,04,16,3,0,0,0,1,0,0,0,0
"POINT (13.713492478000035 51.082483573000047)",Unfall 224701 (2021) Kat:3, Licht: 0,224701,3,3,5,02,13,6,1,0,1,1,0,0,0,0
"POINT (13.828104107000058 50.997362189000057)",Unfall 224705 (2021) Kat:3, Licht: 0,224705,3,3,5,03,16,4,0,0,1,1,0,0,0,0
"POINT (13.813900431000036 51.054392601000075)",Unfall 224719 (2021) Kat:3, Licht: 2,224719,3,1,0,02,22,6,0,2,0,0,0,0,0,1
"POINT (13.769094661000054 51.052893145000041)",Unfall 224720 (2021) Kat:3, Licht: 0,224720,3,3,5,05,07,7,0,0,0,1,0,0,0,0
"POINT (13.747962125000072 51.066467764000038)",Unfall 224723 (2021) Kat:3, Licht: 1,224723,3,3,5,03,18,6,0,1,1,1,0,0,0,0
"POINT (13.751240526000061 51.042475604000060)",Unfall 224727 (2021) Kat:3, Licht: 0,224727,3,7,0,04,08,2,0,0,0,1,0,0,0,1
"POINT (13.693471668000029 51.017211523000071)",Unfall 224728 (2021) Kat:3, Licht: 0,224728,3,6,6,04,11,1,0,0,0,0,1,0,0,1
"POINT (13.770314976000066 51.046406943000079)",Unfall 224736 (2021) Kat:3, Licht: 0,224736,3,1,0,04,18,7,0,0,1,0,0,0,0,0
"POINT (13.789334553000060 51.031545707000078)",Unfall 224738 (2021) Kat:3, Licht: 0,224738,3,1,0,04,17,6,0,0,1,0,0,0,0,0
"POINT (13.830817527000022 50.999998046000030)",Unfall 224741 (2021) Kat:3, Licht: 0,224741,3,7,0,03,16,2,0,0,1,0,0,0,0,0
"POINT (13.698008605000041 51.069660333000058)",Unfall 224743 (2021) Kat:2, Licht: 0,224743,2,1,0,03,18,4,0,0,1,0,0,0,0,0
"POINT (13.771626763000029 51.039449064000053)",Unfall 224745 (2021) Kat:3, Licht: 0,224745,3,6,2,04,14,2,0,0,0,1,0,0,0,0
"POINT (13.763121072000047 51.070627074000072)",Unfall 224746 (2021) Kat:2, Licht: 2,224746,2,7,0,04,20,4,0,2,1,0,0,0,0,0
"POINT (13.760051492000059 51.024773436000032)",Unfall 224756 (2021) Kat:3, Licht: 2,224756,3,5,1,05,04,3,0,2,0,1,0,0,0,1
"POINT (13.844977332000042 51.017490055000053)",Unfall 224759 (2021) Kat:3, Licht: 0,224759,3,3,5,05,16,3,0,0,1,1,0,0,0,0
"POINT (13.780635615000051 51.070767312000044)",Unfall 224760 (2021) Kat:2, Licht: 0,224760,2,6,2,03,05,3,0,0,1,1,0,0,0,0
"POINT (13.823911721000059 51.033854299000041)",Unfall 224765 (2021) Kat:3, Licht: 0,224765,3,1,0,04,13,4,0,0,1,0,0,0,0,0
"POINT (13.820349741000030 51.006300314000043)",Unfall 224769 (2021) Kat:3, Licht: 0,224769,3,6,6,05,14,6,0,0,1,0,1,0,0,0
"POINT (13.790260316000058 51.047990967000032)",Unfall 224770 (2021) Kat:3, Licht: 0,224770,3,7,0,03,15,6,0,0,1,0,0,0,0,0
"POINT (13.754245387000026 51.015388372000075)",Unfall 224771 (2021) Kat:3, Licht: 2,224771,3,2,6,01,18,5,1,2,0,1,1,0,0,0
"POINT (13.805134225000074 51.032629115000077)",Unfall 224778 (2021) Kat:2, Licht: 0,224778,2,4,6,02,06,5,0,0,0,1,1,0,0,0
"POINT (13.757799249000072 51.051455953000072)",Unfall 224779 (2021) Kat:3, Licht: 0,224779,3,3,5,05,07,6,1,0,0,1,0,0,0,0
"POINT (13.721491795000077 51.058821551000051)",Unfall 224780 (2021) Kat:2, Licht: 2,224780,2,6,6,03,20,3,0,2,1,0,1,0,0,0
"POINT (13.756009683000059 51.055910875000052)",Unfall 224784 (2021) Kat:3, Licht: 0,224784,3,3,5,04,11,5,0,0,0,1,0,1,0,0
"POINT (13.727045990000022 51.052630866000072)",Unfall 224788 (2021) Kat:3, Licht: 0,224788,3,1,0,05,12,5,0,0,1,0,0,0,0,0
"POINT (13.790872047000050 51.017658581000035)",Unfall 224794 (2021) Kat:3, Licht: 0,224794,3,3,5,04,09,3,0,0,1,1,0,0,0,0
"POINT (13.778759338000043 51.031453811000063)",Unfall 224807 (2021) Kat:3, Licht: 0,224807,3,3,5,05,15,3,0,0,1,1,0,0,0,0
"POINT (13.800351292000073 51.041384045000029)",Unfall 224812 (2021) Kat:2, Licht: 0,224812,2,6,3,03,10,7,0,0,1,0,0,0,0,0
"POINT (13.798782505000077 51.052954210000053)",Unfall 224815 (2021) Kat:3, Licht: 0,224815,3,3,5,02,16,2,0,0,0,1,0,0,0,0
"POINT (13.816409913000030 51.031597500000032)",Unfall 224818 (2021) Kat:3, Licht: 0,224818,3,5,1,05,15,6,0,0,0,1,0,1,0,0
"POINT (13.780444256000067 51.058984337000027)",Unfall 224820 (2021) Kat:3, Licht: 2,224820,3,1,1,01,00,4,1,2,1,1,0,0,0,0
"POINT (13.690078093000068 51.014791725000066)",Unfall 224821 (2021) Kat:3, Licht: 2,224821,3,6,2,04,21,3,0,2,1,0,0,0,0,0
"POINT (13.656896929000027 51.058282013000053)",Unfall 224823 (2021) Kat:3, Licht: 1,224823,3,3,5,03,17,4,1,1,0,1,0,0,0,1
"POINT (13.718516949000048 51.029017896000028)",Unfall 224826 (2021) Kat:3, Licht: 0,224826,3,3,5,02,14,3,1,0,0,1,0,0,0,1
"POINT (13.722280885000032 51.081466256000056)",Unfall 224827 (2021) Kat:3, Licht: 0,224827,3,3,5,02,14,5,0,0,0,1,0,1,0,0
"POINT (13.699000677000072 51.087800096000080)",Unfall 224833 (2021) Kat:3, Licht: 2,224833,3,3,5,03,22,2,0,2,0,1,0,0,0,0
"POINT (13.761187454000037 51.112089833000027)",Unfall 224838 (2021) Kat:3, Licht: 2,224838,3,6,6,04,21,4,0,2,0,1,1,0,0,0
"POINT (13.785324733000039 51.035947751000037)",Unfall 224842 (2021) Kat:3, Licht: 0,224842,3,3,5,03,08,4,0,0,1,1,0,0,0,0
"POINT (13.765799671000025 51.073158034000073)",Unfall 224852 (2021) Kat:3, Licht: 0,224852,3,1,0,03,10,5,0,0,1,0,0,0,0,0
"POINT (13.781774912000060 51.038326599000072)",Unfall 224861 (2021) Kat:3, Licht: 0,224861,3,1,0,03,15,2,0,0,1,0,0,0,0,0
"POINT (13.754003802000057 51.052288129000033)",Unfall 224863 (2021) Kat:3, Licht: 0,224863,3,7,0,05,15,2,0,0,0,1,0,0,0,0
"POINT (13.757964946000072 51.052259445000061)",Unfall 224865 (2021) Kat:3, Licht: 0,224865,3,3,5,03,16,2,0,0,1,1,0,0,0,0
"POINT (13.757515867000052 51.063288576000048)",Unfall 224869 (2021) Kat:3, Licht: 0,224869,3,3,5,04,05,4,0,0,1,1,0,0,0,0
"POINT (13.721579948000056 51.032137858000056)",Unfall 224870 (2021) Kat:2, Licht: 0,224870,2,7,0,04,17,4,0,0,0,1,0,0,0,0
"POINT (13.781831868000040 51.030237820000082)",Unfall 224878 (2021) Kat:2, Licht: 0,224878,2,2,3,03,13,3,0,0,1,1,0,0,0,0
"POINT (13.630883830000073 51.040975482000079)",Unfall 224879 (2021) Kat:3, Licht: 0,224879,3,7,0,04,09,5,0,0,0,0,0,1,0,0
"POINT (13.718514731000027 51.029017115000045)",Unfall 224882 (2021) Kat:3, Licht: 0,224882,3,3,5,05,07,3,1,0,0,1,0,0,0,0
"POINT (13.798743261000027 51.012463694000076)",Unfall 224884 (2021) Kat:3, Licht: 0,224884,3,2,5,02,12,7,1,0,1,1,0,0,0,0
"POINT (13.777836538000031 51.030454230000032)",Unfall 224890 (2021) Kat:2, Licht: 0,224890,2,6,0,02,12,4,0,0,1,0,0,0,0,0
"POINT (13.793577841000058 51.008100351000053)",Unfall 224892 (2021) Kat:3, Licht: 0,224892,3,6,0,04,11,5,0,0,1,1,0,0,0,0
"POINT (13.796751607000033 51.050029296000048)",Unfall 224893 (2021) Kat:3, Licht: 0,224893,3,5,1,03,08,4,0,0,1,1,0,0,0,0
"POINT (13.701183304000040 51.041999682000039)",Unfall 224910 (2021) Kat:3, Licht: 0,224910,3,6,1,05,14,6,0,0,1,1,0,0,0,0
"POINT (13.788283438000065 51.035984767000059)",Unfall 224929 (2021) Kat:3, Licht: 0,224929,3,3,5,05,05,3,0,0,1,1,0,0,0,0
"POINT (13.793463360000032 51.011635913000077)",Unfall 224930 (2021) Kat:3, Licht: 0,224930,3,5,1,03,14,6,0,0,0,1,0,0,0,1
"POINT (13.776980141000024 51.060012636000067)",Unfall 224931 (2021) Kat:3, Licht: 0,224931,3,6,2,05,07,2,0,0,0,1,0,0,0,0
"POINT (13.777196324000045 51.060094250000077)",Unfall 224934 (2021) Kat:3, Licht: 0,224934,3,3,5,04,19,2,0,0,1,1,0,0,0,0
"POINT (13.697180496000044 51.074140697000075)",Unfall 224937 (2021) Kat:3, Licht: 0,224937,3,6,2,04,09,3,0,0,0,1,0,0,1,0
"POINT (13.668372609000073 51.046859277000067)",Unfall 224946 (2021) Kat:3, Licht: 0,224946,3,2,5,04,16,6,0,0,1,1,0,0,0,0
"POINT (13.715833265000072 51.090491843000052)",Unfall 224948 (2021) Kat:3, Licht: 0,224948,3,3,5,02,10,2,0,0,1,0,0,0,0,1
"POINT (13.801227567000069 51.006608194000080)",Unfall 224949 (2021) Kat:3, Licht: 0,224949,3,1,0,03,09,3,0,0,0,0,0,1,0,0
"POINT (13.779916286000059 51.044329093000044)",Unfall 224955 (2021) Kat:3, Licht: 0,224955,3,3,5,03,06,6,0,0,1,1,0,0,0,0
"POINT (13.710736256000075 51.032511473000056)",Unfall 224956 (2021) Kat:3, Licht: 2,224956,3,3,5,03,18,6,1,2,0,1,0,0,0,0
"POINT (13.672714296000038 51.052879885000038)",Unfall 224966 (2021) Kat:3, Licht: 0,224966,3,3,5,05,19,2,0,0,1,1,0,0,0,0
"POINT (13.808170518000054 51.006059784000058)",Unfall 224967 (2021) Kat:3, Licht: 2,224967,3,3,5,03,05,3,0,2,0,1,0,1,0,0
"POINT (13.684582371000033 51.085028971000042)",Unfall 224968 (2021) Kat:3, Licht: 0,224968,3,2,5,03,12,6,0,0,0,0,0,1,0,1
"POINT (13.752989064000076 51.058997954000063)",Unfall 224971 (2021) Kat:3, Licht: 0,224971,3,1,8,04,16,1,0,0,1,0,0,0,0,0
"POINT (13.727066027000035 51.052624814000069)",Unfall 224973 (2021) Kat:3, Licht: 2,224973,3,6,3,02,20,5,0,2,1,1,0,0,0,0
"POINT (13.773569537000071 51.048732593000068)",Unfall 224976 (2021) Kat:3, Licht: 0,224976,3,3,5,03,08,3,0,0,1,1,0,0,0,0
"POINT (13.790843571000039 51.026724258000058)",Unfall 224978 (2021) Kat:3, Licht: 0,224978,3,3,0,05,17,3,0,0,1,1,0,0,0,0
"POINT (13.775058045000037 51.038184338000065)",Unfall 224984 (2021) Kat:3, Licht: 0,224984,3,2,5,04,15,2,0,0,0,0,0,0,0,1
"POINT (13.714363994000053 51.061114824000072)",Unfall 224987 (2021) Kat:2, Licht: 2,224987,2,1,0,04,20,3,0,2,1,0,0,0,0,0
"POINT (13.798378966000030 51.017977216000077)",Unfall 224988 (2021) Kat:2, Licht: 0,224988,2,1,0,05,19,1,0,0,1,0,0,0,0,0
"POINT (13.746608896000055 51.029620078000050)",Unfall 224989 (2021) Kat:3, Licht: 1,224989,3,3,0,02,17,2,0,1,1,1,0,0,0,0
"POINT (13.736764986000026 51.084847185000058)",Unfall 224990 (2021) Kat:3, Licht: 0,224990,3,6,2,05,10,7,0,0,0,1,0,0,0,0
"POINT (13.803426771000034 51.021519643000033)",Unfall 224996 (2021) Kat:3, Licht: 0,224996,3,3,5,03,09,5,1,0,0,1,0,1,0,0
"POINT (13.674746008000056 51.052759561000073)",Unfall 224997 (2021) Kat:3, Licht: 2,224997,3,1,9,03,21,6,1,2,0,1,0,0,0,0
"POINT (13.829304967000041 51.021172972000045)",Unfall 224998 (2021) Kat:3, Licht: 0,224998,3,6,6,04,16,7,0,0,1,1,1,0,0,0
"POINT (13.756539823000026 51.076311602000033)",Unfall 225001 (2021) Kat:2, Licht: 0,225001,2,6,0,02,09,6,0,0,0,0,0,0,0,1
"POINT (13.712695973000052 51.046295261000068)",Unfall 225003 (2021) Kat:3, Licht: 0,225003,3,3,5,03,07,3,1,0,1,1,0,0,0,0
"POINT (13.793355280000071 51.009029793000082)",Unfall 225007 (2021) Kat:3, Licht: 0,225007,3,7,2,05,15,4,1,0,0,1,0,0,0,1
"POINT (13.791873832000022 51.017124740000042)",Unfall 225013 (2021) Kat:3, Licht: 0,225013,3,7,1,03,08,5,1,0,1,1,0,0,0,0
"POINT (13.777687541000034 51.052852632000054)",Unfall 225014 (2021) Kat:3, Licht: 0,225014,3,6,2,04,14,6,0,0,0,1,0,0,0,0
"POINT (13.648368248000054 51.056419413000071)",Unfall 225016 (2021) Kat:2, Licht: 1,225016,2,1,0,02,07,4,1,1,1,0,0,0,0,0
"POINT (13.840127235000068 51.040538190000063)",Unfall 225017 (2021) Kat:3, Licht: 0,225017,3,7,6,05,14,2,1,0,0,1,1,0,0,0
"POINT (13.768238850000046 51.084747803000027)",Unfall 225020 (2021) Kat:2, Licht: 0,225020,2,3,5,04,06,5,0,0,0,1,0,0,0,1
"POINT (13.773817978000068 51.070565336000072)",Unfall 225031 (2021) Kat:3, Licht: 0,225031,3,6,0,04,12,3,0,0,1,0,0,0,1,0
"POINT (13.721104720000028 51.054407184000070)",Unfall 225045 (2021) Kat:3, Licht: 2,225045,3,4,5,06,23,6,0,2,0,0,1,1,0,0
"POINT (13.804976590000024 51.050211905000026)",Unfall 225047 (2021) Kat:3, Licht: 0,225047,3,2,4,07,09,2,0,0,1,1,0,0,0,0
"POINT (13.773569405000046 51.048732620000067)",Unfall 225054 (2021) Kat:2, Licht: 0,225054,2,3,5,06,14,3,0,0,1,1,0,0,0,0
"POINT (13.750125200000070 51.065415629000029)",Unfall 225060 (2021) Kat:2, Licht: 2,225060,2,1,4,07,23,7,0,2,1,0,0,0,0,0
"POINT (13.798764317000064 51.034783993000076)",Unfall 225064 (2021) Kat:3, Licht: 0,225064,3,5,3,07,11,4,0,0,1,1,0,0,0,0
"POINT (13.742492643000048 51.023541910000063)",Unfall 225065 (2021) Kat:3, Licht: 0,225065,3,1,0,06,12,3,0,0,1,0,0,0,0,0
"POINT (13.775574061000043 51.045396508000067)",Unfall 225069 (2021) Kat:3, Licht: 0,225069,3,3,0,07,16,6,0,0,0,1,0,0,0,1
"POINT (13.750012441000024 51.112759900000071)",Unfall 225076 (2021) Kat:3, Licht: 0,225076,3,6,2,06,14,3,0,0,0,1,0,0,0,0
"POINT (13.887061487000040 51.006666403000054)",Unfall 225078 (2021) Kat:2, Licht: 0,225078,2,1,0,06,18,4,0,0,1,0,0,0,0,0
"POINT (13.745296958000040 51.067913552000050)",Unfall 225079 (2021) Kat:3, Licht: 0,225079,3,1,1,07,14,4,0,0,1,0,0,0,0,1
"POINT (13.785325389000036 51.035947008000051)",Unfall 225084 (2021) Kat:3, Licht: 0,225084,3,3,5,06,08,6,0,0,1,1,0,0,0,0
"POINT (13.808925223000074 51.011881011000071)",Unfall 225085 (2021) Kat:2, Licht: 2,225085,2,1,0,07,22,2,0,2,1,0,0,0,0,0
"POINT (13.718800995000038 51.087843096000029)",Unfall 225086 (2021) Kat:3, Licht: 0,225086,3,3,5,06,13,2,0,0,1,1,0,0,0,0
"POINT (13.785058886000058 51.035678194000070)",Unfall 225090 (2021) Kat:3, Licht: 0,225090,3,3,5,07,11,5,0,0,1,0,0,1,0,0
"POINT (13.776483171000052 51.021557786000074)",Unfall 225104 (2021) Kat:3, Licht: 0,225104,3,6,3,06,13,2,0,0,0,1,0,0,0,0
"POINT (13.758839046000048 51.044532902000071)",Unfall 225105 (2021) Kat:3, Licht: 0,225105,3,1,0,07,19,1,0,0,1,0,0,0,0,0
"POINT (13.784084073000031 51.121281349000071)",Unfall 225107 (2021) Kat:3, Licht: 0,225107,3,3,5,06,17,4,0,0,1,1,0,0,0,0
"POINT (13.788226055000052 51.035947065000073)",Unfall 225110 (2021) Kat:3, Licht: 0,225110,3,3,5,06,10,3,0,0,1,1,0,0,0,0
"POINT (13.760673716000042 51.049193801000058)",Unfall 225111 (2021) Kat:3, Licht: 0,225111,3,2,5,07,07,5,0,0,1,1,0,0,0,0
"POINT (13.749153383000078 51.048052466000058)",Unfall 225116 (2021) Kat:3, Licht: 0,225116,3,6,2,07,07,2,1,0,0,1,0,0,0,1
"POINT (13.779735976000040 51.040988425000080)",Unfall 225138 (2021) Kat:2, Licht: 0,225138,2,4,6,07,11,5,0,0,0,1,1,0,0,0
"POINT (13.737058606000062 51.074530976000062)",Unfall 225139 (2021) Kat:3, Licht: 0,225139,3,3,2,06,10,4,0,0,0,1,0,0,0,1
"POINT (13.798195866000071 51.035406014000046)",Unfall 225142 (2021) Kat:3, Licht: 0,225142,3,3,5,07,07,3,0,0,1,1,0,0,0,0
"POINT (13.765034965000041 51.053761951000070)",Unfall 225145 (2021) Kat:3, Licht: 0,225145,3,7,0,06,15,3,0,0,1,0,0,0,0,0
"POINT (13.791451274000053 51.050725255000032)",Unfall 225148 (2021) Kat:2, Licht: 0,225148,2,3,5,06,14,2,0,0,0,1,0,0,0,0
"POINT (13.688900056000023 51.057966683000075)",Unfall 225150 (2021) Kat:3, Licht: 0,225150,3,1,0,05,07,3,1,0,1,0,0,0,0,0
"POINT (13.748865456000033 51.064144672000054)",Unfall 225159 (2021) Kat:3, Licht: 0,225159,3,7,0,06,13,4,0,0,0,0,0,0,0,1
"POINT (13.711843861000034 51.050396992000060)",Unfall 225169 (2021) Kat:3, Licht: 0,225169,3,5,3,06,07,3,1,0,1,1,0,0,0,0
"POINT (13.808694821000074 51.052851396000051)",Unfall 225171 (2021) Kat:3, Licht: 0,225171,3,6,1,07,18,2,0,0,1,1,0,0,0,0
"POINT (13.844976199000030 51.017490089000034)",Unfall 225178 (2021) Kat:3, Licht: 2,225178,3,1,0,06,23,5,0,2,1,0,0,0,0,0
"POINT (13.792595223000035 51.039650923000067)",Unfall 225183 (2021) Kat:2, Licht: 0,225183,2,7,3,07,20,7,0,0,0,1,0,1,0,0
"POINT (13.720332403000043 51.054707052000026)",Unfall 225184 (2021) Kat:2, Licht: 0,225184,2,2,5,06,14,6,0,0,1,0,0,0,1,0
"POINT (13.777365797000073 51.058712998000033)",Unfall 225186 (2021) Kat:3, Licht: 0,225186,3,2,5,06,07,4,0,0,1,1,0,0,0,0
"POINT (13.684567933000039 51.053953348000050)",Unfall 225189 (2021) Kat:3, Licht: 0,225189,3,1,0,06,07,4,0,0,1,0,0,0,0,0
"POINT (13.819265079000047 50.998232764000079)",Unfall 225192 (2021) Kat:2, Licht: 0,225192,2,7,9,07,07,3,0,0,0,0,0,0,0,1
"POINT (13.715872413000056 51.107001188000027)",Unfall 225194 (2021) Kat:2, Licht: 0,225194,2,1,0,06,16,1,0,0,1,0,0,0,0,0
"POINT (13.760662858000046 51.049163053000029)",Unfall 225204 (2021) Kat:2, Licht: 0,225204,2,2,5,07,18,1,0,0,1,1,0,0,0,0
"POINT (13.711961287000065 51.094787721000046)",Unfall 225206 (2021) Kat:3, Licht: 0,225206,3,2,2,06,08,4,0,0,0,1,0,0,0,0
"POINT (13.808246856000039 51.006051832000026)",Unfall 225209 (2021) Kat:2, Licht: 2,225209,2,3,5,06,01,7,0,2,0,1,0,0,0,0
"POINT (13.747003243000051 51.030223285000034)",Unfall 225210 (2021) Kat:3, Licht: 0,225210,3,2,3,06,15,2,0,0,0,1,0,1,0,0
"POINT (13.737640412000076 51.054533937000031)",Unfall 225215 (2021) Kat:3, Licht: 0,225215,3,2,5,05,17,6,1,0,1,0,0,0,0,0
"POINT (13.708514987000058 51.046953444000053)",Unfall 225216 (2021) Kat:3, Licht: 0,225216,3,6,2,06,12,7,0,0,0,1,0,0,0,0
"POINT (13.682979718000070 51.059760636000078)",Unfall 225219 (2021) Kat:3, Licht: 0,225219,3,1,0,06,18,4,0,0,1,0,0,0,0,0
"POINT (13.793514342000037 51.013052315000039)",Unfall 225224 (2021) Kat:3, Licht: 0,225224,3,7,0,06,15,4,0,0,1,0,0,0,0,0
"POINT (13.827860424000050 51.010253510000041)",Unfall 225226 (2021) Kat:2, Licht: 0,225226,2,7,6,05,09,6,0,0,0,0,1,0,0,1
"POINT (13.793283653000060 51.048544035000077)",Unfall 225227 (2021) Kat:2, Licht: 0,225227,2,5,1,06,14,1,0,0,0,1,0,0,0,1
"POINT (13.777140000000031 51.035718084000052)",Unfall 225228 (2021) Kat:3, Licht: 0,225228,3,2,5,06,07,5,0,0,1,1,0,0,0,0
"POINT (13.782739577000029 51.016718870000034)",Unfall 225233 (2021) Kat:2, Licht: 1,225233,2,7,0,07,21,5,0,1,1,0,0,0,0,0
"POINT (13.747072765000041 51.079076321000059)",Unfall 225236 (2021) Kat:3, Licht: 0,225236,3,6,3,05,05,4,0,0,1,0,0,0,0,1
"POINT (13.753333712000028 51.050332388000072)",Unfall 225237 (2021) Kat:3, Licht: 0,225237,3,3,5,07,12,3,0,0,1,1,0,0,0,0
"POINT (13.765604963000044 51.069268647000058)",Unfall 225239 (2021) Kat:3, Licht: 0,225239,3,3,5,06,13,2,0,0,0,1,0,0,0,1
"POINT (13.748772224000049 51.064051642000038)",Unfall 225241 (2021) Kat:3, Licht: 0,225241,3,3,4,06,18,4,0,0,1,0,0,0,0,0
"POINT (13.760413647000064 51.049204135000082)",Unfall 225249 (2021) Kat:3, Licht: 0,225249,3,1,9,07,19,5,1,0,0,1,0,0,0,0
"POINT (13.770286833000057 51.045328801000039)",Unfall 225255 (2021) Kat:3, Licht: 0,225255,3,4,6,06,10,5,0,0,0,1,1,0,0,0