WKT,Name,OBJECTID,UKATEGORIE,UTYP1,UART,UMONAT,USTUNDE,UWOCHENTAG,STRZUSTAND,ULICHTVERH,ISTRAD,ISTPKW,ISTFUSS,ISTKRAD,ISTGKFZ,ISTSONSTIG
"POINT (13.776418932000070 51.046897958000045)",Unfall 225258 (2021) Kat:3, Licht: 0,225258,3,3,5,06,08,3,0,0,0,1,0,0,0,0
"POINT (13.795890398000040 51.049694630000033)",Unfall 225259 (2021) Kat:3, Licht: 0,225259,3,5,1,07,16,6,0,0,1,1,0,0,0,0
"POINT (13.749066185000061 51.052000224000039)",Unfall 225261 (2021) Kat:3, Licht: 0,225261,3,1,0,07,10,7,0,0,1,0,0,0,0,0
"POINT (13.673082441000076 51.052869252000050)",Unfall 225265 (2021) Kat:2, Licht: 0,225265,2,1,0,06,20,1,0,0,1,0,0,0,0,0
"POINT (13.829959369000051 51.017278916000066)",Unfall 225266 (2021) Kat:3, Licht: 0,225266,3,1,0,06,13,4,0,0,1,0,0,0,0,0
"POINT (13.685747675000073 51.042478276000054)",Unfall 225267 (2021) Kat:3, Licht: 0,225267,3,4,0,06,11,5,0,0,0,0,1,0,0,1
"POINT (13.752350468000031 51.061490841000079)",Unfall 225270 (2021) Kat:3, Licht: 0,225270,3,3,5,06,08,3,0,0,1,1,0,0,0,0
"POINT (13.811780303000035 51.028298977000077)",Unfall 225273 (2021) Kat:3, Licht: 0,225273,3,3,0,07,18,3,1,0,0,1,0,1,0,0
"POINT (13.743132499000069 51.071760552000057)",Unfall 225275 (2021) Kat:3, Licht: 0,225275,3,3,5,07,19,1,0,0,1,1,0,0,0,1
"POINT (13.824860698000066 51.047397373000081)",Unfall 225284 (2021) Kat:2, Licht: 0,225284,2,1,0,05,15,2,0,0,1,0,0,0,0,0
"POINT (13.787713743000040 51.035916686000064)",Unfall 225289 (2021) Kat:2, Licht: 0,225289,2,3,5,07,11,3,0,0,1,1,0,0,0,0
"POINT (13.702031968000028 51.074525332000064)",Unfall 225295 (2021) Kat:3, Licht: 0,225295,3,3,5,06,17,5,0,0,1,0,0,0,0,0
"POINT (13.828633569000033 51.010872098000050)",Unfall 225301 (2021) Kat:3, Licht: 1,225301,3,2,5,07,07,2,1,1,1,1,0,0,0,0
"POINT (13.785489282000071 51.016727821000075)",Unfall 225302 (2021) Kat:3, Licht: 0,225302,3,6,2,05,15,2,0,0,0,1,0,0,0,0
"POINT (13.772623398000064 51.057733583000072)",Unfall 225307 (2021) Kat:3, Licht: 0,225307,3,3,5,06,18,3,1,0,0,1,0,1,0,0
"POINT (13.848687164000069 51.004270102000078)",Unfall 225308 (2021) Kat:3, Licht: 0,225308,3,3,5,07,08,7,1,0,1,1,0,0,0,0
"POINT (13.710947291000025 51.032692779000058)",Unfall 225310 (2021) Kat:3, Licht: 2,225310,3,1,8,07,01,7,0,2,1,0,0,0,0,0
"POINT (13.773586914000077 51.048729165000054)",Unfall 225311 (2021) Kat:3, Licht: 0,225311,3,3,5,05,15,6,0,0,0,1,0,0,0,0
"POINT (13.703316825000059 51.088583506000077)",Unfall 225315 (2021) Kat:2, Licht: 0,225315,2,2,6,06,12,4,0,0,0,1,1,0,0,0
"POINT (13.690080542000032 51.014791209000066)",Unfall 225316 (2021) Kat:3, Licht: 0,225316,3,1,0,06,13,4,1,0,1,0,0,0,0,0
"POINT (13.821518402000038 51.031903369000077)",Unfall 225320 (2021) Kat:3, Licht: 0,225320,3,6,2,06,09,3,0,0,1,1,0,0,0,0
"POINT (13.805501052000068 51.025618733000044)",Unfall 225321 (2021) Kat:3, Licht: 0,225321,3,1,0,05,15,4,0,0,0,0,0,1,0,0
"POINT (13.718071650000070 51.048813181000071)",Unfall 225327 (2021) Kat:3, Licht: 0,225327,3,7,0,07,13,2,0,0,1,0,0,0,0,0
"POINT (13.754113679000056 51.073515807000035)",Unfall 225332 (2021) Kat:2, Licht: 0,225332,2,5,3,07,11,4,1,0,1,1,0,0,0,0
"POINT (13.753074704000028 51.058599387000072)",Unfall 225333 (2021) Kat:3, Licht: 0,225333,3,3,0,07,10,6,0,0,0,1,0,0,0,1
"POINT (13.728422829000067 51.056631549000031)",Unfall 225334 (2021) Kat:3, Licht: 0,225334,3,1,0,06,09,4,0,0,1,0,0,0,0,0
"POINT (13.779960314000050 51.051744086000042)",Unfall 225341 (2021) Kat:2, Licht: 0,225341,2,1,0,06,12,3,0,0,1,0,0,0,0,0
"POINT (13.678823382000076 51.059975538000060)",Unfall 225344 (2021) Kat:3, Licht: 0,225344,3,3,5,07,13,4,0,0,0,1,0,0,0,0
"POINT (13.790662018000035 51.026811478000070)",Unfall 225345 (2021) Kat:3, Licht: 0,225345,3,6,2,06,07,4,0,0,0,1,0,0,0,0
"POINT (13.699206525000022 51.074377476000052)",Unfall 225346 (2021) Kat:3, Licht: 0,225346,3,6,4,06,20,4,0,0,1,0,0,0,0,1
"POINT (13.822014750000051 51.031724755000027)",Unfall 225347 (2021) Kat:3, Licht: 0,225347,3,5,1,07,16,4,0,0,1,1,0,0,0,0
"POINT (13.704699230000074 51.038368487000071)",Unfall 225348 (2021) Kat:3, Licht: 0,225348,3,5,1,07,16,6,0,0,1,1,0,0,0,0
"POINT (13.752205904000050 51.061574719000077)",Unfall 225350 (2021) Kat:3, Licht: 0,225350,3,1,0,07,07,6,1,0,1,0,0,0,0,0
"POINT (13.801049939000052 51.054654904000074)",Unfall 225354 (2021) Kat:3, Licht: 0,225354,3,3,5,06,15,5,0,0,0,1,0,1,0,0
"POINT (13.773396258000048 51.044445047000067)",Unfall 225358 (2021) Kat:3, Licht: 0,225358,3,1,1,06,14,3,0,0,1,1,0,0,0,0
"POINT (13.774676170000077 51.033299867000039)",Unfall 225360 (2021) Kat:3, Licht: 0,225360,3,2,5,07,08,4,0,0,1,1,0,0,0,0
"POINT (13.768232760000046 51.035706738000044)",Unfall 225362 (2021) Kat:3, Licht: 0,225362,3,3,5,07,13,5,0,0,1,0,0,0,0,0
"POINT (13.715146560000051 51.051521275000027)",Unfall 225363 (2021) Kat:3, Licht: 0,225363,3,3,5,05,07,5,0,0,1,1,0,0,0,0
"POINT (13.826705475000040 51.025644235000073)",Unfall 225364 (2021) Kat:3, Licht: 0,225364,3,2,5,07,09,3,0,0,1,1,0,0,0,0
"POINT (13.791338064000058 51.046749626000064)",Unfall 225368 (2021) Kat:3, Licht: 0,225368,3,3,5,06,10,4,0,0,0,1,0,0,0,0
"POINT (13.716540875000021 51.077689000000078)",Unfall 225373 (2021) Kat:3, Licht: 0,225373,3,4,6,05,15,4,0,0,0,1,1,0,0,0
"POINT (13.718533206000075 51.029023613000049)",Unfall 225380 (2021) Kat:3, Licht: 0,225380,3,3,5,06,19,1,0,0,0,1,0,0,0,0
"POINT (13.777774464000061 51.052885678000052)",Unfall 225385 (2021) Kat:3, Licht: 0,225385,3,1,0,06,13,5,1,0,1,0,0,0,0,0
"POINT (13.658225746000028 51.051945945000057)",Unfall 225386 (2021) Kat:3, Licht: 0,225386,3,2,5,07,13,7,0,0,1,1,0,0,0,0
"POINT (13.742043395000053 51.059267480000074)",Unfall 225388 (2021) Kat:3, Licht: 2,225388,3,1,0,06,00,7,0,2,1,0,0,0,0,0
"POINT (13.712390266000057 51.079305527000031)",Unfall 225393 (2021) Kat:2, Licht: 2,225393,2,2,5,06,22,6,0,2,0,1,0,1,0,0
"POINT (13.806177055000035 51.052136561000054)",Unfall 225394 (2021) Kat:2, Licht: 0,225394,2,1,0,06,17,5,0,0,1,0,0,0,0,0
"POINT (13.807061063000049 51.024475672000051)",Unfall 225395 (2021) Kat:3, Licht: 0,225395,3,1,0,06,19,6,0,0,1,0,0,0,0,0
"POINT (13.736516356000038 51.033310323000080)",Unfall 225397 (2021) Kat:3, Licht: 0,225397,3,1,0,07,05,5,0,0,0,0,0,0,0,1
"POINT (13.728100483000048 51.040496142000052)",Unfall 225398 (2021) Kat:3, Licht: 0,225398,3,3,5,06,16,4,0,0,1,0,0,0,0,0
"POINT (13.734962024000026 51.124121219000074)",Unfall 225400 (2021) Kat:3, Licht: 0,225400,3,5,1,05,12,4,1,0,0,0,0,1,0,1
"POINT (13.729898474000038 51.032707301000073)",Unfall 225402 (2021) Kat:3, Licht: 0,225402,3,1,0,07,13,6,0,0,1,0,0,0,0,0
"POINT (13.777132948000030 51.120324121000067)",Unfall 225407 (2021) Kat:3, Licht: 0,225407,3,1,1,07,16,3,0,0,1,1,0,0,0,0
"POINT (13.777431638000053 51.049157540000067)",Unfall 225411 (2021) Kat:3, Licht: 0,225411,3,3,5,06,13,6,0,0,1,1,0,0,0,0
"POINT (13.811754670000028 51.020525826000039)",Unfall 225412 (2021) Kat:3, Licht: 0,225412,3,1,0,07,19,5,1,0,1,0,0,0,0,0
"POINT (13.761660661000064 51.054268578000062)",Unfall 225419 (2021) Kat:3, Licht: 0,225419,3,7,0,06,18,5,0,0,1,1,0,0,0,0
"POINT (13.799266696000075 51.041759875000082)",Unfall 225421 (2021) Kat:3, Licht: 0,225421,3,3,0,06,15,3,0,0,1,1,0,0,0,0
"POINT (13.848362843000075 51.016061623000041)",Unfall 225422 (2021) Kat:3, Licht: 0,225422,3,7,7,06,17,3,0,0,1,0,0,0,0,0
"POINT (13.634857339000064 51.089027741000052)",Unfall 225423 (2021) Kat:3, Licht: 0,225423,3,3,5,05,07,4,0,0,0,1,0,0,0,0
"POINT (13.743622057000039 51.019323886000052)",Unfall 225425 (2021) Kat:3, Licht: 0,225425,3,7,0,07,15,5,0,0,1,1,0,0,0,0
"POINT (13.679206016000023 51.088120817000060)",Unfall 225426 (2021) Kat:3, Licht: 0,225426,3,7,2,07,13,1,0,0,0,0,0,1,0,1
"POINT (13.791113786000039 51.026632682000070)",Unfall 225427 (2021) Kat:3, Licht: 0,225427,3,1,0,05,10,2,0,0,0,0,0,1,0,0
"POINT (13.685739099000045 51.057809984000073)",Unfall 225428 (2021) Kat:3, Licht: 0,225428,3,6,2,06,15,3,0,0,0,1,0,0,0,0
"POINT (13.761246111000048 51.050892846000067)",Unfall 225436 (2021) Kat:2, Licht: 0,225436,2,3,5,06,09,4,0,0,0,1,0,0,0,0
"POINT (13.770927633000042 51.039726931000075)",Unfall 225444 (2021) Kat:2, Licht: 0,225444,2,6,2,07,15,5,0,0,0,0,0,1,0,1
"POINT (13.728599689000077 51.089258787000063)",Unfall 225449 (2021) Kat:2, Licht: 0,225449,2,4,6,07,18,6,0,0,0,1,1,0,0,0
"POINT (13.771641900000077 51.055835296000055)",Unfall 225456 (2021) Kat:3, Licht: 0,225456,3,5,0,06,15,3,0,0,0,1,0,0,0,0
"POINT (13.757237457000031 51.049965484000040)",Unfall 225466 (2021) Kat:3, Licht: 0,225466,3,6,2,06,16,2,0,0,0,1,0,1,0,0
"POINT (13.837121348000039 51.000411012000029)",Unfall 225470 (2021) Kat:3, Licht: 0,225470,3,4,6,07,12,6,0,0,0,1,1,0,0,0
"POINT (13.812298100000078 51.019854065000061)",Unfall 225472 (2021) Kat:3, Licht: 0,225472,3,1,0,06,17,2,0,0,1,0,0,0,0,0
"POINT (13.762550943000065 51.057202914000072)",Unfall 225473 (2021) Kat:3, Licht: 0,225473,3,3,5,07,07,2,1,0,1,1,0,0,0,0
"POINT (13.755520162000039 51.056279476000043)",Unfall 225476 (2021) Kat:2, Licht: 0,225476,2,6,3,06,15,6,0,0,1,0,0,0,0,1
"POINT (13.761993452000070 51.067973819000031)",Unfall 225482 (2021) Kat:3, Licht: 0,225482,3,1,2,07,07,6,1,0,1,1,0,0,0,0
"POINT (13.738116918000060 51.047042122000050)",Unfall 225484 (2021) Kat:3, Licht: 0,225484,3,2,2,06,16,2,0,0,1,1,0,0,0,0
"POINT (13.662973965000049 51.048448333000067)",Unfall 225485 (2021) Kat:2, Licht: 2,225485,2,1,0,07,22,7,0,2,0,0,0,0,0,1
"POINT (13.869606177000037 51.014280485000029)",Unfall 225486 (2021) Kat:3, Licht: 0,225486,3,1,0,06,15,1,0,0,1,0,0,0,0,0
"POINT (13.741862490000074 51.032307942000045)",Unfall 225489 (2021) Kat:3, Licht: 0,225489,3,6,2,07,16,4,0,0,1,1,0,0,0,0
"POINT (13.773298244000046 51.033706959000028)",Unfall 225500 (2021) Kat:3, Licht: 0,225500,3,6,6,07,19,3,0,0,1,0,1,0,0,0
"POINT (13.813849211000047 51.055663427000070)",Unfall 225504 (2021) Kat:3, Licht: 0,225504,3,6,2,06,08,4,0,0,0,1,0,0,0,0
"POINT (13.765584605000072 51.070251754000026)",Unfall 225505 (2021) Kat:3, Licht: 0,225505,3,4,6,07,18,4,0,0,0,1,1,0,0,0
"POINT (13.770137347000059 51.120702325000082)",Unfall 225508 (2021) Kat:3, Licht: 0,225508,3,3,5,05,12,7,0,0,1,1,0,0,0,0
"POINT (13.876020243000028 50.991728069000033)",Unfall 225511 (2021) Kat:2, Licht: 0,225511,2,3,5,06,05,5,0,0,1,1,0,0,0,0
"POINT (13.678093087000036 51.088623208000058)",Unfall 225513 (2021) Kat:3, Licht: 0,225513,3,1,0,06,13,7,1,0,1,0,0,0,0,0
"POINT (13.842463621000036 51.135208144000046)",Unfall 225515 (2021) Kat:3, Licht: 0,225515,3,1,0,07,17,5,0,0,1,0,0,0,0,0
"POINT (13.735606590000032 51.117979886000057)",Unfall 225520 (2021) Kat:2, Licht: 0,225520,2,2,5,07,16,1,0,0,1,1,0,0,0,0
"POINT (13.780968378000068 51.045852090000039)",Unfall 225522 (2021) Kat:2, Licht: 0,225522,2,3,5,06,10,5,0,0,1,0,0,0,1,0
"POINT (13.757106373000056 51.049757841000030)",Unfall 225532 (2021) Kat:2, Licht: 0,225532,2,1,0,06,16,4,0,0,1,0,0,0,0,0
"POINT (13.753029156000025 51.059035439000070)",Unfall 225540 (2021) Kat:3, Licht: 0,225540,3,1,0,07,07,6,1,0,1,0,0,0,0,0
"POINT (13.725978067000028 51.052945832000034)",Unfall 225553 (2021) Kat:3, Licht: 0,225553,3,2,5,06,20,4,0,0,1,1,0,0,0,0
"POINT (13.695708790000026 51.077188401000058)",Unfall 225554 (2021) Kat:3, Licht: 0,225554,3,7,1,07,19,6,0,0,0,1,0,0,0,0
"POINT (13.857559223000067 51.010358915000040)",Unfall 225555 (2021) Kat:3, Licht: 0,225555,3,7,7,05,13,1,0,0,1,0,0,0,0,0
"POINT (13.734033302000057 51.050865191000071)",Unfall 225559 (2021) Kat:3, Licht: 0,225559,3,1,0,06,19,2,0,0,1,0,0,0,0,0
"POINT (13.740373672000032 51.038722437000047)",Unfall 225563 (2021) Kat:3, Licht: 0,225563,3,4,6,07,14,4,0,0,0,1,1,0,0,0
"POINT (13.805144879000068 51.052710420000039)",Unfall 225567 (2021) Kat:3, Licht: 0,225567,3,4,6,07,17,3,0,0,0,0,1,0,0,1
"POINT (13.696349780000048 51.088826187000052)",Unfall 225569 (2021) Kat:3, Licht: 0,225569,3,3,5,06,06,2,0,0,1,1,0,0,0,0
"POINT (13.755151941000065 51.068344943000056)",Unfall 225570 (2021) Kat:3, Licht: 2,225570,3,1,0,06,22,4,0,2,1,0,0,0,0,0
"POINT (13.813483309000048 51.045333148000054)",Unfall 225574 (2021) Kat:2, Licht: 0,225574,2,3,5,06,17,3,0,0,1,1,0,0,0,0
"POINT (13.753169441000068 51.069157023000059)",Unfall 225581 (2021) Kat:2, Licht: 0,225581,2,4,6,06,15,3,0,0,1,0,1,0,0,0
"POINT (13.669146517000058 51.038075350000042)",Unfall 225582 (2021) Kat:3, Licht: 0,225582,3,1,1,06,19,6,0,0,0,1,0,1,0,0
"POINT (13.769347321000055 51.110715874000050)",Unfall 225584 (2021) Kat:3, Licht: 1,225584,3,6,6,07,04,1,0,1,0,1,1,0,0,0
"POINT (13.748836658000073 51.037463759000048)",Unfall 225589 (2021) Kat:3, Licht: 0,225589,3,2,5,06,11,4,0,0,1,1,0,0,0,0
"POINT (13.776671031000035 51.069957503000069)",Unfall 225590 (2021) Kat:3, Licht: 0,225590,3,6,2,07,16,7,0,0,0,1,0,0,0,0
"POINT (13.774320974000034 51.033304205000036)",Unfall 225592 (2021) Kat:3, Licht: 2,225592,3,1,0,06,23,1,0,2,0,0,0,0,0,1
"POINT (13.759380649000036 51.028697764000071)",Unfall 225596 (2021) Kat:3, Licht: 0,225596,3,1,0,06,14,3,0,0,1,0,0,0,0,0
"POINT (13.798504060000027 51.011642420000044)",Unfall 225602 (2021) Kat:3, Licht: 0,225602,3,3,5,06,20,4,0,0,1,1,0,0,0,0
"POINT (13.783589385000028 51.034316221000040)",Unfall 225607 (2021) Kat:3, Licht: 0,225607,3,3,5,05,16,2,0,0,1,1,0,0,0,0
"POINT (13.715453974000070 51.036647063000032)",Unfall 225608 (2021) Kat:3, Licht: 0,225608,3,3,3,06,10,2,0,0,1,0,0,0,0,1
"POINT (13.761586264000073 51.031716357000050)",Unfall 225613 (2021) Kat:2, Licht: 0,225613,2,3,5,06,15,5,0,0,1,1,0,0,0,0
"POINT (13.787395655000068 51.027307981000035)",Unfall 225617 (2021) Kat:3, Licht: 0,225617,3,3,5,07,07,5,0,0,1,1,0,0,0,0
"POINT (13.859822223000037 51.009275862000038)",Unfall 225623 (2021) Kat:2, Licht: 0,225623,2,3,5,06,06,5,1,0,1,0,0,0,0,0
"POINT (13.762299141000028 51.024445392000075)",Unfall 225625 (2021) Kat:3, Licht: 0,225625,3,7,0,06,07,3,0,0,1,1,0,0,0,0
"POINT (13.771281483000053 51.029869181000038)",Unfall 225629 (2021) Kat:3, Licht: 0,225629,3,2,1,07,15,5,0,0,1,1,0,0,0,0
"POINT (13.782556435000060 51.041697256000077)",Unfall 225630 (2021) Kat:3, Licht: 0,225630,3,3,5,07,12,1,0,0,0,1,0,0,0,0
"POINT (13.745383197000024 51.063194302000056)",Unfall 225632 (2021) Kat:2, Licht: 0,225632,2,3,5,06,09,4,0,0,1,1,0,0,0,0
"POINT (13.693274505000034 51.047393999000064)",Unfall 225633 (2021) Kat:2, Licht: 2,225633,2,1,0,06,04,6,0,2,0,0,0,0,0,1
"POINT (13.804948936000073 51.032439667000062)",Unfall 225635 (2021) Kat:2, Licht: 0,225635,2,1,0,06,08,2,0,0,1,0,0,0,0,0
"POINT (13.784903677000045 51.049637704000077)",Unfall 225642 (2021) Kat:3, Licht: 0,225642,3,5,1,06,16,5,0,0,1,1,0,0,0,0
"POINT (13.708897998000054 51.047232404000056)",Unfall 225655 (2021) Kat:3, Licht: 0,225655,3,2,3,06,15,3,0,0,1,1,0,0,0,0
"POINT (13.776818191000075 51.127866779000044)",Unfall 225659 (2021) Kat:2, Licht: 0,225659,2,1,0,06,09,4,0,0,1,0,0,0,0,0
"POINT (13.811789731000033 51.020386380000048)",Unfall 225671 (2021) Kat:3, Licht: 2,225671,3,1,0,07,21,3,1,2,1,0,0,0,0,0
"POINT (13.732347032000064 51.050981947000082)",Unfall 225675 (2021) Kat:3, Licht: 0,225675,3,2,6,06,10,6,0,0,0,1,1,0,0,0
"POINT (13.772417209000025 51.127021030000037)",Unfall 225676 (2021) Kat:3, Licht: 0,225676,3,3,5,07,14,5,0,0,1,1,0,0,0,0
"POINT (13.712929318000022 51.050125003000062)",Unfall 225684 (2021) Kat:3, Licht: 0,225684,3,2,5,07,06,6,0,0,1,0,0,0,1,0
"POINT (13.798692580000022 51.043272364000075)",Unfall 225688 (2021) Kat:3, Licht: 0,225688,3,3,5,06,11,7,0,0,1,0,0,0,0,0
"POINT (13.848525215000052 51.037024550000069)",Unfall 225701 (2021) Kat:2, Licht: 0,225701,2,7,0,07,12,1,0,0,1,0,0,0,0,0
"POINT (13.752840329000037 51.058114047000061)",Unfall 225708 (2021) Kat:3, Licht: 0,225708,3,1,0,06,13,3,0,0,1,0,0,0,0,0
"POINT (13.769626194000068 51.051108596000063)",Unfall 225720 (2021) Kat:3, Licht: 0,225720,3,3,5,07,18,3,0,0,0,1,0,0,0,0
"POINT (13.741038891000073 51.035334579000050)",Unfall 225723 (2021) Kat:3, Licht: 0,225723,3,1,0,05,20,1,0,0,0,0,0,0,0,1
"POINT (13.765400640000053 51.072198136000054)",Unfall 225733 (2021) Kat:3, Licht: 0,225733,3,3,5,06,12,6,0,0,1,1,0,0,0,0
"POINT (13.707684813000071 51.046382710000046)",Unfall 225736 (2021) Kat:3, Licht: 0,225736,3,7,0,07,17,7,0,0,1,0,0,0,0,0
"POINT (13.705737124000052 51.090516580000042)",Unfall 225741 (2021) Kat:3, Licht: 0,225741,3,2,2,06,18,6,0,0,1,1,0,0,0,0
"POINT (13.760380764000047 51.075013076000062)",Unfall 225742 (2021) Kat:2, Licht: 0,225742,2,1,4,06,19,4,0,0,1,0,0,0,0,0
"POINT (13.698361952000027 51.037047877000077)",Unfall 225759 (2021) Kat:3, Licht: 0,225759,3,5,1,07,15,4,0,0,1,1,0,0,0,0
"POINT (13.790975120000041 51.026865969000028)",Unfall 225761 (2021) Kat:3, Licht: 0,225761,3,7,2,07,16,7,0,0,1,1,0,0,0,0
"POINT (13.808177988000068 51.047976642000037)",Unfall 225762 (2021) Kat:3, Licht: 0,225762,3,3,5,05,17,7,0,0,1,1,0,0,0,0
"POINT (13.694832668000060 51.048983451000026)",Unfall 225774 (2021) Kat:3, Licht: 0,225774,3,1,0,06,10,4,0,0,1,0,0,0,0,0
"POINT (13.738603147000049 51.035560869000051)",Unfall 225786 (2021) Kat:3, Licht: 0,225786,3,3,5,07,07,4,0,0,0,1,0,0,0,0
"POINT (13.830983132000028 51.009921393000070)",Unfall 225790 (2021) Kat:3, Licht: 0,225790,3,2,4,07,17,3,0,0,1,1,0,0,0,0
"POINT (13.784495485000036 51.013829066000028)",Unfall 225792 (2021) Kat:3, Licht: 0,225792,3,7,0,06,17,2,0,0,1,0,0,0,0,0
"POINT (13.789785802000040 51.047349152000038)",Unfall 225809 (2021) Kat:3, Licht: 0,225809,3,4,6,07,07,5,0,0,1,0,1,0,0,0
"POINT (13.693124750000038 51.084582135000062)",Unfall 225812 (2021) Kat:3, Licht: 0,225812,3,1,2,07,10,6,1,0,0,1,0,1,0,0
"POINT (13.771820067000021 51.046876365000060)",Unfall 225823 (2021) Kat:3, Licht: 0,225823,3,2,4,06,09,4,0,0,0,1,0,0,0,0
"POINT (13.721268885000029 51.038692393000076)",Unfall 225831 (2021) Kat:3, Licht: 0,225831,3,5,1,07,16,3,0,0,1,1,0,0,0,0
"POINT (13.839757550000058 51.025817610000047)",Unfall 225834 (2021) Kat:2, Licht: 0,225834,2,1,0,05,09,2,0,0,1,0,0,0,0,0
"POINT (13.757140746000061 51.049751185000048)",Unfall 225840 (2021) Kat:3, Licht: 0,225840,3,2,2,06,08,6,0,0,0,1,0,0,1,0
"POINT (13.723920009000039 51.058013992000042)",Unfall 225842 (2021) Kat:3, Licht: 0,225842,3,6,2,06,10,2,0,0,1,1,0,0,0,0
"POINT (13.773685845000045 51.048769654000068)",Unfall 225845 (2021) Kat:3, Licht: 0,225845,3,3,5,05,08,4,0,0,1,1,0,0,0,0
"POINT (13.779002084000069 51.015723857000069)",Unfall 225847 (2021) Kat:3, Licht: 0,225847,3,5,1,07,15,5,1,0,1,0,0,0,0,1
"POINT (13.774540505000061 51.038296872000046)",Unfall 225854 (2021) Kat:3, Licht: 2,225854,3,7,7,06,02,1,0,2,0,0,0,0,0,1
"POINT (13.745443170000044 51.068186286000071)",Unfall 225855 (2021) Kat:3, Licht: 0,225855,3,5,3,05,17,2,0,0,1,1,0,0,0,0
"POINT (13.833820891000073 51.064987321000046)",Unfall 225857 (2021) Kat:3, Licht: 0,225857,3,7,2,06,14,4,0,0,1,0,0,0,0,1
"POINT (13.753510554000059 51.054932112000074)",Unfall 225858 (2021) Kat:3, Licht: 0,225858,3,6,2,07,14,6,0,0,0,1,0,0,0,0
"POINT (13.886763362000067 51.006733721000046)",Unfall 225863 (2021) Kat:2, Licht: 0,225863,2,1,0,06,14,6,0,0,1,0,0,0,0,0
"POINT (13.794121921000055 51.003193778000082)",Unfall 225866 (2021) Kat:3, Licht: 0,225866,3,3,5,07,15,5,0,0,0,1,0,0,0,0
"POINT (13.788617315000067 51.043253812000046)",Unfall 225871 (2021) Kat:3, Licht: 0,225871,3,2,5,07,15,6,0,0,1,1,0,0,0,0
"POINT (13.744619707000027 51.085685753000064)",Unfall 225876 (2021) Kat:3, Licht: 0,225876,3,2,2,07,09,3,0,0,0,1,0,0,0,0
"POINT (13.707240638000030 51.029244653000035)",Unfall 225887 (2021) Kat:3, Licht: 0,225887,3,2,5,06,16,2,0,0,1,1,0,0,0,0
"POINT (13.816539538000029 51.015922041000067)",Unfall 225889 (2021) Kat:3, Licht: 0,225889,3,6,3,07,18,7,0,0,1,1,0,0,0,0
"POINT (13.698625013000026 51.087662336000051)",Unfall 225891 (2021) Kat:3, Licht: 0,225891,3,2,5,07,11,7,0,0,1,1,0,0,0,0
"POINT (13.716053554000041 51.028132405000065)",Unfall 225893 (2021) Kat:3, Licht: 0,225893,3,6,0,06,16,2,0,0,1,1,0,0,0,0
"POINT (13.787895683000045 51.027906663000067)",Unfall 225896 (2021) Kat:3, Licht: 0,225896,3,3,5,06,10,4,0,0,0,1,0,0,0,0
"POINT (13.791298438000069 51.013336867000078)",Unfall 225905 (2021) Kat:3, Licht: 0,225905,3,2,4,07,12,6,0,0,0,1,0,1,0,0
"POINT (13.777707927000051 51.052878923000037)",Unfall 225909 (2021) Kat:3, Licht: 0,225909,3,1,0,06,14,1,0,0,1,0,0,0,0,0
"POINT (13.709382112000071 51.047592449000035)",Unfall 225913 (2021) Kat:3, Licht: 0,225913,3,2,4,06,15,2,0,0,0,1,0,1,0,0
"POINT (13.823745836000057 51.012845883000068)",Unfall 225914 (2021) Kat:3, Licht: 0,225914,3,2,4,07,12,5,0,0,0,1,0,0,0,1
"POINT (13.723925547000022 51.034670863000031)",Unfall 225915 (2021) Kat:3, Licht: 0,225915,3,3,5,05,15,3,0,0,1,1,0,0,0,0
"POINT (13.761377986000070 51.051922434000062)",Unfall 225917 (2021) Kat:3, Licht: 0,225917,3,3,5,07,09,6,0,0,1,1,0,0,0,0
"POINT (13.795184486000039 51.053458689000081)",Unfall 225920 (2021) Kat:3, Licht: 0,225920,3,1,1,06,17,5,0,0,0,1,0,0,0,0
"POINT (13.750595887000031 51.075877557000069)",Unfall 225925 (2021) Kat:2, Licht: 2,225925,2,1,0,05,21,7,0,2,1,0,0,0,0,0
"POINT (13.792424330000074 51.012157761000026)",Unfall 225927 (2021) Kat:3, Licht: 0,225927,3,6,1,07,17,4,0,0,1,1,0,0,0,0
"POINT (13.778363800000022 51.017195807000064)",Unfall 225936 (2021) Kat:2, Licht: 0,225936,2,3,5,06,08,6,0,0,1,1,0,0,0,0
"POINT (13.726635657000031 51.031493950000026)",Unfall 225943 (2021) Kat:3, Licht: 0,225943,3,2,5,06,07,2,0,0,1,1,0,0,0,0
"POINT (13.819766854000022 51.030747860000076)",Unfall 225948 (2021) Kat:3, Licht: 0,225948,3,7,0,06,14,3,0,0,1,0,0,0,0,0
"POINT (13.794654013000070 51.042004441000074)",Unfall 225950 (2021) Kat:2, Licht: 0,225950,2,3,5,05,15,3,0,0,0,1,0,0,0,1
"POINT (13.752036764000025 51.063520465000067)",Unfall 225956 (2021) Kat:3, Licht: 0,225956,3,7,0,07,16,2,0,0,1,1,0,0,0,0
"POINT (13.718189343000063 51.077526971000054)",Unfall 225960 (2021) Kat:3, Licht: 1,225960,3,1,0,07,05,4,1,1,1,0,0,0,0,0