WKT,Name,OBJECTID,UKATEGORIE,UTYP1,UART,UMONAT,USTUNDE,UWOCHENTAG,STRZUSTAND,ULICHTVERH,ISTRAD,ISTPKW,ISTFUSS,ISTKRAD,ISTGKFZ,ISTSONSTIG
"POINT (13.798891393000076 51.055639600000063)",Unfall 225962 (2021) Kat:3, Licht: 0,225962,3,1,0,06,08,4,1,0,1,0,0,0,0,0
"POINT (13.808924986000022 51.011880857000051)",Unfall 225965 (2021) Kat:2, Licht: 0,225965,2,1,8,07,15,2,0,0,1,0,0,0,0,0
"POINT (13.750349890000052 51.065642361000073)",Unfall 225966 (2021) Kat:2, Licht: 0,225966,2,3,5,06,15,3,0,0,0,1,0,0,0,1
"POINT (13.818169010000076 51.011018984000032)",Unfall 225972 (2021) Kat:3, Licht: 0,225972,3,6,4,06,11,3,0,0,0,1,0,0,0,0
"POINT (13.749629179000067 51.043110872000057)",Unfall 225975 (2021) Kat:3, Licht: 0,225975,3,7,6,07,09,6,0,0,0,1,0,0,0,1
"POINT (13.772417427000050 51.023672375000046)",Unfall 225977 (2021) Kat:3, Licht: 0,225977,3,6,2,07,13,6,0,0,0,1,0,0,0,0
"POINT (13.715215048000061 51.093973415000050)",Unfall 225983 (2021) Kat:3, Licht: 0,225983,3,3,5,06,12,2,0,0,0,1,0,0,0,1
"POINT (13.800477444000023 51.027369615000055)",Unfall 225985 (2021) Kat:3, Licht: 0,225985,3,3,5,06,12,6,0,0,1,0,0,0,0,0
"POINT (13.776044268000021 51.051154272000076)",Unfall 225991 (2021) Kat:3, Licht: 0,225991,3,3,5,07,07,3,0,0,0,1,0,0,0,0
"POINT (13.761618392000059 51.031705754000029)",Unfall 225993 (2021) Kat:3, Licht: 0,225993,3,3,5,06,13,1,0,0,0,1,0,0,0,1
"POINT (13.742390602000057 51.042097121000040)",Unfall 225995 (2021) Kat:3, Licht: 0,225995,3,3,5,06,12,4,1,0,1,1,0,0,0,0
"POINT (13.698615899000060 51.074358185000051)",Unfall 226002 (2021) Kat:3, Licht: 0,226002,3,2,5,07,12,1,0,0,1,0,0,0,0,0
"POINT (13.754520177000074 51.066186394000056)",Unfall 226004 (2021) Kat:3, Licht: 0,226004,3,5,0,06,17,3,0,0,1,1,0,0,0,0
"POINT (13.680165522000038 51.042521207000050)",Unfall 226011 (2021) Kat:3, Licht: 0,226011,3,6,3,06,12,6,0,0,1,0,0,0,0,1
"POINT (13.751661639000076 51.014950583000029)",Unfall 226013 (2021) Kat:3, Licht: 0,226013,3,4,0,06,17,5,0,0,0,0,1,0,0,1
"POINT (13.768248331000052 51.047971005000079)",Unfall 226017 (2021) Kat:3, Licht: 0,226017,3,2,4,06,16,5,0,0,1,1,0,0,0,0
"POINT (13.720357892000038 51.054671341000073)",Unfall 226021 (2021) Kat:3, Licht: 0,226021,3,2,2,06,16,6,0,0,0,1,0,1,0,0
"POINT (13.762263942000061 51.024469263000071)",Unfall 226023 (2021) Kat:2, Licht: 0,226023,2,1,0,07,07,4,1,0,1,0,0,0,0,0
"POINT (13.781097077000027 51.042932873000041)",Unfall 226030 (2021) Kat:3, Licht: 0,226030,3,2,5,05,18,2,0,0,1,1,0,0,0,0
"POINT (13.771859177000067 51.046916523000050)",Unfall 226035 (2021) Kat:3, Licht: 0,226035,3,2,6,06,09,6,1,0,0,1,1,0,0,0
"POINT (13.672792988000026 51.084611085000063)",Unfall 226037 (2021) Kat:3, Licht: 0,226037,3,6,4,06,11,5,0,0,0,0,0,0,0,1
"POINT (13.827063853000027 51.009488056000066)",Unfall 226041 (2021) Kat:3, Licht: 0,226041,3,7,6,06,12,4,0,0,0,1,1,0,0,0
"POINT (13.749613731000068 51.033806229000049)",Unfall 226043 (2021) Kat:3, Licht: 0,226043,3,3,5,05,07,5,0,0,1,1,0,0,0,0
"POINT (13.750308289000031 51.073552313000050)",Unfall 226046 (2021) Kat:3, Licht: 0,226046,3,5,1,06,19,2,0,0,1,1,0,0,0,0
"POINT (13.750511835000054 51.047385105000046)",Unfall 226050 (2021) Kat:2, Licht: 0,226050,2,1,0,06,15,3,0,0,1,0,0,0,0,0
"POINT (13.753424844000051 51.034389171000043)",Unfall 226057 (2021) Kat:2, Licht: 0,226057,2,3,5,05,19,2,0,0,0,1,0,0,0,1
"POINT (13.792829414000039 51.059367628000075)",Unfall 226058 (2021) Kat:3, Licht: 0,226058,3,3,5,06,14,4,1,0,0,1,0,0,0,1
"POINT (13.778646281000022 51.046426918000066)",Unfall 226060 (2021) Kat:3, Licht: 0,226060,3,3,5,07,16,2,0,0,1,1,0,0,0,0
"POINT (13.756852250000065 51.074577059000035)",Unfall 226062 (2021) Kat:2, Licht: 0,226062,2,7,0,06,09,7,0,0,1,0,0,0,0,0
"POINT (13.745895813000061 51.038126486000067)",Unfall 226066 (2021) Kat:3, Licht: 0,226066,3,4,6,07,15,6,0,0,0,0,1,0,0,1
"POINT (13.801712321000025 51.046143047000044)",Unfall 226069 (2021) Kat:3, Licht: 0,226069,3,3,5,07,14,7,0,0,0,1,0,0,0,1
"POINT (13.746497575000035 51.034652130000040)",Unfall 226070 (2021) Kat:2, Licht: 0,226070,2,3,5,06,17,3,0,0,1,0,0,0,0,0
"POINT (13.734600837000073 51.040907457000060)",Unfall 226081 (2021) Kat:2, Licht: 0,226081,2,6,3,06,15,5,0,0,0,1,0,1,0,0
"POINT (13.787359560000027 51.016016740000055)",Unfall 226083 (2021) Kat:3, Licht: 0,226083,3,7,5,07,15,3,0,0,0,1,0,0,0,1
"POINT (13.814443273000052 50.988715258000070)",Unfall 226084 (2021) Kat:3, Licht: 0,226084,3,5,1,06,15,3,0,0,0,1,0,0,0,0
"POINT (13.742065544000070 51.053506809000055)",Unfall 226093 (2021) Kat:3, Licht: 0,226093,3,1,4,09,16,1,0,0,1,0,0,1,0,0
"POINT (13.744581077000078 51.037142615000050)",Unfall 226097 (2021) Kat:3, Licht: 0,226097,3,2,4,08,12,3,0,0,0,1,0,0,0,0
"POINT (13.782024521000039 51.036858369000072)",Unfall 226098 (2021) Kat:2, Licht: 0,226098,2,3,5,08,07,4,0,0,1,1,0,0,0,0
"POINT (13.828235827000071 51.024763323000059)",Unfall 226104 (2021) Kat:3, Licht: 0,226104,3,3,5,09,14,3,1,0,0,1,0,0,0,0
"POINT (13.774531490000072 51.033115045000045)",Unfall 226106 (2021) Kat:3, Licht: 0,226106,3,2,5,07,15,3,0,0,1,1,0,0,0,0
"POINT (13.800967220000075 51.050620620000075)",Unfall 226118 (2021) Kat:2, Licht: 0,226118,2,3,5,08,14,5,1,0,0,1,0,1,0,0
"POINT (13.769636257000059 51.051132692000067)",Unfall 226123 (2021) Kat:3, Licht: 0,226123,3,3,5,09,16,4,0,0,1,1,0,0,0,0
"POINT (13.827584818000048 51.053214379000053)",Unfall 226125 (2021) Kat:3, Licht: 0,226125,3,7,0,08,13,1,0,0,1,0,0,0,0,0
"POINT (13.848598046000063 51.009330154000054)",Unfall 226130 (2021) Kat:3, Licht: 0,226130,3,6,2,09,13,6,0,0,0,1,0,1,0,0
"POINT (13.688654362000023 51.057808749000060)",Unfall 226132 (2021) Kat:3, Licht: 0,226132,3,2,2,09,12,4,0,0,0,1,0,1,0,0
"POINT (13.721100195000076 51.055376517000070)",Unfall 226140 (2021) Kat:3, Licht: 2,226140,3,1,0,09,21,5,0,2,1,0,0,0,0,0
"POINT (13.855585701000052 51.008594171000027)",Unfall 226141 (2021) Kat:2, Licht: 0,226141,2,4,6,09,14,3,0,0,0,1,1,0,0,0
"POINT (13.761702430000071 51.031711340000072)",Unfall 226150 (2021) Kat:3, Licht: 0,226150,3,1,0,07,07,4,0,0,1,0,0,0,0,0
"POINT (13.793961554000077 51.146565638000027)",Unfall 226155 (2021) Kat:3, Licht: 0,226155,3,7,8,09,14,1,0,0,0,0,0,0,1,0
"POINT (13.701365665000026 51.040861348000078)",Unfall 226160 (2021) Kat:3, Licht: 2,226160,3,3,5,08,22,5,0,2,0,1,0,0,0,0
"POINT (13.741110533000040 51.019247468000060)",Unfall 226162 (2021) Kat:2, Licht: 0,226162,2,3,5,09,16,3,0,0,1,1,0,0,0,0
"POINT (13.799909334000063 51.047080011000048)",Unfall 226169 (2021) Kat:3, Licht: 2,226169,3,1,0,09,20,3,0,2,1,0,0,0,0,0
"POINT (13.787363711000069 51.015424421000034)",Unfall 226171 (2021) Kat:3, Licht: 0,226171,3,1,3,07,14,6,0,0,1,0,0,0,0,0
"POINT (13.775050347000047 51.049690417000079)",Unfall 226172 (2021) Kat:3, Licht: 0,226172,3,5,1,09,14,1,0,0,0,1,0,0,0,0
"POINT (13.794575615000042 51.042935098000044)",Unfall 226175 (2021) Kat:3, Licht: 0,226175,3,1,0,09,07,6,0,0,1,0,0,0,0,0
"POINT (13.792380224000055 51.053808330000038)",Unfall 226178 (2021) Kat:3, Licht: 0,226178,3,2,5,08,11,6,1,0,1,1,0,0,0,0
"POINT (13.804373135000048 51.040001674000052)",Unfall 226185 (2021) Kat:3, Licht: 0,226185,3,6,1,09,10,5,1,0,0,1,0,0,0,0
"POINT (13.806615955000041 51.037409531000037)",Unfall 226186 (2021) Kat:3, Licht: 0,226186,3,2,5,07,17,2,0,0,1,1,0,0,0,0
"POINT (13.777894875000072 51.036972407000064)",Unfall 226193 (2021) Kat:3, Licht: 0,226193,3,3,5,09,19,5,0,0,1,1,0,0,0,0
"POINT (13.775828690000026 51.050806225000031)",Unfall 226194 (2021) Kat:3, Licht: 0,226194,3,2,5,09,17,5,0,0,1,1,0,0,0,0
"POINT (13.799025417000053 50.995794584000066)",Unfall 226195 (2021) Kat:3, Licht: 0,226195,3,7,5,08,14,7,0,0,0,1,0,0,0,0
"POINT (13.771805036000046 51.046861324000076)",Unfall 226201 (2021) Kat:2, Licht: 0,226201,2,2,5,08,19,7,0,0,1,1,0,0,0,0
"POINT (13.808822965000047 51.032170775000054)",Unfall 226204 (2021) Kat:3, Licht: 0,226204,3,3,5,07,15,3,0,0,1,1,0,0,0,0
"POINT (13.736735031000023 51.046915937000051)",Unfall 226207 (2021) Kat:3, Licht: 0,226207,3,1,0,08,11,2,0,0,1,0,0,0,0,0
"POINT (13.825131604000035 51.003418480000050)",Unfall 226210 (2021) Kat:3, Licht: 0,226210,3,3,5,08,17,2,0,0,1,1,0,0,0,0
"POINT (13.737039544000027 51.049584787000072)",Unfall 226220 (2021) Kat:3, Licht: 0,226220,3,7,0,07,16,7,0,0,1,0,0,0,0,0
"POINT (13.840462975000037 51.008310994000055)",Unfall 226221 (2021) Kat:2, Licht: 0,226221,2,5,1,08,14,5,1,0,1,1,0,0,0,0
"POINT (13.801233257000035 51.028334020000045)",Unfall 226223 (2021) Kat:2, Licht: 0,226223,2,3,5,09,12,6,0,0,1,1,0,0,0,0
"POINT (13.803706211000076 51.002411840000036)",Unfall 226224 (2021) Kat:3, Licht: 0,226224,3,2,2,09,17,4,0,0,0,1,0,0,0,0
"POINT (13.712756069000022 51.046258734000048)",Unfall 226225 (2021) Kat:3, Licht: 1,226225,3,3,5,09,05,5,1,1,1,1,0,0,0,0
"POINT (13.707536831000027 51.029660387000035)",Unfall 226227 (2021) Kat:3, Licht: 0,226227,3,1,0,07,10,7,0,0,0,0,0,1,0,0
"POINT (13.730583576000072 51.088953224000079)",Unfall 226230 (2021) Kat:3, Licht: 0,226230,3,3,5,09,09,7,0,0,0,1,0,0,0,0
"POINT (13.789664824000056 51.006352921000030)",Unfall 226233 (2021) Kat:2, Licht: 0,226233,2,2,0,08,14,3,0,0,1,0,0,0,0,1
"POINT (13.855895035000060 51.023729649000074)",Unfall 226237 (2021) Kat:3, Licht: 0,226237,3,7,5,09,18,5,0,0,1,1,0,0,0,0
"POINT (13.769016667000074 51.124103812000044)",Unfall 226243 (2021) Kat:3, Licht: 0,226243,3,6,2,08,17,3,0,0,0,1,0,0,0,0
"POINT (13.758152353000071 51.052556219000053)",Unfall 226245 (2021) Kat:2, Licht: 1,226245,2,1,0,09,07,4,1,1,1,0,0,0,0,0
"POINT (13.765521425000031 51.073251197000047)",Unfall 226251 (2021) Kat:3, Licht: 0,226251,3,6,2,07,15,6,0,0,0,1,0,0,0,0
"POINT (13.776939895000055 51.062819767000065)",Unfall 226257 (2021) Kat:3, Licht: 0,226257,3,1,3,07,15,4,0,0,1,0,0,0,0,0
"POINT (13.788522351000040 51.043281683000032)",Unfall 226270 (2021) Kat:2, Licht: 2,226270,2,1,0,08,00,3,1,2,1,0,0,0,0,0
"POINT (13.679587862000062 51.039909440000031)",Unfall 226272 (2021) Kat:3, Licht: 0,226272,3,3,5,07,17,6,0,0,0,1,0,0,0,0
"POINT (13.796278814000061 51.045958866000035)",Unfall 226274 (2021) Kat:2, Licht: 0,226274,2,7,0,08,08,1,0,0,1,0,0,0,0,0
"POINT (13.669214521000072 51.040023134000080)",Unfall 226275 (2021) Kat:2, Licht: 0,226275,2,2,5,09,17,6,1,0,1,1,0,0,0,1
"POINT (13.734069173000023 51.049380879000068)",Unfall 226280 (2021) Kat:3, Licht: 0,226280,3,4,0,07,17,7,0,0,0,0,1,0,0,1
"POINT (13.827628013000037 50.998668947000056)",Unfall 226281 (2021) Kat:1, Licht: 0,226281,1,1,4,08,12,4,0,0,0,1,0,0,0,0
"POINT (13.758338137000067 51.046238292000055)",Unfall 226284 (2021) Kat:3, Licht: 0,226284,3,3,0,08,15,3,0,0,0,1,0,0,0,1
"POINT (13.745477235000067 51.068314599000075)",Unfall 226287 (2021) Kat:3, Licht: 0,226287,3,3,5,08,08,3,1,0,1,1,0,0,0,0
"POINT (13.737567821000027 51.054008872000054)",Unfall 226293 (2021) Kat:3, Licht: 2,226293,3,1,0,09,21,1,0,2,1,0,0,0,0,0
"POINT (13.783835736000071 51.071589487000040)",Unfall 226298 (2021) Kat:3, Licht: 0,226298,3,1,0,07,19,5,0,0,1,0,0,0,0,0
"POINT (13.791018726000061 51.013443531000064)",Unfall 226307 (2021) Kat:3, Licht: 0,226307,3,4,6,07,12,5,0,0,0,1,1,0,0,0
"POINT (13.681543623000039 51.052459907000070)",Unfall 226312 (2021) Kat:3, Licht: 0,226312,3,1,0,09,12,4,0,0,0,0,0,1,0,0
"POINT (13.766546962000064 51.041468008000038)",Unfall 226315 (2021) Kat:2, Licht: 0,226315,2,3,5,09,17,2,0,0,1,1,0,0,0,0
"POINT (13.676792055000021 51.091389351000032)",Unfall 226319 (2021) Kat:3, Licht: 0,226319,3,3,5,09,16,2,0,0,1,1,0,0,0,0
"POINT (13.754046109000058 51.066777784000067)",Unfall 226320 (2021) Kat:3, Licht: 1,226320,3,1,0,09,20,7,0,1,1,0,0,0,0,0
"POINT (13.679134482000052 51.089092597000047)",Unfall 226323 (2021) Kat:2, Licht: 0,226323,2,1,8,09,15,7,0,0,1,0,0,0,0,0
"POINT (13.823631507000073 51.012881553000057)",Unfall 226324 (2021) Kat:3, Licht: 0,226324,3,4,0,07,19,2,1,0,0,0,1,1,0,0
"POINT (13.773816370000077 51.046063717000038)",Unfall 226326 (2021) Kat:3, Licht: 0,226326,3,2,5,08,16,3,0,0,1,1,0,0,0,0
"POINT (13.794307050000043 51.025369268000077)",Unfall 226336 (2021) Kat:3, Licht: 0,226336,3,7,2,07,15,3,0,0,0,1,0,0,0,0
"POINT (13.756570620000048 51.055095439000070)",Unfall 226339 (2021) Kat:3, Licht: 0,226339,3,3,5,07,08,5,0,0,1,1,0,0,0,0
"POINT (13.756781474000036 51.049012538000056)",Unfall 226343 (2021) Kat:2, Licht: 0,226343,2,7,0,09,09,4,0,0,1,0,0,0,0,0
"POINT (13.728956086000039 51.089201424000066)",Unfall 226345 (2021) Kat:3, Licht: 0,226345,3,4,6,09,07,2,0,0,0,1,1,0,0,0
"POINT (13.788646246000042 50.993476050000027)",Unfall 226346 (2021) Kat:2, Licht: 1,226346,2,7,8,08,20,1,0,1,1,0,0,0,0,0
"POINT (13.707198180000034 51.041693096000074)",Unfall 226349 (2021) Kat:3, Licht: 0,226349,3,3,5,07,09,5,0,0,1,0,0,0,0,0
"POINT (13.883368677000021 51.057846627000060)",Unfall 226353 (2021) Kat:2, Licht: 1,226353,2,3,5,09,19,7,0,1,1,1,0,0,0,0
"POINT (13.762155501000052 51.046689953000055)",Unfall 226355 (2021) Kat:2, Licht: 0,226355,2,2,6,08,17,7,0,0,0,1,1,0,0,0
"POINT (13.707391343000040 51.023565629000075)",Unfall 226360 (2021) Kat:3, Licht: 0,226360,3,7,1,09,08,6,0,0,1,1,0,0,0,0
"POINT (13.864519267000048 51.014918460000047)",Unfall 226361 (2021) Kat:2, Licht: 0,226361,2,1,0,09,09,6,0,0,1,0,0,0,0,0
"POINT (13.757576164000056 51.045381651000071)",Unfall 226367 (2021) Kat:3, Licht: 0,226367,3,6,1,08,14,3,0,0,0,1,0,0,0,0
"POINT (13.853543322000064 51.057185924000066)",Unfall 226371 (2021) Kat:2, Licht: 0,226371,2,1,0,08,15,5,0,0,1,0,0,0,0,0
"POINT (13.696070413000029 51.017806206000046)",Unfall 226373 (2021) Kat:2, Licht: 1,226373,2,1,0,07,21,4,0,1,0,0,0,0,0,1
"POINT (13.751545680000049 51.077008124000031)",Unfall 226374 (2021) Kat:3, Licht: 2,226374,3,3,5,09,04,7,0,2,1,1,0,0,0,0
"POINT (13.801931642000056 51.055501166000056)",Unfall 226390 (2021) Kat:3, Licht: 0,226390,3,2,5,07,14,6,0,0,1,1,0,0,0,0
"POINT (13.752604064000025 51.060448876000066)",Unfall 226391 (2021) Kat:3, Licht: 0,226391,3,3,5,09,07,3,0,0,1,1,0,0,0,0
"POINT (13.826514247000034 51.033133250000049)",Unfall 226412 (2021) Kat:3, Licht: 0,226412,3,7,7,09,14,4,0,0,1,0,0,0,0,0
"POINT (13.808208112000045 51.050949412000080)",Unfall 226414 (2021) Kat:3, Licht: 0,226414,3,6,3,07,12,2,0,0,0,1,0,0,0,0
"POINT (13.731633293000073 51.090491571000030)",Unfall 226417 (2021) Kat:2, Licht: 0,226417,2,1,0,07,18,5,0,0,1,0,0,0,0,0
"POINT (13.686367827000026 51.084007860000042)",Unfall 226421 (2021) Kat:3, Licht: 0,226421,3,3,5,09,15,5,0,0,1,1,0,0,0,0
"POINT (13.704740861000062 51.046323175000055)",Unfall 226423 (2021) Kat:3, Licht: 0,226423,3,3,5,09,12,3,0,0,0,1,0,0,0,0
"POINT (13.826660796000056 51.033278357000029)",Unfall 226425 (2021) Kat:3, Licht: 0,226425,3,2,2,09,11,3,0,0,0,1,0,0,0,0
"POINT (13.786037419000024 51.043358804000036)",Unfall 226426 (2021) Kat:3, Licht: 0,226426,3,2,6,08,16,4,0,0,0,0,1,0,0,1
"POINT (13.725231763000068 51.050192382000034)",Unfall 226427 (2021) Kat:3, Licht: 0,226427,3,6,2,07,18,5,0,0,0,1,0,0,0,0
"POINT (13.725273122000033 51.076968178000072)",Unfall 226430 (2021) Kat:3, Licht: 0,226430,3,1,0,08,17,7,0,0,1,0,0,0,0,0
"POINT (13.757906735000063 51.067129131000058)",Unfall 226431 (2021) Kat:3, Licht: 0,226431,3,5,1,09,10,2,0,0,1,1,0,0,0,0
"POINT (13.793011104000072 51.043089548000069)",Unfall 226432 (2021) Kat:3, Licht: 0,226432,3,4,6,09,07,4,0,0,1,0,1,0,0,0
"POINT (13.800793602000056 51.045272057000034)",Unfall 226436 (2021) Kat:2, Licht: 0,226436,2,3,5,08,10,7,0,0,0,1,0,1,0,0
"POINT (13.741797843000029 51.074783099000058)",Unfall 226437 (2021) Kat:3, Licht: 0,226437,3,2,0,08,18,6,1,0,1,1,0,0,0,0
"POINT (13.769754083000066 51.044790975000069)",Unfall 226439 (2021) Kat:3, Licht: 0,226439,3,2,5,09,13,5,0,0,1,1,0,0,0,0
"POINT (13.688949399000023 51.057954423000069)",Unfall 226441 (2021) Kat:3, Licht: 0,226441,3,4,6,08,14,7,0,0,0,1,1,0,0,0
"POINT (13.776811037000073 51.067160774000058)",Unfall 226444 (2021) Kat:3, Licht: 2,226444,3,1,8,07,17,5,0,2,0,0,0,1,0,0
"POINT (13.742047122000031 51.089617197000052)",Unfall 226445 (2021) Kat:3, Licht: 0,226445,3,6,2,08,10,2,0,0,0,1,0,0,0,0
"POINT (13.783936415000028 51.017604207000034)",Unfall 226451 (2021) Kat:2, Licht: 0,226451,2,3,3,09,15,4,0,0,1,1,0,0,0,0
"POINT (13.750275363000071 51.071464879000075)",Unfall 226457 (2021) Kat:3, Licht: 2,226457,3,7,0,08,21,2,0,2,1,0,0,0,0,0
"POINT (13.733870982000042 51.050723129000062)",Unfall 226467 (2021) Kat:3, Licht: 0,226467,3,6,0,08,07,4,0,0,1,0,0,0,0,1
"POINT (13.670389473000057 51.040107726000031)",Unfall 226475 (2021) Kat:2, Licht: 0,226475,2,7,0,07,12,5,0,0,1,0,0,0,0,0
"POINT (13.742984241000045 51.053468978000069)",Unfall 226485 (2021) Kat:3, Licht: 0,226485,3,6,2,07,11,5,0,0,0,1,0,0,0,0
"POINT (13.803343690000077 51.053902775000040)",Unfall 226491 (2021) Kat:3, Licht: 1,226491,3,3,0,09,19,4,0,1,0,1,0,1,0,0
"POINT (13.848429331000034 51.007862511000042)",Unfall 226494 (2021) Kat:3, Licht: 0,226494,3,6,2,09,09,2,0,0,1,1,0,0,0,0
"POINT (13.806406578000065 51.052134538000075)",Unfall 226506 (2021) Kat:3, Licht: 0,226506,3,1,0,08,16,3,0,0,1,0,0,0,0,0
"POINT (13.795320055000047 51.042942763000042)",Unfall 226511 (2021) Kat:2, Licht: 0,226511,2,7,8,08,12,3,0,0,0,1,0,0,0,0
"POINT (13.730178083000055 51.074061658000062)",Unfall 226514 (2021) Kat:3, Licht: 2,226514,3,1,8,09,22,7,0,2,1,0,0,0,0,0
"POINT (13.702122626000062 51.044307816000071)",Unfall 226520 (2021) Kat:3, Licht: 0,226520,3,6,3,08,14,4,0,0,0,1,0,1,0,0
"POINT (13.687456891000068 51.057443930000034)",Unfall 226521 (2021) Kat:2, Licht: 2,226521,2,1,0,07,22,6,0,2,1,0,0,0,0,0
"POINT (13.800928611000074 51.045400056000062)",Unfall 226522 (2021) Kat:3, Licht: 0,226522,3,5,1,08,15,5,0,0,1,1,0,0,0,0
"POINT (13.806132670000068 51.052136953000058)",Unfall 226531 (2021) Kat:3, Licht: 0,226531,3,3,5,09,15,3,0,0,0,1,0,0,0,1
"POINT (13.789637097000025 51.030124972000067)",Unfall 226535 (2021) Kat:2, Licht: 2,226535,2,1,0,09,22,5,0,2,1,0,0,0,0,0
"POINT (13.761760567000067 51.058142146000080)",Unfall 226539 (2021) Kat:3, Licht: 0,226539,3,6,2,09,17,3,0,0,0,1,0,0,0,0
"POINT (13.684494572000062 51.035006266000039)",Unfall 226540 (2021) Kat:3, Licht: 0,226540,3,3,5,08,10,5,0,0,1,1,0,0,0,0
"POINT (13.830436444000043 50.999435060000053)",Unfall 226550 (2021) Kat:3, Licht: 0,226550,3,1,0,08,09,2,1,0,1,0,0,0,0,0
"POINT (13.761292535000052 51.050855573000035)",Unfall 226552 (2021) Kat:3, Licht: 2,226552,3,3,5,09,20,6,1,2,0,1,0,0,0,0
"POINT (13.794787739000071 51.025177343000053)",Unfall 226557 (2021) Kat:3, Licht: 0,226557,3,2,5,07,16,2,1,0,1,1,0,0,0,0
"POINT (13.779481764000025 51.007467527000074)",Unfall 226569 (2021) Kat:3, Licht: 0,226569,3,6,2,07,08,5,0,0,0,0,0,1,0,1
"POINT (13.769698468000058 51.044787600000063)",Unfall 226571 (2021) Kat:3, Licht: 0,226571,3,3,5,08,11,2,1,0,1,1,0,0,0,0
"POINT (13.822527532000038 51.048887839000031)",Unfall 226575 (2021) Kat:3, Licht: 2,226575,3,7,0,09,19,1,1,2,1,1,0,0,0,0
"POINT (13.812893872000075 51.046004471000060)",Unfall 226577 (2021) Kat:3, Licht: 0,226577,3,2,5,09,12,3,0,0,1,1,0,0,0,0
"POINT (13.699052966000067 51.076104963000034)",Unfall 226579 (2021) Kat:3, Licht: 0,226579,3,4,6,07,13,5,0,0,0,1,1,0,0,0
"POINT (13.750833976000024 51.047409425000069)",Unfall 226582 (2021) Kat:3, Licht: 0,226582,3,3,5,07,09,3,0,0,0,0,0,0,1,1
"POINT (13.773685385000022 51.048769185000026)",Unfall 226584 (2021) Kat:3, Licht: 0,226584,3,3,5,07,07,5,0,0,1,1,0,0,0,0
"POINT (13.705998628000032 51.076650770000072)",Unfall 226585 (2021) Kat:3, Licht: 0,226585,3,1,0,09,17,3,0,0,1,0,0,0,0,0
"POINT (13.803523145000042 51.002250098000047)",Unfall 226586 (2021) Kat:3, Licht: 0,226586,3,6,2,08,12,2,1,0,0,1,0,0,0,0
"POINT (13.709417596000037 51.081590331000029)",Unfall 226590 (2021) Kat:3, Licht: 0,226590,3,7,0,09,15,2,0,0,1,0,1,0,0,0
"POINT (13.803230798000072 51.053973184000029)",Unfall 226598 (2021) Kat:3, Licht: 0,226598,3,6,2,09,14,4,0,0,0,1,0,1,0,0
"POINT (13.740799113000037 51.047232568000027)",Unfall 226612 (2021) Kat:3, Licht: 0,226612,3,3,5,07,16,6,0,0,1,1,0,0,0,0
"POINT (13.782687010000075 51.032933764000063)",Unfall 226613 (2021) Kat:3, Licht: 0,226613,3,1,0,08,15,5,1,0,0,0,0,1,0,0
"POINT (13.709241737000070 51.052011565000043)",Unfall 226614 (2021) Kat:3, Licht: 2,226614,3,1,1,08,03,6,0,2,0,1,0,0,1,1
"POINT (13.787835943000061 51.027930285000082)",Unfall 226618 (2021) Kat:3, Licht: 0,226618,3,6,2,09,15,4,1,0,0,1,0,0,0,1
"POINT (13.795736591000036 51.048558332000027)",Unfall 226620 (2021) Kat:3, Licht: 0,226620,3,3,5,07,09,6,0,0,0,1,0,0,0,0
"POINT (13.698572244000047 51.019609812000056)",Unfall 226626 (2021) Kat:3, Licht: 0,226626,3,3,6,09,18,4,0,0,0,1,1,0,0,0
"POINT (13.715842016000067 51.106771868000067)",Unfall 226632 (2021) Kat:3, Licht: 0,226632,3,7,0,07,12,4,0,0,1,0,0,0,0,0
"POINT (13.849228865000043 51.008000276000075)",Unfall 226633 (2021) Kat:3, Licht: 0,226633,3,6,6,09,16,1,0,0,1,0,1,0,0,0
"POINT (13.750898753000058 51.078866150000067)",Unfall 226634 (2021) Kat:3, Licht: 0,226634,3,7,2,09,13,6,0,0,0,0,0,1,0,1
"POINT (13.721045172000061 51.032380368000076)",Unfall 226635 (2021) Kat:3, Licht: 0,226635,3,1,1,08,09,6,0,0,1,1,0,0,0,0
"POINT (13.782646723000028 51.045433883000044)",Unfall 226639 (2021) Kat:3, Licht: 1,226639,3,1,1,08,19,6,1,1,0,1,0,0,0,0
"POINT (13.776416501000028 51.112238668000032)",Unfall 226654 (2021) Kat:3, Licht: 2,226654,3,3,5,08,20,2,0,2,1,1,0,0,0,0
"POINT (13.750366799000062 51.065659388000029)",Unfall 226657 (2021) Kat:3, Licht: 2,226657,3,1,0,09,23,6,0,2,1,0,0,0,0,0
"POINT (13.743296531000055 51.047654969000064)",Unfall 226662 (2021) Kat:2, Licht: 0,226662,2,3,5,08,16,4,0,0,1,0,0,0,0,1
"POINT (13.742860144000076 51.072904799000071)",Unfall 226663 (2021) Kat:3, Licht: 1,226663,3,1,0,07,20,6,0,1,1,0,0,0,0,0
"POINT (13.749047949000044 51.033742533000066)",Unfall 226664 (2021) Kat:3, Licht: 0,226664,3,2,5,08,14,3,0,0,1,1,0,0,0,0