WKT,Name,OBJECTID,UKATEGORIE,UTYP1,UART,UMONAT,USTUNDE,UWOCHENTAG,STRZUSTAND,ULICHTVERH,ISTRAD,ISTPKW,ISTFUSS,ISTKRAD,ISTGKFZ,ISTSONSTIG
"POINT (13.825851318000048 51.012080978000029)",Unfall 226666 (2021) Kat:3, Licht: 0,226666,3,3,5,09,16,5,0,0,0,1,0,1,0,0
"POINT (13.769622454000057 51.051099639000029)",Unfall 226668 (2021) Kat:2, Licht: 0,226668,2,3,5,09,18,4,0,0,0,1,0,0,0,0
"POINT (13.746771620000061 51.048886281000080)",Unfall 226670 (2021) Kat:3, Licht: 2,226670,3,6,2,08,23,6,0,2,0,1,0,0,1,0
"POINT (13.742492645000027 51.013065088000076)",Unfall 226673 (2021) Kat:3, Licht: 0,226673,3,2,5,07,14,5,0,0,1,1,0,0,0,0
"POINT (13.834896073000039 51.021498984000061)",Unfall 226680 (2021) Kat:3, Licht: 0,226680,3,5,1,08,17,2,0,0,1,1,0,0,0,0
"POINT (13.647534275000055 51.039892306000070)",Unfall 226682 (2021) Kat:2, Licht: 0,226682,2,2,5,08,17,2,0,0,0,1,0,1,0,0
"POINT (13.743640327000037 51.023513097000034)",Unfall 226690 (2021) Kat:2, Licht: 0,226690,2,1,0,09,16,1,0,0,1,0,0,0,0,0
"POINT (13.725404492000052 51.057368342000075)",Unfall 226696 (2021) Kat:3, Licht: 0,226696,3,3,5,07,12,6,0,0,1,1,0,0,0,0
"POINT (13.805778827000040 51.040913806000049)",Unfall 226702 (2021) Kat:2, Licht: 0,226702,2,3,5,07,13,7,0,0,1,1,0,0,0,0
"POINT (13.799743317000036 51.027539220000051)",Unfall 226705 (2021) Kat:2, Licht: 0,226705,2,1,3,07,11,5,0,0,1,1,0,0,0,0
"POINT (13.828916656000047 51.016897447000076)",Unfall 226710 (2021) Kat:3, Licht: 0,226710,3,6,2,08,12,7,0,0,0,1,0,1,0,0
"POINT (13.686730607000072 51.056058207000035)",Unfall 226713 (2021) Kat:3, Licht: 0,226713,3,3,0,07,10,6,0,0,0,1,0,0,0,1
"POINT (13.797357421000072 51.024163158000079)",Unfall 226715 (2021) Kat:3, Licht: 1,226715,3,2,5,07,21,3,0,1,0,1,0,0,0,0
"POINT (13.733703716000036 51.035534151000036)",Unfall 226722 (2021) Kat:3, Licht: 0,226722,3,3,5,09,13,5,0,0,1,0,0,1,0,0
"POINT (13.809143175000031 51.016408597000066)",Unfall 226727 (2021) Kat:3, Licht: 0,226727,3,3,5,07,13,6,0,0,0,1,0,1,0,0
"POINT (13.701040446000036 51.030149490000042)",Unfall 226728 (2021) Kat:3, Licht: 0,226728,3,7,1,07,15,4,0,0,1,1,0,0,0,0
"POINT (13.708399773000053 51.046869529000048)",Unfall 226730 (2021) Kat:3, Licht: 0,226730,3,3,5,08,09,7,0,0,1,1,0,0,0,0
"POINT (13.830489237000052 50.987088946000028)",Unfall 226740 (2021) Kat:3, Licht: 0,226740,3,4,0,09,13,6,0,0,0,0,1,0,0,1
"POINT (13.801700087000029 51.040922848000037)",Unfall 226741 (2021) Kat:3, Licht: 0,226741,3,2,0,08,14,5,0,0,0,1,0,1,0,0
"POINT (13.776591909000047 51.066555122000068)",Unfall 226749 (2021) Kat:2, Licht: 0,226749,2,1,0,08,12,1,0,0,1,0,0,0,0,0
"POINT (13.721495424000068 51.054275559000075)",Unfall 226752 (2021) Kat:3, Licht: 0,226752,3,6,2,09,07,4,0,0,0,1,0,1,0,0
"POINT (13.774614858000064 51.055981952000081)",Unfall 226755 (2021) Kat:3, Licht: 0,226755,3,3,5,07,14,5,0,0,1,1,0,0,0,0
"POINT (13.775639790000071 51.045357315000047)",Unfall 226757 (2021) Kat:3, Licht: 0,226757,3,3,5,08,08,3,0,0,0,1,0,0,0,0
"POINT (13.752263776000063 51.042070247000026)",Unfall 226764 (2021) Kat:3, Licht: 0,226764,3,1,0,08,07,4,1,0,1,0,0,0,0,0
"POINT (13.750070933000075 51.074910009000064)",Unfall 226765 (2021) Kat:3, Licht: 0,226765,3,5,3,07,09,5,0,0,1,0,0,0,0,1
"POINT (13.772714353000026 51.046497359000057)",Unfall 226770 (2021) Kat:3, Licht: 0,226770,3,1,0,09,07,4,1,0,1,0,0,0,0,0
"POINT (13.742844447000039 51.049730216000057)",Unfall 226771 (2021) Kat:3, Licht: 0,226771,3,7,8,09,12,4,0,0,0,1,0,0,0,0
"POINT (13.775161914000023 51.080643819000045)",Unfall 226777 (2021) Kat:3, Licht: 0,226777,3,1,7,09,13,7,0,0,1,0,0,0,0,0
"POINT (13.789912585000025 51.045437950000064)",Unfall 226782 (2021) Kat:3, Licht: 0,226782,3,7,0,07,18,2,1,0,1,0,0,0,0,0
"POINT (13.776987149000036 51.060009108000031)",Unfall 226789 (2021) Kat:3, Licht: 0,226789,3,3,5,09,11,2,0,0,1,1,0,0,0,0
"POINT (13.767784934000076 51.026079504000052)",Unfall 226790 (2021) Kat:3, Licht: 0,226790,3,2,5,08,14,5,0,0,1,1,0,0,0,0
"POINT (13.736445356000047 51.041285948000052)",Unfall 226794 (2021) Kat:3, Licht: 2,226794,3,1,0,09,22,7,0,2,1,0,0,0,0,0
"POINT (13.756574305000072 51.055096982000066)",Unfall 226804 (2021) Kat:2, Licht: 0,226804,2,3,5,09,13,6,0,0,1,1,0,0,0,0
"POINT (13.667111808000072 51.037179294000055)",Unfall 226815 (2021) Kat:2, Licht: 2,226815,2,1,8,08,02,2,1,2,0,0,0,1,0,0
"POINT (13.686325192000027 51.084014949000050)",Unfall 226820 (2021) Kat:3, Licht: 0,226820,3,2,5,07,14,6,0,0,1,1,0,0,0,0
"POINT (13.775805809000076 51.050803050000070)",Unfall 226821 (2021) Kat:3, Licht: 0,226821,3,2,4,09,14,2,0,0,1,1,0,0,0,0
"POINT (13.780938923000065 51.045859471000028)",Unfall 226828 (2021) Kat:3, Licht: 0,226828,3,3,5,08,05,5,0,0,1,1,0,0,0,0
"POINT (13.751954237000064 51.062444636000066)",Unfall 226832 (2021) Kat:3, Licht: 0,226832,3,7,6,09,16,6,0,0,0,1,1,0,0,0
"POINT (13.750759282000047 51.047275497000044)",Unfall 226833 (2021) Kat:3, Licht: 0,226833,3,2,5,08,07,5,0,0,1,1,0,0,0,0
"POINT (13.799924006000026 51.015565065000033)",Unfall 226835 (2021) Kat:3, Licht: 0,226835,3,3,5,07,18,3,0,0,1,1,0,0,0,0
"POINT (13.842028400000061 51.002056315000061)",Unfall 226842 (2021) Kat:3, Licht: 0,226842,3,2,2,09,11,5,0,0,1,1,0,0,0,0
"POINT (13.796833598000035 51.041453765000028)",Unfall 226845 (2021) Kat:3, Licht: 0,226845,3,3,5,08,08,5,0,0,0,1,0,0,1,0
"POINT (13.729317502000072 51.016484383000034)",Unfall 226851 (2021) Kat:3, Licht: 0,226851,3,3,5,08,09,3,0,0,1,1,0,0,0,0
"POINT (13.755996157000027 51.040579579000052)",Unfall 226859 (2021) Kat:3, Licht: 0,226859,3,6,6,07,18,2,0,0,1,0,1,0,0,0
"POINT (13.749200752000036 51.062523818000045)",Unfall 226867 (2021) Kat:3, Licht: 0,226867,3,7,2,09,10,4,0,0,0,0,0,1,0,1
"POINT (13.749094347000039 51.033693115000062)",Unfall 226869 (2021) Kat:3, Licht: 0,226869,3,2,5,08,14,7,0,0,1,1,0,0,0,0
"POINT (13.799949855000023 51.005737736000071)",Unfall 226872 (2021) Kat:3, Licht: 2,226872,3,1,0,07,03,6,0,2,1,0,0,0,0,0
"POINT (13.725087066000071 51.077088890000027)",Unfall 226880 (2021) Kat:3, Licht: 0,226880,3,1,0,08,13,7,0,0,0,0,0,1,0,0
"POINT (13.656895964000057 51.058275688000037)",Unfall 226883 (2021) Kat:3, Licht: 0,226883,3,3,5,07,16,4,0,0,0,1,0,0,0,0
"POINT (13.762673454000037 51.032738638000069)",Unfall 226884 (2021) Kat:3, Licht: 0,226884,3,3,0,09,10,6,0,0,1,0,0,0,0,1
"POINT (13.822970810000072 51.013066010000045)",Unfall 226886 (2021) Kat:3, Licht: 0,226886,3,6,4,08,07,6,0,0,1,0,0,0,0,0
"POINT (13.777196324000045 51.060094243000037)",Unfall 226887 (2021) Kat:3, Licht: 2,226887,3,3,5,09,04,5,1,2,1,1,0,0,0,0
"POINT (13.743384224000067 51.049464954000030)",Unfall 226888 (2021) Kat:3, Licht: 0,226888,3,7,0,07,14,1,0,0,0,0,0,0,0,1
"POINT (13.788192002000073 51.043293303000041)",Unfall 226892 (2021) Kat:2, Licht: 0,226892,2,4,6,08,09,3,0,0,0,1,1,0,0,0
"POINT (13.757162549000043 51.049746963000075)",Unfall 226893 (2021) Kat:3, Licht: 1,226893,3,2,5,08,05,7,0,1,0,1,0,0,0,0
"POINT (13.773213438000028 51.111260777000041)",Unfall 226894 (2021) Kat:3, Licht: 0,226894,3,7,0,09,08,5,0,0,1,1,0,0,0,0
"POINT (13.698504705000062 51.074235818000034)",Unfall 226898 (2021) Kat:2, Licht: 0,226898,2,3,5,08,16,5,1,0,1,1,0,0,0,0
"POINT (13.789523983000038 51.018322638000029)",Unfall 226904 (2021) Kat:3, Licht: 0,226904,3,3,5,08,16,4,0,0,1,1,0,0,0,0
"POINT (13.826564616000041 50.998349426000061)",Unfall 226906 (2021) Kat:3, Licht: 0,226906,3,3,5,09,09,4,0,0,0,1,0,1,0,0
"POINT (13.777677219000054 51.052839321000079)",Unfall 226907 (2021) Kat:3, Licht: 0,226907,3,1,0,07,12,3,0,0,1,0,0,0,0,0
"POINT (13.741169134000074 51.044413823000070)",Unfall 226910 (2021) Kat:3, Licht: 0,226910,3,1,0,08,20,6,0,0,1,0,0,0,0,0
"POINT (13.783755943000074 51.070767864000061)",Unfall 226915 (2021) Kat:3, Licht: 1,226915,3,1,0,09,19,6,0,1,1,0,0,0,0,0
"POINT (13.755773214000044 51.047246579000046)",Unfall 226916 (2021) Kat:3, Licht: 0,226916,3,3,5,08,19,5,0,0,1,1,0,0,0,0
"POINT (13.771173436000026 51.046127336000040)",Unfall 226918 (2021) Kat:3, Licht: 1,226918,3,2,1,09,17,6,0,1,1,1,0,0,0,0
"POINT (13.837450478000051 51.024884395000072)",Unfall 226921 (2021) Kat:3, Licht: 0,226921,3,1,0,08,17,3,0,0,1,0,0,0,0,0
"POINT (13.828243007000026 50.998857003000069)",Unfall 226926 (2021) Kat:2, Licht: 0,226926,2,2,6,08,11,2,0,0,0,1,1,0,0,0
"POINT (13.833678175000045 51.022182397000051)",Unfall 226928 (2021) Kat:3, Licht: 0,226928,3,1,0,08,13,7,0,0,1,0,0,0,0,0
"POINT (13.692649430000074 51.085694380000064)",Unfall 226930 (2021) Kat:3, Licht: 0,226930,3,3,5,08,17,3,0,0,1,1,0,0,0,0
"POINT (13.713637781000045 51.052123297000037)",Unfall 226934 (2021) Kat:3, Licht: 0,226934,3,2,6,08,14,6,0,0,0,1,1,0,0,0
"POINT (13.792433046000042 51.058179670000072)",Unfall 226940 (2021) Kat:3, Licht: 0,226940,3,3,5,07,17,6,0,0,0,1,0,0,0,0
"POINT (13.792805629000043 51.059346425000058)",Unfall 226942 (2021) Kat:2, Licht: 0,226942,2,3,5,09,13,5,0,0,0,1,0,1,0,0
"POINT (13.806802644000072 51.052111684000067)",Unfall 226947 (2021) Kat:3, Licht: 0,226947,3,6,3,07,09,5,0,0,0,1,0,1,0,0
"POINT (13.783109912000043 51.043463144000043)",Unfall 226951 (2021) Kat:3, Licht: 0,226951,3,3,3,09,15,5,0,0,1,1,0,0,0,0
"POINT (13.787027447000071 51.015761152000039)",Unfall 226956 (2021) Kat:2, Licht: 0,226956,2,3,5,08,08,4,0,0,1,0,0,0,0,1
"POINT (13.744864363000033 51.037147776000040)",Unfall 226957 (2021) Kat:3, Licht: 0,226957,3,6,2,07,09,5,0,0,0,1,0,0,0,0
"POINT (13.776057648000062 51.069057407000059)",Unfall 226959 (2021) Kat:3, Licht: 0,226959,3,5,0,09,15,2,0,0,1,1,0,0,0,0
"POINT (13.829729564000047 51.000646235000033)",Unfall 226961 (2021) Kat:3, Licht: 0,226961,3,3,5,08,16,4,0,0,0,1,0,0,0,0
"POINT (13.790229539000052 51.029913532000080)",Unfall 226962 (2021) Kat:2, Licht: 2,226962,2,4,6,09,05,3,0,2,0,0,1,1,0,0
"POINT (13.743886454000062 51.053441554000074)",Unfall 226964 (2021) Kat:3, Licht: 0,226964,3,6,2,07,08,3,0,0,0,1,0,0,0,0
"POINT (13.887897426000052 51.067852707000043)",Unfall 226973 (2021) Kat:3, Licht: 0,226973,3,3,5,09,14,6,0,0,0,1,0,0,0,0
"POINT (13.808829631000037 51.050445806000027)",Unfall 226976 (2021) Kat:3, Licht: 0,226976,3,3,5,08,10,5,1,0,0,1,0,0,0,0
"POINT (13.709802022000076 51.044907212000055)",Unfall 226979 (2021) Kat:3, Licht: 0,226979,3,1,0,08,07,5,1,0,1,0,0,0,0,0
"POINT (13.821943502000067 51.006399253000041)",Unfall 226981 (2021) Kat:3, Licht: 0,226981,3,1,0,09,12,6,0,0,1,0,0,0,0,0
"POINT (13.811820104000049 51.020260873000041)",Unfall 226983 (2021) Kat:2, Licht: 0,226983,2,1,0,09,15,3,0,0,1,0,0,0,0,0
"POINT (13.777870970000038 51.053943790000062)",Unfall 226984 (2021) Kat:2, Licht: 0,226984,2,2,5,09,13,4,0,0,1,1,0,0,0,0
"POINT (13.737193434000062 51.050277153000081)",Unfall 226987 (2021) Kat:3, Licht: 0,226987,3,2,3,07,12,6,0,0,0,1,0,0,0,1
"POINT (13.690294644000062 51.047820440000066)",Unfall 226991 (2021) Kat:3, Licht: 0,226991,3,3,5,09,08,5,0,0,0,1,0,0,0,0
"POINT (13.696109518000071 51.081930203000070)",Unfall 226993 (2021) Kat:3, Licht: 0,226993,3,3,5,08,09,6,1,0,1,0,0,0,0,1
"POINT (13.738430750000077 51.047347474000048)",Unfall 226997 (2021) Kat:3, Licht: 0,226997,3,3,5,09,11,5,0,0,1,0,0,0,0,1
"POINT (13.790805490000025 51.026754495000034)",Unfall 227000 (2021) Kat:3, Licht: 0,227000,3,2,5,08,14,4,0,0,1,1,0,0,0,0
"POINT (13.788683810000066 51.043275968000046)",Unfall 227001 (2021) Kat:3, Licht: 0,227001,3,6,2,07,19,6,0,0,0,1,0,0,0,1
"POINT (13.744403283000054 51.037222727000028)",Unfall 227002 (2021) Kat:3, Licht: 0,227002,3,1,0,08,08,4,0,0,1,0,0,0,0,0
"POINT (13.763325764000058 51.038309638000044)",Unfall 227006 (2021) Kat:3, Licht: 0,227006,3,7,4,09,17,3,0,0,1,0,0,0,0,0
"POINT (13.787281257000075 51.029460120000067)",Unfall 227010 (2021) Kat:3, Licht: 0,227010,3,3,5,07,15,6,0,0,1,1,0,0,0,0
"POINT (13.714916468000069 51.051568374000055)",Unfall 227014 (2021) Kat:3, Licht: 0,227014,3,3,5,09,07,3,0,0,1,0,0,0,0,1
"POINT (13.790595657000040 51.013573030000032)",Unfall 227023 (2021) Kat:3, Licht: 0,227023,3,4,6,09,10,6,0,0,0,1,1,0,0,0
"POINT (13.799395942000046 51.057715090000045)",Unfall 227026 (2021) Kat:3, Licht: 0,227026,3,6,8,09,16,7,0,0,1,1,0,0,0,0
"POINT (13.802628424000034 51.012129844000071)",Unfall 227028 (2021) Kat:3, Licht: 0,227028,3,6,3,08,14,5,1,0,1,1,0,0,0,0
"POINT (13.692294764000053 51.063180436000039)",Unfall 227032 (2021) Kat:2, Licht: 0,227032,2,6,3,08,15,1,0,0,1,0,0,0,0,0
"POINT (13.822275956000055 50.997787618000075)",Unfall 227036 (2021) Kat:3, Licht: 0,227036,3,3,5,09,18,5,1,0,1,1,0,0,0,0
"POINT (13.723453169000038 51.049429734000057)",Unfall 227039 (2021) Kat:3, Licht: 2,227039,3,5,0,07,17,5,0,2,1,1,0,0,0,0
"POINT (13.890852149000068 51.057351982000057)",Unfall 227049 (2021) Kat:2, Licht: 0,227049,2,7,0,07,11,5,0,0,1,0,0,0,0,0
"POINT (13.725270464000062 51.014301045000082)",Unfall 227050 (2021) Kat:3, Licht: 2,227050,3,1,0,09,21,1,0,2,0,0,0,1,0,0
"POINT (13.780456824000055 51.053159622000067)",Unfall 227058 (2021) Kat:3, Licht: 0,227058,3,7,0,08,11,2,1,0,1,0,0,0,0,0
"POINT (13.713368040000034 51.024796825000067)",Unfall 227072 (2021) Kat:3, Licht: 0,227072,3,2,4,08,07,4,0,0,1,1,0,0,0,0
"POINT (13.777413013000057 51.058098919000031)",Unfall 227098 (2021) Kat:3, Licht: 0,227098,3,5,3,08,15,2,0,0,1,1,0,0,0,0
"POINT (13.806563178000033 51.037352937000037)",Unfall 227103 (2021) Kat:3, Licht: 2,227103,3,2,5,07,23,4,0,2,1,1,0,0,0,0
"POINT (13.696130388000029 51.045939496000074)",Unfall 227104 (2021) Kat:3, Licht: 1,227104,3,3,5,09,19,1,0,1,1,1,0,0,0,0
"POINT (13.716935095000053 51.048497464000036)",Unfall 227106 (2021) Kat:2, Licht: 2,227106,2,7,0,08,21,5,0,2,1,0,0,0,0,0
"POINT (13.743640327000037 51.023513097000034)",Unfall 227107 (2021) Kat:3, Licht: 0,227107,3,1,0,09,16,1,0,0,1,0,0,0,0,0
"POINT (13.780854267000052 51.058121671000038)",Unfall 227112 (2021) Kat:3, Licht: 0,227112,3,6,0,08,14,5,0,0,1,0,0,0,0,1
"POINT (13.876090671000043 50.992221784000037)",Unfall 227113 (2021) Kat:3, Licht: 2,227113,3,1,0,07,21,6,0,2,1,0,0,0,0,0
"POINT (13.822324667000032 51.031606897000074)",Unfall 227114 (2021) Kat:3, Licht: 0,227114,3,3,5,09,18,7,1,0,0,1,0,0,0,0
"POINT (13.707835326000065 51.046487469000056)",Unfall 227115 (2021) Kat:3, Licht: 2,227115,3,2,5,09,23,5,0,2,1,1,0,0,0,0
"POINT (13.688944700000036 51.057959686000061)",Unfall 227118 (2021) Kat:3, Licht: 0,227118,3,3,5,07,16,7,0,0,1,1,0,0,0,0
"POINT (13.778410955000027 51.049970674000065)",Unfall 227121 (2021) Kat:3, Licht: 0,227121,3,1,0,08,10,6,0,0,1,0,0,0,0,0
"POINT (13.801927956000043 51.055543424000064)",Unfall 227122 (2021) Kat:2, Licht: 0,227122,2,7,0,09,10,5,0,0,1,1,0,0,0,0
"POINT (13.782904454000061 51.043511314000057)",Unfall 227127 (2021) Kat:3, Licht: 0,227127,3,3,5,09,15,6,0,0,1,1,0,0,0,0
"POINT (13.755443993000029 51.050008791000039)",Unfall 227130 (2021) Kat:3, Licht: 0,227130,3,2,5,09,15,5,0,0,1,1,0,0,0,0
"POINT (13.844481221000024 51.008106355000052)",Unfall 227132 (2021) Kat:3, Licht: 0,227132,3,3,5,07,16,7,0,0,1,1,0,0,0,0
"POINT (13.745989587000054 51.063435047000041)",Unfall 227136 (2021) Kat:3, Licht: 0,227136,3,3,2,08,11,2,0,0,1,1,0,0,0,0
"POINT (13.702274699000043 51.045863270000041)",Unfall 227140 (2021) Kat:3, Licht: 0,227140,3,2,5,08,16,6,1,0,1,1,0,0,0,0
"POINT (13.759324198000058 51.027970825000068)",Unfall 227143 (2021) Kat:3, Licht: 0,227143,3,2,6,07,16,5,0,0,0,1,1,0,0,0
"POINT (13.791469099000039 51.051926939000055)",Unfall 227150 (2021) Kat:3, Licht: 0,227150,3,3,5,09,12,4,0,0,0,1,0,0,0,0
"POINT (13.809222762000047 51.047381715000029)",Unfall 227158 (2021) Kat:2, Licht: 0,227158,2,2,5,09,10,2,0,0,1,1,0,0,0,0
"POINT (13.706164582000042 51.046414313000071)",Unfall 227162 (2021) Kat:2, Licht: 0,227162,2,3,5,09,09,6,1,0,0,1,0,0,1,0
"POINT (13.765341431000024 51.046979318000069)",Unfall 227168 (2021) Kat:3, Licht: 0,227168,3,3,5,09,14,6,0,0,0,1,0,0,0,1
"POINT (13.716865119000033 51.027027795000038)",Unfall 227170 (2021) Kat:3, Licht: 0,227170,3,1,0,09,07,4,0,0,1,0,0,0,0,0
"POINT (13.807080963000033 51.011326089000079)",Unfall 227172 (2021) Kat:3, Licht: 0,227172,3,1,8,07,17,7,0,0,1,0,0,0,0,0
"POINT (13.737716886000044 51.039489425000056)",Unfall 227177 (2021) Kat:3, Licht: 0,227177,3,6,3,08,16,2,0,0,0,1,0,1,0,0
"POINT (13.660929744000043 51.050184733000037)",Unfall 227182 (2021) Kat:3, Licht: 0,227182,3,4,6,08,18,6,0,0,0,1,1,0,0,0
"POINT (13.730728840000040 51.076837617000081)",Unfall 227185 (2021) Kat:3, Licht: 2,227185,3,1,0,07,23,5,1,2,1,0,0,0,0,0
"POINT (13.788320626000029 51.038083163000067)",Unfall 227186 (2021) Kat:3, Licht: 0,227186,3,3,5,08,14,2,0,0,0,1,0,0,0,0
"POINT (13.813952572000062 51.062770808000039)",Unfall 227193 (2021) Kat:3, Licht: 0,227193,3,1,0,09,11,2,1,0,1,0,0,0,0,0
"POINT (13.747292434000030 51.073614816000031)",Unfall 227196 (2021) Kat:3, Licht: 0,227196,3,6,2,08,13,3,0,0,1,1,0,0,0,0
"POINT (13.836973804000024 51.025790861000075)",Unfall 227203 (2021) Kat:3, Licht: 0,227203,3,1,0,07,14,3,0,0,1,0,0,0,0,0
"POINT (13.710749824000061 51.077549115000068)",Unfall 227209 (2021) Kat:3, Licht: 0,227209,3,4,6,08,13,6,1,0,0,0,1,0,0,1
"POINT (13.666314991000036 51.061824153000032)",Unfall 227213 (2021) Kat:3, Licht: 0,227213,3,1,0,08,11,2,0,0,1,0,0,0,0,0
"POINT (13.662430703000041 51.042303244000038)",Unfall 227225 (2021) Kat:3, Licht: 0,227225,3,1,0,08,14,1,0,0,1,0,0,0,0,0
"POINT (13.801906262000045 51.055476458000044)",Unfall 227226 (2021) Kat:3, Licht: 0,227226,3,2,5,08,17,2,0,0,1,1,0,0,0,0
"POINT (13.764756084000055 51.067875464000053)",Unfall 227228 (2021) Kat:3, Licht: 0,227228,3,3,5,09,09,5,0,0,1,0,0,0,0,0
"POINT (13.847240032000059 51.016769834000058)",Unfall 227231 (2021) Kat:3, Licht: 0,227231,3,7,0,07,15,7,0,0,1,0,0,0,0,0
"POINT (13.827865128000042 51.063538074000064)",Unfall 227238 (2021) Kat:3, Licht: 0,227238,3,2,5,08,16,2,0,0,1,1,0,0,0,0
"POINT (13.772718934000068 51.047773381000070)",Unfall 227240 (2021) Kat:3, Licht: 0,227240,3,2,5,08,13,7,0,0,1,1,0,0,0,0
"POINT (13.706162748000054 51.046414183000081)",Unfall 227244 (2021) Kat:3, Licht: 0,227244,3,3,5,09,12,1,0,0,0,1,0,0,0,0
"POINT (13.706113571000060 51.043663684000080)",Unfall 227250 (2021) Kat:3, Licht: 0,227250,3,1,0,08,13,4,0,0,1,0,0,0,0,0
"POINT (13.744938934000061 51.072325501000080)",Unfall 227251 (2021) Kat:3, Licht: 0,227251,3,1,0,08,07,2,1,0,1,0,0,0,0,0
"POINT (13.774522729000068 51.033118303000037)",Unfall 227253 (2021) Kat:3, Licht: 0,227253,3,3,5,09,17,6,1,0,1,1,0,0,0,0
"POINT (13.826931552000076 51.009534730000041)",Unfall 227261 (2021) Kat:3, Licht: 0,227261,3,3,5,08,12,6,0,0,0,1,0,0,0,1
"POINT (13.603085993000036 51.089567737000039)",Unfall 227262 (2021) Kat:3, Licht: 1,227262,3,1,4,09,06,4,1,1,0,1,0,0,0,1
"POINT (13.758716394000032 51.049517950000052)",Unfall 227265 (2021) Kat:3, Licht: 0,227265,3,3,5,09,08,4,0,0,1,1,0,0,0,0
"POINT (13.831485398000041 50.999618383000040)",Unfall 227267 (2021) Kat:3, Licht: 0,227267,3,4,6,11,15,7,0,0,0,1,1,0,0,0
"POINT (13.737051497000039 51.037778950000074)",Unfall 227268 (2021) Kat:3, Licht: 2,227268,3,3,5,11,18,1,0,2,1,1,0,0,0,0
"POINT (13.736978032000025 51.050332152000067)",Unfall 227275 (2021) Kat:3, Licht: 0,227275,3,3,5,10,07,6,0,0,1,0,0,0,0,0
"POINT (13.741999288000045 51.049688872000047)",Unfall 227276 (2021) Kat:3, Licht: 0,227276,3,3,5,09,09,5,0,0,1,0,0,0,0,1
"POINT (13.779934916000059 51.044355431000042)",Unfall 227277 (2021) Kat:3, Licht: 0,227277,3,3,5,11,10,3,0,0,1,1,0,0,0,0
"POINT (13.760871492000035 51.051958713000033)",Unfall 227278 (2021) Kat:3, Licht: 0,227278,3,1,0,10,14,2,0,0,0,0,0,1,0,0
"POINT (13.744898826000053 51.026080512000078)",Unfall 227286 (2021) Kat:3, Licht: 2,227286,3,1,1,10,17,5,1,2,1,1,0,0,0,0
"POINT (13.795751960000075 51.012893089000045)",Unfall 227289 (2021) Kat:3, Licht: 2,227289,3,4,6,12,06,4,0,2,0,1,1,0,0,0
"POINT (13.737560286000075 51.039537405000033)",Unfall 227300 (2021) Kat:3, Licht: 2,227300,3,1,0,11,17,7,0,2,1,0,0,0,0,0
"POINT (13.730738035000059 51.049975847000042)",Unfall 227312 (2021) Kat:2, Licht: 0,227312,2,7,6,10,15,7,0,0,0,1,1,0,0,0
"POINT (13.804372652000040 51.051289618000055)",Unfall 227316 (2021) Kat:3, Licht: 0,227316,3,1,0,09,16,5,0,0,1,0,0,0,0,0
"POINT (13.813962068000023 51.014975039000035)",Unfall 227330 (2021) Kat:2, Licht: 0,227330,2,3,5,10,14,3,1,0,1,1,0,0,0,0
"POINT (13.703681206000056 51.101612701000079)",Unfall 227338 (2021) Kat:2, Licht: 0,227338,2,1,0,11,08,1,1,0,1,0,0,0,0,0
"POINT (13.788501857000028 51.114668115000029)",Unfall 227340 (2021) Kat:3, Licht: 2,227340,3,4,6,12,05,3,1,2,0,1,1,0,0,0
"POINT (13.684313712000062 51.058824296000068)",Unfall 227342 (2021) Kat:3, Licht: 2,227342,3,3,5,12,06,4,1,2,1,1,0,0,0,0
"POINT (13.844802062000042 51.017495323000048)",Unfall 227351 (2021) Kat:3, Licht: 0,227351,3,3,5,10,14,6,0,0,1,0,0,0,0,1
"POINT (13.677849492000064 51.043167957000037)",Unfall 227353 (2021) Kat:3, Licht: 2,227353,3,1,0,11,19,1,1,2,0,0,0,1,0,0
"POINT (13.770782298000029 51.110500409000053)",Unfall 227356 (2021) Kat:3, Licht: 2,227356,3,7,0,11,18,7,0,2,1,1,1,0,0,0
"POINT (13.769507418000046 51.040290016000029)",Unfall 227360 (2021) Kat:3, Licht: 0,227360,3,1,0,10,14,6,0,0,1,0,0,0,0,0
"POINT (13.725638799000023 51.053045641000040)",Unfall 227362 (2021) Kat:3, Licht: 0,227362,3,6,2,10,16,6,0,0,1,0,0,0,0,0
"POINT (13.720286274000046 51.037816068000041)",Unfall 227363 (2021) Kat:3, Licht: 0,227363,3,3,5,10,14,3,1,0,0,1,0,0,0,0
"POINT (13.752319967000062 51.063927941000031)",Unfall 227364 (2021) Kat:3, Licht: 1,227364,3,6,3,12,17,5,0,1,1,0,0,0,0,1
"POINT (13.822092136000037 51.013281258000063)",Unfall 227372 (2021) Kat:3, Licht: 0,227372,3,7,7,09,13,5,0,0,1,0,0,0,0,0
"POINT (13.738680771000077 51.048446021000075)",Unfall 227373 (2021) Kat:2, Licht: 0,227373,2,3,5,11,15,6,0,0,0,1,0,0,0,1
"POINT (13.737639334000050 51.037552324000046)",Unfall 227374 (2021) Kat:3, Licht: 0,227374,3,1,0,10,11,1,0,0,1,0,0,0,0,0