WKT,Name,OBJECTID,UKATEGORIE,UTYP1,UART,UMONAT,USTUNDE,UWOCHENTAG,STRZUSTAND,ULICHTVERH,ISTRAD,ISTPKW,ISTFUSS,ISTKRAD,ISTGKFZ,ISTSONSTIG
"POINT (13.758757876000061 51.054245723000065)",Unfall 227378 (2021) Kat:3, Licht: 2,227378,3,2,4,11,20,4,0,2,1,1,0,0,0,0
"POINT (13.746433761000048 51.052410971000029)",Unfall 227379 (2021) Kat:2, Licht: 2,227379,2,1,0,10,00,7,0,2,0,0,0,0,0,1
"POINT (13.785329384000022 51.035942487000057)",Unfall 227381 (2021) Kat:3, Licht: 0,227381,3,3,5,12,08,4,0,0,1,1,0,0,0,0
"POINT (13.712589220000041 51.057239406000065)",Unfall 227384 (2021) Kat:3, Licht: 2,227384,3,3,5,11,18,3,1,2,0,1,0,0,0,0
"POINT (13.749628792000067 51.043111024000041)",Unfall 227387 (2021) Kat:3, Licht: 2,227387,3,1,0,11,18,1,0,2,1,0,0,0,0,0
"POINT (13.737031605000027 51.049549066000054)",Unfall 227391 (2021) Kat:3, Licht: 0,227391,3,7,6,10,15,4,0,0,0,1,1,0,0,0
"POINT (13.679146533000051 51.088154976000055)",Unfall 227397 (2021) Kat:3, Licht: 2,227397,3,3,5,11,16,2,0,2,1,1,0,0,0,0
"POINT (13.777945999000053 51.041579051000042)",Unfall 227398 (2021) Kat:2, Licht: 1,227398,2,3,5,12,17,2,0,1,0,1,0,0,0,1
"POINT (13.735782077000067 51.046791627000061)",Unfall 227400 (2021) Kat:3, Licht: 0,227400,3,6,3,11,13,6,0,0,0,1,0,1,0,0
"POINT (13.766550675000076 51.012670410000055)",Unfall 227401 (2021) Kat:2, Licht: 0,227401,2,1,0,10,16,3,1,0,1,0,0,0,0,0
"POINT (13.826701917000037 50.998390682000036)",Unfall 227406 (2021) Kat:3, Licht: 0,227406,3,6,6,09,10,5,0,0,1,0,1,0,0,0
"POINT (13.833826147000025 51.008488458000045)",Unfall 227410 (2021) Kat:3, Licht: 0,227410,3,7,2,10,10,2,0,0,0,1,0,0,0,0
"POINT (13.765900256000066 51.056295155000043)",Unfall 227417 (2021) Kat:3, Licht: 0,227417,3,6,2,10,15,2,1,0,0,1,0,0,0,0
"POINT (13.809055068000077 51.047172251000063)",Unfall 227418 (2021) Kat:3, Licht: 1,227418,3,4,6,12,08,3,1,1,0,1,1,0,0,0
"POINT (13.783815900000036 51.014556121000055)",Unfall 227419 (2021) Kat:3, Licht: 0,227419,3,6,2,12,11,6,0,0,1,1,0,0,0,0
"POINT (13.786382958000047 51.034165216000076)",Unfall 227425 (2021) Kat:3, Licht: 0,227425,3,7,0,11,07,5,1,0,0,1,0,0,0,0
"POINT (13.665134286000068 51.043672540000046)",Unfall 227439 (2021) Kat:3, Licht: 0,227439,3,5,1,11,07,3,0,0,1,1,0,0,0,0
"POINT (13.685249903000056 51.042465021000055)",Unfall 227445 (2021) Kat:2, Licht: 2,227445,2,2,5,11,06,4,1,2,1,1,0,0,0,0
"POINT (13.792293833000031 51.047680035000042)",Unfall 227449 (2021) Kat:3, Licht: 0,227449,3,2,2,10,12,3,1,0,0,1,0,0,0,0
"POINT (13.751137920000076 51.061095914000077)",Unfall 227453 (2021) Kat:3, Licht: 1,227453,3,1,2,11,17,2,1,1,0,1,0,0,0,0
"POINT (13.746460298000045 51.057683391000069)",Unfall 227455 (2021) Kat:3, Licht: 2,227455,3,3,5,10,20,3,1,2,1,0,0,0,0,0
"POINT (13.811658967000028 51.028280756000072)",Unfall 227458 (2021) Kat:3, Licht: 0,227458,3,3,5,12,07,2,2,0,1,1,0,0,0,0
"POINT (13.792156829000021 51.056973241000037)",Unfall 227460 (2021) Kat:3, Licht: 0,227460,3,1,0,11,10,6,0,0,1,0,0,0,0,0
"POINT (13.788899694000065 51.036013121000053)",Unfall 227469 (2021) Kat:3, Licht: 0,227469,3,7,1,10,14,2,0,0,0,1,0,0,1,0
"POINT (13.688964634000058 51.057937362000075)",Unfall 227473 (2021) Kat:3, Licht: 0,227473,3,6,2,12,14,4,0,0,0,1,0,0,0,0
"POINT (13.788283134000039 51.035977867000042)",Unfall 227475 (2021) Kat:3, Licht: 2,227475,3,3,5,10,19,4,0,2,1,1,0,0,0,0
"POINT (13.770814830000063 51.039849203000074)",Unfall 227478 (2021) Kat:3, Licht: 2,227478,3,2,3,11,19,7,0,2,0,1,0,0,0,1
"POINT (13.788834095000027 51.042334506000032)",Unfall 227479 (2021) Kat:3, Licht: 0,227479,3,2,5,11,07,4,0,0,1,1,0,0,0,0
"POINT (13.779828205000058 51.127941628000031)",Unfall 227480 (2021) Kat:3, Licht: 0,227480,3,6,2,11,08,2,0,0,0,1,0,0,0,0
"POINT (13.755998573000056 51.055905944000074)",Unfall 227485 (2021) Kat:3, Licht: 1,227485,3,3,5,10,18,5,0,1,0,1,0,0,0,0
"POINT (13.718800995000038 51.087843096000029)",Unfall 227490 (2021) Kat:3, Licht: 0,227490,3,3,5,11,11,6,0,0,1,1,0,0,0,0
"POINT (13.700726671000041 51.044141230000037)",Unfall 227497 (2021) Kat:3, Licht: 0,227497,3,5,3,11,08,5,0,0,1,1,0,0,0,0
"POINT (13.776416991000076 51.046894410000050)",Unfall 227506 (2021) Kat:3, Licht: 0,227506,3,3,5,11,09,4,1,0,0,1,0,0,0,0
"POINT (13.761491579000051 51.055095947000041)",Unfall 227508 (2021) Kat:3, Licht: 2,227508,3,3,5,11,05,3,1,2,1,1,0,0,0,0
"POINT (13.749078282000028 51.033947930000068)",Unfall 227510 (2021) Kat:3, Licht: 0,227510,3,3,5,10,12,3,1,0,0,1,0,0,0,0
"POINT (13.784980757000028 51.048034355000027)",Unfall 227514 (2021) Kat:2, Licht: 2,227514,2,3,5,11,19,2,1,2,1,1,0,0,0,0
"POINT (13.809476865000022 51.037672586000042)",Unfall 227526 (2021) Kat:2, Licht: 2,227526,2,1,4,10,20,6,0,2,0,1,1,0,0,0
"POINT (13.711468656000022 51.089055138000049)",Unfall 227531 (2021) Kat:3, Licht: 2,227531,3,7,7,11,19,5,1,2,0,1,0,0,0,0
"POINT (13.761363237000069 51.051924121000070)",Unfall 227532 (2021) Kat:3, Licht: 2,227532,3,3,5,10,01,1,0,2,1,1,0,0,0,0
"POINT (13.836796670000069 51.024543227000038)",Unfall 227541 (2021) Kat:2, Licht: 1,227541,2,4,6,11,16,3,0,1,0,1,1,0,0,0
"POINT (13.812349944000061 51.046519311000054)",Unfall 227544 (2021) Kat:3, Licht: 0,227544,3,2,2,10,13,3,0,0,0,1,0,0,0,0
"POINT (13.848620874000062 51.004292631000055)",Unfall 227555 (2021) Kat:3, Licht: 2,227555,3,3,5,12,19,5,1,2,0,1,0,0,0,0
"POINT (13.793014847000052 51.025882250000052)",Unfall 227557 (2021) Kat:3, Licht: 2,227557,3,5,1,10,06,5,1,2,0,1,0,0,0,0
"POINT (13.746634908000033 51.052885727000046)",Unfall 227563 (2021) Kat:3, Licht: 0,227563,3,1,0,10,15,3,1,0,1,0,0,0,0,0
"POINT (13.755739592000054 51.065871250000043)",Unfall 227565 (2021) Kat:3, Licht: 0,227565,3,5,0,12,11,5,0,0,1,1,0,0,0,0
"POINT (13.708644472000060 51.047047753000072)",Unfall 227578 (2021) Kat:3, Licht: 2,227578,3,6,2,11,16,2,0,2,0,1,0,0,0,0
"POINT (13.761904741000023 51.053146749000064)",Unfall 227582 (2021) Kat:3, Licht: 0,227582,3,2,5,12,14,3,0,0,0,1,0,0,0,0
"POINT (13.795687125000029 51.012910859000044)",Unfall 227587 (2021) Kat:3, Licht: 2,227587,3,4,6,10,06,6,0,2,0,1,1,0,0,0
"POINT (13.750181394000037 51.050918210000077)",Unfall 227590 (2021) Kat:3, Licht: 2,227590,3,1,0,10,05,3,0,2,1,0,0,0,0,0
"POINT (13.874245137000059 51.051190695000059)",Unfall 227591 (2021) Kat:3, Licht: 1,227591,3,1,0,10,18,7,0,1,1,0,0,0,0,0
"POINT (13.728422829000067 51.056631549000031)",Unfall 227594 (2021) Kat:3, Licht: 0,227594,3,1,0,10,11,5,1,0,1,0,0,0,0,0
"POINT (13.751733102000060 51.042268629000034)",Unfall 227595 (2021) Kat:3, Licht: 2,227595,3,7,0,12,20,4,0,2,1,0,0,0,0,0
"POINT (13.719588767000062 51.077401267000027)",Unfall 227598 (2021) Kat:3, Licht: 0,227598,3,3,5,11,13,3,0,0,0,1,0,0,0,0
"POINT (13.739270415000021 51.047329280000042)",Unfall 227602 (2021) Kat:3, Licht: 0,227602,3,1,0,11,13,2,1,0,1,0,0,0,0,0
"POINT (13.746784436000041 51.038459553000052)",Unfall 227610 (2021) Kat:3, Licht: 0,227610,3,2,5,10,13,2,0,0,1,0,0,0,0,0
"POINT (13.787881146000075 51.048242539000057)",Unfall 227616 (2021) Kat:3, Licht: 0,227616,3,3,5,09,10,5,0,0,1,1,0,0,0,0
"POINT (13.750597921000065 51.052586001000066)",Unfall 227620 (2021) Kat:3, Licht: 0,227620,3,4,6,10,13,7,0,0,1,1,1,0,0,0
"POINT (13.749365061000049 51.035480934000077)",Unfall 227621 (2021) Kat:3, Licht: 0,227621,3,6,2,12,15,6,1,0,0,1,0,0,0,0
"POINT (13.712725876000036 51.080730976000041)",Unfall 227631 (2021) Kat:3, Licht: 0,227631,3,2,5,11,07,4,0,0,1,1,0,0,0,0
"POINT (13.711289452000074 51.117303444000072)",Unfall 227632 (2021) Kat:3, Licht: 0,227632,3,3,5,10,14,7,0,0,1,0,0,0,0,1
"POINT (13.734200395000073 51.088429957000074)",Unfall 227634 (2021) Kat:2, Licht: 2,227634,2,3,5,12,23,4,0,2,1,1,0,0,0,0
"POINT (13.785328751000065 51.035943203000045)",Unfall 227635 (2021) Kat:3, Licht: 1,227635,3,3,5,10,10,3,1,1,1,1,0,0,0,0
"POINT (13.733651762000022 51.055544909000048)",Unfall 227648 (2021) Kat:3, Licht: 0,227648,3,1,8,11,15,3,1,0,0,1,0,0,0,0
"POINT (13.677973799000029 51.061010909000061)",Unfall 227649 (2021) Kat:3, Licht: 2,227649,3,4,0,10,21,7,0,2,0,0,1,0,0,1
"POINT (13.766424122000046 51.013282754000045)",Unfall 227650 (2021) Kat:3, Licht: 0,227650,3,4,6,10,11,6,0,0,0,1,1,0,0,0
"POINT (13.752374304000057 51.060997279000048)",Unfall 227658 (2021) Kat:3, Licht: 2,227658,3,1,0,11,22,4,0,2,1,0,0,0,0,0
"POINT (13.776982236000038 51.060011581000026)",Unfall 227663 (2021) Kat:3, Licht: 2,227663,3,3,5,10,05,2,0,2,1,1,0,0,0,0
"POINT (13.748278778000042 51.032209697000042)",Unfall 227664 (2021) Kat:3, Licht: 1,227664,3,1,0,11,17,2,1,1,1,0,0,0,0,0
"POINT (13.777196810000078 51.060088482000026)",Unfall 227670 (2021) Kat:3, Licht: 0,227670,3,6,2,11,08,7,0,0,0,1,0,0,0,0
"POINT (13.739781914000048 51.038722238000048)",Unfall 227672 (2021) Kat:3, Licht: 0,227672,3,6,2,10,16,3,1,0,0,1,0,0,0,0
"POINT (13.757238085000040 51.049733721000052)",Unfall 227673 (2021) Kat:3, Licht: 2,227673,3,1,0,12,17,3,1,2,1,0,0,0,0,0
"POINT (13.802789452000070 51.030137647000060)",Unfall 227680 (2021) Kat:3, Licht: 2,227680,3,2,2,11,16,5,1,2,0,1,0,0,0,1
"POINT (13.807989266000050 51.011161502000050)",Unfall 227688 (2021) Kat:3, Licht: 0,227688,3,2,1,12,17,6,1,0,0,1,0,0,0,0
"POINT (13.809159713000042 51.016393596000057)",Unfall 227690 (2021) Kat:3, Licht: 0,227690,3,3,5,10,11,7,0,0,1,1,0,0,0,0
"POINT (13.788768924000067 51.042571978000069)",Unfall 227699 (2021) Kat:3, Licht: 0,227699,3,1,0,10,10,4,0,0,1,0,0,0,0,0
"POINT (13.813319940000042 51.045515043000080)",Unfall 227700 (2021) Kat:3, Licht: 0,227700,3,1,0,12,13,5,1,0,1,0,0,0,0,0
"POINT (13.743654394000032 51.023500750000039)",Unfall 227701 (2021) Kat:2, Licht: 0,227701,2,1,0,11,08,4,1,0,1,0,0,0,0,0
"POINT (13.740367609000032 51.038627610000049)",Unfall 227703 (2021) Kat:3, Licht: 2,227703,3,1,0,12,01,1,0,2,1,0,0,0,0,0
"POINT (13.706909829000040 51.082346984000026)",Unfall 227705 (2021) Kat:3, Licht: 2,227705,3,2,6,11,18,3,0,2,0,1,1,0,0,0
"POINT (13.670693698000036 51.042275580000080)",Unfall 227706 (2021) Kat:3, Licht: 0,227706,3,4,6,10,07,4,0,0,0,1,1,0,0,0
"POINT (13.748614083000064 51.037496709000038)",Unfall 227709 (2021) Kat:3, Licht: 1,227709,3,7,0,10,16,4,0,1,0,1,0,0,0,1
"POINT (13.708941922000065 51.047241633000056)",Unfall 227710 (2021) Kat:3, Licht: 0,227710,3,3,5,10,16,3,0,0,0,1,0,0,0,0
"POINT (13.711689589000059 51.050462263000043)",Unfall 227711 (2021) Kat:3, Licht: 0,227711,3,3,0,11,14,2,0,0,1,1,0,0,0,0
"POINT (13.734039261000078 51.041339963000041)",Unfall 227718 (2021) Kat:3, Licht: 0,227718,3,1,0,10,14,2,1,0,1,0,0,0,0,0
"POINT (13.785954237000055 51.035984260000077)",Unfall 227730 (2021) Kat:2, Licht: 2,227730,2,1,1,11,22,2,0,2,1,1,0,0,0,0
"POINT (13.696990941000024 51.049086239000076)",Unfall 227741 (2021) Kat:2, Licht: 2,227741,2,1,0,10,18,2,0,2,1,0,0,0,0,0
"POINT (13.819921352000051 51.013830158000076)",Unfall 227742 (2021) Kat:3, Licht: 1,227742,3,6,6,11,06,5,1,1,1,0,1,0,0,0
"POINT (13.789528875000030 51.018320524000046)",Unfall 227748 (2021) Kat:3, Licht: 0,227748,3,3,5,11,10,5,0,0,1,1,0,0,0,0
"POINT (13.732545231000074 51.043526059000044)",Unfall 227749 (2021) Kat:3, Licht: 2,227749,3,2,5,10,18,6,0,2,1,1,0,0,0,0
"POINT (13.777794389000064 51.052887701000031)",Unfall 227756 (2021) Kat:3, Licht: 2,227756,3,1,0,11,23,4,0,2,1,0,0,0,0,0
"POINT (13.845403469000075 51.000151116000040)",Unfall 227757 (2021) Kat:3, Licht: 0,227757,3,6,4,10,07,7,0,0,0,1,0,0,0,0
"POINT (13.755969687000061 51.055861087000039)",Unfall 227758 (2021) Kat:3, Licht: 1,227758,3,3,5,10,06,5,0,1,1,1,0,0,0,0
"POINT (13.742187595000075 51.089623084000038)",Unfall 227762 (2021) Kat:3, Licht: 1,227762,3,3,5,11,16,4,0,1,0,0,0,1,0,1
"POINT (13.797827623000046 51.002086970000050)",Unfall 227764 (2021) Kat:3, Licht: 2,227764,3,3,5,10,20,3,1,2,0,1,0,0,0,1
"POINT (13.830079359000024 50.999352842000064)",Unfall 227773 (2021) Kat:3, Licht: 0,227773,3,1,0,11,07,6,1,0,1,0,0,0,0,0
"POINT (13.719920782000031 51.054608837000046)",Unfall 227777 (2021) Kat:2, Licht: 2,227777,2,1,0,10,22,3,0,2,1,0,0,0,0,0
"POINT (13.822992021000061 51.032689202000029)",Unfall 227786 (2021) Kat:3, Licht: 0,227786,3,7,0,12,07,3,0,0,0,1,0,0,0,0
"POINT (13.771839901000021 51.046896731000061)",Unfall 227789 (2021) Kat:3, Licht: 0,227789,3,6,2,12,12,4,0,0,1,1,0,0,0,0
"POINT (13.776981886000044 51.060011757000041)",Unfall 227791 (2021) Kat:3, Licht: 2,227791,3,3,5,12,05,4,0,2,1,1,0,0,0,0
"POINT (13.788602580000031 51.039163445000042)",Unfall 227802 (2021) Kat:2, Licht: 0,227802,2,3,5,10,07,3,1,0,1,1,0,0,0,0
"POINT (13.753501353000047 51.052923833000079)",Unfall 227816 (2021) Kat:3, Licht: 0,227816,3,3,5,10,07,5,0,0,1,1,0,0,0,0
"POINT (13.721497653000029 51.054274854000028)",Unfall 227818 (2021) Kat:3, Licht: 0,227818,3,3,5,11,14,3,0,0,1,1,0,0,0,0
"POINT (13.697883984000043 51.048778188000028)",Unfall 227827 (2021) Kat:2, Licht: 0,227827,2,3,5,09,08,5,0,0,1,1,0,0,0,0
"POINT (13.687270628000022 51.056790290000038)",Unfall 227830 (2021) Kat:3, Licht: 0,227830,3,6,2,11,11,2,1,0,0,1,0,0,0,0
"POINT (13.781225332000076 51.114233319000050)",Unfall 227831 (2021) Kat:3, Licht: 0,227831,3,3,5,11,12,6,1,0,0,0,0,0,0,1
"POINT (13.745048736000058 51.067453595000075)",Unfall 227832 (2021) Kat:3, Licht: 0,227832,3,5,1,10,17,3,1,0,1,1,0,0,0,0
"POINT (13.841771260000030 51.002247607000072)",Unfall 227857 (2021) Kat:3, Licht: 0,227857,3,2,5,10,16,6,0,0,1,1,0,0,0,0
"POINT (13.761516197000049 51.055124349000039)",Unfall 227858 (2021) Kat:3, Licht: 1,227858,3,2,5,10,18,4,0,1,1,1,0,0,0,0
"POINT (13.681045377000032 51.041012292000062)",Unfall 227865 (2021) Kat:3, Licht: 0,227865,3,6,3,12,10,3,1,0,1,1,0,0,0,0
"POINT (13.777196564000064 51.060091397000065)",Unfall 227867 (2021) Kat:3, Licht: 0,227867,3,3,5,10,16,5,0,0,1,1,0,0,0,0
"POINT (13.790902518000053 51.021421851000071)",Unfall 227870 (2021) Kat:2, Licht: 0,227870,2,2,6,09,14,5,0,0,0,1,1,0,0,0
"POINT (13.790994366000064 51.037878264000028)",Unfall 227871 (2021) Kat:3, Licht: 2,227871,3,3,5,12,17,4,1,2,0,1,0,0,1,0
"POINT (13.730827124000029 51.058188375000043)",Unfall 227872 (2021) Kat:2, Licht: 2,227872,2,4,6,11,20,1,1,2,0,1,1,0,0,0
"POINT (13.754024042000026 51.069289019000053)",Unfall 227875 (2021) Kat:3, Licht: 0,227875,3,1,0,11,15,6,0,0,1,0,0,0,0,0
"POINT (13.793182950000073 51.050471126000048)",Unfall 227876 (2021) Kat:3, Licht: 0,227876,3,3,5,10,08,2,0,0,1,1,0,0,0,0
"POINT (13.735758112000042 51.052411189000054)",Unfall 227887 (2021) Kat:3, Licht: 0,227887,3,1,8,10,16,1,0,0,0,1,1,0,0,0
"POINT (13.751736411000024 51.059496761000048)",Unfall 227891 (2021) Kat:3, Licht: 0,227891,3,3,5,11,12,5,0,0,0,1,0,1,0,0
"POINT (13.743979120000063 51.065393890000053)",Unfall 227895 (2021) Kat:3, Licht: 0,227895,3,5,1,11,15,5,0,0,1,1,0,0,0,0
"POINT (13.717888718000040 51.053158358000076)",Unfall 227911 (2021) Kat:3, Licht: 0,227911,3,3,5,10,16,4,0,0,1,1,0,0,0,0
"POINT (13.754679968000062 51.061124373000041)",Unfall 227912 (2021) Kat:3, Licht: 0,227912,3,3,5,10,17,2,0,0,0,1,0,0,0,0
"POINT (13.720747875000029 51.082740622000074)",Unfall 227914 (2021) Kat:3, Licht: 0,227914,3,4,6,09,07,5,0,0,0,1,1,0,0,0
"POINT (13.759593924000058 51.027697408000051)",Unfall 227915 (2021) Kat:3, Licht: 2,227915,3,1,0,10,03,4,1,2,1,0,0,0,0,0
"POINT (13.718484726000042 51.077491352000038)",Unfall 227922 (2021) Kat:3, Licht: 2,227922,3,1,0,12,20,3,1,2,1,0,0,0,0,0
"POINT (13.811563827000043 51.021946147000051)",Unfall 227926 (2021) Kat:2, Licht: 2,227926,2,1,4,10,19,6,0,2,0,0,0,1,0,1
"POINT (13.822266528000057 50.997780045000070)",Unfall 227928 (2021) Kat:3, Licht: 0,227928,3,3,5,12,12,5,0,0,1,1,0,0,0,0
"POINT (13.788777877000030 51.042335348000051)",Unfall 227929 (2021) Kat:2, Licht: 0,227929,2,2,5,10,08,2,0,0,1,1,0,0,0,0
"POINT (13.689963355000032 51.078702575000079)",Unfall 227936 (2021) Kat:3, Licht: 0,227936,3,3,5,10,12,3,0,0,1,1,0,0,0,0
"POINT (13.774668611000038 51.033239454000068)",Unfall 227937 (2021) Kat:2, Licht: 2,227937,2,2,5,11,18,6,1,2,1,1,0,0,0,0
"POINT (13.706334436000077 51.018013836000080)",Unfall 227939 (2021) Kat:2, Licht: 0,227939,2,2,4,12,13,6,0,0,0,1,0,1,0,0
"POINT (13.698593279000022 51.074352570000030)",Unfall 227941 (2021) Kat:3, Licht: 0,227941,3,3,3,11,10,5,0,0,1,0,0,0,0,1
"POINT (13.793265733000055 51.048527520000050)",Unfall 227952 (2021) Kat:2, Licht: 0,227952,2,4,6,12,13,1,0,0,0,1,1,0,0,0
"POINT (13.710339017000024 51.028480377000051)",Unfall 227960 (2021) Kat:3, Licht: 2,227960,3,5,1,10,03,7,0,2,1,1,0,0,0,0
"POINT (13.725658999000075 51.081266049000078)",Unfall 227961 (2021) Kat:2, Licht: 0,227961,2,2,5,11,07,4,1,0,1,0,0,0,0,0
"POINT (13.774181264000049 51.043477211000038)",Unfall 227963 (2021) Kat:3, Licht: 0,227963,3,3,5,10,15,6,0,0,0,1,0,0,0,0
"POINT (13.768420725000055 51.026908648000074)",Unfall 227964 (2021) Kat:3, Licht: 2,227964,3,3,5,12,06,4,0,2,0,1,0,0,0,0
"POINT (13.754634411000040 51.061128149000069)",Unfall 227967 (2021) Kat:3, Licht: 2,227967,3,3,5,11,17,3,1,2,0,1,0,0,0,0
"POINT (13.803238269000076 51.021737286000075)",Unfall 227978 (2021) Kat:3, Licht: 1,227978,3,3,5,12,06,6,0,1,1,1,0,0,0,0
"POINT (13.744325746000072 51.049605755000073)",Unfall 227990 (2021) Kat:3, Licht: 2,227990,3,2,5,10,06,2,0,2,1,1,0,0,0,0
"POINT (13.742905542000074 51.049722803000066)",Unfall 227991 (2021) Kat:3, Licht: 0,227991,3,1,0,11,13,5,1,0,1,0,0,0,0,0
"POINT (13.749028882000061 51.027475257000049)",Unfall 228000 (2021) Kat:3, Licht: 0,228000,3,7,0,11,07,4,1,0,1,1,0,0,0,0
"POINT (13.702204050000034 51.045921137000050)",Unfall 228003 (2021) Kat:3, Licht: 0,228003,3,7,3,10,10,3,0,0,1,1,0,0,0,0
"POINT (13.725763401000052 51.047755328000051)",Unfall 228005 (2021) Kat:3, Licht: 0,228005,3,3,5,10,17,7,0,0,1,1,0,0,0,0
"POINT (13.800884865000057 51.040051624000057)",Unfall 228016 (2021) Kat:2, Licht: 2,228016,2,1,0,12,19,5,1,2,1,0,0,0,0,0
"POINT (13.828010226000060 51.008818619000067)",Unfall 228024 (2021) Kat:3, Licht: 0,228024,3,1,0,10,16,2,1,0,1,0,0,0,0,0
"POINT (13.748385203000055 51.053577048000079)",Unfall 228026 (2021) Kat:2, Licht: 1,228026,2,2,6,12,16,5,1,1,0,1,1,0,0,0
"POINT (13.745182483000065 51.062834635000058)",Unfall 228027 (2021) Kat:3, Licht: 2,228027,3,3,5,11,06,4,1,2,1,1,0,0,0,0
"POINT (13.729454322000038 51.076343844000064)",Unfall 228036 (2021) Kat:3, Licht: 0,228036,3,2,5,09,15,5,0,0,1,1,0,0,0,0
"POINT (13.726733875000036 51.031465996000065)",Unfall 228038 (2021) Kat:3, Licht: 2,228038,3,1,0,12,00,1,1,2,1,0,0,0,0,0
"POINT (13.714716217000046 51.057809777000045)",Unfall 228040 (2021) Kat:3, Licht: 0,228040,3,3,5,11,14,1,0,0,0,1,0,0,0,0
"POINT (13.807159690000049 51.051940695000042)",Unfall 228046 (2021) Kat:3, Licht: 0,228046,3,2,2,10,14,7,0,0,1,1,0,0,0,0
"POINT (13.832208923000053 51.019439941000030)",Unfall 228058 (2021) Kat:2, Licht: 0,228058,2,1,0,11,10,6,0,0,1,0,0,0,0,0
"POINT (13.708993249000059 51.047210632000031)",Unfall 228063 (2021) Kat:3, Licht: 0,228063,3,7,2,10,11,3,0,0,1,1,0,0,0,0
"POINT (13.782011743000055 51.036807194000062)",Unfall 228070 (2021) Kat:3, Licht: 2,228070,3,1,0,12,06,2,2,2,1,0,0,0,0,0
"POINT (13.748445637000032 51.048302571000079)",Unfall 228076 (2021) Kat:3, Licht: 0,228076,3,7,2,10,11,5,1,0,0,1,0,0,0,1
"POINT (13.758258747000070 51.052843736000057)",Unfall 228080 (2021) Kat:3, Licht: 0,228080,3,6,1,12,10,4,1,0,0,1,0,0,0,0
"POINT (13.790337485000066 51.125706997000066)",Unfall 228082 (2021) Kat:3, Licht: 0,228082,3,1,0,10,07,2,0,0,1,0,0,0,0,0
"POINT (13.802936394000028 51.040496744000052)",Unfall 228084 (2021) Kat:3, Licht: 2,228084,3,2,6,12,17,6,0,2,0,1,1,0,0,0
"POINT (13.808753598000067 51.052874957000029)",Unfall 228087 (2021) Kat:2, Licht: 2,228087,2,1,7,11,17,5,0,2,1,0,0,0,0,0
"POINT (13.772749689000022 51.047782737000034)",Unfall 228090 (2021) Kat:2, Licht: 0,228090,2,3,5,11,12,3,0,0,1,1,0,0,0,0
"POINT (13.715084211000033 51.051487309000038)",Unfall 228091 (2021) Kat:3, Licht: 2,228091,3,1,0,10,23,7,0,2,0,0,0,0,0,1
"POINT (13.809645440000054 51.050776355000039)",Unfall 228092 (2021) Kat:3, Licht: 0,228092,3,7,6,10,09,6,0,0,0,1,1,0,0,0
"POINT (13.845228911000049 51.127770415000043)",Unfall 228093 (2021) Kat:3, Licht: 2,228093,3,4,6,12,16,4,0,2,0,1,1,0,0,0
"POINT (13.781779096000037 51.043807466000032)",Unfall 228096 (2021) Kat:2, Licht: 2,228096,2,4,6,12,19,4,0,2,1,0,1,0,0,0
"POINT (13.785329022000042 51.035942897000041)",Unfall 228103 (2021) Kat:3, Licht: 2,228103,3,3,5,11,16,5,0,2,1,1,0,0,0,0
"POINT (13.807191213000067 51.038846176000050)",Unfall 228107 (2021) Kat:3, Licht: 0,228107,3,2,5,10,12,3,0,0,1,1,0,0,0,0
"POINT (13.808290134000060 51.011464616000069)",Unfall 228111 (2021) Kat:3, Licht: 2,228111,3,4,6,10,06,5,1,2,0,0,1,0,0,1
"POINT (13.774510623000026 51.060602218000042)",Unfall 228112 (2021) Kat:3, Licht: 0,228112,3,6,2,12,07,4,0,0,0,1,0,1,0,0
"POINT (13.712577497000041 51.050031754000031)",Unfall 228114 (2021) Kat:3, Licht: 1,228114,3,4,6,12,07,4,0,1,0,1,1,0,0,0
"POINT (13.776980869000056 51.060012269000026)",Unfall 228120 (2021) Kat:3, Licht: 0,228120,3,3,5,11,08,2,1,0,1,1,0,0,0,0
"POINT (13.748575681000034 51.074956967000048)",Unfall 228124 (2021) Kat:2, Licht: 0,228124,2,5,1,11,13,7,0,0,1,1,0,0,0,0
"POINT (13.769582131000050 51.051074772000050)",Unfall 228128 (2021) Kat:3, Licht: 0,228128,3,3,5,11,15,6,0,0,1,1,0,0,0,0
"POINT (13.807115888000055 51.036146571000074)",Unfall 228137 (2021) Kat:3, Licht: 0,228137,3,3,0,11,15,5,1,0,0,1,0,0,0,1
"POINT (13.749531337000064 51.033597957000040)",Unfall 228138 (2021) Kat:2, Licht: 0,228138,2,3,5,10,07,2,0,0,0,1,0,1,0,0
"POINT (13.724907227000074 51.057701378000047)",Unfall 228139 (2021) Kat:3, Licht: 0,228139,3,1,0,10,10,7,0,0,1,0,0,0,0,0
"POINT (13.722680250000053 51.029662911000059)",Unfall 228146 (2021) Kat:3, Licht: 0,228146,3,6,4,10,11,1,0,0,1,1,0,0,0,0
"POINT (13.800883855000052 51.041206377000037)",Unfall 228155 (2021) Kat:3, Licht: 0,228155,3,4,6,11,15,4,0,0,0,1,1,0,0,0
"POINT (13.813327578000042 51.054460823000056)",Unfall 228164 (2021) Kat:3, Licht: 2,228164,3,1,4,11,18,2,1,2,1,1,0,0,0,0