WKT,Name,OBJECTID,UKATEGORIE,UTYP1,UART,UMONAT,USTUNDE,UWOCHENTAG,STRZUSTAND,ULICHTVERH,ISTRAD,ISTPKW,ISTFUSS,ISTKRAD,ISTGKFZ,ISTSONSTIG
"POINT (13.837490451000065 51.024800209000034)",Unfall 228166 (2021) Kat:3, Licht: 2,228166,3,1,0,10,23,3,1,2,1,0,0,0,0,0
"POINT (13.802627388000076 51.047009280000054)",Unfall 228167 (2021) Kat:3, Licht: 2,228167,3,7,1,12,16,2,1,2,1,1,0,0,0,0
"POINT (13.741556916000036 51.074849616000051)",Unfall 228177 (2021) Kat:3, Licht: 0,228177,3,6,6,10,11,1,0,0,0,1,1,0,0,0
"POINT (13.800192192000054 51.002088124000068)",Unfall 228179 (2021) Kat:3, Licht: 2,228179,3,7,0,11,20,3,0,2,1,0,0,0,0,0
"POINT (13.814494059000026 51.017793608000034)",Unfall 228180 (2021) Kat:3, Licht: 0,228180,3,4,6,10,13,3,1,0,1,0,1,0,0,0
"POINT (13.775551699000061 51.032892158000038)",Unfall 228183 (2021) Kat:3, Licht: 2,228183,3,1,0,11,18,2,1,2,1,0,0,0,0,0
"POINT (13.747359215000074 51.070389001000080)",Unfall 228187 (2021) Kat:2, Licht: 2,228187,2,2,6,11,16,1,0,2,0,0,1,1,0,0
"POINT (13.770805488000065 51.039839656000026)",Unfall 228191 (2021) Kat:2, Licht: 2,228191,2,2,5,10,18,3,1,2,0,1,0,0,0,1
"POINT (13.777140941000027 51.035717716000079)",Unfall 228192 (2021) Kat:3, Licht: 0,228192,3,3,5,12,11,3,1,0,0,1,0,0,0,0
"POINT (13.742257138000070 51.049652003000062)",Unfall 228195 (2021) Kat:3, Licht: 0,228195,3,4,6,10,15,7,0,0,1,0,1,0,0,0
"POINT (13.754684543000053 51.061115222000069)",Unfall 228198 (2021) Kat:3, Licht: 2,228198,3,3,5,11,18,5,1,2,0,1,0,0,0,0
"POINT (13.771333603000073 51.060328839000078)",Unfall 228201 (2021) Kat:3, Licht: 0,228201,3,2,5,12,13,7,0,0,1,1,0,0,0,0
"POINT (13.721190955000054 51.058918723000033)",Unfall 228205 (2021) Kat:2, Licht: 2,228205,2,1,0,10,18,5,1,2,1,0,0,0,0,0
"POINT (13.833012729000075 51.029177663000041)",Unfall 228206 (2021) Kat:3, Licht: 2,228206,3,2,3,12,20,5,1,2,1,1,0,0,0,0
"POINT (13.669135579000056 51.040020450000043)",Unfall 228209 (2021) Kat:3, Licht: 0,228209,3,7,0,11,14,5,0,0,1,0,0,0,0,0
"POINT (13.777833311000052 51.052891652000028)",Unfall 228217 (2021) Kat:2, Licht: 2,228217,2,2,6,12,16,5,1,2,0,1,1,0,0,0
"POINT (13.724038342000028 51.030951287000050)",Unfall 228219 (2021) Kat:3, Licht: 0,228219,3,3,5,12,10,4,0,0,0,1,0,0,0,0
"POINT (13.803223049000053 51.021694793000052)",Unfall 228233 (2021) Kat:2, Licht: 2,228233,2,2,5,11,17,6,0,2,1,1,0,0,0,0
"POINT (13.796354604000044 51.049910658000044)",Unfall 228241 (2021) Kat:3, Licht: 0,228241,3,2,4,10,14,2,0,0,1,1,0,0,0,0
"POINT (13.730917747000035 51.076943371000027)",Unfall 228243 (2021) Kat:2, Licht: 1,228243,2,6,2,11,07,5,1,1,0,1,0,0,0,0
"POINT (13.820872334000057 51.005987773000072)",Unfall 228245 (2021) Kat:3, Licht: 2,228245,3,1,7,10,04,1,0,2,1,0,0,0,0,0
"POINT (13.752316303000043 51.061478492000049)",Unfall 228246 (2021) Kat:2, Licht: 0,228246,2,3,5,12,08,4,0,0,0,1,0,0,0,1
"POINT (13.749807754000074 51.112975200000051)",Unfall 228248 (2021) Kat:3, Licht: 2,228248,3,7,0,10,18,5,1,2,1,0,0,0,0,0
"POINT (13.680047988000069 51.042358691000061)",Unfall 228250 (2021) Kat:2, Licht: 2,228250,2,3,5,11,16,6,0,2,0,1,0,0,0,1
"POINT (13.807402125000067 51.043733640000028)",Unfall 228251 (2021) Kat:2, Licht: 0,228251,2,1,2,12,13,4,0,0,0,1,0,1,0,0
"POINT (13.751351924000062 51.042424935000042)",Unfall 228255 (2021) Kat:3, Licht: 2,228255,3,1,0,09,22,5,1,2,1,0,0,0,0,0
"POINT (13.775374576000047 51.069741690000058)",Unfall 228257 (2021) Kat:3, Licht: 0,228257,3,3,0,10,16,2,0,0,1,0,0,1,0,0
"POINT (13.803931167000030 51.037838163000060)",Unfall 228262 (2021) Kat:3, Licht: 2,228262,3,3,5,12,19,2,1,2,0,1,0,0,0,0
"POINT (13.761496503000046 51.025383169000065)",Unfall 228265 (2021) Kat:3, Licht: 2,228265,3,1,0,10,18,6,1,2,1,0,0,0,0,0
"POINT (13.706172259000027 51.016592837000076)",Unfall 228268 (2021) Kat:3, Licht: 0,228268,3,2,5,11,15,5,0,0,1,1,0,0,0,0
"POINT (13.690660029000071 51.090758217000030)",Unfall 228276 (2021) Kat:3, Licht: 0,228276,3,3,5,11,12,4,0,0,1,1,0,0,0,0
"POINT (13.736955393000073 51.049206171000037)",Unfall 228279 (2021) Kat:3, Licht: 2,228279,3,7,7,11,22,4,0,2,1,0,0,0,0,0
"POINT (13.798970610000026 50.993598480000060)",Unfall 228281 (2021) Kat:3, Licht: 0,228281,3,1,0,10,16,3,0,0,1,0,0,0,0,0
"POINT (13.846057219000045 51.017473650000056)",Unfall 228284 (2021) Kat:3, Licht: 0,228284,3,7,0,10,12,5,0,0,0,1,0,0,0,0
"POINT (13.767596989000026 51.042567593000058)",Unfall 228294 (2021) Kat:3, Licht: 2,228294,3,3,5,12,05,5,0,2,1,1,0,0,0,0
"POINT (13.824467560000073 51.013628640000036)",Unfall 228304 (2021) Kat:2, Licht: 0,228304,2,4,6,12,11,4,0,0,0,1,1,0,0,0
"POINT (13.747965840000063 51.048472545000038)",Unfall 228307 (2021) Kat:3, Licht: 2,228307,3,6,2,12,16,4,1,2,0,1,0,0,0,0
"POINT (13.848590300000069 51.009417676000055)",Unfall 228309 (2021) Kat:3, Licht: 0,228309,3,1,1,12,12,3,0,0,0,1,0,0,0,0
"POINT (13.744847533000041 51.067083620000062)",Unfall 228310 (2021) Kat:3, Licht: 2,228310,3,1,1,11,22,3,0,2,0,1,0,0,0,1
"POINT (13.723239950000050 51.049906908000025)",Unfall 228314 (2021) Kat:3, Licht: 0,228314,3,1,0,11,12,2,0,0,1,0,0,0,0,0
"POINT (13.753902531000051 51.057758100000058)",Unfall 228316 (2021) Kat:3, Licht: 0,228316,3,6,2,10,14,6,0,0,0,1,0,0,0,1
"POINT (13.840946061000068 51.004042284000036)",Unfall 228323 (2021) Kat:3, Licht: 0,228323,3,3,5,12,11,3,1,0,1,1,0,0,0,0
"POINT (13.806625622000070 51.037409469000067)",Unfall 228341 (2021) Kat:3, Licht: 0,228341,3,2,6,12,14,2,1,0,0,1,1,0,0,0
"POINT (13.777710556000045 51.044834333000040)",Unfall 228346 (2021) Kat:2, Licht: 0,228346,2,3,5,10,17,4,0,0,1,1,0,0,0,0
"POINT (13.730622050000022 51.054349927000032)",Unfall 228347 (2021) Kat:3, Licht: 2,228347,3,1,0,12,17,4,0,2,1,0,0,0,0,0
"POINT (13.744007764000060 51.024054278000051)",Unfall 228348 (2021) Kat:3, Licht: 0,228348,3,2,3,11,14,2,0,0,0,1,0,0,0,0
"POINT (13.713345228000037 51.085168391000082)",Unfall 228357 (2021) Kat:3, Licht: 0,228357,3,3,5,10,11,7,0,0,0,1,0,0,0,0
"POINT (13.786494671000071 51.035975117000078)",Unfall 228361 (2021) Kat:3, Licht: 2,228361,3,1,0,10,21,7,0,2,0,0,0,0,0,1
"POINT (13.729249207000066 51.045845168000028)",Unfall 228367 (2021) Kat:3, Licht: 0,228367,3,2,5,11,15,3,0,0,0,1,0,0,0,0
"POINT (13.745636710000042 51.060748626000077)",Unfall 228370 (2021) Kat:2, Licht: 2,228370,2,7,6,11,19,3,0,2,1,0,1,0,0,0
"POINT (13.673230557000068 51.082183778000058)",Unfall 228378 (2021) Kat:3, Licht: 2,228378,3,1,1,11,01,7,0,2,1,1,0,0,0,0
"POINT (13.741441863000034 51.023732568000071)",Unfall 228387 (2021) Kat:3, Licht: 0,228387,3,2,6,10,12,6,0,0,0,1,1,0,0,0
"POINT (13.807107478000034 51.036165599000071)",Unfall 228390 (2021) Kat:3, Licht: 0,228390,3,3,5,11,12,5,1,0,0,1,0,1,0,0
"POINT (13.758722845000023 51.049473820000060)",Unfall 228396 (2021) Kat:3, Licht: 0,228396,3,2,5,10,16,6,1,0,0,1,0,1,0,0
"POINT (13.678027979000035 51.047598816000061)",Unfall 228402 (2021) Kat:3, Licht: 2,228402,3,1,0,10,03,1,0,2,0,0,0,0,0,1
"POINT (13.768555719000062 51.072251329000039)",Unfall 228405 (2021) Kat:2, Licht: 0,228405,2,4,6,10,10,1,0,0,0,1,1,0,0,0
"POINT (13.778265537000038 51.042132574000050)",Unfall 228406 (2021) Kat:3, Licht: 2,228406,3,5,1,12,17,5,1,2,1,1,0,0,0,0
"POINT (13.771161408000069 51.029818342000056)",Unfall 228409 (2021) Kat:3, Licht: 0,228409,3,3,0,10,15,5,0,0,0,1,0,0,0,1
"POINT (13.725367530000028 51.046435755000061)",Unfall 228410 (2021) Kat:2, Licht: 0,228410,2,1,0,11,08,4,1,0,1,0,0,0,0,0
"POINT (13.770994638000047 51.029874408000069)",Unfall 228417 (2021) Kat:3, Licht: 0,228417,3,6,2,10,08,5,0,0,0,1,0,1,0,0
"POINT (13.773569408000071 51.048732619000077)",Unfall 228418 (2021) Kat:3, Licht: 0,228418,3,3,5,12,09,4,0,0,1,1,0,0,0,0
"POINT (13.789960701000041 51.036701970000081)",Unfall 228420 (2021) Kat:2, Licht: 0,228420,2,3,5,10,15,6,0,0,1,1,0,0,0,0
"POINT (13.777858077000076 51.054053968000062)",Unfall 228421 (2021) Kat:3, Licht: 0,228421,3,5,1,12,12,4,1,0,1,1,0,0,0,0
"POINT (13.823680026000034 51.012866415000076)",Unfall 228423 (2021) Kat:3, Licht: 2,228423,3,3,5,12,22,3,0,2,0,1,0,0,0,1
"POINT (13.801212144000033 51.022668299000031)",Unfall 228430 (2021) Kat:3, Licht: 0,228430,3,3,5,10,14,2,0,0,1,1,0,0,0,0
"POINT (13.797356357000069 51.024193403000027)",Unfall 228431 (2021) Kat:3, Licht: 0,228431,3,3,5,11,08,2,0,0,0,1,0,0,0,0
"POINT (13.673061230000030 51.041195772000037)",Unfall 228435 (2021) Kat:3, Licht: 0,228435,3,1,0,11,14,7,0,0,0,0,0,1,0,0
"POINT (13.750180523000040 51.046179343000063)",Unfall 228439 (2021) Kat:2, Licht: 1,228439,2,3,5,10,18,3,1,1,1,1,0,0,0,0
"POINT (13.702167092000025 51.077917735000028)",Unfall 228446 (2021) Kat:3, Licht: 0,228446,3,2,4,10,13,2,0,0,0,1,0,0,0,0
"POINT (13.804792356000064 51.032570415000066)",Unfall 228451 (2021) Kat:3, Licht: 2,228451,3,6,2,12,16,3,1,2,0,1,0,0,0,0
"POINT (13.796332307000057 51.043716025000037)",Unfall 228455 (2021) Kat:2, Licht: 2,228455,2,4,6,12,20,6,0,2,0,1,1,0,0,0
"POINT (13.819639936000044 51.011042936000081)",Unfall 228457 (2021) Kat:3, Licht: 2,228457,3,1,0,10,22,7,0,2,1,0,0,0,0,0
"POINT (13.756589246000033 51.055135915000051)",Unfall 228459 (2021) Kat:3, Licht: 0,228459,3,2,0,11,12,5,0,0,1,1,0,0,0,0
"POINT (13.776857763000066 51.063697206000029)",Unfall 228468 (2021) Kat:2, Licht: 0,228468,2,1,9,12,10,5,0,0,0,1,0,0,0,0
"POINT (13.800931905000027 51.054569177000076)",Unfall 228473 (2021) Kat:2, Licht: 0,228473,2,1,1,10,10,4,1,0,0,1,0,0,0,1
"POINT (13.729412581000076 51.076283595000064)",Unfall 228474 (2021) Kat:3, Licht: 2,228474,3,2,5,12,16,2,1,2,1,1,0,0,0,0
"POINT (13.771739924000030 51.057543714000076)",Unfall 228476 (2021) Kat:3, Licht: 0,228476,3,5,1,10,17,4,0,0,1,1,0,0,0,0
"POINT (13.709550839000030 51.032949755000061)",Unfall 228480 (2021) Kat:3, Licht: 0,228480,3,1,0,10,07,4,0,0,1,0,0,0,0,0
"POINT (13.806550147000053 51.037381326000059)",Unfall 228487 (2021) Kat:2, Licht: 2,228487,2,3,5,10,21,4,0,2,0,1,0,0,0,0
"POINT (13.666757938000046 51.093354197000053)",Unfall 228496 (2021) Kat:3, Licht: 0,228496,3,7,8,10,10,4,0,0,0,1,0,0,0,0
"POINT (13.747469190000061 51.070347554000080)",Unfall 228498 (2021) Kat:3, Licht: 0,228498,3,1,1,11,14,2,0,0,1,0,0,0,0,1
"POINT (13.695299422000062 51.072663127000055)",Unfall 228499 (2021) Kat:3, Licht: 0,228499,3,4,6,10,15,6,0,0,0,1,1,0,0,0
"POINT (13.830983045000039 51.009921283000040)",Unfall 228500 (2021) Kat:3, Licht: 0,228500,3,2,4,10,15,3,0,0,1,1,0,0,0,0
"POINT (13.769086787000049 51.052893327000049)",Unfall 228502 (2021) Kat:3, Licht: 0,228502,3,3,5,11,07,2,1,0,0,1,0,0,0,0
"POINT (13.757294217000037 51.049723880000045)",Unfall 228503 (2021) Kat:3, Licht: 0,228503,3,1,0,12,14,1,1,0,1,0,0,0,0,0
"POINT (13.725199584000052 51.050222159000043)",Unfall 228509 (2021) Kat:3, Licht: 0,228509,3,3,5,10,14,1,0,0,1,1,0,0,0,0
"POINT (13.751509009000074 51.047220628000048)",Unfall 228516 (2021) Kat:2, Licht: 0,228516,2,3,5,10,13,2,0,0,1,1,0,0,0,0
"POINT (13.750586433000024 51.068738731000053)",Unfall 228522 (2021) Kat:3, Licht: 0,228522,3,5,0,10,13,6,0,0,1,1,0,0,0,0
"POINT (13.721058519000053 51.029928939000058)",Unfall 228525 (2021) Kat:3, Licht: 2,228525,3,3,5,11,20,5,0,2,1,1,0,0,0,0
"POINT (13.673118673000033 51.064122145000056)",Unfall 228533 (2021) Kat:3, Licht: 0,228533,3,4,6,12,07,6,0,0,0,0,1,1,0,0
"POINT (13.684300629000063 51.058771872000079)",Unfall 228541 (2021) Kat:2, Licht: 0,228541,2,3,5,10,07,6,0,0,0,1,0,1,0,0
"POINT (13.775220793000074 51.033022827000082)",Unfall 228545 (2021) Kat:3, Licht: 2,228545,3,1,0,11,17,6,1,2,1,0,0,0,0,0
"POINT (13.648490782000067 51.039735980000046)",Unfall 228546 (2021) Kat:3, Licht: 0,228546,3,5,1,10,15,2,0,0,0,1,0,0,1,0
"POINT (13.734790243000077 51.073984272000075)",Unfall 228549 (2021) Kat:3, Licht: 2,228549,3,1,0,10,19,6,0,2,0,0,0,0,0,1
"POINT (13.691532030000076 51.051377269000056)",Unfall 228551 (2021) Kat:3, Licht: 2,228551,3,3,5,11,16,5,1,2,1,1,0,0,0,0
"POINT (13.854265176000069 51.006054899000048)",Unfall 228555 (2021) Kat:3, Licht: 0,228555,3,3,5,10,11,7,0,0,0,1,0,0,0,0
"POINT (13.735759319000067 51.059433158000047)",Unfall 238473 (2021) Kat:3, Licht: 2,238473,3,6,6,01,19,3,1,2,1,0,1,0,0,0
"POINT (13.732519661000026 51.063694363000081)",Unfall 238476 (2021) Kat:3, Licht: 0,238476,3,6,6,02,15,5,1,0,1,0,1,0,0,0
"POINT (13.735777573000064 51.059410432000050)",Unfall 238478 (2021) Kat:2, Licht: 0,238478,2,6,3,02,12,1,0,0,1,0,0,0,0,0
"POINT (13.862098850000052 51.008733414000062)",Unfall 238490 (2021) Kat:3, Licht: 0,238490,3,7,0,03,16,5,0,0,1,0,0,0,0,0
"POINT (13.730748801000061 51.059954087000051)",Unfall 238492 (2021) Kat:3, Licht: 0,238492,3,6,6,03,17,6,0,0,1,0,1,0,0,0
"POINT (13.826155147000065 51.036775502000069)",Unfall 238493 (2021) Kat:3, Licht: 0,238493,3,6,0,03,11,1,0,0,1,0,1,0,0,0
"POINT (13.864363601000036 51.007696935000070)",Unfall 238494 (2021) Kat:2, Licht: 0,238494,2,7,7,03,15,3,0,0,1,0,0,0,0,0
"POINT (13.699486790000037 51.064865752000060)",Unfall 238496 (2021) Kat:3, Licht: 1,238496,3,7,7,04,16,3,1,1,1,0,1,0,0,0
"POINT (13.734912073000032 51.060537290000070)",Unfall 238502 (2021) Kat:2, Licht: 0,238502,2,1,4,04,19,2,0,0,1,0,0,0,0,0
"POINT (13.718157675000043 51.076470944000050)",Unfall 238505 (2021) Kat:3, Licht: 0,238505,3,6,6,04,17,3,0,0,1,0,1,0,0,0
"POINT (13.803569183000036 51.058730278000041)",Unfall 238506 (2021) Kat:3, Licht: 0,238506,3,6,6,04,15,5,0,0,1,0,1,0,0,0
"POINT (13.798119119000035 51.074944539000057)",Unfall 238508 (2021) Kat:2, Licht: 0,238508,2,1,0,05,15,1,1,0,1,0,0,0,0,0
"POINT (13.807150612000044 51.054598191000082)",Unfall 238509 (2021) Kat:3, Licht: 0,238509,3,7,6,05,19,4,0,0,1,0,1,0,0,0
"POINT (13.836950630000047 51.031619758000033)",Unfall 238514 (2021) Kat:3, Licht: 0,238514,3,7,7,05,18,2,0,0,1,0,1,0,0,0
"POINT (13.783784519000051 51.034287931000051)",Unfall 238515 (2021) Kat:3, Licht: 0,238515,3,3,5,05,12,3,0,0,1,0,0,0,0,1
"POINT (13.763144062000038 51.078407864000042)",Unfall 238520 (2021) Kat:3, Licht: 1,238520,3,1,8,05,20,2,1,1,1,0,0,0,0,0
"POINT (13.733194222000066 51.062823767000054)",Unfall 238522 (2021) Kat:2, Licht: 0,238522,2,6,6,05,17,4,1,0,1,0,1,0,0,0
"POINT (13.776254422000022 51.094700514000067)",Unfall 238523 (2021) Kat:2, Licht: 0,238523,2,1,0,05,15,7,0,0,1,0,0,0,0,0
"POINT (13.736974276000069 51.058412816000043)",Unfall 238528 (2021) Kat:3, Licht: 0,238528,3,1,0,05,16,1,0,0,1,0,0,0,0,0
"POINT (13.732415610000032 51.063916518000042)",Unfall 238530 (2021) Kat:2, Licht: 0,238530,2,1,0,05,13,2,0,0,1,0,0,0,0,0
"POINT (13.658122706000029 51.089730290000034)",Unfall 238531 (2021) Kat:3, Licht: 0,238531,3,1,0,05,16,2,0,0,1,0,0,0,0,0
"POINT (13.721168720000037 51.073740291000036)",Unfall 238537 (2021) Kat:3, Licht: 0,238537,3,6,3,06,10,4,0,0,1,0,0,0,0,0
"POINT (13.742575517000034 51.056002266000064)",Unfall 238539 (2021) Kat:3, Licht: 1,238539,3,6,4,06,21,6,0,1,1,0,0,0,0,0
"POINT (13.787828609000030 51.058085083000037)",Unfall 238542 (2021) Kat:3, Licht: 0,238542,3,6,6,06,17,3,0,0,1,0,1,0,0,0
"POINT (13.807300957000052 51.054387757000029)",Unfall 238544 (2021) Kat:2, Licht: 0,238544,2,6,6,06,16,6,0,0,1,0,1,0,0,0
"POINT (13.894708834000028 51.018040253000038)",Unfall 238545 (2021) Kat:3, Licht: 0,238545,3,1,0,06,15,7,0,0,1,0,0,0,0,0
"POINT (13.829043187000025 51.035718920000079)",Unfall 238548 (2021) Kat:2, Licht: 0,238548,2,7,7,06,10,2,0,0,1,0,1,0,0,0
"POINT (13.798750268000049 51.062731554000038)",Unfall 238551 (2021) Kat:3, Licht: 2,238551,3,6,4,06,00,7,0,2,1,0,0,0,0,0
"POINT (13.835064321000061 51.033273533000056)",Unfall 238552 (2021) Kat:3, Licht: 0,238552,3,6,3,06,15,7,0,0,1,0,0,0,0,0
"POINT (13.746978020000029 51.055970482000077)",Unfall 238558 (2021) Kat:3, Licht: 1,238558,3,2,5,07,21,6,0,1,1,0,0,0,0,0
"POINT (13.752056164000066 51.095250969000062)",Unfall 238560 (2021) Kat:2, Licht: 0,238560,2,7,0,07,18,7,0,0,1,0,0,0,0,0
"POINT (13.607029876000070 51.094473128000061)",Unfall 238561 (2021) Kat:3, Licht: 0,238561,3,1,0,07,13,7,0,0,1,0,0,0,0,0
"POINT (13.732629928000051 51.058527822000030)",Unfall 238562 (2021) Kat:3, Licht: 2,238562,3,1,0,07,22,1,0,2,1,0,0,0,0,0
"POINT (13.719669185000043 51.075286505000065)",Unfall 238563 (2021) Kat:3, Licht: 2,238563,3,6,0,07,20,2,0,2,1,0,0,0,0,0
"POINT (13.694484100000068 51.081418860000042)",Unfall 238564 (2021) Kat:3, Licht: 0,238564,3,3,5,07,16,2,0,0,1,0,0,0,0,0
"POINT (13.759782305000044 51.058303459000058)",Unfall 238569 (2021) Kat:3, Licht: 0,238569,3,6,2,07,18,2,0,0,1,0,0,0,0,0
"POINT (13.766468041000053 51.061225562000061)",Unfall 238570 (2021) Kat:3, Licht: 0,238570,3,6,6,07,19,2,0,0,1,0,1,0,0,0
"POINT (13.679380037000044 51.045633825000039)",Unfall 238571 (2021) Kat:2, Licht: 0,238571,2,7,0,07,06,2,0,0,1,0,0,0,0,0
"POINT (13.732746638000037 51.058398977000081)",Unfall 238574 (2021) Kat:3, Licht: 0,238574,3,1,0,07,16,4,0,0,1,0,0,0,0,0
"POINT (13.751842000000067 51.054848878000030)",Unfall 238578 (2021) Kat:3, Licht: 0,238578,3,1,8,07,13,3,0,0,1,0,0,0,0,0
"POINT (13.734882707000054 51.040536352000061)",Unfall 238584 (2021) Kat:3, Licht: 2,238584,3,1,0,07,01,7,0,2,1,0,0,0,0,0
"POINT (13.761230698000077 51.076635933000034)",Unfall 238585 (2021) Kat:2, Licht: 2,238585,2,1,0,07,01,1,1,2,1,0,0,0,0,0
"POINT (13.723163258000056 51.072168684000076)",Unfall 238589 (2021) Kat:3, Licht: 0,238589,3,1,0,07,11,3,0,0,1,0,0,0,0,0
"POINT (13.738708035000059 51.048276817000044)",Unfall 238591 (2021) Kat:3, Licht: 0,238591,3,1,0,07,11,5,0,0,1,0,0,0,0,0
"POINT (13.717836105000060 51.076897702000053)",Unfall 238592 (2021) Kat:3, Licht: 0,238592,3,1,0,07,11,5,0,0,1,0,0,0,0,0
"POINT (13.785410040000045 51.065287279000074)",Unfall 238597 (2021) Kat:2, Licht: 0,238597,2,1,0,08,18,2,0,0,1,0,0,0,0,0
"POINT (13.849717937000037 51.067393475000074)",Unfall 238600 (2021) Kat:3, Licht: 0,238600,3,1,0,08,17,1,1,0,1,0,0,0,0,0
"POINT (13.765773676000038 51.063671071000044)",Unfall 238603 (2021) Kat:3, Licht: 0,238603,3,1,0,08,19,4,0,0,1,0,0,0,0,0
"POINT (13.716524671000059 51.065387837000060)",Unfall 238604 (2021) Kat:2, Licht: 0,238604,2,4,6,08,17,4,0,0,1,0,1,0,0,0
"POINT (13.670572233000030 51.073068741000043)",Unfall 238611 (2021) Kat:2, Licht: 2,238611,2,1,0,08,21,3,0,2,1,0,0,0,0,0
"POINT (13.779704856000023 51.082708522000075)",Unfall 238615 (2021) Kat:2, Licht: 0,238615,2,7,0,09,18,5,0,0,1,0,0,0,0,0
"POINT (13.817136248000054 51.024688126000058)",Unfall 238626 (2021) Kat:2, Licht: 0,238626,2,1,0,09,16,3,0,0,1,0,0,0,0,0
"POINT (13.658207025000024 51.089625887000068)",Unfall 238627 (2021) Kat:3, Licht: 0,238627,3,4,6,09,11,3,0,0,1,0,1,0,0,0
"POINT (13.725176472000044 51.070295975000079)",Unfall 238628 (2021) Kat:3, Licht: 0,238628,3,6,3,09,17,3,0,0,1,0,0,0,0,0
"POINT (13.755273958000032 51.070833339000046)",Unfall 238629 (2021) Kat:3, Licht: 0,238629,3,1,0,09,15,5,0,0,1,0,0,0,0,0
"POINT (13.746399149000069 51.055872642000054)",Unfall 238633 (2021) Kat:3, Licht: 0,238633,3,3,5,09,12,1,0,0,1,0,0,0,0,0
"POINT (13.766364907000025 51.041083832000027)",Unfall 238634 (2021) Kat:3, Licht: 1,238634,3,1,0,09,18,1,0,1,1,0,0,0,0,0
"POINT (13.753347186000042 51.043201788000033)",Unfall 238635 (2021) Kat:3, Licht: 0,238635,3,6,6,09,12,1,0,0,1,0,1,0,0,0
"POINT (13.755557843000076 51.072156933000031)",Unfall 238638 (2021) Kat:3, Licht: 0,238638,3,1,9,10,14,7,0,0,1,0,1,0,0,0
"POINT (13.831102529000077 51.067242226000076)",Unfall 238643 (2021) Kat:2, Licht: 0,238643,2,7,0,10,14,6,0,0,1,0,1,0,0,0
"POINT (13.806853405000027 51.055053677000046)",Unfall 238644 (2021) Kat:3, Licht: 0,238644,3,6,3,10,14,7,0,0,1,0,0,0,0,0
"POINT (13.753274278000049 51.058753496000065)",Unfall 238651 (2021) Kat:3, Licht: 0,238651,3,1,0,10,13,6,0,0,1,0,0,0,0,0
"POINT (13.679418286000043 51.048919955000031)",Unfall 238652 (2021) Kat:3, Licht: 0,238652,3,7,0,11,15,2,1,0,1,0,0,0,0,0
"POINT (13.779911657000071 51.062993798000036)",Unfall 238656 (2021) Kat:3, Licht: 2,238656,3,6,6,12,18,5,0,2,1,0,1,0,0,0
"POINT (13.732127306000100 51.107589752000102)",Unfall 129005 (2022) Kat:3, Licht: 0,129005,3,6,0,02,17,1,0,0,0,1,0,0,0,0
"POINT (13.716186814000000 51.077779582000097)",Unfall 129025 (2022) Kat:3, Licht: 2,129025,3,3,5,01,16,2,1,2,1,1,0,0,0,0
"POINT (13.819448182000000 51.056411325000099)",Unfall 129080 (2022) Kat:2, Licht: 2,129080,2,7,0,02,22,3,0,2,1,0,0,0,0,0
"POINT (13.707452926000000 51.052236325000102)",Unfall 129123 (2022) Kat:3, Licht: 2,129123,3,6,3,01,20,5,1,2,0,1,0,1,0,0
"POINT (13.760118938000099 51.023307543999998)",Unfall 129205 (2022) Kat:3, Licht: 0,129205,3,2,5,02,15,2,1,0,1,1,0,0,0,0
"POINT (13.704538125999999 51.050951196000000)",Unfall 129326 (2022) Kat:3, Licht: 0,129326,3,6,2,01,14,2,0,0,0,1,0,0,0,0
"POINT (13.780590346000100 51.153443602000003)",Unfall 129362 (2022) Kat:2, Licht: 0,129362,2,7,2,01,13,4,0,0,0,1,0,0,1,0
"POINT (13.689993064000101 51.071935291000003)",Unfall 129395 (2022) Kat:3, Licht: 0,129395,3,6,2,02,15,3,0,0,0,1,0,0,0,0
"POINT (13.720265349000000 51.128525151000098)",Unfall 129481 (2022) Kat:3, Licht: 2,129481,3,6,2,01,05,2,1,2,0,1,0,0,0,0
"POINT (13.743057740999999 51.028690648000101)",Unfall 129572 (2022) Kat:3, Licht: 0,129572,3,3,5,01,15,2,1,0,1,1,0,0,0,0
"POINT (13.743041511000101 51.028691971999997)",Unfall 129795 (2022) Kat:3, Licht: 0,129795,3,3,5,01,07,6,0,0,1,1,0,0,0,0
"POINT (13.701713441000001 51.031166446000000)",Unfall 129822 (2022) Kat:3, Licht: 0,129822,3,7,9,02,09,4,0,0,0,1,0,0,0,0
"POINT (13.755540751000099 51.076646730000000)",Unfall 129830 (2022) Kat:3, Licht: 2,129830,3,3,5,02,17,1,1,2,0,1,0,0,0,0
"POINT (13.749476977000000 51.123020066000002)",Unfall 129842 (2022) Kat:3, Licht: 0,129842,3,6,2,01,14,2,0,0,0,1,0,0,0,0
"POINT (13.779544718000100 51.066956737000098)",Unfall 129862 (2022) Kat:2, Licht: 2,129862,2,3,5,01,18,4,0,2,1,1,0,0,0,0
"POINT (13.742720682000000 51.028716570000000)",Unfall 129940 (2022) Kat:3, Licht: 0,129940,3,1,0,01,10,3,1,0,0,0,0,0,0,1