WKT,Name,OBJECTID,UKATEGORIE,UTYP1,UART,UMONAT,USTUNDE,UWOCHENTAG,STRZUSTAND,ULICHTVERH,ISTRAD,ISTPKW,ISTFUSS,ISTKRAD,ISTGKFZ,ISTSONSTIG
"POINT (13.731217470000001 51.024829310000001)",Unfall 133278 (2022) Kat:3, Licht: 0,133278,3,2,5,06,07,5,0,0,1,0,0,0,0,1
"POINT (13.752955104000000 51.073867004000100)",Unfall 133296 (2022) Kat:3, Licht: 1,133296,3,2,5,03,16,3,0,1,1,1,0,0,0,0
"POINT (13.772651331000100 51.014622283000101)",Unfall 133297 (2022) Kat:3, Licht: 0,133297,3,2,5,05,10,3,0,0,1,1,0,0,0,0
"POINT (13.878555389000001 50.999442506999998)",Unfall 133300 (2022) Kat:3, Licht: 0,133300,3,6,3,04,13,7,0,0,1,1,0,0,0,0
"POINT (13.731714462000101 51.060793083000100)",Unfall 133304 (2022) Kat:3, Licht: 2,133304,3,6,4,05,21,6,0,2,1,0,0,0,0,0
"POINT (13.843773136999999 51.030643056000002)",Unfall 133306 (2022) Kat:2, Licht: 0,133306,2,6,3,06,19,7,0,0,1,0,0,0,0,1
"POINT (13.750695773000100 51.071381841000097)",Unfall 133336 (2022) Kat:3, Licht: 0,133336,3,3,5,05,10,2,0,0,1,0,0,0,0,1
"POINT (13.689744388000101 51.064412145000098)",Unfall 133360 (2022) Kat:2, Licht: 2,133360,2,7,0,06,00,7,0,2,0,0,0,1,0,0
"POINT (13.774702892000100 51.109948578000100)",Unfall 133361 (2022) Kat:2, Licht: 2,133361,2,7,0,06,22,5,0,2,1,0,0,0,0,0
"POINT (13.721263834000100 51.041637889000100)",Unfall 133371 (2022) Kat:3, Licht: 0,133371,3,1,0,02,13,6,0,0,1,0,0,0,0,0
"POINT (13.756626518000100 51.117993785000102)",Unfall 133372 (2022) Kat:3, Licht: 0,133372,3,3,0,05,07,4,0,0,1,0,0,0,0,0
"POINT (13.731372307000100 51.027599037000101)",Unfall 133385 (2022) Kat:3, Licht: 0,133385,3,6,2,04,07,2,0,0,0,1,0,0,0,0
"POINT (13.794940296000000 51.132992072000000)",Unfall 133386 (2022) Kat:3, Licht: 0,133386,3,3,5,05,13,1,0,0,1,1,0,0,0,0
"POINT (13.668351030000100 51.072956536000000)",Unfall 133401 (2022) Kat:3, Licht: 1,133401,3,1,8,02,06,6,1,1,0,1,0,0,0,0
"POINT (13.764692154000000 51.021199277000100)",Unfall 133402 (2022) Kat:3, Licht: 0,133402,3,6,2,05,09,3,1,0,0,1,0,0,1,0
"POINT (13.801852010000101 50.992984677999999)",Unfall 133410 (2022) Kat:3, Licht: 0,133410,3,2,0,05,09,6,0,0,0,1,0,0,0,1
"POINT (13.715635071000101 51.036918641000099)",Unfall 133413 (2022) Kat:3, Licht: 0,133413,3,2,2,05,15,4,0,0,0,1,0,1,0,0
"POINT (13.788152909000100 51.005732995000102)",Unfall 133417 (2022) Kat:3, Licht: 0,133417,3,1,9,06,11,4,0,0,0,1,0,0,0,0
"POINT (13.702003315000100 51.032516261000097)",Unfall 133426 (2022) Kat:3, Licht: 0,133426,3,3,5,06,07,4,0,0,1,1,0,0,0,0
"POINT (13.724935468000099 51.043951580000098)",Unfall 133427 (2022) Kat:3, Licht: 0,133427,3,3,5,06,14,6,0,0,1,1,0,0,0,0
"POINT (13.759309627000100 51.063601190000000)",Unfall 133428 (2022) Kat:3, Licht: 0,133428,3,1,0,05,11,6,1,0,1,0,0,0,0,0
"POINT (13.672336671000000 51.050347946000002)",Unfall 133433 (2022) Kat:3, Licht: 2,133433,3,3,5,06,00,3,0,2,0,1,0,0,0,0
"POINT (13.720369376000100 51.093246361000098)",Unfall 133440 (2022) Kat:3, Licht: 0,133440,3,2,5,03,10,5,0,0,1,1,0,0,0,0
"POINT (13.691912255000000 51.084365931999997)",Unfall 133443 (2022) Kat:3, Licht: 0,133443,3,3,5,05,18,1,0,0,0,1,0,0,0,0
"POINT (13.691783712000101 51.042764373000097)",Unfall 133466 (2022) Kat:3, Licht: 0,133466,3,6,4,05,16,4,0,0,1,0,0,0,0,0
"POINT (13.783804713000100 51.009535192999998)",Unfall 133471 (2022) Kat:3, Licht: 0,133471,3,2,2,05,17,7,0,0,0,1,0,0,0,0
"POINT (13.685792630000000 51.062313379000003)",Unfall 133473 (2022) Kat:3, Licht: 0,133473,3,6,3,04,17,3,0,0,0,1,0,1,0,0
"POINT (13.688362552999999 51.040778224000100)",Unfall 133484 (2022) Kat:3, Licht: 0,133484,3,3,5,05,08,2,0,0,1,1,0,0,0,0
"POINT (13.847881411000101 51.061313343000101)",Unfall 133514 (2022) Kat:3, Licht: 0,133514,3,3,5,04,14,4,1,0,1,1,0,0,0,0
"POINT (13.725934166000100 51.056953397000001)",Unfall 133529 (2022) Kat:2, Licht: 0,133529,2,3,5,04,16,4,0,0,1,1,0,0,0,0
"POINT (13.655181687000001 51.081455064000103)",Unfall 133540 (2022) Kat:2, Licht: 0,133540,2,6,4,05,17,5,0,0,0,1,0,0,1,0
"POINT (13.755157064000100 51.026489539000103)",Unfall 133542 (2022) Kat:3, Licht: 0,133542,3,6,1,06,14,2,0,0,0,0,0,1,1,1
"POINT (13.741381181000101 51.045953474000001)",Unfall 133547 (2022) Kat:3, Licht: 0,133547,3,2,3,06,12,2,0,0,1,1,0,0,0,0
"POINT (13.801320527000000 51.150353408999997)",Unfall 133554 (2022) Kat:3, Licht: 0,133554,3,3,5,06,15,3,0,0,1,1,0,0,0,0
"POINT (13.702002999000101 51.032515427000099)",Unfall 133557 (2022) Kat:3, Licht: 0,133557,3,3,5,05,07,3,0,0,1,1,0,0,0,0
"POINT (13.743458027000001 51.047592665000103)",Unfall 133559 (2022) Kat:3, Licht: 2,133559,3,3,5,04,23,1,1,2,1,1,0,0,0,0
"POINT (13.755081869000000 51.062932508000102)",Unfall 133567 (2022) Kat:3, Licht: 0,133567,3,3,5,04,10,3,0,0,0,1,0,0,0,0
"POINT (13.703990040000100 51.018008721999998)",Unfall 133569 (2022) Kat:2, Licht: 0,133569,2,3,5,06,06,4,0,0,0,0,0,1,0,1
"POINT (13.731783977000100 51.035574864000097)",Unfall 133573 (2022) Kat:3, Licht: 0,133573,3,4,6,05,15,4,0,0,1,0,1,0,0,0
"POINT (13.611036824999999 51.036794225999998)",Unfall 133577 (2022) Kat:3, Licht: 0,133577,3,6,2,03,08,4,0,0,0,1,0,0,0,1
"POINT (13.743446200999999 51.057304410000000)",Unfall 133578 (2022) Kat:3, Licht: 0,133578,3,2,2,05,15,7,0,0,0,1,0,1,0,0
"POINT (13.754766777000000 51.075836037000002)",Unfall 133589 (2022) Kat:2, Licht: 0,133589,2,1,0,04,19,7,0,0,0,0,0,0,0,1
"POINT (13.702452922000100 51.090467944000103)",Unfall 133590 (2022) Kat:3, Licht: 0,133590,3,2,5,06,16,5,1,0,1,1,0,0,0,0
"POINT (13.724858738000000 51.073174199000100)",Unfall 133591 (2022) Kat:3, Licht: 0,133591,3,2,5,05,07,3,0,0,1,1,0,0,0,0
"POINT (13.736580823000100 51.063678887000002)",Unfall 133602 (2022) Kat:3, Licht: 0,133602,3,4,6,03,15,2,0,0,0,1,1,0,0,0
"POINT (13.768637323000100 51.098408344000099)",Unfall 133606 (2022) Kat:3, Licht: 0,133606,3,1,4,03,07,4,0,0,1,0,0,0,0,0
"POINT (13.785529837000100 51.066953661000099)",Unfall 133607 (2022) Kat:3, Licht: 0,133607,3,7,1,04,15,7,0,0,0,1,0,0,0,0
"POINT (13.725964142000100 51.056974074999999)",Unfall 133610 (2022) Kat:3, Licht: 0,133610,3,7,0,06,16,6,0,0,1,0,0,0,0,0
"POINT (13.719438362000099 51.040269328000100)",Unfall 133616 (2022) Kat:3, Licht: 0,133616,3,2,5,03,11,6,0,0,1,1,0,0,0,0
"POINT (13.678695625000000 51.063238321000000)",Unfall 133623 (2022) Kat:3, Licht: 0,133623,3,3,5,04,18,2,0,0,1,1,0,0,0,0
"POINT (13.803414067000100 51.123851684999998)",Unfall 133635 (2022) Kat:2, Licht: 0,133635,2,7,8,04,13,2,0,0,0,1,0,0,0,0
"POINT (13.744031140000100 51.047415035000000)",Unfall 133638 (2022) Kat:3, Licht: 2,133638,3,1,0,03,19,3,0,2,1,0,0,0,0,0
"POINT (13.703044771000100 51.089348145000002)",Unfall 133643 (2022) Kat:3, Licht: 0,133643,3,1,0,06,16,7,0,0,1,0,0,0,0,0
"POINT (13.898123894999999 51.031440468000000)",Unfall 133645 (2022) Kat:3, Licht: 0,133645,3,4,6,04,07,6,0,0,0,1,1,0,0,0
"POINT (13.739474442000100 51.062817619999997)",Unfall 133654 (2022) Kat:3, Licht: 0,133654,3,3,5,04,17,4,0,0,1,1,0,0,0,0
"POINT (13.724632422000100 51.055977280999997)",Unfall 133665 (2022) Kat:3, Licht: 2,133665,3,1,0,03,20,5,0,2,1,0,0,0,0,0
"POINT (13.717848002000000 51.038845053000003)",Unfall 133669 (2022) Kat:3, Licht: 0,133669,3,3,5,05,17,2,0,0,1,1,0,0,0,0
"POINT (13.690524394000001 51.061608167000003)",Unfall 133678 (2022) Kat:3, Licht: 0,133678,3,2,3,06,07,4,0,0,0,1,0,0,1,0
"POINT (13.788856224000000 51.067130941000102)",Unfall 133683 (2022) Kat:3, Licht: 0,133683,3,6,2,04,13,6,0,0,0,1,0,0,0,0
"POINT (13.730734427000099 51.033474725000097)",Unfall 133693 (2022) Kat:2, Licht: 0,133693,2,2,5,04,15,4,0,0,1,1,0,0,0,0
"POINT (13.843472389000100 51.061958736000101)",Unfall 133694 (2022) Kat:3, Licht: 0,133694,3,4,6,06,16,6,0,0,0,0,1,0,0,1
"POINT (13.727908118000100 51.113724386999998)",Unfall 133703 (2022) Kat:2, Licht: 2,133703,2,7,0,03,20,2,0,2,0,0,1,0,0,1
"POINT (13.884862762000100 51.060940366000104)",Unfall 133707 (2022) Kat:3, Licht: 0,133707,3,3,0,04,09,3,0,0,1,1,0,0,0,0
"POINT (13.739375396000099 51.079772370000100)",Unfall 133728 (2022) Kat:3, Licht: 0,133728,3,6,3,05,14,1,0,0,0,1,0,0,0,0
"POINT (13.732781470000100 51.029545380000101)",Unfall 133764 (2022) Kat:3, Licht: 0,133764,3,1,0,05,07,2,0,0,1,0,0,0,0,0
"POINT (13.735770608999999 51.099480428000000)",Unfall 133767 (2022) Kat:3, Licht: 0,133767,3,6,2,05,16,5,0,0,0,1,0,0,0,0
"POINT (13.772902504000101 51.107862279000102)",Unfall 133769 (2022) Kat:3, Licht: 0,133769,3,7,0,06,08,4,0,0,0,0,0,1,0,0
"POINT (13.698664619000100 51.043565624999999)",Unfall 133772 (2022) Kat:3, Licht: 0,133772,3,3,5,05,15,5,0,0,0,1,0,1,0,0
"POINT (13.689308188000000 51.067715530000001)",Unfall 133773 (2022) Kat:3, Licht: 0,133773,3,3,5,05,16,5,0,0,1,1,0,0,0,0
"POINT (13.740451244999999 51.064737035000100)",Unfall 133781 (2022) Kat:3, Licht: 0,133781,3,6,2,03,15,2,0,0,0,1,0,0,0,1
"POINT (13.739746051999999 51.063227261000101)",Unfall 133798 (2022) Kat:3, Licht: 0,133798,3,1,0,06,17,6,0,0,1,0,0,0,0,0
"POINT (13.717719829000000 51.022179950000101)",Unfall 133802 (2022) Kat:3, Licht: 0,133802,3,3,6,05,17,5,0,0,1,0,1,0,0,0
"POINT (13.823830464000000 51.063062724000098)",Unfall 133803 (2022) Kat:2, Licht: 0,133803,2,3,5,06,07,6,0,0,0,1,0,1,0,0
"POINT (13.799886254000100 50.998471887000100)",Unfall 133810 (2022) Kat:3, Licht: 0,133810,3,6,2,04,09,4,1,0,0,1,0,0,0,1
"POINT (13.768088939000100 51.015759420000101)",Unfall 133832 (2022) Kat:3, Licht: 0,133832,3,3,5,05,11,7,0,0,1,1,0,0,0,0
"POINT (13.756225662000100 51.026048467000102)",Unfall 133849 (2022) Kat:3, Licht: 0,133849,3,6,3,05,06,3,1,0,0,1,0,0,0,0
"POINT (13.873879424000100 51.070524112999998)",Unfall 133850 (2022) Kat:3, Licht: 2,133850,3,1,0,03,19,6,0,2,1,0,0,0,0,0
"POINT (13.701492096999999 51.091147540000101)",Unfall 133854 (2022) Kat:3, Licht: 0,133854,3,1,0,05,16,2,0,0,1,0,0,0,0,0
"POINT (13.729841604000100 51.082680844999999)",Unfall 133857 (2022) Kat:3, Licht: 0,133857,3,2,4,05,17,6,0,0,1,1,0,0,0,0
"POINT (13.723313013000100 51.103425463000100)",Unfall 133867 (2022) Kat:2, Licht: 0,133867,2,6,3,03,15,2,0,0,0,1,0,0,1,0
"POINT (13.720045969000100 51.093654983000100)",Unfall 133901 (2022) Kat:3, Licht: 0,133901,3,5,1,04,11,3,0,0,0,1,0,0,0,0
"POINT (13.727912248000100 51.043440650000001)",Unfall 133907 (2022) Kat:3, Licht: 0,133907,3,7,0,05,20,4,0,0,1,0,0,0,0,0
"POINT (13.745035627000000 51.049479016000099)",Unfall 133915 (2022) Kat:3, Licht: 0,133915,3,3,5,06,12,7,0,0,0,1,0,0,0,0
"POINT (13.721317989000100 51.034427205999997)",Unfall 133920 (2022) Kat:3, Licht: 0,133920,3,2,6,04,18,5,0,0,0,1,1,0,0,0
"POINT (13.808423490999999 50.991407380000098)",Unfall 133922 (2022) Kat:3, Licht: 0,133922,3,6,2,04,13,2,0,0,0,1,0,0,0,0
"POINT (13.603573404000000 51.037224679000097)",Unfall 133926 (2022) Kat:2, Licht: 0,133926,2,3,5,02,13,6,0,0,0,1,0,0,0,1
"POINT (13.737028859000100 51.042856063000002)",Unfall 133929 (2022) Kat:3, Licht: 0,133929,3,1,0,05,19,2,0,0,1,0,0,0,0,0
"POINT (13.730517854000000 51.033099522999997)",Unfall 133930 (2022) Kat:3, Licht: 1,133930,3,6,2,05,06,4,0,1,0,1,0,0,0,0
"POINT (13.838821270000000 51.062259390000101)",Unfall 133950 (2022) Kat:3, Licht: 0,133950,3,7,1,05,12,7,0,0,0,1,0,0,0,0
"POINT (13.713466769000000 51.038467414000102)",Unfall 133957 (2022) Kat:3, Licht: 0,133957,3,7,0,02,16,4,0,0,1,0,0,0,0,0
"POINT (13.799192458000100 50.998659924999998)",Unfall 133972 (2022) Kat:3, Licht: 0,133972,3,6,2,04,08,5,0,0,0,1,0,0,0,0
"POINT (13.695538961000100 51.043232094000103)",Unfall 134011 (2022) Kat:3, Licht: 0,134011,3,7,0,02,14,1,0,0,1,1,0,0,0,0
"POINT (13.766506947000000 51.118687907000002)",Unfall 134013 (2022) Kat:3, Licht: 0,134013,3,3,0,03,15,2,0,0,0,1,0,0,0,1
"POINT (13.820709810000000 51.085389321000001)",Unfall 134026 (2022) Kat:3, Licht: 2,134026,3,7,5,05,22,6,1,2,0,1,0,0,0,0
"POINT (13.738952437000000 51.066076625999997)",Unfall 134032 (2022) Kat:2, Licht: 0,134032,2,4,6,03,09,3,0,0,1,0,1,0,0,0
"POINT (13.603562113000100 51.037117057000003)",Unfall 134049 (2022) Kat:3, Licht: 2,134049,3,6,3,06,22,4,0,2,0,1,0,1,0,0
"POINT (13.725812817000101 51.056866460999998)",Unfall 134058 (2022) Kat:3, Licht: 0,134058,3,2,3,06,16,6,1,0,1,1,0,0,0,0
"POINT (13.732394555000001 51.077603050000100)",Unfall 134060 (2022) Kat:3, Licht: 0,134060,3,2,5,05,07,5,0,0,1,1,0,0,0,0
"POINT (13.737839642000001 51.061580135000000)",Unfall 134061 (2022) Kat:3, Licht: 0,134061,3,6,2,05,16,2,0,0,0,1,0,1,0,0
"POINT (13.731814666000000 51.025788243000100)",Unfall 134065 (2022) Kat:2, Licht: 2,134065,2,1,8,03,23,5,0,2,0,1,0,0,0,0
"POINT (13.737091083000101 51.063192721000100)",Unfall 134072 (2022) Kat:3, Licht: 0,134072,3,3,5,04,12,4,1,0,0,1,0,0,0,0
"POINT (13.694298868000001 51.060877930000103)",Unfall 134073 (2022) Kat:3, Licht: 0,134073,3,7,5,06,18,4,0,0,0,1,0,1,0,0
"POINT (13.683843390000000 51.037663185000000)",Unfall 134124 (2022) Kat:3, Licht: 0,134124,3,5,0,05,17,4,0,0,0,1,0,0,0,0
"POINT (13.825234098000101 51.062454520000102)",Unfall 134126 (2022) Kat:3, Licht: 0,134126,3,2,1,05,17,5,0,0,0,1,0,0,0,0
"POINT (13.776556536999999 51.110943573999997)",Unfall 134129 (2022) Kat:2, Licht: 2,134129,2,1,0,06,23,5,0,2,1,0,0,0,0,0
"POINT (13.715432008000100 51.078300082000098)",Unfall 134130 (2022) Kat:3, Licht: 0,134130,3,6,4,06,16,5,0,0,1,0,0,0,0,0
"POINT (13.714338159000000 51.079822458000102)",Unfall 134134 (2022) Kat:3, Licht: 2,134134,3,1,0,03,22,6,0,2,1,0,0,0,0,0
"POINT (13.703274854000000 51.043712206000102)",Unfall 134156 (2022) Kat:3, Licht: 0,134156,3,7,0,06,19,4,0,0,0,0,0,0,0,1
"POINT (13.854946235000099 51.061846625000001)",Unfall 134159 (2022) Kat:3, Licht: 0,134159,3,3,5,05,09,2,0,0,0,1,0,0,0,0
"POINT (13.744497294000000 51.048828438000001)",Unfall 134160 (2022) Kat:3, Licht: 0,134160,3,6,2,04,14,6,0,0,0,1,0,0,0,0
"POINT (13.737315748000100 51.085390209000103)",Unfall 134163 (2022) Kat:3, Licht: 0,134163,3,3,5,06,08,2,0,0,0,1,0,0,0,1
"POINT (13.750029769999999 51.070649843000098)",Unfall 134169 (2022) Kat:3, Licht: 0,134169,3,7,0,06,10,7,0,0,1,0,0,0,0,0
"POINT (13.730550439000099 51.030886329000097)",Unfall 134175 (2022) Kat:3, Licht: 0,134175,3,1,0,05,19,4,0,0,1,0,0,0,0,0
"POINT (13.732010482000000 51.067599852000100)",Unfall 134180 (2022) Kat:3, Licht: 0,134180,3,3,5,05,12,6,0,0,1,1,0,0,0,0
"POINT (13.731323224000100 51.035008941999997)",Unfall 134187 (2022) Kat:2, Licht: 0,134187,2,7,6,03,11,3,0,0,1,0,1,0,0,0
"POINT (13.700315084000099 51.016112089000003)",Unfall 134195 (2022) Kat:2, Licht: 0,134195,2,1,0,06,16,1,0,0,1,0,0,0,0,0
"POINT (13.614825800000100 51.038410759999998)",Unfall 134199 (2022) Kat:3, Licht: 0,134199,3,6,2,03,16,2,0,0,0,1,0,0,0,0
"POINT (13.727492760000100 51.058065256000098)",Unfall 134200 (2022) Kat:3, Licht: 0,134200,3,4,6,04,13,3,0,0,0,1,1,0,0,0
"POINT (13.710022646000001 51.058075465000101)",Unfall 134202 (2022) Kat:3, Licht: 0,134202,3,3,5,06,19,5,0,0,0,1,0,0,0,0
"POINT (13.768466297000000 51.014450312000100)",Unfall 134204 (2022) Kat:3, Licht: 0,134204,3,4,6,04,14,2,0,0,1,0,1,0,0,0
"POINT (13.866717149000101 51.103857646000101)",Unfall 134234 (2022) Kat:2, Licht: 0,134234,2,2,5,05,15,5,0,0,0,1,0,1,0,0
"POINT (13.772142152000100 51.015044752000101)",Unfall 134241 (2022) Kat:3, Licht: 0,134241,3,6,2,05,15,2,0,0,0,1,0,0,0,0
"POINT (13.701500620999999 51.061294123000003)",Unfall 134246 (2022) Kat:3, Licht: 0,134246,3,2,3,06,09,5,0,0,0,1,0,0,0,0
"POINT (13.765909773000001 51.006767676999999)",Unfall 134250 (2022) Kat:3, Licht: 0,134250,3,3,5,05,08,5,0,0,1,1,0,0,0,0
"POINT (13.722650703000101 51.054470606999999)",Unfall 134252 (2022) Kat:3, Licht: 0,134252,3,6,3,06,15,3,0,0,1,1,0,0,0,0
"POINT (13.843801054000000 51.059793778000000)",Unfall 134254 (2022) Kat:2, Licht: 0,134254,2,1,4,03,07,7,0,0,0,1,0,0,0,0
"POINT (13.705067160000100 51.037015591000099)",Unfall 134272 (2022) Kat:3, Licht: 0,134272,3,3,5,03,13,5,0,0,0,0,0,1,1,0
"POINT (13.757181011000100 51.025378195000002)",Unfall 134279 (2022) Kat:3, Licht: 0,134279,3,6,2,04,12,7,0,0,0,1,0,0,0,0
"POINT (13.703021939000100 51.089393596999997)",Unfall 134283 (2022) Kat:2, Licht: 0,134283,2,1,0,05,14,4,0,0,1,0,0,0,0,0
"POINT (13.723150441000000 51.045564503000001)",Unfall 134285 (2022) Kat:3, Licht: 0,134285,3,6,6,06,17,5,0,0,0,0,1,0,0,1
"POINT (13.726194484000100 51.086311431000098)",Unfall 134298 (2022) Kat:2, Licht: 0,134298,2,3,3,05,08,2,0,0,1,1,0,0,0,0
"POINT (13.700978270000100 51.091497631000003)",Unfall 134325 (2022) Kat:3, Licht: 0,134325,3,6,0,05,05,5,0,0,1,1,0,0,0,0
"POINT (13.602172054000100 51.062612090000101)",Unfall 134331 (2022) Kat:3, Licht: 0,134331,3,7,9,07,14,2,0,0,0,1,0,0,0,0
"POINT (13.788159686000000 50.995629251000103)",Unfall 134332 (2022) Kat:2, Licht: 0,134332,2,6,2,10,08,2,0,0,0,1,0,0,0,0
"POINT (13.950612401000100 51.064101141000002)",Unfall 134334 (2022) Kat:3, Licht: 0,134334,3,7,2,11,15,4,0,0,0,0,0,0,1,0
"POINT (13.766329878000001 51.020772706999999)",Unfall 134343 (2022) Kat:2, Licht: 0,134343,2,1,4,09,18,3,1,0,0,1,0,0,0,0
"POINT (13.798182165000100 51.139868128000003)",Unfall 134344 (2022) Kat:3, Licht: 0,134344,3,6,2,07,11,7,0,0,0,1,0,0,0,0
"POINT (13.690699732000001 51.078352605000099)",Unfall 134351 (2022) Kat:2, Licht: 1,134351,2,4,6,11,07,3,1,1,0,1,1,0,0,0
"POINT (13.769458955000101 51.066156579000101)",Unfall 134381 (2022) Kat:3, Licht: 0,134381,3,6,2,07,16,2,0,0,0,1,0,0,0,0
"POINT (13.724856709999999 51.073175644000102)",Unfall 134386 (2022) Kat:3, Licht: 2,134386,3,2,2,08,21,2,0,2,0,1,0,0,0,1
"POINT (13.734320356000101 51.040393332000100)",Unfall 134397 (2022) Kat:3, Licht: 0,134397,3,7,2,11,12,1,0,0,0,1,0,1,0,0
"POINT (13.771574325000101 51.015745873000100)",Unfall 134403 (2022) Kat:3, Licht: 2,134403,3,3,6,11,17,4,1,2,1,1,1,0,0,0
"POINT (13.716409689000001 51.077661450999997)",Unfall 134412 (2022) Kat:3, Licht: 2,134412,3,1,0,10,05,7,1,2,1,0,0,0,0,0
"POINT (13.644908488000100 51.039765064999997)",Unfall 134419 (2022) Kat:3, Licht: 0,134419,3,6,2,12,15,6,1,0,0,1,0,0,0,0
"POINT (13.774160673000001 51.013820372000097)",Unfall 134433 (2022) Kat:3, Licht: 0,134433,3,6,4,08,13,2,0,0,1,0,0,0,0,0
"POINT (13.731274954000099 51.034460744000100)",Unfall 134448 (2022) Kat:2, Licht: 0,134448,2,4,6,09,12,6,0,0,0,0,1,0,0,1
"POINT (13.757847619000099 51.024745918000100)",Unfall 134455 (2022) Kat:3, Licht: 2,134455,3,1,0,07,00,4,0,2,1,0,0,0,0,0
"POINT (13.800476069000100 50.997928490000000)",Unfall 134457 (2022) Kat:3, Licht: 0,134457,3,6,3,11,09,6,1,0,0,1,0,0,0,1
"POINT (13.713995922000001 51.038153749000102)",Unfall 134465 (2022) Kat:3, Licht: 2,134465,3,1,7,08,02,7,0,2,1,0,0,0,0,0
"POINT (13.705105305000099 51.044443999000102)",Unfall 134471 (2022) Kat:3, Licht: 0,134471,3,3,5,06,13,4,0,0,1,1,0,0,0,0
"POINT (13.726674040000001 51.044149570999998)",Unfall 134504 (2022) Kat:3, Licht: 0,134504,3,7,0,08,07,5,0,0,0,1,0,1,0,0
"POINT (13.768227233000101 51.019895224999999)",Unfall 134510 (2022) Kat:3, Licht: 0,134510,3,2,2,10,07,4,0,0,0,1,0,0,0,0
"POINT (13.755635998000100 51.076730563000098)",Unfall 134533 (2022) Kat:3, Licht: 2,134533,3,1,0,06,02,7,0,2,1,0,0,0,0,0
"POINT (13.822406051000000 51.056767117000000)",Unfall 134545 (2022) Kat:3, Licht: 0,134545,3,6,3,07,17,6,0,0,1,1,0,0,0,0
"POINT (13.731116159000100 51.034536760000002)",Unfall 134557 (2022) Kat:3, Licht: 0,134557,3,4,6,09,14,2,1,0,0,1,1,0,0,0
"POINT (13.768965366000000 51.099208910000101)",Unfall 134558 (2022) Kat:3, Licht: 0,134558,3,7,0,08,07,5,0,0,1,0,0,0,0,0
"POINT (13.728954579000099 51.059422977000096)",Unfall 134564 (2022) Kat:3, Licht: 2,134564,3,1,0,07,00,6,0,2,1,0,0,0,0,0
"POINT (13.737321412000000 51.085380151999999)",Unfall 134573 (2022) Kat:3, Licht: 0,134573,3,3,5,09,08,4,1,0,0,1,0,0,0,0
"POINT (13.738277877000000 51.063919074000097)",Unfall 134579 (2022) Kat:3, Licht: 0,134579,3,2,5,06,08,5,0,0,1,1,0,0,0,0
"POINT (13.746984088000000 51.051773164000103)",Unfall 134582 (2022) Kat:3, Licht: 0,134582,3,6,2,08,14,7,1,0,0,1,0,0,1,0
"POINT (13.818070640000000 51.052428468000102)",Unfall 134596 (2022) Kat:3, Licht: 0,134596,3,3,5,11,14,1,0,0,1,0,0,0,0,0
"POINT (13.668659333000100 51.072681240000101)",Unfall 134610 (2022) Kat:3, Licht: 0,134610,3,1,0,07,18,5,1,0,0,0,0,1,0,0
"POINT (13.668716191000000 51.072658722000000)",Unfall 134612 (2022) Kat:3, Licht: 2,134612,3,1,8,10,00,3,0,2,0,1,0,0,0,0
"POINT (13.743116735000100 51.113987350999999)",Unfall 134618 (2022) Kat:3, Licht: 2,134618,3,6,3,11,17,5,0,2,0,1,0,0,1,0
"POINT (13.732305584000100 51.067306663000103)",Unfall 134636 (2022) Kat:3, Licht: 0,134636,3,6,2,08,16,3,0,0,0,1,0,0,0,0
"POINT (13.702003245000100 51.032516076000000)",Unfall 134646 (2022) Kat:3, Licht: 0,134646,3,3,5,08,14,7,1,0,1,1,0,0,0,0
"POINT (13.721219018999999 51.092195906000001)",Unfall 134656 (2022) Kat:3, Licht: 0,134656,3,5,0,10,13,6,0,0,0,1,0,0,0,1
"POINT (13.746813149999999 51.063840662000104)",Unfall 134660 (2022) Kat:3, Licht: 2,134660,3,4,6,11,16,1,0,2,0,1,1,0,0,0
"POINT (13.762442711000100 51.085020231999998)",Unfall 134669 (2022) Kat:2, Licht: 2,134669,2,7,6,10,06,1,0,2,0,0,1,0,0,1
"POINT (13.775015716000000 51.110617214999998)",Unfall 134681 (2022) Kat:3, Licht: 0,134681,3,5,2,08,09,2,0,0,1,1,0,0,0,0
"POINT (13.785517601000000 51.156661491000101)",Unfall 134687 (2022) Kat:3, Licht: 0,134687,3,6,2,10,10,7,0,0,0,1,0,0,0,0
"POINT (13.707415866000099 51.084431713000100)",Unfall 134690 (2022) Kat:3, Licht: 0,134690,3,1,0,09,17,4,1,0,0,0,0,1,0,0
"POINT (13.834368370000000 51.062011754000103)",Unfall 134696 (2022) Kat:2, Licht: 0,134696,2,7,0,07,20,7,0,0,1,0,0,0,0,0
"POINT (13.714338028000000 51.079822599000103)",Unfall 134698 (2022) Kat:3, Licht: 2,134698,3,1,0,11,16,4,0,2,1,0,0,0,0,0
"POINT (13.878473206000001 51.059959644999999)",Unfall 134735 (2022) Kat:3, Licht: 0,134735,3,3,5,07,07,3,0,0,1,1,0,0,0,0
"POINT (13.699251274000099 51.022891485000102)",Unfall 134737 (2022) Kat:3, Licht: 2,134737,3,1,0,10,18,7,1,2,0,0,0,1,0,0