WKT,Name,OBJECTID,UKATEGORIE,UTYP1,UART,UMONAT,USTUNDE,UWOCHENTAG,STRZUSTAND,ULICHTVERH,ISTRAD,ISTPKW,ISTFUSS,ISTKRAD,ISTGKFZ,ISTSONSTIG
"POINT (13.759742663000100 51.081143041000097)",Unfall 134761 (2022) Kat:3, Licht: 1,134761,3,2,5,10,18,4,0,1,1,1,0,0,0,0
"POINT (13.722623117000101 51.033474566999999)",Unfall 134787 (2022) Kat:3, Licht: 0,134787,3,3,5,11,13,4,0,0,1,1,0,0,0,0
"POINT (13.734500045000100 51.061615508000003)",Unfall 134802 (2022) Kat:3, Licht: 2,134802,3,2,5,12,18,4,0,2,1,1,0,0,0,0
"POINT (13.671984659000000 51.017110607000099)",Unfall 134807 (2022) Kat:3, Licht: 2,134807,3,2,3,11,05,6,1,2,1,1,0,0,0,0
"POINT (13.762608984000099 51.064238756000101)",Unfall 134809 (2022) Kat:3, Licht: 2,134809,3,2,5,11,06,4,1,2,0,1,0,0,0,0
"POINT (13.703762200000000 51.050590891000098)",Unfall 134820 (2022) Kat:2, Licht: 0,134820,2,3,5,07,16,7,0,0,0,1,0,1,0,0
"POINT (13.710077287000001 51.058061189000099)",Unfall 134829 (2022) Kat:3, Licht: 0,134829,3,2,2,09,06,3,1,0,0,1,0,0,0,1
"POINT (13.785250731000099 51.008577340999999)",Unfall 134832 (2022) Kat:3, Licht: 1,134832,3,3,0,10,17,2,0,1,1,0,0,0,0,1
"POINT (13.849481859000001 51.061834435000002)",Unfall 134833 (2022) Kat:3, Licht: 0,134833,3,3,5,07,08,2,0,0,0,1,0,0,0,0
"POINT (13.863830248000101 51.103744103000103)",Unfall 134842 (2022) Kat:2, Licht: 0,134842,2,1,8,12,14,1,1,0,0,1,0,0,0,0
"POINT (13.735602788000101 51.029278595000100)",Unfall 134843 (2022) Kat:3, Licht: 0,134843,3,4,6,09,07,7,0,0,1,0,1,0,0,0
"POINT (13.690525826000099 51.078078339000101)",Unfall 134862 (2022) Kat:2, Licht: 0,134862,2,7,1,12,09,7,1,0,0,1,0,0,0,0
"POINT (13.745619500000000 51.049288941999997)",Unfall 134870 (2022) Kat:3, Licht: 0,134870,3,7,2,08,15,2,0,0,0,1,0,0,0,0
"POINT (13.606009813000099 51.063020763000097)",Unfall 134885 (2022) Kat:3, Licht: 0,134885,3,6,2,08,17,2,0,0,0,1,0,0,0,0
"POINT (13.740317270000000 51.064690970000100)",Unfall 134902 (2022) Kat:3, Licht: 0,134902,3,3,5,08,07,2,0,0,0,1,0,0,0,0
"POINT (13.762608471000000 51.064238633000102)",Unfall 134906 (2022) Kat:3, Licht: 2,134906,3,2,5,11,17,3,0,2,0,1,0,1,0,0
"POINT (13.737544307000100 51.087253131000097)",Unfall 134922 (2022) Kat:3, Licht: 0,134922,3,6,3,09,15,1,0,0,1,1,0,0,0,0
"POINT (13.701104652000000 51.016525844999997)",Unfall 134926 (2022) Kat:3, Licht: 2,134926,3,1,0,07,01,1,0,2,1,0,0,0,0,0
"POINT (13.745859760000000 51.028395389000103)",Unfall 134945 (2022) Kat:3, Licht: 2,134945,3,3,5,11,17,2,0,2,0,1,0,0,0,0
"POINT (13.766188087000000 51.065244964999998)",Unfall 134951 (2022) Kat:3, Licht: 0,134951,3,3,5,09,12,4,1,0,0,1,0,0,0,0
"POINT (13.793599727000100 51.001771973000103)",Unfall 134966 (2022) Kat:3, Licht: 2,134966,3,6,2,07,21,1,1,2,0,1,0,0,0,0
"POINT (13.745035627000000 51.049479016000099)",Unfall 134969 (2022) Kat:3, Licht: 2,134969,3,3,5,10,20,3,0,2,0,1,0,0,0,0
"POINT (13.796713966000000 51.163590720000101)",Unfall 134971 (2022) Kat:3, Licht: 0,134971,3,6,2,06,06,2,0,0,0,1,0,0,0,0
"POINT (13.746653461000101 51.056996587000100)",Unfall 134983 (2022) Kat:3, Licht: 0,134983,3,6,3,09,15,4,0,0,0,1,0,1,0,0
"POINT (13.724932207000100 51.043952853000100)",Unfall 134992 (2022) Kat:3, Licht: 2,134992,3,3,5,08,21,6,0,2,1,1,0,0,0,0
"POINT (13.769007114000001 51.013533564000099)",Unfall 134996 (2022) Kat:3, Licht: 0,134996,3,1,2,09,11,2,0,0,1,1,0,0,0,0
"POINT (13.879147189999999 51.040991845000100)",Unfall 134999 (2022) Kat:2, Licht: 0,134999,2,6,3,08,16,3,0,0,1,1,0,0,0,0
"POINT (13.747027929000099 51.066510885000099)",Unfall 135004 (2022) Kat:3, Licht: 0,135004,3,2,6,10,11,4,0,0,0,1,1,0,0,0
"POINT (13.672012452000001 51.017121267000100)",Unfall 135011 (2022) Kat:3, Licht: 0,135011,3,3,5,09,16,2,0,0,1,1,0,0,0,0
"POINT (13.702452848000100 51.090468078000100)",Unfall 135013 (2022) Kat:2, Licht: 0,135013,2,2,5,07,13,2,0,0,0,1,0,1,0,0
"POINT (13.731477190000000 51.027265921000001)",Unfall 135027 (2022) Kat:2, Licht: 0,135027,2,1,0,07,18,7,0,0,1,0,0,0,0,0
"POINT (13.731639664000101 51.026527497000103)",Unfall 135035 (2022) Kat:3, Licht: 0,135035,3,2,5,09,15,6,0,0,1,1,0,0,0,0
"POINT (13.883735492000000 51.060824683000099)",Unfall 135042 (2022) Kat:3, Licht: 0,135042,3,3,5,06,09,4,0,0,0,1,0,0,0,0
"POINT (13.745517883000000 51.049171484000098)",Unfall 135046 (2022) Kat:3, Licht: 0,135046,3,6,2,08,19,6,1,0,0,1,0,0,0,0
"POINT (13.734718609000000 51.074025593000002)",Unfall 135057 (2022) Kat:3, Licht: 0,135057,3,3,5,11,14,3,0,0,1,1,0,0,0,0
"POINT (13.633222842000100 51.035163466000000)",Unfall 135070 (2022) Kat:3, Licht: 2,135070,3,1,4,12,22,7,1,2,0,1,0,0,0,0
"POINT (13.610654315000000 51.037599634000102)",Unfall 135085 (2022) Kat:3, Licht: 0,135085,3,3,5,10,07,7,0,0,0,1,0,0,0,1
"POINT (13.754078329000000 51.026626352000100)",Unfall 135109 (2022) Kat:2, Licht: 0,135109,2,1,0,08,18,5,0,0,1,0,0,0,0,0
"POINT (13.745781846000099 51.124240851000103)",Unfall 135121 (2022) Kat:3, Licht: 0,135121,3,3,5,07,16,5,0,0,0,1,0,0,0,0
"POINT (13.678852359000100 51.063130766000000)",Unfall 135124 (2022) Kat:3, Licht: 2,135124,3,7,3,11,17,6,1,2,0,1,0,0,0,0
"POINT (13.685784901000000 51.062313400000100)",Unfall 135126 (2022) Kat:2, Licht: 0,135126,2,3,5,10,17,5,0,0,0,1,0,0,0,0
"POINT (13.760125732000100 51.023305820000097)",Unfall 135143 (2022) Kat:3, Licht: 0,135143,3,2,5,07,17,7,0,0,1,1,0,0,0,0
"POINT (13.795189241000100 51.133857036000101)",Unfall 135145 (2022) Kat:3, Licht: 2,135145,3,1,0,10,19,4,0,2,1,0,0,0,0,0
"POINT (13.703784454000100 51.087843630000101)",Unfall 135183 (2022) Kat:3, Licht: 0,135183,3,3,5,09,12,2,0,0,1,1,0,0,0,0
"POINT (13.693615542000000 51.043003364000100)",Unfall 135192 (2022) Kat:3, Licht: 0,135192,3,1,0,11,06,3,0,0,1,0,0,0,0,0
"POINT (13.729387390999999 51.070388180000101)",Unfall 135198 (2022) Kat:2, Licht: 0,135198,2,3,5,08,17,5,0,0,0,1,0,1,0,0
"POINT (13.689308289000101 51.067723694999998)",Unfall 135199 (2022) Kat:3, Licht: 2,135199,3,3,5,12,21,3,1,2,0,1,0,0,0,1
"POINT (13.734416971000000 51.065509056000103)",Unfall 135200 (2022) Kat:3, Licht: 0,135200,3,3,5,09,18,4,0,0,0,1,0,0,0,0
"POINT (13.722974322000001 51.090166115999999)",Unfall 135210 (2022) Kat:3, Licht: 0,135210,3,1,0,08,09,6,1,0,1,0,0,0,0,0
"POINT (13.681062751000100 51.061899583000098)",Unfall 135213 (2022) Kat:2, Licht: 0,135213,2,4,6,08,07,2,0,0,0,0,1,0,0,1
"POINT (13.690053111000100 51.075085274000102)",Unfall 135230 (2022) Kat:2, Licht: 0,135230,2,3,5,07,05,2,0,0,1,1,0,0,0,0
"POINT (13.730148716000000 51.032845850000101)",Unfall 135232 (2022) Kat:1, Licht: 0,135232,1,3,5,11,12,5,0,0,1,0,0,0,0,1
"POINT (13.718976206000001 51.096630117000103)",Unfall 135258 (2022) Kat:3, Licht: 0,135258,3,2,5,10,16,3,0,0,1,1,0,0,0,0
"POINT (13.740345652000000 51.064701442999997)",Unfall 135266 (2022) Kat:3, Licht: 0,135266,3,1,0,07,16,3,0,0,1,0,0,0,0,0
"POINT (13.878418124000101 51.059960939000099)",Unfall 135267 (2022) Kat:3, Licht: 2,135267,3,2,5,10,18,5,0,2,0,1,0,1,0,0
"POINT (13.854949653000100 51.061845136999999)",Unfall 135268 (2022) Kat:3, Licht: 0,135268,3,2,5,07,15,7,0,0,1,1,0,0,0,0
"POINT (13.757051667000001 51.025467252000098)",Unfall 135269 (2022) Kat:3, Licht: 0,135269,3,6,3,10,17,6,0,0,0,1,0,0,0,0
"POINT (13.716446267000000 51.098496148999999)",Unfall 135270 (2022) Kat:1, Licht: 0,135270,1,7,9,11,10,3,0,0,0,1,0,0,0,0
"POINT (13.849746689000000 51.061813143999998)",Unfall 135274 (2022) Kat:2, Licht: 2,135274,2,4,6,12,06,2,0,2,0,1,1,0,0,0
"POINT (13.720869773000100 51.052407534000103)",Unfall 135278 (2022) Kat:3, Licht: 0,135278,3,1,0,06,11,7,0,0,1,0,0,0,0,0
"POINT (13.736232625000101 51.042350495999997)",Unfall 135290 (2022) Kat:2, Licht: 0,135290,2,1,0,09,15,4,1,0,1,0,0,0,0,0
"POINT (13.700502134000001 51.029163960000098)",Unfall 135292 (2022) Kat:2, Licht: 0,135292,2,6,4,10,13,7,1,0,0,1,0,0,0,0
"POINT (13.796854116000100 51.135975835000103)",Unfall 135293 (2022) Kat:3, Licht: 0,135293,3,3,0,07,10,6,0,0,0,1,0,0,0,1
"POINT (13.870405421999999 51.103859501999999)",Unfall 135306 (2022) Kat:2, Licht: 2,135306,2,1,9,08,23,5,0,2,0,1,0,0,0,0
"POINT (13.739308407000101 51.073855676000100)",Unfall 135323 (2022) Kat:3, Licht: 0,135323,3,6,2,10,12,6,0,0,0,1,0,0,1,0
"POINT (13.731217364000001 51.024829251000000)",Unfall 135358 (2022) Kat:3, Licht: 0,135358,3,2,5,08,16,6,0,0,1,1,0,0,0,0
"POINT (13.755753046000100 51.026419905000097)",Unfall 135408 (2022) Kat:2, Licht: 0,135408,2,2,5,11,08,2,0,0,1,0,0,0,1,0
"POINT (13.774846891999999 51.110254382999997)",Unfall 135423 (2022) Kat:3, Licht: 0,135423,3,3,5,09,16,6,0,0,1,1,0,0,0,0
"POINT (13.752969910999999 51.073883547000001)",Unfall 135433 (2022) Kat:3, Licht: 0,135433,3,3,5,09,13,5,0,0,0,1,0,0,0,0
"POINT (13.742024926000100 51.064674822000001)",Unfall 135443 (2022) Kat:3, Licht: 0,135443,3,3,5,11,15,1,0,0,1,1,0,0,0,0
"POINT (13.812352082000100 51.063872398999997)",Unfall 135459 (2022) Kat:3, Licht: 0,135459,3,6,1,08,13,5,0,0,0,1,0,0,0,0
"POINT (13.708704367000101 51.084353491999998)",Unfall 135463 (2022) Kat:3, Licht: 0,135463,3,6,1,07,15,4,0,0,0,1,0,0,0,0
"POINT (13.840950716000100 51.126035850999997)",Unfall 135464 (2022) Kat:3, Licht: 0,135464,3,2,5,10,17,4,0,0,1,1,0,0,0,0
"POINT (13.800624934000000 50.997842806999998)",Unfall 135475 (2022) Kat:2, Licht: 1,135475,2,1,0,07,21,6,1,1,0,0,0,1,0,0
"POINT (13.699744766000000 51.043667320000097)",Unfall 135534 (2022) Kat:2, Licht: 0,135534,2,4,6,06,14,5,0,0,0,1,1,0,0,0
"POINT (13.722573861000100 51.042480242000103)",Unfall 135538 (2022) Kat:2, Licht: 2,135538,2,7,0,08,22,3,0,2,0,0,0,0,0,1
"POINT (13.730655755000001 51.058649115000001)",Unfall 135540 (2022) Kat:3, Licht: 0,135540,3,7,0,08,18,2,0,0,0,1,0,1,0,0
"POINT (13.704326426000000 51.043723178999997)",Unfall 135543 (2022) Kat:2, Licht: 0,135543,2,4,6,07,16,5,0,0,0,1,1,0,0,0
"POINT (13.752706540000100 51.119613358999999)",Unfall 135550 (2022) Kat:3, Licht: 0,135550,3,6,2,11,14,3,0,0,0,1,0,0,0,0
"POINT (13.726697142000001 51.126953291000099)",Unfall 135559 (2022) Kat:3, Licht: 2,135559,3,7,2,07,21,6,0,2,0,1,0,1,0,0
"POINT (13.822516032000101 51.063489142000002)",Unfall 135566 (2022) Kat:3, Licht: 0,135566,3,4,6,08,10,6,0,0,0,1,1,0,0,0
"POINT (13.690700122000100 51.078353131000000)",Unfall 135589 (2022) Kat:3, Licht: 0,135589,3,2,2,11,16,4,0,0,0,1,0,0,0,0
"POINT (13.757027734000101 51.025483586000099)",Unfall 135606 (2022) Kat:2, Licht: 2,135606,2,3,5,09,20,1,0,2,0,0,0,1,0,1
"POINT (13.703007155000000 51.089423027000102)",Unfall 135623 (2022) Kat:3, Licht: 0,135623,3,6,2,09,07,6,0,0,0,1,0,0,0,0
"POINT (13.749014384000100 51.130003600000101)",Unfall 135630 (2022) Kat:3, Licht: 0,135630,3,6,3,12,10,6,1,0,0,1,0,0,1,0
"POINT (13.794725411000099 51.066388330999999)",Unfall 135636 (2022) Kat:3, Licht: 0,135636,3,1,0,07,16,2,0,0,1,0,0,0,0,0
"POINT (13.704994599000001 51.044885065000102)",Unfall 135641 (2022) Kat:3, Licht: 0,135641,3,3,5,09,08,5,0,0,0,1,0,0,0,0
"POINT (13.764652589000001 51.002893487999998)",Unfall 135666 (2022) Kat:3, Licht: 0,135666,3,5,1,10,16,6,0,0,1,1,0,0,0,0
"POINT (13.730180817000100 51.059118879000003)",Unfall 135667 (2022) Kat:3, Licht: 0,135667,3,6,2,07,07,6,0,0,0,1,0,0,0,0
"POINT (13.739365246000000 51.078713633000099)",Unfall 135674 (2022) Kat:3, Licht: 0,135674,3,3,5,08,16,3,0,0,1,0,0,0,0,0
"POINT (13.736915241000100 51.071393108000102)",Unfall 135680 (2022) Kat:3, Licht: 0,135680,3,1,0,09,16,6,0,0,1,0,0,0,0,0
"POINT (13.787737749000000 51.067021820999997)",Unfall 135683 (2022) Kat:3, Licht: 0,135683,3,1,0,07,14,6,1,0,1,0,0,0,0,0
"POINT (13.763269626000101 51.120539253000103)",Unfall 135686 (2022) Kat:3, Licht: 0,135686,3,6,2,11,15,7,0,0,0,1,0,0,0,0
"POINT (13.702759194000100 51.033588895000001)",Unfall 135689 (2022) Kat:3, Licht: 2,135689,3,2,2,12,07,6,1,2,1,0,0,0,1,0
"POINT (13.745627408000100 51.049298084000000)",Unfall 135693 (2022) Kat:3, Licht: 2,135693,3,2,5,10,20,4,0,2,1,1,0,0,0,0
"POINT (13.794982131999999 51.133155565000003)",Unfall 135711 (2022) Kat:3, Licht: 0,135711,3,4,6,10,10,7,0,0,0,1,1,0,0,0
"POINT (13.799934812000100 50.998444587999998)",Unfall 135718 (2022) Kat:3, Licht: 0,135718,3,6,2,09,15,7,0,0,0,1,0,0,0,0
"POINT (13.714332082000100 51.079828996000103)",Unfall 135719 (2022) Kat:3, Licht: 2,135719,3,6,0,08,22,5,0,2,1,0,0,0,0,1
"POINT (13.728081601000000 51.084387991000000)",Unfall 135737 (2022) Kat:3, Licht: 0,135737,3,2,5,07,08,3,0,0,1,1,0,0,0,0
"POINT (13.788830574000000 51.067128439000001)",Unfall 135739 (2022) Kat:3, Licht: 0,135739,3,6,0,06,09,5,0,0,1,1,0,0,0,0
"POINT (13.791582008000001 51.072360054999997)",Unfall 135763 (2022) Kat:3, Licht: 0,135763,3,1,0,09,14,3,0,0,1,0,0,0,0,0
"POINT (13.642422458000100 51.070884582000097)",Unfall 135764 (2022) Kat:3, Licht: 2,135764,3,1,8,07,22,7,0,2,0,1,0,0,0,0
"POINT (13.725884882000100 51.032390033000098)",Unfall 135773 (2022) Kat:3, Licht: 0,135773,3,1,0,08,11,2,0,0,0,0,0,0,0,1
"POINT (13.678809588000000 51.063160117000102)",Unfall 135774 (2022) Kat:3, Licht: 0,135774,3,6,2,09,06,2,1,0,0,1,0,1,0,0
"POINT (13.847485904999999 51.028051894999997)",Unfall 135791 (2022) Kat:3, Licht: 0,135791,3,1,0,10,11,5,0,0,1,0,0,0,0,0
"POINT (13.725958367000000 51.056970090999997)",Unfall 135792 (2022) Kat:3, Licht: 0,135792,3,1,0,08,18,2,1,0,0,0,0,0,0,1
"POINT (13.712821135000100 51.081885307000100)",Unfall 135799 (2022) Kat:3, Licht: 0,135799,3,7,3,12,12,3,0,0,0,1,0,0,1,0
"POINT (13.832245504000101 50.984597323999999)",Unfall 135807 (2022) Kat:3, Licht: 1,135807,3,6,2,11,16,3,0,1,0,1,0,0,0,0
"POINT (13.748927986000099 51.027831122000102)",Unfall 135816 (2022) Kat:3, Licht: 0,135816,3,3,5,09,14,5,0,0,1,1,0,0,0,0
"POINT (13.736953934000001 51.093324715000101)",Unfall 135824 (2022) Kat:3, Licht: 2,135824,3,2,1,10,19,1,1,2,0,1,0,0,0,0
"POINT (13.671660655000000 51.016973739000001)",Unfall 135828 (2022) Kat:3, Licht: 0,135828,3,6,2,09,07,2,1,0,0,1,0,1,0,0
"POINT (13.762836297000000 51.064293392000103)",Unfall 135830 (2022) Kat:3, Licht: 2,135830,3,2,5,12,17,5,0,2,1,1,0,0,0,0
"POINT (13.702891590000000 51.017441853000001)",Unfall 135845 (2022) Kat:2, Licht: 0,135845,2,4,6,10,07,5,0,0,0,1,1,0,0,0
"POINT (13.704424389000099 51.050863664000097)",Unfall 135860 (2022) Kat:3, Licht: 2,135860,3,3,5,10,22,3,0,2,0,1,0,1,0,0
"POINT (13.839488661000100 51.062217138999998)",Unfall 135861 (2022) Kat:2, Licht: 0,135861,2,1,0,11,06,6,1,0,0,0,0,1,0,0
"POINT (13.755551181000000 51.076655920000100)",Unfall 135869 (2022) Kat:3, Licht: 2,135869,3,6,2,12,21,5,0,2,0,1,0,0,0,0
"POINT (13.792784365999999 51.161007374000100)",Unfall 135871 (2022) Kat:3, Licht: 0,135871,3,6,2,09,13,1,1,0,0,1,0,0,0,0
"POINT (13.741987377999999 51.046613536000102)",Unfall 135872 (2022) Kat:2, Licht: 0,135872,2,7,0,08,08,5,0,0,1,0,0,0,0,0
"POINT (13.728983567000100 51.059309446000000)",Unfall 135878 (2022) Kat:3, Licht: 0,135878,3,3,5,07,16,5,0,0,1,1,0,0,0,0
"POINT (13.746713056999999 51.055928575000102)",Unfall 135888 (2022) Kat:3, Licht: 2,135888,3,4,6,08,02,7,0,2,0,1,1,0,0,0
"POINT (13.745353255000101 51.048992630000001)",Unfall 135902 (2022) Kat:3, Licht: 0,135902,3,3,5,09,08,3,0,0,0,1,0,1,0,0
"POINT (13.722568784000000 51.014201298000003)",Unfall 135926 (2022) Kat:2, Licht: 2,135926,2,3,5,09,06,2,1,2,0,1,0,0,1,0
"POINT (13.689603819000100 51.068503172000099)",Unfall 135943 (2022) Kat:3, Licht: 0,135943,3,3,5,08,09,2,0,0,0,0,0,1,0,1
"POINT (13.610546443000000 51.037705434000003)",Unfall 135950 (2022) Kat:3, Licht: 2,135950,3,7,8,10,01,4,0,2,0,1,0,0,0,0
"POINT (13.739307828000101 51.073976696000003)",Unfall 135967 (2022) Kat:3, Licht: 0,135967,3,2,5,12,09,4,0,0,1,1,0,0,0,0
"POINT (13.719573035000099 51.035212957000098)",Unfall 135972 (2022) Kat:3, Licht: 0,135972,3,3,5,09,16,3,1,0,1,1,0,0,0,0
"POINT (13.895596145000100 51.064687099000103)",Unfall 135975 (2022) Kat:3, Licht: 0,135975,3,2,5,07,20,3,0,0,0,1,0,0,0,0
"POINT (13.732652362000101 51.029570502000098)",Unfall 135976 (2022) Kat:3, Licht: 0,135976,3,3,5,11,08,5,0,0,1,1,0,0,0,0
"POINT (13.749694406000099 51.070281803999997)",Unfall 135981 (2022) Kat:3, Licht: 0,135981,3,1,0,09,10,6,0,0,1,0,0,0,1,0
"POINT (13.729567170999999 51.082952331999998)",Unfall 135990 (2022) Kat:3, Licht: 2,135990,3,1,0,11,06,5,1,2,1,0,0,0,0,0
"POINT (13.773111014000101 51.113922422000002)",Unfall 136002 (2022) Kat:3, Licht: 0,136002,3,1,0,11,14,4,0,0,1,0,0,0,0,0
"POINT (13.694258050000000 51.043089275000099)",Unfall 136008 (2022) Kat:3, Licht: 0,136008,3,2,4,08,16,2,0,0,0,1,0,1,0,0
"POINT (13.747337638999999 51.052411731000099)",Unfall 136022 (2022) Kat:3, Licht: 0,136022,3,1,0,09,14,4,1,0,0,0,0,1,0,0
"POINT (13.707007464000100 51.041401371000099)",Unfall 136031 (2022) Kat:3, Licht: 0,136031,3,3,5,11,13,6,0,0,0,1,0,0,0,1
"POINT (13.730434551000000 51.069246380000003)",Unfall 136052 (2022) Kat:3, Licht: 0,136052,3,7,3,08,16,5,0,0,0,1,0,0,0,1
"POINT (13.713849215000000 51.024475602999999)",Unfall 136056 (2022) Kat:2, Licht: 2,136056,2,1,0,06,21,5,0,2,1,0,0,0,0,0
"POINT (13.857039838000000 51.100466523000101)",Unfall 136063 (2022) Kat:3, Licht: 0,136063,3,6,2,12,10,3,0,0,0,1,0,0,0,0
"POINT (13.703757544000000 51.043700815000101)",Unfall 136068 (2022) Kat:3, Licht: 0,136068,3,7,0,11,15,6,1,0,1,0,0,0,0,0
"POINT (13.690081895000001 51.072555149999999)",Unfall 136081 (2022) Kat:3, Licht: 0,136081,3,6,2,09,12,5,1,0,0,1,0,0,0,1
"POINT (13.791238492000000 51.123111151000003)",Unfall 136085 (2022) Kat:3, Licht: 0,136085,3,3,5,07,13,5,0,0,0,1,0,0,0,0
"POINT (13.747603723999999 51.051819873000099)",Unfall 136100 (2022) Kat:3, Licht: 0,136100,3,1,0,07,16,5,0,0,1,0,0,0,0,0
"POINT (13.751435463000099 51.121121465000002)",Unfall 136105 (2022) Kat:3, Licht: 0,136105,3,6,3,09,13,5,0,0,0,1,0,0,0,1
"POINT (13.741635692999999 51.046512524999997)",Unfall 136109 (2022) Kat:2, Licht: 0,136109,2,3,5,07,16,4,0,0,0,1,0,0,0,0
"POINT (13.863794831000099 51.103741061000100)",Unfall 136128 (2022) Kat:2, Licht: 2,136128,2,1,8,11,04,2,2,2,0,1,0,0,0,0
"POINT (13.730393292000000 51.032920183000002)",Unfall 136137 (2022) Kat:3, Licht: 0,136137,3,1,8,06,08,3,1,0,1,0,0,0,0,0
"POINT (13.720118188000100 51.093563736000100)",Unfall 136150 (2022) Kat:3, Licht: 0,136150,3,1,0,11,07,3,0,0,1,0,0,0,0,0
"POINT (13.800425080000000 50.997957379000098)",Unfall 136177 (2022) Kat:3, Licht: 0,136177,3,1,8,06,16,2,0,0,1,0,0,0,0,0
"POINT (13.883719162000000 51.060823598000098)",Unfall 136205 (2022) Kat:3, Licht: 1,136205,3,3,5,07,20,1,0,1,0,1,0,0,0,0
"POINT (13.713640913000100 51.080685790000103)",Unfall 136211 (2022) Kat:3, Licht: 0,136211,3,3,5,11,07,3,1,0,1,1,0,0,0,0
"POINT (13.761323227000000 51.083410739000001)",Unfall 136226 (2022) Kat:3, Licht: 0,136226,3,3,5,08,07,4,0,0,1,1,0,0,0,0
"POINT (13.682926727000099 51.061825505000101)",Unfall 136230 (2022) Kat:3, Licht: 0,136230,3,3,5,09,11,3,0,0,0,1,0,0,0,0
"POINT (13.701703257000100 51.031073284000101)",Unfall 136231 (2022) Kat:3, Licht: 0,136231,3,7,0,07,10,7,0,0,1,0,0,0,0,0
"POINT (13.737752336000000 51.061545365000001)",Unfall 136246 (2022) Kat:3, Licht: 0,136246,3,7,0,08,12,5,0,0,0,1,0,0,0,1
"POINT (13.741232162000101 51.046339708000097)",Unfall 136248 (2022) Kat:3, Licht: 2,136248,3,2,3,09,20,4,0,2,1,1,0,0,0,0
"POINT (13.691912255000000 51.084365931999997)",Unfall 136256 (2022) Kat:3, Licht: 2,136256,3,3,5,12,21,6,1,2,0,1,0,0,0,0
"POINT (13.730464488000100 51.082046538999997)",Unfall 136273 (2022) Kat:3, Licht: 0,136273,3,3,5,08,18,3,0,0,0,1,0,0,0,1
"POINT (13.756720440000000 51.077615444999999)",Unfall 136293 (2022) Kat:3, Licht: 0,136293,3,1,0,10,11,2,0,0,1,0,0,0,0,0
"POINT (13.632735190000099 51.069080915000001)",Unfall 136306 (2022) Kat:3, Licht: 2,136306,3,6,2,09,23,6,0,2,0,1,0,0,0,0
"POINT (13.762377524000000 51.120216696000099)",Unfall 136309 (2022) Kat:2, Licht: 2,136309,2,3,5,07,22,2,0,2,1,1,0,0,0,0
"POINT (13.798516060000100 51.142347560000097)",Unfall 136311 (2022) Kat:2, Licht: 0,136311,2,2,5,06,18,4,0,0,0,1,0,1,0,0
"POINT (13.731093745000100 51.034485648000000)",Unfall 136324 (2022) Kat:2, Licht: 0,136324,2,4,6,11,13,4,1,0,0,1,1,0,0,0
"POINT (13.848426855000101 51.061832502000101)",Unfall 136339 (2022) Kat:3, Licht: 0,136339,3,4,6,11,12,2,0,0,0,0,1,0,0,1
"POINT (13.750924876999999 51.134376756000101)",Unfall 136340 (2022) Kat:2, Licht: 0,136340,2,7,2,09,17,6,0,0,0,1,0,0,0,0
"POINT (13.717449445000099 51.077212979000102)",Unfall 136353 (2022) Kat:3, Licht: 0,136353,3,6,4,08,18,4,0,0,1,0,0,0,0,0
"POINT (13.838614792000000 51.058319112000000)",Unfall 136384 (2022) Kat:2, Licht: 0,136384,2,1,2,10,16,7,0,0,0,1,0,0,0,1
"POINT (13.739479835999999 51.062825756000102)",Unfall 136385 (2022) Kat:3, Licht: 0,136385,3,6,3,07,13,5,0,0,0,1,0,0,0,1
"POINT (13.739053837000000 51.073901276000100)",Unfall 136388 (2022) Kat:3, Licht: 0,136388,3,1,0,11,15,1,0,0,1,0,0,0,0,0
"POINT (13.752970458000000 51.073884158000098)",Unfall 136389 (2022) Kat:3, Licht: 0,136389,3,3,5,06,15,2,0,0,0,1,0,0,0,1
"POINT (13.750153130999999 51.132886939000102)",Unfall 136421 (2022) Kat:3, Licht: 0,136421,3,1,9,08,19,7,1,0,0,1,0,0,0,0
"POINT (13.724871649000001 51.043976486000098)",Unfall 136432 (2022) Kat:3, Licht: 0,136432,3,4,6,11,07,5,1,0,0,1,1,0,0,0
"POINT (13.768129377999999 51.065780363000002)",Unfall 136443 (2022) Kat:3, Licht: 0,136443,3,3,2,07,18,6,0,0,0,1,0,1,0,0
"POINT (13.897997243000100 51.034883090999998)",Unfall 136445 (2022) Kat:3, Licht: 0,136445,3,3,5,07,13,4,0,0,1,1,0,0,0,0
"POINT (13.903901639000001 50.997661616000102)",Unfall 136451 (2022) Kat:2, Licht: 0,136451,2,6,4,11,14,3,0,0,0,1,0,0,0,0
"POINT (13.679949297000100 51.020796292000099)",Unfall 136452 (2022) Kat:3, Licht: 0,136452,3,6,4,08,15,2,0,0,1,0,0,0,0,0
"POINT (13.762372060000100 51.120213980000102)",Unfall 136454 (2022) Kat:2, Licht: 0,136454,2,3,5,08,12,6,0,0,1,0,0,0,0,1
"POINT (13.611732689000100 51.044636281000102)",Unfall 136456 (2022) Kat:3, Licht: 0,136456,3,3,5,10,14,2,0,0,1,1,0,0,0,0
"POINT (13.762371998000001 51.120213949000103)",Unfall 136465 (2022) Kat:3, Licht: 0,136465,3,3,5,08,19,1,0,0,1,1,0,0,0,0