WKT,Name,OBJECTID,UKATEGORIE,UTYP1,UART,UMONAT,USTUNDE,UWOCHENTAG,STRZUSTAND,ULICHTVERH,ISTRAD,ISTPKW,ISTFUSS,ISTKRAD,ISTGKFZ,ISTSONSTIG
"POINT (13.721493500000101 51.042021927000100)",Unfall 136482 (2022) Kat:3, Licht: 2,136482,3,6,3,12,19,4,0,2,0,1,0,0,0,0
"POINT (13.734052589999999 51.065791494999999)",Unfall 136492 (2022) Kat:3, Licht: 2,136492,3,1,0,11,04,7,0,2,0,0,0,0,0,1
"POINT (13.733618719000001 51.075480195000097)",Unfall 136496 (2022) Kat:3, Licht: 2,136496,3,1,0,09,23,7,1,2,1,0,0,0,0,0
"POINT (13.715962575000001 51.036981098000098)",Unfall 136497 (2022) Kat:2, Licht: 0,136497,2,2,5,08,09,4,0,0,1,1,0,0,0,0
"POINT (13.747047068000001 51.063692813000003)",Unfall 136511 (2022) Kat:3, Licht: 2,136511,3,3,5,08,23,1,0,2,1,1,0,0,0,0
"POINT (13.741332212000000 51.057628035000100)",Unfall 136518 (2022) Kat:3, Licht: 0,136518,3,7,0,06,17,4,0,0,1,0,0,0,0,0
"POINT (13.762720219000100 51.064265493000100)",Unfall 136535 (2022) Kat:3, Licht: 2,136535,3,3,5,12,20,3,1,2,1,1,0,0,0,0
"POINT (13.790384778000000 51.067093114999999)",Unfall 136538 (2022) Kat:3, Licht: 0,136538,3,1,0,09,11,2,0,0,1,0,0,0,0,0
"POINT (13.726291418000100 51.032206789000000)",Unfall 136542 (2022) Kat:3, Licht: 0,136542,3,4,6,07,13,3,0,0,1,0,1,0,0,0
"POINT (13.717291849000000 51.038187682999997)",Unfall 136555 (2022) Kat:2, Licht: 0,136555,2,6,3,07,12,4,0,0,1,0,0,0,0,0
"POINT (13.696157596000001 51.043297263000099)",Unfall 136559 (2022) Kat:3, Licht: 0,136559,3,1,0,10,08,2,1,0,1,0,0,0,0,0
"POINT (13.746021423000100 51.124301989999999)",Unfall 136564 (2022) Kat:3, Licht: 0,136564,3,3,5,09,10,3,0,0,0,1,0,0,0,1
"POINT (13.672013396000100 51.017121629000002)",Unfall 136570 (2022) Kat:3, Licht: 0,136570,3,3,5,10,16,7,0,0,1,1,0,0,0,0
"POINT (13.758572450000001 51.063482255000103)",Unfall 136581 (2022) Kat:3, Licht: 0,136581,3,1,0,07,14,2,0,0,1,0,0,0,0,0
"POINT (13.769544313999999 51.010147924000101)",Unfall 136604 (2022) Kat:2, Licht: 0,136604,2,1,0,09,06,2,1,0,1,0,0,0,0,0
"POINT (13.716208423000101 51.077768128999999)",Unfall 136609 (2022) Kat:3, Licht: 0,136609,3,6,2,10,11,3,0,0,0,1,0,0,0,1
"POINT (13.697083094000000 51.043393021999997)",Unfall 136610 (2022) Kat:3, Licht: 0,136610,3,3,5,10,12,6,0,0,0,1,0,0,0,1
"POINT (13.728930012999999 51.070660300000000)",Unfall 136623 (2022) Kat:2, Licht: 1,136623,2,7,0,10,17,3,1,1,1,0,1,0,0,0
"POINT (13.686968256000100 51.039813418000101)",Unfall 136624 (2022) Kat:3, Licht: 0,136624,3,1,0,07,08,4,0,0,1,0,0,0,0,0
"POINT (13.878029509999999 51.059980705000001)",Unfall 136630 (2022) Kat:3, Licht: 0,136630,3,3,5,08,06,4,0,0,1,1,0,0,0,0
"POINT (13.766486462000000 51.093619963000002)",Unfall 136636 (2022) Kat:3, Licht: 0,136636,3,6,2,07,07,2,0,0,0,1,0,0,0,0
"POINT (13.738151293000000 51.043761132000000)",Unfall 136639 (2022) Kat:2, Licht: 2,136639,2,1,0,10,19,6,0,2,1,0,0,0,0,0
"POINT (13.655399297000001 51.048321371000000)",Unfall 136647 (2022) Kat:2, Licht: 0,136647,2,3,5,09,09,7,1,0,0,1,0,0,0,0
"POINT (13.750695773000100 51.071381841000097)",Unfall 136666 (2022) Kat:3, Licht: 0,136666,3,2,2,06,11,4,0,0,0,1,0,0,0,0
"POINT (13.731157145999999 51.060616944000103)",Unfall 136676 (2022) Kat:3, Licht: 2,136676,3,7,0,10,22,5,0,2,1,0,0,0,0,0
"POINT (13.782404215000000 51.154819371000002)",Unfall 136677 (2022) Kat:3, Licht: 0,136677,3,6,2,08,15,2,0,0,0,1,0,0,0,0
"POINT (13.796003665000100 51.135106276999998)",Unfall 136702 (2022) Kat:3, Licht: 0,136702,3,1,0,10,14,7,1,0,1,0,0,0,0,0
"POINT (13.771518846999999 51.015823492999999)",Unfall 136732 (2022) Kat:2, Licht: 0,136732,2,7,9,07,15,2,0,0,0,1,0,0,0,0
"POINT (13.739057038000100 51.074076607000102)",Unfall 136733 (2022) Kat:3, Licht: 0,136733,3,7,2,07,17,6,0,0,0,1,0,0,0,0
"POINT (13.749012961000100 51.129998952999998)",Unfall 136741 (2022) Kat:3, Licht: 0,136741,3,6,3,09,11,3,0,0,0,1,0,0,1,0
"POINT (13.735179992999999 51.041303505000002)",Unfall 136742 (2022) Kat:3, Licht: 0,136742,3,4,0,07,13,1,0,0,0,0,1,0,0,1
"POINT (13.688267640999999 51.047379135000000)",Unfall 136755 (2022) Kat:3, Licht: 0,136755,3,6,2,09,10,6,0,0,0,1,0,0,0,0
"POINT (13.716201782000001 51.077771649000098)",Unfall 136757 (2022) Kat:2, Licht: 0,136757,2,1,0,08,17,6,0,0,1,0,0,0,0,0
"POINT (13.696715602999999 51.061002918000000)",Unfall 136771 (2022) Kat:2, Licht: 0,136771,2,3,5,08,10,7,0,0,0,1,0,1,0,0
"POINT (13.707734695000100 51.061613299999998)",Unfall 136773 (2022) Kat:3, Licht: 0,136773,3,2,3,09,10,6,1,0,1,1,0,0,0,0
"POINT (13.726100668000100 51.058706089000097)",Unfall 136778 (2022) Kat:3, Licht: 0,136778,3,6,2,11,08,2,1,0,0,1,0,0,0,0
"POINT (13.634122538000000 51.087402973000103)",Unfall 136782 (2022) Kat:3, Licht: 0,136782,3,3,5,12,13,6,0,0,0,1,0,0,0,0
"POINT (13.740293437000000 51.064682176000098)",Unfall 136787 (2022) Kat:3, Licht: 0,136787,3,1,0,06,06,7,0,0,0,0,0,0,0,1
"POINT (13.683107994000100 51.061831396000102)",Unfall 136801 (2022) Kat:3, Licht: 0,136801,3,6,2,10,15,3,0,0,0,1,0,1,0,0
"POINT (13.705104835000000 51.037306360000102)",Unfall 136814 (2022) Kat:3, Licht: 0,136814,3,6,2,12,10,4,1,0,0,1,0,0,1,0
"POINT (13.702177553000100 51.032818292000101)",Unfall 136823 (2022) Kat:3, Licht: 2,136823,3,6,2,12,23,4,2,2,0,1,0,0,0,0
"POINT (13.953043981000100 51.032330629999997)",Unfall 136824 (2022) Kat:3, Licht: 0,136824,3,6,3,08,19,6,0,0,0,1,0,1,0,0
"POINT (13.769315509000000 51.018539650999998)",Unfall 136830 (2022) Kat:2, Licht: 0,136830,2,6,3,08,09,3,0,0,0,1,0,1,0,0
"POINT (13.735211770999999 51.062037528000097)",Unfall 136833 (2022) Kat:3, Licht: 0,136833,3,1,0,07,20,7,0,0,0,0,0,0,0,1
"POINT (13.688694287000001 51.083049779000099)",Unfall 136843 (2022) Kat:3, Licht: 0,136843,3,6,4,07,05,6,0,0,1,0,0,0,0,0
"POINT (13.741230628000000 51.046338753000001)",Unfall 136847 (2022) Kat:3, Licht: 2,136847,3,3,5,11,21,4,1,2,0,1,0,0,0,0
"POINT (13.720772096000101 51.061751161000103)",Unfall 136852 (2022) Kat:3, Licht: 2,136852,3,2,2,12,19,4,1,2,1,1,0,0,0,0
"POINT (13.734500877000100 51.065444908000103)",Unfall 136868 (2022) Kat:2, Licht: 0,136868,2,4,6,09,14,1,0,0,0,1,1,0,0,0
"POINT (13.785937899000000 51.067574493999999)",Unfall 136885 (2022) Kat:3, Licht: 0,136885,3,6,2,08,18,2,1,0,0,1,0,0,0,0
"POINT (13.773872565000000 51.112932295000100)",Unfall 136916 (2022) Kat:3, Licht: 0,136916,3,1,0,06,14,3,0,0,1,0,0,0,0,0
"POINT (13.863824461000000 51.103743606000101)",Unfall 136920 (2022) Kat:3, Licht: 0,136920,3,1,9,11,12,4,1,0,0,1,0,0,0,0
"POINT (13.692854941000100 51.010733125999998)",Unfall 136939 (2022) Kat:3, Licht: 0,136939,3,7,1,08,16,4,0,0,0,1,0,1,0,0
"POINT (13.720821510000100 51.092640353000000)",Unfall 136940 (2022) Kat:3, Licht: 0,136940,3,6,2,10,09,4,1,0,0,1,0,0,0,0
"POINT (13.772648220000100 51.114366683000100)",Unfall 136952 (2022) Kat:2, Licht: 0,136952,2,2,5,07,13,3,0,0,0,1,0,0,0,0
"POINT (13.614917309000100 51.038424220000103)",Unfall 136969 (2022) Kat:3, Licht: 0,136969,3,7,0,10,09,2,0,0,0,1,0,1,0,0
"POINT (13.799335535000100 50.998590127000099)",Unfall 136984 (2022) Kat:3, Licht: 0,136984,3,7,0,10,16,3,1,0,0,0,0,1,0,1
"POINT (13.704237371000000 51.043578293000103)",Unfall 136992 (2022) Kat:3, Licht: 2,136992,3,2,5,09,06,4,0,2,1,1,0,0,0,0
"POINT (13.787971142000099 51.005679252000000)",Unfall 137012 (2022) Kat:3, Licht: 0,137012,3,2,1,10,09,3,0,0,0,1,0,0,0,1
"POINT (13.855126541000100 51.061768182000002)",Unfall 137018 (2022) Kat:3, Licht: 0,137018,3,4,0,11,11,3,0,0,0,0,1,0,0,1
"POINT (13.799471327999999 50.998693738999997)",Unfall 137024 (2022) Kat:3, Licht: 0,137024,3,2,5,08,15,5,0,0,1,1,0,0,0,0
"POINT (13.721360910000000 51.041768316000102)",Unfall 137029 (2022) Kat:2, Licht: 0,137029,2,3,5,10,09,6,0,0,1,0,0,0,1,0
"POINT (13.766346721000000 51.093664334000003)",Unfall 137042 (2022) Kat:3, Licht: 0,137042,3,6,3,08,17,3,0,0,1,0,0,0,0,0
"POINT (13.740068322000100 51.058215647000097)",Unfall 137057 (2022) Kat:2, Licht: 2,137057,2,4,6,11,18,5,0,2,0,0,1,0,0,1
"POINT (13.731814188000000 51.126288967999997)",Unfall 137088 (2022) Kat:3, Licht: 0,137088,3,6,2,08,11,7,0,0,0,1,0,0,0,0
"POINT (13.877779744000099 51.007477758999997)",Unfall 137092 (2022) Kat:3, Licht: 0,137092,3,3,5,10,15,5,0,0,0,1,0,1,0,0
"POINT (13.719015611000000 51.096499270000002)",Unfall 137101 (2022) Kat:3, Licht: 0,137101,3,6,2,07,15,5,0,0,1,0,0,0,0,1
"POINT (13.777904661000001 51.012870892000102)",Unfall 137112 (2022) Kat:3, Licht: 2,137112,3,1,0,09,03,7,0,2,0,0,0,0,0,1
"POINT (13.816309957000000 50.987366520000101)",Unfall 137121 (2022) Kat:3, Licht: 0,137121,3,6,1,11,13,1,0,0,0,1,0,0,0,0
"POINT (13.695612703000100 51.043239659000101)",Unfall 137122 (2022) Kat:3, Licht: 0,137122,3,2,3,06,16,2,0,0,1,1,0,0,0,0
"POINT (13.689616997000000 51.068696494999998)",Unfall 137124 (2022) Kat:3, Licht: 0,137124,3,2,5,11,08,6,1,0,1,0,0,0,0,1
"POINT (13.734452806000000 51.065481659000099)",Unfall 137130 (2022) Kat:3, Licht: 0,137130,3,2,2,09,10,1,0,0,0,1,0,0,0,1
"POINT (13.736645732000101 51.063627300000100)",Unfall 137145 (2022) Kat:3, Licht: 0,137145,3,6,2,09,14,4,1,0,0,1,0,0,0,0
"POINT (13.874651313000101 51.060561924000098)",Unfall 137152 (2022) Kat:3, Licht: 0,137152,3,3,5,10,16,5,0,0,1,0,0,0,0,1
"POINT (13.854825532000101 51.061898655999997)",Unfall 137155 (2022) Kat:3, Licht: 0,137155,3,6,2,08,07,3,0,0,0,1,0,1,0,0
"POINT (13.639788995000099 51.086880124000103)",Unfall 137173 (2022) Kat:3, Licht: 0,137173,3,6,2,08,15,4,0,0,0,1,0,0,0,0
"POINT (13.719300064000000 51.076426707000103)",Unfall 137183 (2022) Kat:3, Licht: 0,137183,3,6,2,12,10,5,1,0,0,1,0,0,0,0
"POINT (13.744546963000101 51.028569112000099)",Unfall 137184 (2022) Kat:3, Licht: 0,137184,3,6,0,08,15,5,0,0,0,1,0,1,0,0
"POINT (13.771612359000100 51.015687288999999)",Unfall 137189 (2022) Kat:3, Licht: 2,137189,3,1,8,08,22,7,0,2,0,1,0,0,0,0
"POINT (13.739275779000000 51.071739487000102)",Unfall 137194 (2022) Kat:3, Licht: 0,137194,3,7,0,07,10,5,1,0,1,0,0,0,0,0
"POINT (13.719702287000100 51.094309768000102)",Unfall 137231 (2022) Kat:3, Licht: 0,137231,3,1,0,10,16,1,0,0,1,0,0,0,0,0
"POINT (13.796439722000100 51.066003861000098)",Unfall 137232 (2022) Kat:2, Licht: 2,137232,2,5,1,07,22,7,0,2,1,1,0,0,0,0
"POINT (13.699889389000100 51.026675015000102)",Unfall 137235 (2022) Kat:3, Licht: 2,137235,3,7,8,11,22,2,0,2,0,1,0,0,0,0
"POINT (13.848096219000100 51.061826904000000)",Unfall 137253 (2022) Kat:3, Licht: 0,137253,3,6,2,12,13,6,0,0,0,1,0,0,0,0
"POINT (13.745782361000099 51.028542193000099)",Unfall 137275 (2022) Kat:3, Licht: 2,137275,3,2,5,09,21,6,0,2,1,1,0,0,0,0
"POINT (13.731776489000000 51.126292861000103)",Unfall 137302 (2022) Kat:3, Licht: 0,137302,3,2,5,12,14,5,0,0,1,1,0,0,0,0
"POINT (13.632950232000001 51.038403559000102)",Unfall 137314 (2022) Kat:2, Licht: 0,137314,2,2,5,09,12,7,0,0,0,1,0,1,0,0
"POINT (13.933685019000100 51.042611254000100)",Unfall 137323 (2022) Kat:3, Licht: 0,137323,3,7,9,08,15,2,0,0,0,1,0,0,0,0
"POINT (13.786498754000000 51.068396189000097)",Unfall 137329 (2022) Kat:3, Licht: 0,137329,3,3,5,07,18,1,0,0,1,1,0,0,0,0
"POINT (13.736969116000100 51.063126379000003)",Unfall 137340 (2022) Kat:3, Licht: 2,137340,3,4,6,11,17,2,0,2,0,1,1,0,0,0
"POINT (13.723108715000000 51.089979890000102)",Unfall 137347 (2022) Kat:3, Licht: 0,137347,3,6,2,07,09,2,0,0,0,1,0,0,0,1
"POINT (13.732522952000100 51.061046902999998)",Unfall 137350 (2022) Kat:3, Licht: 0,137350,3,1,4,10,16,5,0,0,1,0,0,0,0,0
"POINT (13.870382227000100 51.103856902000103)",Unfall 137367 (2022) Kat:3, Licht: 0,137367,3,1,9,08,14,7,1,0,0,1,0,0,0,0
"POINT (13.878470692000100 51.059959704000100)",Unfall 137373 (2022) Kat:3, Licht: 0,137373,3,3,5,07,17,5,0,0,1,1,0,0,0,0
"POINT (13.705279468000100 51.085034336000000)",Unfall 137376 (2022) Kat:3, Licht: 0,137376,3,6,3,11,13,5,0,0,0,1,0,1,0,0
"POINT (13.720474470999999 51.051831456999999)",Unfall 137388 (2022) Kat:3, Licht: 0,137388,3,6,1,09,17,3,1,0,0,1,0,0,0,0
"POINT (13.739053679000101 51.073937792999999)",Unfall 137399 (2022) Kat:3, Licht: 0,137399,3,2,5,09,14,3,0,0,1,1,0,0,0,0
"POINT (13.783875343000000 51.009643777000100)",Unfall 137405 (2022) Kat:3, Licht: 0,137405,3,3,5,06,15,4,0,0,1,1,0,0,0,0
"POINT (13.614104608000000 51.038282205000002)",Unfall 137409 (2022) Kat:3, Licht: 0,137409,3,6,1,08,18,6,0,0,0,1,0,0,0,1
"POINT (13.801769625000100 51.166785263000101)",Unfall 137411 (2022) Kat:3, Licht: 0,137411,3,6,2,08,12,1,0,0,0,1,0,0,0,0
"POINT (13.680422312000101 51.062116023000002)",Unfall 137449 (2022) Kat:3, Licht: 0,137449,3,3,5,08,08,4,0,0,1,1,0,0,0,0
"POINT (13.744063247000000 51.047453283000003)",Unfall 137451 (2022) Kat:3, Licht: 0,137451,3,6,2,09,17,3,0,0,0,1,0,0,0,0
"POINT (13.687108662000099 51.062066551000001)",Unfall 137453 (2022) Kat:3, Licht: 2,137453,3,6,2,12,17,5,1,2,0,1,0,0,0,0
"POINT (13.726169796000001 51.086339016000103)",Unfall 137464 (2022) Kat:3, Licht: 0,137464,3,2,4,09,17,1,0,0,1,1,0,0,0,0
"POINT (13.729841604000100 51.082680844999999)",Unfall 137473 (2022) Kat:2, Licht: 2,137473,2,3,5,09,20,5,0,2,1,1,0,0,0,0
"POINT (13.761298080000101 51.083374795000097)",Unfall 137498 (2022) Kat:2, Licht: 1,137498,2,2,5,10,19,6,0,1,1,1,0,0,0,0
"POINT (13.728968402000101 51.059320193000097)",Unfall 137501 (2022) Kat:3, Licht: 2,137501,3,3,5,11,05,6,1,2,1,1,0,0,0,0
"POINT (13.814018204000000 50.988424336999998)",Unfall 137503 (2022) Kat:3, Licht: 2,137503,3,3,5,12,22,4,1,2,0,1,0,0,0,1
"POINT (13.704424389000099 51.050863664000097)",Unfall 137512 (2022) Kat:3, Licht: 0,137512,3,6,2,07,15,3,0,0,0,1,0,0,0,0
"POINT (13.703243171000100 51.043712953000103)",Unfall 137532 (2022) Kat:3, Licht: 0,137532,3,7,6,12,13,4,1,0,1,0,1,0,0,0
"POINT (13.785323528999999 51.066892215000102)",Unfall 137535 (2022) Kat:3, Licht: 0,137535,3,6,2,08,15,4,0,0,0,1,0,0,0,0
"POINT (13.734409438000100 51.061615879999998)",Unfall 137540 (2022) Kat:3, Licht: 0,137540,3,7,0,07,15,4,0,0,1,0,0,0,0,0
"POINT (13.824497952000099 51.057929055000002)",Unfall 137574 (2022) Kat:2, Licht: 0,137574,2,1,0,10,16,4,0,0,1,0,0,0,0,0
"POINT (13.746850744000000 51.063745364000098)",Unfall 137577 (2022) Kat:3, Licht: 0,137577,3,3,5,08,07,3,0,0,0,1,0,1,0,0
"POINT (13.749179051000100 51.069716223000100)",Unfall 137600 (2022) Kat:3, Licht: 0,137600,3,1,0,07,20,4,0,0,1,0,0,0,0,0
"POINT (13.586526650000099 51.062265898000099)",Unfall 137607 (2022) Kat:2, Licht: 0,137607,2,6,2,08,12,1,0,0,0,1,0,0,0,0
"POINT (13.736851767000100 51.063062412000100)",Unfall 137616 (2022) Kat:3, Licht: 0,137616,3,4,6,10,15,3,0,0,0,1,1,0,0,0
"POINT (13.732600584000100 51.077204317000103)",Unfall 137617 (2022) Kat:1, Licht: 2,137617,1,1,8,10,23,1,0,2,0,0,0,1,0,0
"POINT (13.689895834000000 51.071082936000003)",Unfall 137665 (2022) Kat:3, Licht: 0,137665,3,6,2,09,14,6,0,0,0,1,0,0,0,0
"POINT (13.636085505000000 51.087294425000003)",Unfall 137678 (2022) Kat:2, Licht: 0,137678,2,4,6,09,10,1,0,0,0,1,1,0,0,1
"POINT (13.727931473000099 51.113230457000000)",Unfall 137686 (2022) Kat:3, Licht: 0,137686,3,2,2,08,12,2,0,0,0,1,0,0,0,1
"POINT (13.813836019000099 51.063868986000003)",Unfall 137687 (2022) Kat:3, Licht: 0,137687,3,1,0,09,15,5,0,0,1,0,0,0,0,0
"POINT (13.737118417000000 51.063207531000003)",Unfall 137708 (2022) Kat:2, Licht: 2,137708,2,4,6,12,16,4,0,2,0,1,1,0,0,0
"POINT (13.689550281000001 51.067926381000099)",Unfall 137709 (2022) Kat:3, Licht: 0,137709,3,7,0,09,15,4,0,0,1,1,0,0,0,0
"POINT (13.630868064000000 51.088024733000097)",Unfall 137727 (2022) Kat:3, Licht: 0,137727,3,6,1,07,19,4,0,0,0,1,0,0,0,0
"POINT (13.734988022000000 51.065049633999998)",Unfall 137737 (2022) Kat:3, Licht: 0,137737,3,7,0,09,15,3,0,0,0,1,0,0,0,0
"POINT (13.720433395000001 51.040975066000001)",Unfall 137740 (2022) Kat:2, Licht: 0,137740,2,1,0,10,13,2,0,0,1,0,0,0,0,0
"POINT (13.727388197000000 51.058006896999999)",Unfall 137742 (2022) Kat:3, Licht: 2,137742,3,2,2,11,17,4,0,2,0,1,0,0,0,0
"POINT (13.832563168000000 50.984497657000098)",Unfall 137773 (2022) Kat:3, Licht: 0,137773,3,6,2,09,15,5,0,0,0,1,0,0,0,0
"POINT (13.722627788000100 51.014401894000102)",Unfall 137778 (2022) Kat:3, Licht: 0,137778,3,6,1,10,15,5,0,0,0,1,0,0,0,1
"POINT (13.691929954000001 51.084329777000100)",Unfall 137779 (2022) Kat:3, Licht: 0,137779,3,2,5,08,11,2,0,0,1,0,0,0,1,0
"POINT (13.741882743000099 51.046175699999999)",Unfall 137786 (2022) Kat:3, Licht: 0,137786,3,2,0,12,11,7,1,0,0,1,0,0,0,1
"POINT (13.689647362000100 51.069141932999997)",Unfall 137788 (2022) Kat:3, Licht: 0,137788,3,6,4,08,09,2,1,0,1,0,0,0,0,0
"POINT (13.623884436000001 51.037218922000100)",Unfall 137796 (2022) Kat:2, Licht: 2,137796,2,1,8,12,19,7,2,2,0,1,0,0,0,0
"POINT (13.881695982000100 50.994716605000100)",Unfall 137799 (2022) Kat:3, Licht: 0,137799,3,3,5,09,06,5,0,0,1,1,0,0,0,0
"POINT (13.689730221000000 51.064477870000097)",Unfall 137805 (2022) Kat:3, Licht: 0,137805,3,6,2,10,09,7,0,0,0,1,0,0,0,0
"POINT (13.724775080000001 51.073233808000097)",Unfall 137811 (2022) Kat:3, Licht: 0,137811,3,3,5,09,16,6,0,0,1,1,0,0,0,0
"POINT (13.715856846000101 51.036862204000002)",Unfall 137827 (2022) Kat:2, Licht: 1,137827,2,3,5,07,20,5,1,1,1,1,0,0,0,0
"POINT (13.729377044000000 51.070396783000000)",Unfall 137835 (2022) Kat:3, Licht: 2,137835,3,6,2,12,22,7,1,2,0,1,0,0,0,0
"POINT (13.728835690000000 51.083663113999997)",Unfall 137837 (2022) Kat:3, Licht: 0,137837,3,3,5,07,11,4,0,0,1,1,0,0,0,0
"POINT (13.726049476000100 51.057032939000102)",Unfall 137861 (2022) Kat:3, Licht: 0,137861,3,3,6,12,11,6,0,0,1,0,1,0,0,0
"POINT (13.704520496000001 51.043931778999998)",Unfall 137866 (2022) Kat:3, Licht: 0,137866,3,2,5,07,08,4,0,0,1,1,0,0,0,0
"POINT (13.722033014999999 51.075135744000100)",Unfall 137905 (2022) Kat:3, Licht: 0,137905,3,6,2,09,18,3,0,0,0,1,0,0,0,0
"POINT (13.786861632000100 51.066936337000101)",Unfall 137906 (2022) Kat:3, Licht: 2,137906,3,1,0,07,23,6,0,2,1,0,0,0,0,0
"POINT (13.735670323000001 51.100051027000099)",Unfall 137908 (2022) Kat:3, Licht: 0,137908,3,6,2,10,15,3,0,0,0,1,0,0,0,0
"POINT (13.707010183000000 51.041400231000097)",Unfall 137909 (2022) Kat:3, Licht: 0,137909,3,3,5,11,15,6,1,0,1,1,0,0,0,0
"POINT (13.820877046000000 51.063885472999999)",Unfall 137915 (2022) Kat:3, Licht: 0,137915,3,6,3,11,09,2,0,0,0,1,0,0,0,1
"POINT (13.750695773000100 51.071381841000097)",Unfall 137923 (2022) Kat:3, Licht: 2,137923,3,1,0,07,01,1,0,2,1,0,0,0,0,0
"POINT (13.727201572000100 51.058036176000002)",Unfall 137927 (2022) Kat:3, Licht: 0,137927,3,3,5,07,07,4,0,0,1,1,0,0,0,0
"POINT (13.726613499999999 51.071985822999999)",Unfall 137952 (2022) Kat:3, Licht: 0,137952,3,6,1,07,16,2,0,0,0,1,0,0,0,0
"POINT (13.690328383000100 51.082634525000103)",Unfall 137974 (2022) Kat:2, Licht: 0,137974,2,3,5,09,11,2,0,0,1,0,0,0,0,1
"POINT (13.785559788000100 51.066935002000001)",Unfall 137975 (2022) Kat:3, Licht: 2,137975,3,3,5,08,21,5,0,2,0,1,0,0,0,0
"POINT (13.736785218000000 51.071552394000001)",Unfall 137983 (2022) Kat:3, Licht: 2,137983,3,7,0,11,22,7,1,2,0,0,0,0,0,1
"POINT (13.770909677000100 50.994864864000100)",Unfall 137987 (2022) Kat:3, Licht: 0,137987,3,7,0,08,13,6,0,0,0,1,0,1,0,0
"POINT (13.743989694000000 51.048241811000103)",Unfall 137988 (2022) Kat:3, Licht: 0,137988,3,6,2,12,15,5,1,0,0,1,0,0,1,0
"POINT (13.735457830000000 51.073033045999999)",Unfall 137990 (2022) Kat:3, Licht: 0,137990,3,3,5,07,07,3,0,0,1,1,0,0,0,0
"POINT (13.747717186999999 51.068033464000102)",Unfall 137992 (2022) Kat:3, Licht: 0,137992,3,2,5,07,11,7,0,0,1,1,0,0,0,0
"POINT (13.737539744999999 51.087242079000099)",Unfall 137998 (2022) Kat:3, Licht: 2,137998,3,3,5,12,19,3,1,2,0,1,0,0,0,0
"POINT (13.729459315000000 51.059705221999998)",Unfall 138003 (2022) Kat:3, Licht: 0,138003,3,3,5,07,17,2,0,0,0,1,0,1,0,0
"POINT (13.702556478000099 51.033320867999997)",Unfall 138011 (2022) Kat:3, Licht: 0,138011,3,3,0,08,09,4,0,0,0,1,0,0,0,1
"POINT (13.718975218000001 51.096633474999997)",Unfall 138012 (2022) Kat:2, Licht: 2,138012,2,3,5,12,00,6,0,2,1,1,0,0,0,0
"POINT (13.737545648999999 51.087256383000103)",Unfall 138016 (2022) Kat:3, Licht: 0,138016,3,3,5,07,20,6,0,0,1,1,0,0,0,0
"POINT (13.749014459000000 51.130003844999997)",Unfall 138024 (2022) Kat:3, Licht: 1,138024,3,6,3,11,06,4,0,1,0,1,0,0,1,0
"POINT (13.677597193000100 51.049486855000097)",Unfall 138029 (2022) Kat:3, Licht: 0,138029,3,6,2,08,09,5,0,0,0,1,0,0,0,0
"POINT (13.738577757000000 51.044298247000000)",Unfall 138034 (2022) Kat:3, Licht: 0,138034,3,4,0,10,15,6,0,0,0,0,1,0,0,1
"POINT (13.691442238000000 51.042720703000001)",Unfall 138042 (2022) Kat:3, Licht: 0,138042,3,7,0,08,18,3,0,0,1,0,0,0,0,0
"POINT (13.799272959000101 51.143507430000099)",Unfall 138046 (2022) Kat:2, Licht: 0,138046,2,7,8,10,10,4,0,0,0,1,0,0,0,0
"POINT (13.729208681999999 51.017957029000101)",Unfall 138047 (2022) Kat:3, Licht: 0,138047,3,6,2,07,17,3,0,0,0,1,0,0,0,0
"POINT (13.716502296000000 51.077614094000097)",Unfall 138056 (2022) Kat:3, Licht: 2,138056,3,3,5,12,18,5,0,2,1,1,0,0,0,0
"POINT (13.720372488000100 51.034852970000003)",Unfall 138072 (2022) Kat:3, Licht: 2,138072,3,4,6,12,18,7,1,2,0,1,1,0,0,0
"POINT (13.603523019000001 51.036836688000101)",Unfall 138083 (2022) Kat:3, Licht: 2,138083,3,1,0,11,04,4,0,2,0,1,0,0,0,0
"POINT (13.741254483000001 51.057651675999999)",Unfall 138105 (2022) Kat:3, Licht: 2,138105,3,1,0,10,23,6,1,2,0,0,0,0,0,1
"POINT (13.750710911000100 51.071398658000099)",Unfall 138113 (2022) Kat:3, Licht: 0,138113,3,1,0,08,14,3,0,0,0,0,0,1,0,0
"POINT (13.683787801000101 51.061887783000003)",Unfall 138124 (2022) Kat:3, Licht: 0,138124,3,3,5,11,12,2,0,0,1,1,0,0,0,0
"POINT (13.771573325000100 51.015747414000003)",Unfall 138128 (2022) Kat:3, Licht: 0,138128,3,3,5,09,17,7,1,0,1,1,0,0,0,0
"POINT (13.785319227000100 51.067016776000102)",Unfall 138132 (2022) Kat:3, Licht: 0,138132,3,6,3,07,15,6,0,0,0,1,0,0,0,0
"POINT (13.746861459000099 51.064733486000101)",Unfall 138155 (2022) Kat:3, Licht: 0,138155,3,4,6,08,18,6,0,0,0,0,1,0,0,1