WKT,Name,OBJECTID,UKATEGORIE,UTYP1,UART,UMONAT,USTUNDE,UWOCHENTAG,STRZUSTAND,ULICHTVERH,ISTRAD,ISTPKW,ISTFUSS,ISTKRAD,ISTGKFZ,ISTSONSTIG
"POINT (13.732638352000000 51.029573294000002)",Unfall 138157 (2022) Kat:3, Licht: 0,138157,3,3,5,08,14,2,0,0,1,1,0,0,0,0
"POINT (13.700945687000100 51.043763866000099)",Unfall 138170 (2022) Kat:3, Licht: 0,138170,3,1,0,08,14,2,1,0,0,0,0,1,0,0
"POINT (13.755583442000001 51.076684344999997)",Unfall 138198 (2022) Kat:3, Licht: 0,138198,3,6,3,07,17,3,0,0,0,1,0,0,0,0
"POINT (13.742129032999999 51.064664224000097)",Unfall 138207 (2022) Kat:2, Licht: 1,138207,2,6,3,08,20,5,0,1,1,1,0,0,0,0
"POINT (13.857164815999999 51.061218643000103)",Unfall 138224 (2022) Kat:3, Licht: 0,138224,3,2,2,10,14,7,0,0,0,1,0,0,0,0
"POINT (13.707010453000100 51.041400118000098)",Unfall 138229 (2022) Kat:3, Licht: 0,138229,3,3,5,06,06,2,0,0,1,1,0,0,0,0
"POINT (13.955017657999999 51.064308199000003)",Unfall 138239 (2022) Kat:3, Licht: 0,138239,3,1,9,12,13,3,2,0,0,1,0,0,0,0
"POINT (13.768257271000000 51.015701439000097)",Unfall 138253 (2022) Kat:2, Licht: 0,138253,2,3,5,09,07,5,0,0,1,1,0,0,0,0
"POINT (13.735714944000099 51.099792002000100)",Unfall 138261 (2022) Kat:3, Licht: 2,138261,3,6,1,08,20,7,0,2,0,1,0,0,0,0
"POINT (13.707008480000100 51.041400945000099)",Unfall 138262 (2022) Kat:2, Licht: 0,138262,2,3,5,08,07,3,0,0,1,1,0,0,0,0
"POINT (13.843930855000099 51.124607852000103)",Unfall 138267 (2022) Kat:3, Licht: 0,138267,3,6,3,07,11,5,0,0,1,1,0,0,0,0
"POINT (13.732988027999999 51.076653700000101)",Unfall 138271 (2022) Kat:3, Licht: 0,138271,3,3,5,10,12,6,0,0,1,1,0,0,0,0
"POINT (13.630969994999999 51.088003616000002)",Unfall 138280 (2022) Kat:3, Licht: 0,138280,3,7,8,08,14,4,0,0,0,1,0,0,0,0
"POINT (13.756478276000101 51.077430777000103)",Unfall 138283 (2022) Kat:3, Licht: 0,138283,3,7,0,07,12,6,0,0,1,0,0,0,0,0
"POINT (13.732485973000101 51.077945237000101)",Unfall 138285 (2022) Kat:3, Licht: 0,138285,3,3,5,07,11,4,0,0,1,0,0,0,0,1
"POINT (13.599322850000000 51.062473042000100)",Unfall 138304 (2022) Kat:3, Licht: 0,138304,3,6,2,08,17,6,0,0,0,1,0,0,0,0
"POINT (13.706427564000000 51.045509980000098)",Unfall 138307 (2022) Kat:3, Licht: 0,138307,3,1,0,12,11,7,0,0,1,0,0,0,0,0
"POINT (13.693069417000100 51.081334964000099)",Unfall 138308 (2022) Kat:3, Licht: 0,138308,3,6,3,09,10,7,0,0,0,1,0,0,0,1
"POINT (13.744063160000101 51.047453179999998)",Unfall 138323 (2022) Kat:2, Licht: 0,138323,2,6,2,07,13,3,0,0,0,1,0,0,0,0
"POINT (13.736400985000000 51.063840943000102)",Unfall 138324 (2022) Kat:3, Licht: 2,138324,3,1,0,11,18,4,1,2,1,0,0,0,0,0
"POINT (13.682947412000001 51.061826177000100)",Unfall 138331 (2022) Kat:3, Licht: 0,138331,3,6,1,08,14,6,0,0,0,1,0,0,0,1
"POINT (13.739275814000100 51.075511731000098)",Unfall 138356 (2022) Kat:3, Licht: 2,138356,3,1,4,12,04,6,0,2,1,0,0,0,0,0
"POINT (13.736512737000099 51.063740240000101)",Unfall 138363 (2022) Kat:3, Licht: 0,138363,3,6,2,09,17,1,0,0,0,1,0,0,0,0
"POINT (13.774079170000000 51.067047651000102)",Unfall 138365 (2022) Kat:3, Licht: 0,138365,3,6,2,08,07,2,0,0,0,1,0,0,0,0
"POINT (13.791914948000100 51.003347878000099)",Unfall 138366 (2022) Kat:3, Licht: 0,138366,3,6,3,07,18,1,0,0,0,0,0,1,0,0
"POINT (13.733925725000100 51.061479552999998)",Unfall 138372 (2022) Kat:3, Licht: 0,138372,3,6,3,12,09,2,0,0,1,0,0,0,0,0
"POINT (13.812418513000100 51.063819299000002)",Unfall 138390 (2022) Kat:3, Licht: 2,138390,3,1,0,07,23,7,0,2,1,0,0,0,0,0
"POINT (13.749350133000100 51.069903979999999)",Unfall 138399 (2022) Kat:3, Licht: 0,138399,3,7,6,09,12,3,0,0,0,1,1,0,0,0
"POINT (13.740323498000100 51.064693267999999)",Unfall 138405 (2022) Kat:3, Licht: 0,138405,3,3,5,07,14,6,1,0,1,0,0,1,0,0
"POINT (13.750362714000101 51.071015220000000)",Unfall 138416 (2022) Kat:2, Licht: 0,138416,2,6,2,06,11,7,0,0,1,0,0,0,0,0
"POINT (13.840690602000100 51.094192583999998)",Unfall 138417 (2022) Kat:3, Licht: 0,138417,3,2,5,07,17,2,0,0,1,1,0,0,0,0
"POINT (13.791091940999999 51.066992071000101)",Unfall 138422 (2022) Kat:3, Licht: 0,138422,3,1,0,09,11,5,0,0,1,0,0,0,0,0
"POINT (13.793548682999999 51.001801444000101)",Unfall 138434 (2022) Kat:3, Licht: 0,138434,3,6,1,11,11,6,1,0,0,1,0,0,0,0
"POINT (13.691912255000000 51.084365931999997)",Unfall 138446 (2022) Kat:3, Licht: 1,138446,3,6,0,10,17,6,0,1,1,1,0,0,0,0
"POINT (13.733829163999999 51.075190937000102)",Unfall 138458 (2022) Kat:3, Licht: 0,138458,3,3,5,08,15,3,0,0,1,1,0,0,0,0
"POINT (13.880651839000100 51.006677443000100)",Unfall 138474 (2022) Kat:3, Licht: 1,138474,3,6,2,11,06,6,1,1,0,1,0,0,0,1
"POINT (13.747547151999999 51.067795275000002)",Unfall 138484 (2022) Kat:3, Licht: 0,138484,3,4,6,08,09,4,0,0,0,0,1,0,0,1
"POINT (13.720492956999999 51.093082276000104)",Unfall 138511 (2022) Kat:2, Licht: 0,138511,2,4,6,07,17,4,0,0,1,0,1,0,0,0
"POINT (13.641069581000099 51.070695919000102)",Unfall 138532 (2022) Kat:3, Licht: 0,138532,3,6,2,09,16,6,0,0,0,1,0,0,0,0
"POINT (13.743040406000000 51.028692062000097)",Unfall 138567 (2022) Kat:3, Licht: 2,138567,3,3,5,10,19,4,0,2,1,1,0,0,0,0
"POINT (13.701486040000100 51.091151667000098)",Unfall 138569 (2022) Kat:2, Licht: 2,138569,2,1,0,07,23,2,0,2,1,0,0,0,0,0
"POINT (13.701580842000100 51.030581447000003)",Unfall 138599 (2022) Kat:3, Licht: 0,138599,3,3,5,07,16,5,0,0,1,1,0,0,0,0
"POINT (13.619406115000100 51.066133806000003)",Unfall 138604 (2022) Kat:3, Licht: 0,138604,3,6,2,08,14,6,0,0,0,1,0,0,0,0
"POINT (13.737514870000000 51.087178338000101)",Unfall 138615 (2022) Kat:3, Licht: 0,138615,3,6,2,06,07,5,0,0,0,1,0,0,0,0
"POINT (13.799791984000001 50.998524885999998)",Unfall 138620 (2022) Kat:3, Licht: 2,138620,3,2,5,09,05,5,0,2,1,1,0,0,0,0
"POINT (13.702336373000000 51.043737532000101)",Unfall 138624 (2022) Kat:3, Licht: 0,138624,3,6,5,07,15,5,0,0,1,0,0,0,0,0
"POINT (13.827844491000100 51.062183241000099)",Unfall 138627 (2022) Kat:3, Licht: 0,138627,3,7,6,10,13,4,0,0,0,1,1,0,0,0
"POINT (13.739380907999999 51.065530244999998)",Unfall 138640 (2022) Kat:3, Licht: 0,138640,3,6,1,07,06,6,0,0,0,1,0,0,0,0
"POINT (13.748685593000101 51.128953174999999)",Unfall 138658 (2022) Kat:3, Licht: 2,138658,3,6,3,10,18,2,0,2,0,1,0,0,1,0
"POINT (13.851287202000000 51.097186970999999)",Unfall 138659 (2022) Kat:3, Licht: 2,138659,3,1,8,10,20,6,0,2,0,1,0,0,0,0
"POINT (13.727033761000000 51.015904102000000)",Unfall 138660 (2022) Kat:2, Licht: 0,138660,2,6,4,07,18,4,0,0,0,1,0,0,0,0
"POINT (13.701575620000000 51.091090631999997)",Unfall 138661 (2022) Kat:2, Licht: 2,138661,2,1,0,10,18,2,0,2,1,0,0,0,0,0
"POINT (13.702504926000101 51.059090273000002)",Unfall 138664 (2022) Kat:3, Licht: 2,138664,3,3,5,12,06,3,1,2,0,1,0,0,0,1
"POINT (13.733246128000101 51.039070809000101)",Unfall 138665 (2022) Kat:3, Licht: 0,138665,3,6,2,08,12,5,0,0,0,1,0,0,0,0
"POINT (13.829492944000000 51.062060742000000)",Unfall 138669 (2022) Kat:3, Licht: 1,138669,3,2,2,09,18,2,0,1,0,0,0,1,0,1
"POINT (13.705104544000100 51.037303600000001)",Unfall 138674 (2022) Kat:3, Licht: 0,138674,3,7,6,07,15,1,0,0,1,0,1,0,0,0
"POINT (13.692434936000000 51.083373568000098)",Unfall 138681 (2022) Kat:3, Licht: 0,138681,3,2,5,08,16,3,0,0,1,1,0,0,0,0
"POINT (13.811948001000101 51.064226201000103)",Unfall 138683 (2022) Kat:3, Licht: 2,138683,3,1,0,09,05,2,1,2,1,0,0,0,0,0
"POINT (13.691239064000101 51.042694718000099)",Unfall 138685 (2022) Kat:3, Licht: 0,138685,3,2,5,07,12,2,0,0,0,1,0,0,0,0
"POINT (13.689308352000101 51.067728815000102)",Unfall 138686 (2022) Kat:3, Licht: 0,138686,3,3,5,10,17,2,0,0,1,1,0,0,0,0
"POINT (13.674504394000101 51.067162595000099)",Unfall 138690 (2022) Kat:3, Licht: 0,138690,3,3,0,11,08,2,1,0,1,0,0,0,0,1
"POINT (13.756836551999999 51.077705438000102)",Unfall 138706 (2022) Kat:3, Licht: 0,138706,3,3,5,11,08,3,0,0,1,1,0,0,0,0
"POINT (13.679117096000001 51.062950815000100)",Unfall 138724 (2022) Kat:3, Licht: 0,138724,3,6,2,10,10,5,0,0,0,1,0,0,0,0
"POINT (13.625412203000099 51.040890124000001)",Unfall 138753 (2022) Kat:3, Licht: 0,138753,3,7,0,07,18,4,0,0,1,0,0,0,0,0
"POINT (13.701363836000001 51.091234929999999)",Unfall 138757 (2022) Kat:3, Licht: 0,138757,3,1,0,10,17,1,0,0,1,0,0,0,0,0
"POINT (13.870224363000000 51.047942780000000)",Unfall 138780 (2022) Kat:3, Licht: 2,138780,3,7,0,10,18,6,0,2,1,0,0,0,0,0
"POINT (13.724421296000100 51.088289891000002)",Unfall 138781 (2022) Kat:2, Licht: 0,138781,2,7,1,07,11,3,0,0,0,1,0,0,0,0
"POINT (13.723166898000001 51.013107868000098)",Unfall 138786 (2022) Kat:3, Licht: 0,138786,3,6,3,08,10,3,0,0,0,1,0,0,1,0
"POINT (13.728967259999999 51.059321001999997)",Unfall 138790 (2022) Kat:3, Licht: 0,138790,3,3,5,09,17,2,0,0,1,1,0,0,0,0
"POINT (13.739074827000000 51.074574310000102)",Unfall 138791 (2022) Kat:3, Licht: 0,138791,3,3,5,07,14,6,0,0,1,1,0,0,0,0
"POINT (13.755626088000000 51.076721920000097)",Unfall 138797 (2022) Kat:3, Licht: 0,138797,3,1,0,11,08,5,2,0,1,0,0,0,0,0
"POINT (13.737543229000000 51.087250520000097)",Unfall 138799 (2022) Kat:3, Licht: 2,138799,3,3,5,11,06,3,0,2,0,1,0,0,0,0
"POINT (13.618081807000101 51.065808084000103)",Unfall 138807 (2022) Kat:3, Licht: 2,138807,3,6,3,09,20,4,0,2,0,1,0,0,1,0
"POINT (13.692057014000101 51.084204471000099)",Unfall 138827 (2022) Kat:3, Licht: 0,138827,3,6,2,06,16,4,0,0,0,1,0,0,0,0
"POINT (13.743950896000101 51.048196973000103)",Unfall 138831 (2022) Kat:3, Licht: 0,138831,3,6,2,09,15,5,0,0,0,1,0,0,0,0
"POINT (13.741688291000100 51.112132044000099)",Unfall 138838 (2022) Kat:3, Licht: 2,138838,3,6,3,11,06,5,0,2,0,1,0,0,1,0
"POINT (13.703243009000101 51.043712957000103)",Unfall 138841 (2022) Kat:3, Licht: 1,138841,3,4,6,11,16,1,0,1,1,0,1,0,0,0
"POINT (13.755560773000100 51.076664371000000)",Unfall 138857 (2022) Kat:3, Licht: 0,138857,3,4,6,08,15,5,0,0,0,1,1,0,0,0
"POINT (13.872383209000100 51.012393738000100)",Unfall 138885 (2022) Kat:3, Licht: 0,138885,3,1,0,06,14,7,0,0,1,0,0,0,0,0
"POINT (13.769140980000000 51.047776229000100)",Unfall 244515 (2022) Kat:2, Licht: 2,244515,2,4,6,01,17,3,1,2,0,1,1,0,0,0
"POINT (13.788413594000099 51.053878533999999)",Unfall 244563 (2022) Kat:3, Licht: 1,244563,3,6,3,01,07,3,1,1,1,1,0,0,0,0
"POINT (13.794591378000099 51.041988634000099)",Unfall 244794 (2022) Kat:3, Licht: 0,244794,3,3,5,01,13,3,1,0,0,1,0,0,0,0
"POINT (13.806802194000101 51.034254666000002)",Unfall 244925 (2022) Kat:3, Licht: 0,244925,3,4,6,01,08,2,1,0,0,1,1,0,0,0
"POINT (13.779909573000101 51.044319603000098)",Unfall 245029 (2022) Kat:3, Licht: 2,245029,3,3,5,01,19,3,1,2,1,1,0,0,0,0
"POINT (13.777778518000000 51.052886092000101)",Unfall 245067 (2022) Kat:3, Licht: 2,245067,3,1,0,01,17,2,1,2,0,1,0,0,0,1
"POINT (13.728775151000001 51.040159227000103)",Unfall 245180 (2022) Kat:3, Licht: 2,245180,3,5,1,01,18,1,0,2,0,1,0,0,0,0
"POINT (13.726912262000001 51.017508096000000)",Unfall 245260 (2022) Kat:3, Licht: 0,245260,3,7,1,01,15,2,0,0,1,1,0,0,0,0
"POINT (13.714586996000000 51.030779756000101)",Unfall 245308 (2022) Kat:3, Licht: 0,245308,3,3,5,01,12,2,0,0,0,1,0,0,0,1
"POINT (13.731836028000000 51.088763814000103)",Unfall 245434 (2022) Kat:2, Licht: 2,245434,2,4,6,01,07,3,1,2,0,0,1,0,0,1
"POINT (13.724405100000100 51.077134931000003)",Unfall 245591 (2022) Kat:3, Licht: 1,245591,3,1,0,01,07,2,1,1,1,0,0,0,0,0
"POINT (13.723471339000101 51.053197535000002)",Unfall 245645 (2022) Kat:3, Licht: 0,245645,3,4,2,03,07,5,0,0,1,1,1,0,0,0
"POINT (13.744240412000099 51.037251584000003)",Unfall 245646 (2022) Kat:3, Licht: 0,245646,3,6,3,01,07,4,0,0,0,1,0,0,0,0
"POINT (13.780742923000000 51.059007840000000)",Unfall 245651 (2022) Kat:3, Licht: 1,245651,3,7,0,02,07,4,0,1,1,1,0,0,0,0
"POINT (13.746973461000000 51.048630234000001)",Unfall 245655 (2022) Kat:3, Licht: 2,245655,3,1,0,01,20,5,2,2,0,0,0,1,0,0
"POINT (13.721568997000100 51.032505874000002)",Unfall 245656 (2022) Kat:2, Licht: 0,245656,2,6,2,03,07,4,0,0,1,1,0,0,0,0
"POINT (13.779393424000000 51.127938333000003)",Unfall 245657 (2022) Kat:2, Licht: 2,245657,2,4,6,01,19,2,1,2,0,1,1,0,0,0
"POINT (13.832023236000101 51.027211387000101)",Unfall 245658 (2022) Kat:2, Licht: 0,245658,2,7,0,03,12,6,0,0,1,0,0,0,0,0
"POINT (13.792419364000100 51.058181695000002)",Unfall 245659 (2022) Kat:3, Licht: 0,245659,3,3,5,03,16,4,1,0,1,1,0,0,0,0
"POINT (13.837420814000000 51.024871129000097)",Unfall 245661 (2022) Kat:3, Licht: 2,245661,3,3,5,01,18,1,0,2,0,1,0,0,0,0
"POINT (13.833337143000101 51.127684021000100)",Unfall 245663 (2022) Kat:3, Licht: 0,245663,3,1,4,02,08,3,2,0,0,1,0,0,0,1
"POINT (13.838290397000000 51.019530160999999)",Unfall 245664 (2022) Kat:3, Licht: 0,245664,3,3,5,03,13,6,0,0,1,1,0,0,0,0
"POINT (13.745475856000001 51.027530141000099)",Unfall 245665 (2022) Kat:3, Licht: 0,245665,3,6,3,03,14,2,0,0,1,1,0,0,0,0
"POINT (13.666127536999999 51.066084433000100)",Unfall 245668 (2022) Kat:3, Licht: 2,245668,3,6,4,02,18,2,0,2,1,1,0,0,0,0
"POINT (13.781634636000000 51.059081068000097)",Unfall 245670 (2022) Kat:3, Licht: 0,245670,3,1,0,03,16,2,0,0,1,0,0,0,0,0
"POINT (13.785647043000001 51.053694436999997)",Unfall 245671 (2022) Kat:3, Licht: 0,245671,3,3,0,04,13,2,0,0,0,1,0,1,0,0
"POINT (13.756872422000100 51.049187820000000)",Unfall 245679 (2022) Kat:3, Licht: 1,245679,3,4,6,02,07,4,0,1,0,1,1,0,0,0
"POINT (13.710464794000099 51.058544644999998)",Unfall 245682 (2022) Kat:2, Licht: 0,245682,2,4,6,01,13,2,1,0,0,0,1,0,1,0
"POINT (13.760675766000100 51.049199606000101)",Unfall 245693 (2022) Kat:3, Licht: 2,245693,3,2,5,02,06,6,1,2,1,1,0,0,0,0
"POINT (13.753630757000099 51.065938903000102)",Unfall 245698 (2022) Kat:3, Licht: 2,245698,3,1,0,01,21,1,1,2,1,0,0,0,0,0
"POINT (13.716953909000001 51.055762254999998)",Unfall 245702 (2022) Kat:3, Licht: 2,245702,3,1,0,02,20,6,1,2,1,0,0,0,0,0
"POINT (13.728097301000000 51.043577837000001)",Unfall 245705 (2022) Kat:2, Licht: 0,245705,2,6,3,02,16,6,0,0,1,0,0,0,1,0
"POINT (13.795981568000100 51.024706490000000)",Unfall 245708 (2022) Kat:3, Licht: 1,245708,3,6,1,02,16,3,1,1,0,1,0,0,0,1
"POINT (13.797369009000001 51.024206151999998)",Unfall 245713 (2022) Kat:3, Licht: 0,245713,3,2,5,01,14,5,0,0,1,1,0,0,0,0
"POINT (13.803580694000100 51.022014712999997)",Unfall 245714 (2022) Kat:2, Licht: 0,245714,2,3,5,03,11,3,0,0,1,1,0,0,0,0
"POINT (13.795602244000101 51.042833733000101)",Unfall 245715 (2022) Kat:3, Licht: 0,245715,3,6,2,04,12,3,1,0,0,1,0,0,0,0
"POINT (13.720713902000099 51.054545640000100)",Unfall 245718 (2022) Kat:3, Licht: 2,245718,3,1,8,03,23,2,0,2,0,1,0,0,0,0
"POINT (13.742071109999999 51.030930622000000)",Unfall 245720 (2022) Kat:3, Licht: 0,245720,3,7,0,03,15,5,0,0,1,0,0,0,0,0
"POINT (13.720729425000100 51.058704370000001)",Unfall 245721 (2022) Kat:3, Licht: 2,245721,3,5,0,03,18,5,0,2,1,0,0,0,0,1
"POINT (13.831747370000100 51.002203700000102)",Unfall 245722 (2022) Kat:3, Licht: 0,245722,3,3,5,02,12,4,0,0,0,1,0,0,0,0
"POINT (13.757864546000100 51.075800733000101)",Unfall 245727 (2022) Kat:3, Licht: 1,245727,3,2,5,03,18,4,0,1,1,1,0,0,0,0
"POINT (13.701588605000000 51.039231335000103)",Unfall 245728 (2022) Kat:3, Licht: 0,245728,3,3,5,01,09,2,1,0,1,1,0,0,0,0
"POINT (13.723269411000000 51.080513365000101)",Unfall 245756 (2022) Kat:3, Licht: 0,245756,3,3,0,03,11,7,0,0,1,1,0,0,0,0
"POINT (13.777214576000100 51.059873835000097)",Unfall 245760 (2022) Kat:3, Licht: 0,245760,3,3,5,02,07,2,1,0,1,1,0,0,0,0
"POINT (13.722108079000099 51.079206230000104)",Unfall 245766 (2022) Kat:3, Licht: 2,245766,3,3,5,03,19,1,0,2,0,1,0,0,0,0
"POINT (13.795722203000000 51.040653260000099)",Unfall 245770 (2022) Kat:3, Licht: 0,245770,3,1,0,03,08,2,0,0,1,0,0,0,0,0
"POINT (13.748883101000001 51.067686783000099)",Unfall 245772 (2022) Kat:3, Licht: 0,245772,3,7,0,04,18,7,0,0,1,0,0,0,0,0
"POINT (13.725008989999999 51.076990045000102)",Unfall 245775 (2022) Kat:3, Licht: 0,245775,3,3,5,02,09,4,0,0,0,1,0,1,0,0
"POINT (13.750857397000100 51.042098539999998)",Unfall 245777 (2022) Kat:3, Licht: 0,245777,3,1,0,03,07,4,0,0,1,0,0,0,0,0
"POINT (13.729134539000000 51.036228697000098)",Unfall 245780 (2022) Kat:3, Licht: 0,245780,3,2,5,03,17,4,1,0,1,1,0,0,0,0
"POINT (13.685456279000100 51.083280334000101)",Unfall 245786 (2022) Kat:2, Licht: 0,245786,2,5,1,02,11,7,0,0,0,1,0,0,0,0
"POINT (13.695298735000099 51.077905509000097)",Unfall 245794 (2022) Kat:3, Licht: 0,245794,3,3,5,03,08,3,1,0,0,1,0,0,0,0
"POINT (13.751545491000099 51.047207722000103)",Unfall 245807 (2022) Kat:2, Licht: 0,245807,2,3,5,03,15,3,0,0,1,1,0,0,0,0
"POINT (13.805642746000000 51.011569404000099)",Unfall 245808 (2022) Kat:3, Licht: 1,245808,3,1,0,02,17,5,0,1,1,0,0,0,0,0
"POINT (13.777366803000101 51.058689197000000)",Unfall 245816 (2022) Kat:3, Licht: 0,245816,3,3,5,03,14,4,1,0,0,1,0,0,0,0
"POINT (13.777196278000099 51.060094788000100)",Unfall 245821 (2022) Kat:3, Licht: 0,245821,3,6,2,02,08,3,1,0,0,1,0,0,0,0
"POINT (13.799434214000000 51.056599262000098)",Unfall 245829 (2022) Kat:3, Licht: 0,245829,3,3,5,01,14,3,1,0,0,1,0,0,0,0
"POINT (13.771009382000001 51.040059972999998)",Unfall 245833 (2022) Kat:3, Licht: 0,245833,3,3,5,03,15,5,0,0,0,1,0,0,0,0
"POINT (13.757419506000099 51.056495550000101)",Unfall 245838 (2022) Kat:3, Licht: 2,245838,3,6,2,03,18,2,1,2,0,1,0,0,0,0
"POINT (13.726135990000000 51.031391832000097)",Unfall 245840 (2022) Kat:3, Licht: 0,245840,3,5,1,03,07,5,0,0,0,1,0,0,0,0
"POINT (13.773728640000099 51.048813318999997)",Unfall 245843 (2022) Kat:3, Licht: 0,245843,3,1,0,03,12,5,0,0,0,0,0,0,0,1
"POINT (13.779399683000101 51.037868731000103)",Unfall 245850 (2022) Kat:3, Licht: 0,245850,3,1,0,03,12,1,0,0,1,0,0,0,0,0
"POINT (13.786373040999999 51.028505742000000)",Unfall 245858 (2022) Kat:3, Licht: 0,245858,3,2,4,03,17,2,0,0,1,0,0,0,0,1
"POINT (13.695538183000100 51.052728555999998)",Unfall 245860 (2022) Kat:3, Licht: 0,245860,3,5,1,04,06,1,0,0,1,1,0,0,0,0
"POINT (13.824284564999999 51.009349823000001)",Unfall 245864 (2022) Kat:3, Licht: 0,245864,3,6,4,04,06,2,0,0,1,1,0,0,0,0
"POINT (13.672700269000099 51.052866356999999)",Unfall 245868 (2022) Kat:3, Licht: 0,245868,3,2,6,01,16,5,0,0,0,1,1,0,0,0
"POINT (13.827778148000000 51.054659223000002)",Unfall 245869 (2022) Kat:3, Licht: 2,245869,3,1,0,03,21,4,0,2,1,0,0,0,0,0
"POINT (13.790173533000001 51.031948876000101)",Unfall 245870 (2022) Kat:3, Licht: 0,245870,3,4,6,02,11,7,0,0,0,1,1,0,0,0
"POINT (13.844728579000000 50.987988266999999)",Unfall 245872 (2022) Kat:3, Licht: 0,245872,3,7,0,04,17,5,0,0,0,0,0,0,0,1
"POINT (13.669211819999999 51.040023042000001)",Unfall 245880 (2022) Kat:3, Licht: 0,245880,3,2,5,03,17,1,0,0,1,1,0,0,0,0
"POINT (13.728947507000001 51.072527569999998)",Unfall 245884 (2022) Kat:2, Licht: 0,245884,2,1,0,03,17,1,0,0,1,0,0,0,0,0
"POINT (13.847453580000000 51.062227458000102)",Unfall 245887 (2022) Kat:2, Licht: 2,245887,2,1,0,03,19,5,0,2,1,0,0,0,0,0
"POINT (13.710082072000001 51.050956317999997)",Unfall 245889 (2022) Kat:3, Licht: 0,245889,3,3,5,02,15,4,0,0,0,1,0,0,0,1
"POINT (13.664441820000000 51.045734070000002)",Unfall 245891 (2022) Kat:3, Licht: 2,245891,3,3,5,03,22,5,0,2,1,0,0,0,0,1
"POINT (13.723244654000000 51.049896380000099)",Unfall 245908 (2022) Kat:3, Licht: 0,245908,3,1,0,01,12,2,1,0,1,0,0,0,0,0
"POINT (13.788170858000100 51.036943674000000)",Unfall 245909 (2022) Kat:3, Licht: 0,245909,3,4,6,03,09,6,0,0,1,0,1,0,0,0
"POINT (13.714924117000100 51.051572782999997)",Unfall 245911 (2022) Kat:3, Licht: 0,245911,3,3,5,02,14,2,0,0,0,1,0,0,0,0
"POINT (13.841866721000001 51.019393433000097)",Unfall 245913 (2022) Kat:3, Licht: 0,245913,3,3,5,04,12,2,0,0,1,1,0,0,0,0
"POINT (13.755204663000001 51.046194110000002)",Unfall 245920 (2022) Kat:3, Licht: 0,245920,3,6,2,02,08,6,0,0,0,1,0,0,0,0
"POINT (13.770079487000000 51.024895143000002)",Unfall 245922 (2022) Kat:3, Licht: 0,245922,3,6,2,04,18,5,1,0,0,1,0,0,0,0
"POINT (13.808611620000001 51.038035004000101)",Unfall 245924 (2022) Kat:3, Licht: 2,245924,3,1,0,02,20,3,1,2,1,0,0,0,0,0
"POINT (13.779987649000100 51.044263319000002)",Unfall 245926 (2022) Kat:3, Licht: 2,245926,3,2,1,03,18,2,0,2,0,1,0,0,0,1
"POINT (13.767841347000100 51.026051224000099)",Unfall 245932 (2022) Kat:3, Licht: 0,245932,3,6,2,03,06,3,0,0,0,1,0,0,0,0
"POINT (13.746867414000100 51.069883496000003)",Unfall 245933 (2022) Kat:3, Licht: 2,245933,3,3,5,01,17,4,0,2,1,1,0,0,0,0
"POINT (13.748177223000001 51.043683574000099)",Unfall 245941 (2022) Kat:2, Licht: 0,245941,2,1,0,03,15,6,0,0,1,0,0,0,0,0
"POINT (13.711531893000000 51.091652551000003)",Unfall 245948 (2022) Kat:3, Licht: 0,245948,3,3,5,01,15,4,1,0,0,1,0,0,0,0
"POINT (13.774708595000000 51.049802904000003)",Unfall 245957 (2022) Kat:3, Licht: 2,245957,3,3,5,02,06,6,1,2,1,1,0,0,0,0
"POINT (13.819377330000099 51.052908320000000)",Unfall 245958 (2022) Kat:3, Licht: 0,245958,3,1,0,04,18,1,1,0,1,0,0,0,0,0
"POINT (13.745959588000099 51.051697957999998)",Unfall 245959 (2022) Kat:3, Licht: 0,245959,3,1,8,01,09,5,0,0,1,0,0,0,0,0
"POINT (13.720282822000099 51.054667116000097)",Unfall 245962 (2022) Kat:3, Licht: 2,245962,3,6,2,02,20,7,0,2,0,1,0,0,0,0
"POINT (13.676039034000000 51.046035016000097)",Unfall 245968 (2022) Kat:3, Licht: 0,245968,3,3,5,02,09,4,1,0,1,1,0,0,0,0
"POINT (13.729112014000100 51.050946442000097)",Unfall 245971 (2022) Kat:3, Licht: 0,245971,3,3,5,02,16,7,0,0,1,0,0,0,0,1
"POINT (13.742513290000000 51.081834657000101)",Unfall 245986 (2022) Kat:3, Licht: 0,245986,3,6,3,03,17,7,0,0,1,1,0,0,0,0
"POINT (13.691189060999999 51.052431615000003)",Unfall 245994 (2022) Kat:3, Licht: 0,245994,3,2,5,03,17,2,1,0,0,1,0,0,0,0
"POINT (13.770176536000100 51.045217455000099)",Unfall 245997 (2022) Kat:2, Licht: 0,245997,2,3,5,02,14,1,0,0,0,1,0,0,0,0
"POINT (13.779213421000099 51.043405767000102)",Unfall 246000 (2022) Kat:3, Licht: 0,246000,3,1,0,04,18,2,0,0,1,0,0,0,0,0
"POINT (13.838694421000101 51.005704365000000)",Unfall 246002 (2022) Kat:2, Licht: 0,246002,2,4,6,01,15,2,0,0,0,1,1,0,0,0