WKT,Name,OBJECTID,UKATEGORIE,UTYP1,UART,UMONAT,USTUNDE,UWOCHENTAG,STRZUSTAND,ULICHTVERH,ISTRAD,ISTPKW,ISTFUSS,ISTKRAD,ISTGKFZ,ISTSONSTIG
"POINT (13.789223901000099 51.119186678000098)",Unfall 246008 (2022) Kat:3, Licht: 0,246008,3,1,0,02,10,1,0,0,1,0,0,0,0,0
"POINT (13.781052671000101 51.045890108000002)",Unfall 246013 (2022) Kat:3, Licht: 2,246013,3,2,6,01,21,7,1,2,0,1,1,0,0,0
"POINT (13.678005009000101 51.049385639000000)",Unfall 246018 (2022) Kat:2, Licht: 0,246018,2,1,8,02,12,4,0,0,0,1,0,0,0,0
"POINT (13.733135626999999 51.055679189000003)",Unfall 246025 (2022) Kat:3, Licht: 0,246025,3,1,0,03,08,3,0,0,0,0,0,0,0,1
"POINT (13.724930606999999 51.080058567999998)",Unfall 246026 (2022) Kat:3, Licht: 0,246026,3,3,5,04,07,2,0,0,1,1,0,0,0,0
"POINT (13.827971703000101 50.998772213000102)",Unfall 246028 (2022) Kat:3, Licht: 0,246028,3,6,2,03,16,2,0,0,0,1,0,0,0,0
"POINT (13.787713683000000 51.035930942000000)",Unfall 246032 (2022) Kat:2, Licht: 0,246032,2,3,5,02,15,3,0,0,0,1,0,0,1,0
"POINT (13.775667820000001 51.050788225000097)",Unfall 246034 (2022) Kat:3, Licht: 0,246034,3,6,2,04,17,2,0,0,0,1,0,0,0,0
"POINT (13.831613299000001 51.030340783000000)",Unfall 246035 (2022) Kat:3, Licht: 2,246035,3,1,0,01,21,5,1,2,1,0,0,0,0,0
"POINT (13.832462740000000 51.001802471000097)",Unfall 246036 (2022) Kat:3, Licht: 0,246036,3,5,0,01,12,6,0,0,1,0,0,0,0,1
"POINT (13.717326250999999 51.092053114000102)",Unfall 246041 (2022) Kat:3, Licht: 0,246041,3,2,5,03,16,3,0,0,0,1,0,1,0,0
"POINT (13.704243838000000 51.085512543000000)",Unfall 246045 (2022) Kat:3, Licht: 2,246045,3,5,0,01,17,5,0,2,1,1,0,0,0,0
"POINT (13.755127507999999 51.046209760000103)",Unfall 246046 (2022) Kat:3, Licht: 0,246046,3,2,2,03,09,2,0,0,1,1,0,0,0,0
"POINT (13.807455697000000 50.996929883000099)",Unfall 246048 (2022) Kat:3, Licht: 0,246048,3,6,2,03,18,5,0,0,1,1,0,0,0,0
"POINT (13.756616844000099 51.019261318000098)",Unfall 246058 (2022) Kat:2, Licht: 0,246058,2,7,6,04,15,7,0,0,0,1,1,0,0,0
"POINT (13.799496982999999 51.056611501000098)",Unfall 246068 (2022) Kat:3, Licht: 0,246068,3,3,5,03,08,3,0,0,0,1,0,0,0,0
"POINT (13.683039704000100 51.051787630000000)",Unfall 246071 (2022) Kat:3, Licht: 0,246071,3,2,6,01,06,3,0,0,0,1,1,0,0,0
"POINT (13.807419794000101 51.038668764000100)",Unfall 246073 (2022) Kat:3, Licht: 0,246073,3,7,6,03,10,3,0,0,0,1,1,0,0,0
"POINT (13.694025401999999 51.087154817000098)",Unfall 246075 (2022) Kat:3, Licht: 0,246075,3,3,5,02,16,6,0,0,0,1,0,0,0,0
"POINT (13.718462536000100 51.029031922999998)",Unfall 246077 (2022) Kat:3, Licht: 0,246077,3,3,5,04,12,5,0,0,1,1,0,0,0,0
"POINT (13.761039557000100 51.030931590000101)",Unfall 246079 (2022) Kat:3, Licht: 0,246079,3,4,6,03,11,7,0,0,1,0,1,0,0,0
"POINT (13.688548311000000 51.033989290000100)",Unfall 246081 (2022) Kat:3, Licht: 0,246081,3,2,0,02,12,5,0,0,0,1,0,0,0,1
"POINT (13.793859143000100 51.041099080999999)",Unfall 246085 (2022) Kat:3, Licht: 0,246085,3,3,5,01,07,5,1,0,1,1,0,0,0,0
"POINT (13.809688575999999 51.047709842000103)",Unfall 246086 (2022) Kat:2, Licht: 0,246086,2,7,5,03,15,4,0,0,0,1,0,1,0,0
"POINT (13.769245039000101 51.118953334000103)",Unfall 246087 (2022) Kat:3, Licht: 1,246087,3,3,5,01,16,2,1,1,0,1,1,0,0,0
"POINT (13.787100823999999 51.015806559000097)",Unfall 246089 (2022) Kat:2, Licht: 0,246089,2,2,5,03,11,4,1,0,1,1,0,0,0,0
"POINT (13.704764416000000 51.046324599000101)",Unfall 246091 (2022) Kat:3, Licht: 2,246091,3,2,5,01,19,1,0,2,1,1,0,0,0,0
"POINT (13.728776344000000 51.037685944000003)",Unfall 246093 (2022) Kat:3, Licht: 0,246093,3,3,5,03,10,4,0,0,0,1,0,0,0,0
"POINT (13.775706899000101 51.045336726000102)",Unfall 246097 (2022) Kat:3, Licht: 0,246097,3,4,6,03,12,7,0,0,0,1,1,0,0,0
"POINT (13.794353596000100 51.049319656000101)",Unfall 246100 (2022) Kat:3, Licht: 2,246100,3,1,1,02,19,6,1,2,0,1,0,0,0,0
"POINT (13.747754076000000 51.076144848000098)",Unfall 246101 (2022) Kat:3, Licht: 1,246101,3,4,6,01,16,4,0,1,0,0,1,0,0,1
"POINT (13.810434774999999 51.048147468000103)",Unfall 246115 (2022) Kat:3, Licht: 0,246115,3,3,5,03,11,7,0,0,0,1,0,0,0,0
"POINT (13.758038944000100 51.052254824999999)",Unfall 246116 (2022) Kat:3, Licht: 2,246116,3,1,0,03,19,4,1,2,1,0,0,0,0,0
"POINT (13.782392485000100 51.033643955999999)",Unfall 246124 (2022) Kat:3, Licht: 0,246124,3,6,0,03,14,4,0,0,1,1,0,0,0,0
"POINT (13.791754114000099 51.043189902999998)",Unfall 246135 (2022) Kat:3, Licht: 0,246135,3,2,3,04,13,2,0,0,1,1,0,0,0,0
"POINT (13.744238549000000 51.024577712999999)",Unfall 246144 (2022) Kat:2, Licht: 0,246144,2,4,6,02,07,6,1,0,0,1,1,0,0,0
"POINT (13.782562923000100 51.041716239000003)",Unfall 246145 (2022) Kat:3, Licht: 0,246145,3,3,5,02,15,5,0,0,0,1,0,0,0,0
"POINT (13.779946778000101 51.044372200000097)",Unfall 246148 (2022) Kat:3, Licht: 0,246148,3,7,6,03,10,3,0,0,0,1,1,0,0,0
"POINT (13.682135697000000 51.049275517000098)",Unfall 246153 (2022) Kat:3, Licht: 0,246153,3,1,9,01,14,5,0,0,0,1,0,0,0,0
"POINT (13.770993136000101 51.040066396999997)",Unfall 246155 (2022) Kat:3, Licht: 0,246155,3,3,5,03,15,5,0,0,0,1,0,0,0,0
"POINT (13.777196270999999 51.060094870999997)",Unfall 246157 (2022) Kat:3, Licht: 0,246157,3,6,2,02,13,3,0,0,0,1,0,0,0,0
"POINT (13.744571358000000 51.037105050000001)",Unfall 246160 (2022) Kat:3, Licht: 2,246160,3,3,5,01,20,1,1,2,0,1,0,0,0,0
"POINT (13.736929534000099 51.047270459000103)",Unfall 246161 (2022) Kat:3, Licht: 0,246161,3,4,6,03,11,5,0,0,0,0,1,0,0,1
"POINT (13.795480652000000 51.015774022000102)",Unfall 246166 (2022) Kat:3, Licht: 0,246166,3,3,5,02,14,6,0,0,0,1,0,0,0,1
"POINT (13.755970732000000 51.055860128000099)",Unfall 246167 (2022) Kat:3, Licht: 0,246167,3,3,5,04,13,6,0,0,0,1,0,0,0,0
"POINT (13.808336583000001 51.052711697000099)",Unfall 246172 (2022) Kat:3, Licht: 0,246172,3,1,0,03,13,4,0,0,1,0,0,0,0,0
"POINT (13.778304769000000 51.037167857000000)",Unfall 246174 (2022) Kat:3, Licht: 0,246174,3,3,0,02,11,5,0,0,0,0,0,0,1,1
"POINT (13.752121268000099 51.061867279000097)",Unfall 246177 (2022) Kat:3, Licht: 0,246177,3,1,0,03,12,3,0,0,1,0,0,0,0,0
"POINT (13.816155401000101 51.010672805000098)",Unfall 246179 (2022) Kat:3, Licht: 0,246179,3,7,6,02,09,4,1,0,0,0,1,0,0,1
"POINT (13.761225122000001 51.053256030999997)",Unfall 246183 (2022) Kat:3, Licht: 2,246183,3,1,0,02,20,2,1,2,1,0,0,0,0,0
"POINT (13.759405727000100 51.051195082000000)",Unfall 246188 (2022) Kat:3, Licht: 0,246188,3,3,5,01,14,4,0,0,0,1,0,0,0,0
"POINT (13.786385554000001 51.028518528000099)",Unfall 246191 (2022) Kat:3, Licht: 2,246191,3,1,0,04,21,6,0,2,1,0,0,0,0,0
"POINT (13.751497054000000 51.050783325000097)",Unfall 246193 (2022) Kat:3, Licht: 2,246193,3,3,5,02,04,2,0,2,1,1,0,0,0,0
"POINT (13.723623698999999 51.053660092000001)",Unfall 246194 (2022) Kat:2, Licht: 0,246194,2,3,5,02,10,3,0,0,1,1,0,0,0,0
"POINT (13.784683166000001 51.049741697999998)",Unfall 246197 (2022) Kat:3, Licht: 0,246197,3,3,5,03,15,6,0,0,1,1,0,0,0,0
"POINT (13.723833471000001 51.084579945000002)",Unfall 246198 (2022) Kat:3, Licht: 2,246198,3,1,0,01,07,3,2,2,1,0,0,0,0,0
"POINT (13.759434537000100 51.051173855999998)",Unfall 246202 (2022) Kat:3, Licht: 0,246202,3,3,5,01,12,6,1,0,0,1,0,0,0,0
"POINT (13.702232140000000 51.045881085000097)",Unfall 246206 (2022) Kat:3, Licht: 0,246206,3,3,5,03,15,2,0,0,1,1,0,0,0,0
"POINT (13.833526764000100 51.021614814000003)",Unfall 246208 (2022) Kat:2, Licht: 0,246208,2,2,6,01,07,6,0,0,0,1,1,0,0,0
"POINT (13.749371050000001 51.035553440999998)",Unfall 246209 (2022) Kat:3, Licht: 0,246209,3,6,2,03,12,5,0,0,0,1,0,0,0,0
"POINT (13.792812115000100 51.059370677000103)",Unfall 246213 (2022) Kat:3, Licht: 0,246213,3,6,4,03,15,4,1,0,0,1,0,0,0,0
"POINT (13.728347511999999 51.056643973000099)",Unfall 246218 (2022) Kat:3, Licht: 2,246218,3,1,0,03,19,3,1,2,1,0,0,0,0,0
"POINT (13.777915834000099 51.053948037000097)",Unfall 246220 (2022) Kat:3, Licht: 0,246220,3,2,3,03,13,4,0,0,1,1,0,0,0,0
"POINT (13.821239286000001 51.003095684000101)",Unfall 246225 (2022) Kat:3, Licht: 0,246225,3,3,5,03,13,3,0,0,1,1,0,0,0,0
"POINT (13.782940204999999 51.043502461000102)",Unfall 246227 (2022) Kat:3, Licht: 0,246227,3,7,0,03,15,3,0,0,0,1,0,0,0,1
"POINT (13.749105168000000 51.033681589000103)",Unfall 246230 (2022) Kat:3, Licht: 0,246230,3,3,5,03,09,7,0,0,0,1,0,0,0,1
"POINT (13.774199435000099 51.043499056000002)",Unfall 246236 (2022) Kat:3, Licht: 0,246236,3,3,5,04,16,2,1,0,0,1,0,0,0,0
"POINT (13.758758905000001 51.049468114000000)",Unfall 246237 (2022) Kat:3, Licht: 0,246237,3,2,5,01,07,6,0,0,1,1,0,0,0,0
"POINT (13.829872121000101 51.010361778000103)",Unfall 246239 (2022) Kat:3, Licht: 2,246239,3,2,5,01,18,2,1,2,1,1,0,0,0,0
"POINT (13.779168756000001 51.039696443000103)",Unfall 246241 (2022) Kat:2, Licht: 0,246241,2,2,5,03,15,5,0,0,1,1,0,0,0,0
"POINT (13.756009701000000 51.055910883000102)",Unfall 246244 (2022) Kat:3, Licht: 0,246244,3,3,5,04,13,7,1,0,1,1,0,0,0,0
"POINT (13.726569814000101 51.032122854000100)",Unfall 246245 (2022) Kat:3, Licht: 0,246245,3,4,6,01,14,4,0,0,0,1,1,0,0,0
"POINT (13.802098753999999 51.007546213000097)",Unfall 246256 (2022) Kat:3, Licht: 0,246256,3,7,8,03,12,2,0,0,0,1,0,0,0,0
"POINT (13.832032525000001 51.027301588000100)",Unfall 246261 (2022) Kat:2, Licht: 0,246261,2,6,0,01,10,2,1,0,0,1,0,0,0,1
"POINT (13.748881106000100 51.037461249000003)",Unfall 246262 (2022) Kat:3, Licht: 0,246262,3,2,5,03,09,1,0,0,1,1,0,0,0,0
"POINT (13.708483189000001 51.030496178000099)",Unfall 246263 (2022) Kat:3, Licht: 0,246263,3,3,5,04,07,3,1,0,0,1,0,1,0,0
"POINT (13.701869357000000 51.037335077000101)",Unfall 246266 (2022) Kat:3, Licht: 2,246266,3,6,2,01,20,7,1,2,0,1,0,0,0,0
"POINT (13.724789630000000 51.075063483000100)",Unfall 246269 (2022) Kat:3, Licht: 0,246269,3,1,0,02,09,3,0,0,1,0,0,0,0,0
"POINT (13.809170777000100 51.053041254000000)",Unfall 246276 (2022) Kat:3, Licht: 0,246276,3,6,1,01,13,4,0,0,0,1,0,0,0,0
"POINT (13.763127733999999 51.023900346000097)",Unfall 246277 (2022) Kat:3, Licht: 0,246277,3,1,0,03,14,2,0,0,1,0,0,0,0,0
"POINT (13.788618554999999 51.043278299000100)",Unfall 246279 (2022) Kat:3, Licht: 0,246279,3,2,3,03,11,4,0,0,1,1,0,0,0,0
"POINT (13.743605516000100 51.035657252000100)",Unfall 246286 (2022) Kat:3, Licht: 0,246286,3,3,5,01,08,2,1,0,1,1,0,0,0,0
"POINT (13.750215169000100 51.050914978000002)",Unfall 246288 (2022) Kat:3, Licht: 0,246288,3,1,0,01,12,6,1,0,1,0,0,0,0,0
"POINT (13.805993204000099 51.039421243000000)",Unfall 246289 (2022) Kat:3, Licht: 2,246289,3,7,0,03,19,7,0,2,1,0,0,0,0,0
"POINT (13.744602046000100 51.037223664000102)",Unfall 246294 (2022) Kat:3, Licht: 1,246294,3,7,0,02,16,3,0,1,0,1,0,0,0,1
"POINT (13.696860956000000 51.082046552000101)",Unfall 246299 (2022) Kat:3, Licht: 0,246299,3,3,0,01,15,4,1,0,0,1,0,0,0,1
"POINT (13.782929144000001 51.029802566999997)",Unfall 246301 (2022) Kat:3, Licht: 0,246301,3,3,5,03,15,4,1,0,0,1,0,0,0,0
"POINT (13.758729455999999 51.049472772999998)",Unfall 246307 (2022) Kat:3, Licht: 1,246307,3,3,5,03,06,6,0,1,1,1,0,0,0,0
"POINT (13.715049079000000 51.047772393999999)",Unfall 246314 (2022) Kat:3, Licht: 0,246314,3,3,0,04,08,3,1,0,1,1,0,0,0,0
"POINT (13.729903299000100 51.082710190000100)",Unfall 246317 (2022) Kat:3, Licht: 0,246317,3,4,6,03,15,2,0,0,0,1,1,0,0,0
"POINT (13.681738221000000 51.052454025000003)",Unfall 246319 (2022) Kat:3, Licht: 2,246319,3,2,2,04,19,7,0,2,0,1,0,0,0,0
"POINT (13.720174348000100 51.054568146000101)",Unfall 246321 (2022) Kat:3, Licht: 0,246321,3,6,2,03,14,5,0,0,0,1,0,0,0,0
"POINT (13.718136310000000 51.035910549000100)",Unfall 246323 (2022) Kat:3, Licht: 2,246323,3,3,5,02,19,4,0,2,1,1,0,0,0,0
"POINT (13.699881533999999 51.046433939000103)",Unfall 246341 (2022) Kat:3, Licht: 0,246341,3,3,0,03,17,6,0,0,1,0,0,0,0,0
"POINT (13.848668493000000 51.004267539000097)",Unfall 246345 (2022) Kat:3, Licht: 0,246345,3,3,5,04,10,2,0,0,1,1,0,0,0,0
"POINT (13.748667084999999 51.051256599000098)",Unfall 246346 (2022) Kat:3, Licht: 0,246346,3,6,3,01,10,3,1,0,1,0,0,0,0,1
"POINT (13.837075091000001 51.019980098000097)",Unfall 246350 (2022) Kat:3, Licht: 0,246350,3,3,5,03,08,5,0,0,1,1,0,0,0,0
"POINT (13.775336396000100 51.127717934000003)",Unfall 246351 (2022) Kat:3, Licht: 0,246351,3,7,0,02,15,6,0,0,1,0,0,0,0,0
"POINT (13.815029785000000 51.017230535000103)",Unfall 246353 (2022) Kat:3, Licht: 2,246353,3,7,7,04,05,5,0,2,1,0,0,0,0,0
"POINT (13.757932182999999 51.032864647000103)",Unfall 246354 (2022) Kat:3, Licht: 2,246354,3,3,5,02,21,3,1,2,1,1,0,0,0,0
"POINT (13.747262786000000 51.070371471000001)",Unfall 246355 (2022) Kat:3, Licht: 0,246355,3,2,5,03,13,7,0,0,1,1,0,0,0,0
"POINT (13.722847488000101 51.016367769000098)",Unfall 246358 (2022) Kat:3, Licht: 2,246358,3,1,8,02,18,7,0,2,0,1,0,0,0,0
"POINT (13.778488643000101 51.020540822000001)",Unfall 246362 (2022) Kat:3, Licht: 2,246362,3,3,5,01,05,5,1,2,1,1,0,0,0,0
"POINT (13.782520428000099 51.033094962000099)",Unfall 246363 (2022) Kat:3, Licht: 0,246363,3,2,5,03,15,7,0,0,1,1,0,0,0,0
"POINT (13.802996146000099 51.040424530000102)",Unfall 246367 (2022) Kat:3, Licht: 0,246367,3,6,1,02,07,3,1,0,1,1,0,0,0,0
"POINT (13.725225197000000 51.025585444999997)",Unfall 246371 (2022) Kat:3, Licht: 1,246371,3,3,3,01,16,7,1,1,1,1,0,0,0,0
"POINT (13.755005551000099 51.056744060000000)",Unfall 246372 (2022) Kat:3, Licht: 0,246372,3,1,0,03,08,4,1,0,1,0,0,0,0,0
"POINT (13.737900974000100 51.087039977000103)",Unfall 246378 (2022) Kat:3, Licht: 0,246378,3,6,3,04,17,1,0,0,1,1,0,0,0,0
"POINT (13.671165810000000 51.053602216000101)",Unfall 246380 (2022) Kat:3, Licht: 0,246380,3,1,8,01,12,4,1,0,0,1,0,0,0,0
"POINT (13.781545656000000 51.053258901000000)",Unfall 246392 (2022) Kat:3, Licht: 0,246392,3,6,2,03,07,6,1,0,0,1,0,0,0,0
"POINT (13.705837670000101 51.026804423000002)",Unfall 246402 (2022) Kat:2, Licht: 0,246402,2,1,0,03,10,7,0,0,1,0,0,0,0,0
"POINT (13.777723769000000 51.052913285999999)",Unfall 246403 (2022) Kat:3, Licht: 0,246403,3,2,5,03,14,2,0,0,1,1,0,0,0,0
"POINT (13.848675126000000 51.004268449000101)",Unfall 246408 (2022) Kat:3, Licht: 0,246408,3,3,5,04,07,3,1,0,0,1,0,0,0,0
"POINT (13.719603538000101 51.077372130000100)",Unfall 246410 (2022) Kat:3, Licht: 0,246410,3,3,5,01,12,7,0,0,0,1,0,0,0,1
"POINT (13.757238984000001 51.049733563000103)",Unfall 246413 (2022) Kat:3, Licht: 0,246413,3,2,2,04,18,1,0,0,0,1,0,0,0,0
"POINT (13.806807806000100 51.042640869000103)",Unfall 246415 (2022) Kat:2, Licht: 0,246415,2,5,1,02,12,4,0,0,1,1,0,0,0,0
"POINT (13.690881244000000 51.068083355000098)",Unfall 246421 (2022) Kat:2, Licht: 0,246421,2,1,0,03,10,5,0,0,1,0,0,0,0,0
"POINT (13.820921693000100 51.013557981000098)",Unfall 246423 (2022) Kat:3, Licht: 1,246423,3,7,6,03,18,3,0,1,1,0,1,0,0,0
"POINT (13.848439671000101 51.011035608000000)",Unfall 246424 (2022) Kat:3, Licht: 2,246424,3,6,0,03,18,5,0,2,0,1,0,0,0,1
"POINT (13.758457266000100 51.071431925000098)",Unfall 246429 (2022) Kat:3, Licht: 0,246429,3,1,0,02,08,5,1,0,1,0,0,0,0,0
"POINT (13.828081561999999 51.011172628000097)",Unfall 246431 (2022) Kat:3, Licht: 0,246431,3,6,2,02,14,1,0,0,1,1,0,0,0,0
"POINT (13.792093502000100 51.037472485000102)",Unfall 246432 (2022) Kat:3, Licht: 0,246432,3,1,1,02,15,1,0,0,0,1,0,0,0,0
"POINT (13.779373817000000 51.058900567000101)",Unfall 246433 (2022) Kat:3, Licht: 0,246433,3,6,2,01,13,2,1,0,1,1,0,0,0,0
"POINT (13.772047385000100 51.039281885000001)",Unfall 246434 (2022) Kat:3, Licht: 0,246434,3,6,2,04,14,2,0,0,0,1,0,0,0,0
"POINT (13.776558233000101 51.066888967000096)",Unfall 246435 (2022) Kat:3, Licht: 2,246435,3,1,9,03,23,4,0,2,0,1,0,0,0,0
"POINT (13.773559052000101 51.048734662000101)",Unfall 246444 (2022) Kat:3, Licht: 0,246444,3,3,5,01,09,6,0,0,1,0,0,0,1,0
"POINT (13.816708600000000 51.033733015000102)",Unfall 246447 (2022) Kat:3, Licht: 0,246447,3,5,1,03,12,7,0,0,1,1,0,0,0,0
"POINT (13.717042316000100 51.052624095000098)",Unfall 246457 (2022) Kat:3, Licht: 0,246457,3,3,5,01,13,2,1,0,1,1,0,0,0,0
"POINT (13.706846032000000 51.033824629000001)",Unfall 246459 (2022) Kat:3, Licht: 0,246459,3,1,0,03,18,4,1,0,1,0,0,0,0,0
"POINT (13.835867564000100 51.026780696000102)",Unfall 246461 (2022) Kat:3, Licht: 0,246461,3,6,2,01,10,7,0,0,0,1,0,0,0,0
"POINT (13.757477649000100 51.066503275999999)",Unfall 246466 (2022) Kat:3, Licht: 0,246466,3,5,3,03,09,5,0,0,1,1,0,0,0,0
"POINT (13.712923555000000 51.099517504000097)",Unfall 246469 (2022) Kat:3, Licht: 0,246469,3,6,1,04,15,2,0,0,0,1,0,0,0,0
"POINT (13.780367574000000 51.042246646000102)",Unfall 246470 (2022) Kat:3, Licht: 0,246470,3,3,5,01,08,6,0,0,0,1,0,0,0,0
"POINT (13.811715200000000 51.020743192000097)",Unfall 246474 (2022) Kat:3, Licht: 0,246474,3,4,6,03,16,5,0,0,0,1,1,0,0,0
"POINT (13.777577327000101 51.056529963000102)",Unfall 246476 (2022) Kat:3, Licht: 0,246476,3,6,2,03,15,5,0,0,0,1,0,0,0,0
"POINT (13.801950364000000 51.035815059000100)",Unfall 246480 (2022) Kat:3, Licht: 2,246480,3,5,0,01,06,4,1,2,1,1,0,0,0,0
"POINT (13.785692597000001 51.041469325999998)",Unfall 246483 (2022) Kat:3, Licht: 0,246483,3,1,8,03,07,5,0,0,1,0,0,0,0,0
"POINT (13.801860817000000 51.039433123000002)",Unfall 246486 (2022) Kat:2, Licht: 0,246486,2,5,1,03,15,5,0,0,1,1,0,0,0,0
"POINT (13.775592872000100 51.045429067000001)",Unfall 246487 (2022) Kat:3, Licht: 2,246487,3,3,5,01,06,4,0,2,1,1,0,0,0,0
"POINT (13.686867286000099 51.057025443999997)",Unfall 246492 (2022) Kat:3, Licht: 0,246492,3,3,5,02,15,3,1,0,0,1,0,0,0,0
"POINT (13.754097276000000 51.035555674000101)",Unfall 246503 (2022) Kat:3, Licht: 0,246503,3,1,0,03,15,4,1,0,1,0,0,0,0,0
"POINT (13.776204452000099 51.068493275000002)",Unfall 246505 (2022) Kat:3, Licht: 0,246505,3,4,6,02,12,5,1,0,0,1,1,0,0,0
"POINT (13.829636517999999 51.008466570000103)",Unfall 246514 (2022) Kat:3, Licht: 0,246514,3,1,0,04,09,5,0,0,1,0,0,0,0,0
"POINT (13.775327626999999 51.038335853000000)",Unfall 246520 (2022) Kat:3, Licht: 2,246520,3,1,0,01,07,2,1,2,0,0,0,1,0,0
"POINT (13.756865679000001 51.052272860000102)",Unfall 246527 (2022) Kat:3, Licht: 0,246527,3,5,0,04,12,7,0,0,1,1,0,0,0,0
"POINT (13.746711051000000 51.038320838000097)",Unfall 246528 (2022) Kat:3, Licht: 0,246528,3,3,5,03,16,5,0,0,0,1,0,0,0,0
"POINT (13.758079652999999 51.044835913999997)",Unfall 246534 (2022) Kat:2, Licht: 2,246534,2,1,0,02,06,6,1,2,1,0,0,0,0,0
"POINT (13.797631117000000 51.042314865000002)",Unfall 246537 (2022) Kat:3, Licht: 0,246537,3,3,5,03,16,2,0,0,1,1,0,0,0,0
"POINT (13.750010172000000 51.047561354000003)",Unfall 246547 (2022) Kat:3, Licht: 2,246547,3,1,0,01,07,2,1,2,1,0,0,0,0,0
"POINT (13.774204800000099 51.117546338000103)",Unfall 246549 (2022) Kat:3, Licht: 0,246549,3,7,0,01,15,3,0,0,0,1,0,0,0,0
"POINT (13.801184913000000 51.000032340000097)",Unfall 246554 (2022) Kat:3, Licht: 0,246554,3,6,2,04,17,2,0,0,0,1,0,0,0,0
"POINT (13.729218222000000 51.045833254999998)",Unfall 246555 (2022) Kat:3, Licht: 2,246555,3,2,6,01,05,4,1,2,0,1,1,0,0,0
"POINT (13.733548237000001 51.055517200000097)",Unfall 246562 (2022) Kat:3, Licht: 0,246562,3,1,8,04,07,5,0,0,0,0,0,1,0,0
"POINT (13.837235563000000 51.006539314000101)",Unfall 246574 (2022) Kat:3, Licht: 2,246574,3,6,2,01,17,7,1,2,0,1,0,0,0,0
"POINT (13.710711779000100 51.046033232000099)",Unfall 246577 (2022) Kat:2, Licht: 0,246577,2,1,4,02,12,2,0,0,0,0,0,1,1,0
"POINT (13.790930852000001 51.021386184000100)",Unfall 246580 (2022) Kat:3, Licht: 2,246580,3,1,0,01,19,7,2,2,1,0,0,0,0,0
"POINT (13.833037700000000 51.029157154000103)",Unfall 246584 (2022) Kat:3, Licht: 0,246584,3,1,0,03,14,4,1,0,1,0,0,0,0,0
"POINT (13.711960405000100 51.080978999000102)",Unfall 246586 (2022) Kat:3, Licht: 0,246586,3,3,5,04,13,6,0,0,1,1,0,0,0,0
"POINT (13.710816696000100 51.048768555000002)",Unfall 246593 (2022) Kat:2, Licht: 0,246593,2,7,0,03,15,6,0,0,1,0,0,0,0,0
"POINT (13.745613038000000 51.027895016000102)",Unfall 246615 (2022) Kat:3, Licht: 0,246615,3,1,0,03,10,3,0,0,0,0,0,0,0,1
"POINT (13.786365677999999 51.028498218999999)",Unfall 246617 (2022) Kat:2, Licht: 2,246617,2,2,5,01,06,6,0,2,1,1,0,0,0,0
"POINT (13.787601093999999 51.053894089000003)",Unfall 246622 (2022) Kat:2, Licht: 2,246622,2,3,5,02,04,2,1,2,0,1,0,0,0,0
"POINT (13.826207283000000 51.002781296000101)",Unfall 246624 (2022) Kat:2, Licht: 2,246624,2,3,5,04,02,7,1,2,0,0,0,0,0,1
"POINT (13.696776188000101 51.082033559000102)",Unfall 246632 (2022) Kat:3, Licht: 0,246632,3,3,0,03,16,4,0,0,0,1,0,0,0,1
"POINT (13.786365707000099 51.028498248000098)",Unfall 246633 (2022) Kat:3, Licht: 2,246633,3,2,6,01,06,3,1,2,0,1,1,0,0,0
"POINT (13.698692000000101 51.074199954000100)",Unfall 246634 (2022) Kat:3, Licht: 0,246634,3,1,0,01,08,5,1,0,1,0,0,0,0,0
"POINT (13.758057384000001 51.052304311000100)",Unfall 246636 (2022) Kat:3, Licht: 2,246636,3,3,5,03,19,6,0,2,1,1,0,0,0,0
"POINT (13.797635907000000 51.002080587000101)",Unfall 246641 (2022) Kat:3, Licht: 0,246641,3,3,5,03,11,2,0,0,0,1,0,0,0,0
"POINT (13.752043729000000 51.077914911000100)",Unfall 246644 (2022) Kat:3, Licht: 2,246644,3,1,0,01,22,2,1,2,1,0,0,0,0,0
"POINT (13.767983486000000 51.118893171000103)",Unfall 246645 (2022) Kat:2, Licht: 0,246645,2,6,4,03,14,3,0,0,0,1,0,0,0,0
"POINT (13.763297018000101 51.105069855000103)",Unfall 246649 (2022) Kat:2, Licht: 1,246649,2,3,5,01,08,4,1,1,1,1,0,0,0,0
"POINT (13.719041751000100 51.087427551000097)",Unfall 246650 (2022) Kat:3, Licht: 0,246650,3,1,0,01,10,5,0,0,1,0,0,0,0,0
"POINT (13.697456732999999 51.035039339999997)",Unfall 246653 (2022) Kat:3, Licht: 0,246653,3,3,5,03,07,4,0,0,0,1,0,0,0,0
"POINT (13.799434905000100 51.056599034999998)",Unfall 246658 (2022) Kat:3, Licht: 0,246658,3,3,5,03,09,3,0,0,0,1,0,0,0,0
"POINT (13.782032897000001 51.030351317000097)",Unfall 246661 (2022) Kat:3, Licht: 1,246661,3,2,5,02,07,3,1,1,1,1,0,0,0,0
"POINT (13.730198669000099 51.076629572999998)",Unfall 246666 (2022) Kat:3, Licht: 0,246666,3,1,0,01,10,2,1,0,1,0,0,0,0,0
"POINT (13.724944546000099 51.077032375000002)",Unfall 246668 (2022) Kat:2, Licht: 2,246668,2,1,0,04,20,2,1,2,1,0,0,0,0,0