WKT,Name,OBJECTID,UKATEGORIE,UTYP1,UART,UMONAT,USTUNDE,UWOCHENTAG,STRZUSTAND,ULICHTVERH,ISTRAD,ISTPKW,ISTFUSS,ISTKRAD,ISTGKFZ,ISTSONSTIG
"POINT (13.721907433000100 51.117687214000100)",Unfall 246673 (2022) Kat:3, Licht: 1,246673,3,3,5,03,06,4,0,1,1,0,0,0,0,1
"POINT (13.745570612000099 51.038824343999998)",Unfall 246677 (2022) Kat:3, Licht: 0,246677,3,3,0,01,11,5,0,0,1,0,0,0,0,1
"POINT (13.837450478000100 51.024884395000100)",Unfall 246679 (2022) Kat:3, Licht: 0,246679,3,1,0,03,13,5,0,0,1,0,0,0,0,0
"POINT (13.828869054000100 50.998486602000099)",Unfall 246683 (2022) Kat:2, Licht: 0,246683,2,1,0,03,09,3,0,0,1,0,0,0,0,0
"POINT (13.779133279000099 51.060868456999998)",Unfall 246686 (2022) Kat:3, Licht: 0,246686,3,6,2,02,09,4,1,0,0,1,0,0,0,0
"POINT (13.812128461000000 51.036947441000102)",Unfall 246697 (2022) Kat:3, Licht: 0,246697,3,1,0,03,11,2,0,0,1,0,0,0,0,0
"POINT (13.774710634000000 51.033222968000103)",Unfall 246709 (2022) Kat:3, Licht: 0,246709,3,2,2,02,11,2,0,0,0,1,0,0,0,0
"POINT (13.724922820000099 51.043956516000001)",Unfall 246710 (2022) Kat:3, Licht: 1,246710,3,3,5,02,17,5,1,1,1,1,0,0,0,0
"POINT (13.757227973999999 51.049735494000103)",Unfall 246716 (2022) Kat:3, Licht: 0,246716,3,1,0,05,14,4,0,0,1,0,0,0,0,0
"POINT (13.807108381000001 51.036163555000002)",Unfall 246721 (2022) Kat:3, Licht: 0,246721,3,6,2,04,15,2,0,0,0,1,0,0,0,0
"POINT (13.770140341999999 51.071709471000098)",Unfall 246722 (2022) Kat:3, Licht: 0,246722,3,6,2,05,16,1,0,0,0,1,0,0,0,0
"POINT (13.799282443999999 51.041754452000099)",Unfall 246727 (2022) Kat:3, Licht: 0,246727,3,2,5,05,15,2,0,0,1,1,0,0,0,0
"POINT (13.714786236000100 51.057786862999997)",Unfall 246736 (2022) Kat:3, Licht: 2,246736,3,2,5,04,21,4,1,2,0,1,0,0,0,0
"POINT (13.689222399000100 51.067747459000003)",Unfall 246737 (2022) Kat:3, Licht: 0,246737,3,6,3,06,11,5,0,0,0,1,0,0,0,0
"POINT (13.810112379000000 51.017824796000099)",Unfall 246741 (2022) Kat:3, Licht: 0,246741,3,3,5,06,16,2,0,0,1,1,0,0,0,0
"POINT (13.807705077000000 51.052461495000003)",Unfall 246754 (2022) Kat:3, Licht: 0,246754,3,4,0,06,18,7,0,0,1,0,1,0,0,0
"POINT (13.743580676000001 51.035628770000102)",Unfall 246755 (2022) Kat:3, Licht: 0,246755,3,3,5,06,14,5,0,0,1,1,0,0,0,0
"POINT (13.746975966000001 51.075036418000103)",Unfall 246756 (2022) Kat:3, Licht: 0,246756,3,3,5,06,19,7,0,0,0,0,0,1,0,0
"POINT (13.749876596000000 51.077562802000003)",Unfall 246762 (2022) Kat:3, Licht: 1,246762,3,7,0,04,20,6,0,1,0,0,0,0,0,1
"POINT (13.773665035000001 51.048748420999999)",Unfall 246763 (2022) Kat:3, Licht: 0,246763,3,2,4,05,15,6,0,0,1,0,0,0,0,0
"POINT (13.762561641000000 51.026861047000097)",Unfall 246770 (2022) Kat:3, Licht: 0,246770,3,3,5,05,15,7,0,0,1,1,0,0,0,0
"POINT (13.749599625000000 51.033600016999998)",Unfall 246771 (2022) Kat:3, Licht: 0,246771,3,3,5,06,13,3,0,0,1,1,0,0,0,0
"POINT (13.692067827000100 51.049058328000100)",Unfall 246772 (2022) Kat:3, Licht: 0,246772,3,3,5,05,19,4,0,0,0,1,0,0,0,0
"POINT (13.776073235000100 51.051184225999997)",Unfall 246775 (2022) Kat:3, Licht: 0,246775,3,1,0,04,16,3,0,0,1,0,0,0,0,0
"POINT (13.792714057000101 51.059003971000003)",Unfall 246778 (2022) Kat:3, Licht: 0,246778,3,5,1,04,14,4,0,0,0,1,0,1,0,0
"POINT (13.744398301000000 51.024938507999998)",Unfall 246783 (2022) Kat:3, Licht: 0,246783,3,1,0,05,20,4,0,0,1,0,0,0,0,0
"POINT (13.801321547000001 51.045772587000002)",Unfall 246784 (2022) Kat:3, Licht: 0,246784,3,2,3,05,15,4,0,0,1,1,0,0,0,0
"POINT (13.711648831000000 51.028153635000102)",Unfall 246787 (2022) Kat:3, Licht: 0,246787,3,3,5,04,11,5,1,0,1,1,0,0,0,0
"POINT (13.816265121000100 51.035795700000101)",Unfall 246791 (2022) Kat:3, Licht: 0,246791,3,1,0,05,11,6,0,0,1,0,0,0,0,0
"POINT (13.779156247000101 51.046270102999998)",Unfall 246792 (2022) Kat:3, Licht: 0,246792,3,7,5,06,17,2,0,0,1,1,0,0,0,0
"POINT (13.809182857000099 51.047406587000097)",Unfall 246812 (2022) Kat:3, Licht: 0,246812,3,3,5,04,11,6,0,0,1,1,0,0,0,0
"POINT (13.740802646000100 51.053639525999998)",Unfall 246821 (2022) Kat:2, Licht: 0,246821,2,4,6,05,13,1,0,0,0,1,1,0,0,0
"POINT (13.712704237000001 51.057200993000002)",Unfall 246822 (2022) Kat:3, Licht: 0,246822,3,6,2,05,07,5,0,0,0,1,0,0,0,0
"POINT (13.728397943000100 51.060990906000001)",Unfall 246824 (2022) Kat:3, Licht: 0,246824,3,2,5,05,15,4,0,0,1,0,0,0,0,0
"POINT (13.815095703000100 51.017171519000001)",Unfall 246826 (2022) Kat:3, Licht: 0,246826,3,1,0,04,14,5,1,0,1,0,0,0,0,0
"POINT (13.763623014000100 51.048696898000102)",Unfall 246828 (2022) Kat:3, Licht: 0,246828,3,5,3,05,11,3,0,0,1,1,0,0,0,0
"POINT (13.707771573000100 51.029867798000097)",Unfall 246841 (2022) Kat:3, Licht: 0,246841,3,6,2,05,16,1,0,0,1,1,0,0,0,0
"POINT (13.782248626000101 51.013836275000102)",Unfall 246849 (2022) Kat:3, Licht: 0,246849,3,2,5,05,12,4,0,0,1,0,0,0,0,1
"POINT (13.838277365000099 51.023821629000103)",Unfall 246854 (2022) Kat:3, Licht: 0,246854,3,1,0,05,13,3,0,0,1,0,0,0,0,0
"POINT (13.800768303000000 51.042934440000103)",Unfall 246860 (2022) Kat:3, Licht: 0,246860,3,3,5,06,20,7,0,0,0,1,0,0,0,0
"POINT (13.819546285000101 51.006780816000102)",Unfall 246862 (2022) Kat:3, Licht: 0,246862,3,6,2,05,18,2,0,0,0,1,0,0,0,0
"POINT (13.815629716000000 51.035977039000002)",Unfall 246863 (2022) Kat:3, Licht: 0,246863,3,1,0,05,15,2,0,0,1,0,0,0,0,0
"POINT (13.800533043000000 51.027284628000103)",Unfall 246864 (2022) Kat:3, Licht: 0,246864,3,4,6,05,18,4,0,0,0,0,1,0,0,1
"POINT (13.740387952000001 51.056470268000098)",Unfall 246874 (2022) Kat:2, Licht: 0,246874,2,1,7,05,09,7,0,0,1,0,0,0,0,0
"POINT (13.603149881000000 51.082014078000000)",Unfall 246877 (2022) Kat:2, Licht: 0,246877,2,3,5,05,15,5,0,0,1,0,0,0,0,1
"POINT (13.780520200000099 51.116153130999997)",Unfall 246878 (2022) Kat:3, Licht: 0,246878,3,3,5,04,13,5,1,0,0,1,0,0,0,0
"POINT (13.721018777999999 51.053903925000000)",Unfall 246891 (2022) Kat:3, Licht: 0,246891,3,5,1,05,06,2,0,0,1,1,0,0,0,0
"POINT (13.746806608000000 51.038303234000097)",Unfall 246894 (2022) Kat:3, Licht: 0,246894,3,6,1,05,11,1,0,0,0,1,0,0,0,0
"POINT (13.843527949000100 51.049734364000102)",Unfall 246897 (2022) Kat:2, Licht: 0,246897,2,7,0,06,18,1,0,0,1,0,0,0,0,0
"POINT (13.715051547000000 51.047817585000097)",Unfall 246899 (2022) Kat:3, Licht: 0,246899,3,1,0,05,07,3,1,0,1,0,0,0,0,0
"POINT (13.755188964000100 51.055545387999999)",Unfall 246905 (2022) Kat:2, Licht: 0,246905,2,3,5,05,10,3,0,0,1,1,0,0,0,0
"POINT (13.731284329000101 51.051381493000100)",Unfall 246909 (2022) Kat:3, Licht: 0,246909,3,7,0,06,16,6,0,0,1,0,0,0,0,0
"POINT (13.831193405000000 51.061338952000000)",Unfall 246924 (2022) Kat:3, Licht: 0,246924,3,3,5,05,13,6,0,0,0,1,0,0,0,0
"POINT (13.698894452999999 51.042187488000103)",Unfall 246925 (2022) Kat:2, Licht: 0,246925,2,2,6,06,18,5,0,0,1,0,1,0,0,0
"POINT (13.743525111000100 51.040227240000000)",Unfall 246927 (2022) Kat:3, Licht: 2,246927,3,1,0,06,21,6,0,2,1,0,0,0,0,0
"POINT (13.711591662000000 51.049218774000103)",Unfall 246930 (2022) Kat:3, Licht: 0,246930,3,3,5,04,14,4,0,0,1,1,0,0,0,0
"POINT (13.682182150000100 51.053532463000103)",Unfall 246931 (2022) Kat:3, Licht: 0,246931,3,7,4,05,16,1,0,0,0,1,0,0,0,0
"POINT (13.724944718000099 51.057626347000102)",Unfall 246933 (2022) Kat:3, Licht: 0,246933,3,3,5,05,07,4,0,0,1,0,0,0,0,0
"POINT (13.759192640000000 51.028333243000098)",Unfall 246935 (2022) Kat:3, Licht: 0,246935,3,2,3,05,11,5,0,0,1,0,0,0,0,1
"POINT (13.809880137000100 51.012521078000098)",Unfall 246941 (2022) Kat:3, Licht: 0,246941,3,6,2,05,09,3,0,0,0,1,0,0,0,0
"POINT (13.730897224000000 51.076934419000096)",Unfall 246946 (2022) Kat:3, Licht: 0,246946,3,7,7,06,15,3,0,0,1,0,0,0,0,0
"POINT (13.691468172000000 51.051432087000101)",Unfall 246951 (2022) Kat:3, Licht: 0,246951,3,1,0,05,18,5,0,0,1,0,0,0,0,0
"POINT (13.771906701000001 51.046965319999998)",Unfall 246952 (2022) Kat:3, Licht: 0,246952,3,6,2,04,17,2,0,0,1,1,0,0,0,0
"POINT (13.822508162000100 51.011060903000001)",Unfall 246954 (2022) Kat:3, Licht: 0,246954,3,1,0,04,12,7,0,0,0,0,0,0,0,1
"POINT (13.701178968000001 51.042026688000099)",Unfall 246957 (2022) Kat:3, Licht: 0,246957,3,3,1,06,10,1,0,0,1,1,0,0,0,0
"POINT (13.805014021000000 51.050186374000099)",Unfall 246963 (2022) Kat:3, Licht: 0,246963,3,3,5,04,10,5,1,0,0,1,0,0,0,1
"POINT (13.682663655000100 51.042410754000102)",Unfall 246973 (2022) Kat:3, Licht: 0,246973,3,2,6,05,11,3,0,0,0,1,1,0,0,0
"POINT (13.725212656000100 51.050210062000097)",Unfall 246979 (2022) Kat:3, Licht: 0,246979,3,3,5,05,16,6,0,0,1,1,0,0,0,0
"POINT (13.684300629000100 51.058771872000101)",Unfall 246982 (2022) Kat:2, Licht: 0,246982,2,3,5,05,19,7,0,0,0,1,0,1,0,0
"POINT (13.813256433999999 51.045585736000099)",Unfall 246985 (2022) Kat:3, Licht: 0,246985,3,1,0,06,11,7,0,0,1,0,0,0,0,0
"POINT (13.758756395000001 51.033745879000001)",Unfall 246993 (2022) Kat:3, Licht: 0,246993,3,5,1,05,14,3,0,0,1,1,0,0,0,0
"POINT (13.775605293000099 51.037872428000099)",Unfall 246995 (2022) Kat:1, Licht: 0,246995,1,1,8,05,19,2,0,0,0,0,0,1,0,0
"POINT (13.712063210000100 51.060599365000002)",Unfall 246997 (2022) Kat:3, Licht: 0,246997,3,1,0,05,12,6,1,0,0,0,0,1,0,0
"POINT (13.722816013999999 51.055498795000098)",Unfall 247003 (2022) Kat:3, Licht: 0,247003,3,3,0,06,17,7,0,0,0,1,0,0,0,1
"POINT (13.670680721000100 51.042334083000100)",Unfall 247004 (2022) Kat:2, Licht: 0,247004,2,3,5,06,18,3,0,0,1,1,0,0,0,0
"POINT (13.727798868000001 51.036081259000099)",Unfall 247014 (2022) Kat:3, Licht: 0,247014,3,1,1,06,09,7,1,0,0,1,0,1,0,0
"POINT (13.847795098000100 51.007866372000102)",Unfall 247017 (2022) Kat:3, Licht: 0,247017,3,7,0,04,18,3,0,0,1,0,0,0,0,0
"POINT (13.790930852000001 51.021386184000100)",Unfall 247019 (2022) Kat:3, Licht: 0,247019,3,2,4,06,06,4,0,0,1,1,0,0,0,0
"POINT (13.779693927000000 51.034703185000097)",Unfall 247027 (2022) Kat:3, Licht: 0,247027,3,5,1,04,13,4,0,0,1,1,0,0,0,0
"POINT (13.753880260000100 51.057778912000103)",Unfall 247030 (2022) Kat:3, Licht: 0,247030,3,1,0,06,11,2,0,0,1,0,0,0,0,0
"POINT (13.821142260000000 51.005826339000102)",Unfall 247031 (2022) Kat:3, Licht: 0,247031,3,3,5,06,15,3,0,0,0,1,0,0,0,0
"POINT (13.730935143000099 51.076950958000097)",Unfall 247041 (2022) Kat:3, Licht: 0,247041,3,3,5,05,15,4,0,0,1,1,0,0,0,0
"POINT (13.748975257000000 51.064254634000100)",Unfall 247043 (2022) Kat:3, Licht: 0,247043,3,6,6,06,13,7,0,0,0,0,1,1,0,0
"POINT (13.778029119000101 51.052911535000099)",Unfall 247044 (2022) Kat:3, Licht: 0,247044,3,1,0,04,17,5,0,0,1,0,0,0,0,0
"POINT (13.747483421000000 51.031020101000102)",Unfall 247047 (2022) Kat:3, Licht: 0,247047,3,3,5,05,19,4,0,0,0,1,0,0,0,0
"POINT (13.789528313000099 51.018320766999999)",Unfall 247050 (2022) Kat:3, Licht: 0,247050,3,3,5,05,07,3,0,0,1,1,0,0,0,0
"POINT (13.714182666999999 51.052474872000097)",Unfall 247051 (2022) Kat:3, Licht: 0,247051,3,3,5,06,14,5,1,0,1,1,0,0,0,0
"POINT (13.812586383999999 51.019861556000102)",Unfall 247053 (2022) Kat:3, Licht: 0,247053,3,2,5,06,12,6,0,0,0,1,0,1,0,0
"POINT (13.770760274000100 51.039793445999997)",Unfall 247054 (2022) Kat:3, Licht: 0,247054,3,3,5,05,07,2,0,0,0,1,0,0,0,0
"POINT (13.710738729000100 51.032513694000002)",Unfall 247055 (2022) Kat:3, Licht: 0,247055,3,3,5,04,10,5,0,0,0,1,0,0,0,1
"POINT (13.814657354000101 50.998123844000098)",Unfall 247058 (2022) Kat:3, Licht: 0,247058,3,7,0,06,08,3,0,0,1,0,0,0,0,0
"POINT (13.785933891000100 50.995319675000097)",Unfall 247059 (2022) Kat:3, Licht: 0,247059,3,7,1,05,17,4,0,0,0,1,0,0,0,0
"POINT (13.776311772000000 51.067891793999998)",Unfall 247062 (2022) Kat:3, Licht: 0,247062,3,7,3,04,08,5,1,0,1,1,0,0,0,0
"POINT (13.728798135000000 51.056220484999997)",Unfall 247063 (2022) Kat:3, Licht: 0,247063,3,5,3,05,12,4,0,0,1,1,0,0,0,0
"POINT (13.718045606000000 51.019462328000003)",Unfall 247073 (2022) Kat:3, Licht: 0,247073,3,4,6,05,07,6,0,0,0,1,1,0,0,0
"POINT (13.587982142000000 51.067061279000001)",Unfall 247075 (2022) Kat:2, Licht: 0,247075,2,1,8,05,13,4,0,0,0,0,0,1,0,0
"POINT (13.741297423000001 51.065358800000098)",Unfall 247076 (2022) Kat:3, Licht: 0,247076,3,7,1,05,08,3,0,0,0,1,0,0,0,0
"POINT (13.777225803000000 51.059705780999998)",Unfall 247079 (2022) Kat:3, Licht: 0,247079,3,6,0,05,09,5,0,0,1,1,0,0,0,0
"POINT (13.732946109000100 51.033965782000102)",Unfall 247087 (2022) Kat:3, Licht: 2,247087,3,1,0,06,03,4,0,2,0,0,0,0,0,1
"POINT (13.838139059000101 51.023990281000103)",Unfall 247093 (2022) Kat:3, Licht: 0,247093,3,1,0,06,15,1,0,0,1,0,0,0,0,0
"POINT (13.801313914000000 51.009855109000100)",Unfall 247095 (2022) Kat:3, Licht: 0,247095,3,4,6,04,11,4,0,0,0,0,1,0,0,1
"POINT (13.761476374000001 51.055053151000003)",Unfall 247097 (2022) Kat:3, Licht: 0,247097,3,1,0,05,15,7,0,0,1,0,0,0,0,0
"POINT (13.739330675000099 51.036984941000100)",Unfall 247115 (2022) Kat:2, Licht: 0,247115,2,3,5,06,15,4,0,0,1,1,0,0,0,0
"POINT (13.683789382000001 51.086627286000102)",Unfall 247118 (2022) Kat:3, Licht: 0,247118,3,6,2,05,07,2,0,0,1,1,0,0,0,0
"POINT (13.773545545999999 51.042804029000102)",Unfall 247120 (2022) Kat:3, Licht: 0,247120,3,6,2,06,16,3,0,0,1,1,0,0,0,0
"POINT (13.747470237000099 51.078452470999999)",Unfall 247122 (2022) Kat:3, Licht: 1,247122,3,3,5,04,19,5,1,1,1,1,0,0,0,0
"POINT (13.767510224000000 51.042567251999998)",Unfall 247124 (2022) Kat:3, Licht: 0,247124,3,3,5,05,16,2,0,0,1,0,0,0,0,0
"POINT (13.702330370000000 51.043871667000097)",Unfall 247125 (2022) Kat:3, Licht: 0,247125,3,1,8,05,18,5,0,0,1,0,0,0,0,0
"POINT (13.734253123000000 51.075316893000000)",Unfall 247131 (2022) Kat:3, Licht: 0,247131,3,2,2,04,11,4,0,0,0,1,0,0,0,0
"POINT (13.780460846000000 51.030988677000003)",Unfall 247132 (2022) Kat:3, Licht: 0,247132,3,2,5,05,14,2,0,0,1,1,0,0,0,0
"POINT (13.701365158000000 51.040865054999998)",Unfall 247135 (2022) Kat:3, Licht: 0,247135,3,3,5,06,16,2,0,0,0,1,0,0,0,0
"POINT (13.740387776000000 51.056470029000103)",Unfall 247145 (2022) Kat:2, Licht: 0,247145,2,1,7,05,17,4,0,0,1,0,0,0,0,0
"POINT (13.758055126000000 51.052298252000099)",Unfall 247148 (2022) Kat:3, Licht: 0,247148,3,3,5,05,07,3,1,0,1,1,0,0,0,0
"POINT (13.707121732000100 51.027811843999999)",Unfall 247150 (2022) Kat:3, Licht: 0,247150,3,5,1,04,14,4,0,0,1,1,0,0,0,0
"POINT (13.706057479000000 51.076667922000098)",Unfall 247152 (2022) Kat:2, Licht: 0,247152,2,6,3,05,16,5,0,0,1,0,0,0,0,0
"POINT (13.739007278000001 51.038975911000101)",Unfall 247153 (2022) Kat:3, Licht: 0,247153,3,4,6,04,14,6,0,0,0,1,1,0,0,0
"POINT (13.752071052000099 51.050617338000102)",Unfall 247154 (2022) Kat:3, Licht: 0,247154,3,6,0,05,10,6,0,0,1,0,0,0,0,1
"POINT (13.775057603000100 51.038091146000099)",Unfall 247160 (2022) Kat:3, Licht: 0,247160,3,6,2,05,17,2,0,0,0,1,0,0,0,1
"POINT (13.741096901000001 51.057437826000097)",Unfall 247163 (2022) Kat:2, Licht: 2,247163,2,1,0,05,01,1,0,2,1,0,0,0,0,0
"POINT (13.809273481000000 51.006847043999997)",Unfall 247168 (2022) Kat:2, Licht: 0,247168,2,2,5,05,11,4,0,0,0,1,0,1,0,0
"POINT (13.688676329000000 51.042531545000003)",Unfall 247174 (2022) Kat:2, Licht: 0,247174,2,1,0,04,09,7,0,0,1,0,0,0,0,0
"POINT (13.788846032000000 51.119343153999999)",Unfall 247177 (2022) Kat:3, Licht: 0,247177,3,1,0,06,15,3,0,0,1,0,0,0,0,0
"POINT (13.744756167000000 51.066963371999996)",Unfall 247178 (2022) Kat:3, Licht: 0,247178,3,1,1,05,19,4,0,0,1,1,0,0,0,0
"POINT (13.745283132999999 51.026821624000000)",Unfall 247186 (2022) Kat:2, Licht: 0,247186,2,3,5,06,13,6,0,0,1,1,0,0,0,0
"POINT (13.743676033000000 51.050003967000102)",Unfall 247188 (2022) Kat:3, Licht: 0,247188,3,3,5,05,07,2,0,0,1,0,0,0,0,1
"POINT (13.876422132000100 50.993539312000102)",Unfall 247194 (2022) Kat:3, Licht: 0,247194,3,1,0,06,12,4,0,0,1,0,0,0,0,0
"POINT (13.692785161000099 51.085763747999998)",Unfall 247200 (2022) Kat:3, Licht: 1,247200,3,3,5,05,20,6,0,1,1,1,0,0,0,0
"POINT (13.777896223000001 51.041597212000099)",Unfall 247209 (2022) Kat:3, Licht: 2,247209,3,3,5,05,22,3,0,2,0,1,0,1,0,0
"POINT (13.802722133000000 51.040569091000101)",Unfall 247215 (2022) Kat:3, Licht: 0,247215,3,1,0,06,17,4,0,0,1,0,0,0,0,0
"POINT (13.719933037000001 51.067795117000102)",Unfall 247216 (2022) Kat:3, Licht: 0,247216,3,1,0,04,18,4,0,0,0,0,0,1,0,0
"POINT (13.678615301000001 51.051911400000101)",Unfall 247219 (2022) Kat:3, Licht: 0,247219,3,3,5,06,19,2,0,0,1,0,0,0,0,1
"POINT (13.763639248000100 51.058774548000002)",Unfall 247231 (2022) Kat:3, Licht: 0,247231,3,3,5,05,17,4,0,0,0,1,0,0,0,0
"POINT (13.762465275000100 51.016306757999999)",Unfall 247237 (2022) Kat:3, Licht: 0,247237,3,7,6,05,08,4,0,0,0,0,0,0,0,1
"POINT (13.773680518999999 51.048764220000102)",Unfall 247242 (2022) Kat:3, Licht: 0,247242,3,2,3,06,09,6,0,0,1,1,0,0,0,0
"POINT (13.783479141000001 51.053469472000103)",Unfall 247245 (2022) Kat:3, Licht: 0,247245,3,1,0,04,18,3,0,0,1,0,0,0,0,0
"POINT (13.757838624000000 51.075869036000000)",Unfall 247246 (2022) Kat:2, Licht: 0,247246,2,3,5,05,10,7,0,0,1,1,0,0,0,0
"POINT (13.776300805000099 51.067938318000103)",Unfall 247249 (2022) Kat:3, Licht: 0,247249,3,6,2,06,19,4,0,0,0,1,0,0,0,0
"POINT (13.697571492000099 51.006537752000000)",Unfall 247251 (2022) Kat:3, Licht: 0,247251,3,1,4,04,14,4,1,0,0,1,0,0,0,0
"POINT (13.840635711000100 51.021030457000101)",Unfall 247252 (2022) Kat:2, Licht: 0,247252,2,2,5,05,19,4,0,0,0,1,0,0,0,0
"POINT (13.692628329000099 51.041357081999998)",Unfall 247258 (2022) Kat:3, Licht: 0,247258,3,3,5,05,18,4,0,0,1,1,0,0,0,0
"POINT (13.689914941000000 51.044122603000098)",Unfall 247263 (2022) Kat:3, Licht: 0,247263,3,3,5,06,18,4,0,0,1,1,0,0,0,0
"POINT (13.771164903000100 51.029821300999998)",Unfall 247265 (2022) Kat:2, Licht: 0,247265,2,3,5,05,16,1,0,0,0,1,0,0,0,0
"POINT (13.828633722000101 51.010872215000099)",Unfall 247278 (2022) Kat:3, Licht: 0,247278,3,2,3,04,11,2,1,0,0,1,0,0,0,1
"POINT (13.731598557000000 51.090454729000001)",Unfall 247279 (2022) Kat:3, Licht: 0,247279,3,1,0,05,08,1,0,0,1,1,0,0,0,0
"POINT (13.794625742999999 51.041972305000101)",Unfall 247281 (2022) Kat:3, Licht: 1,247281,3,3,5,05,05,4,0,1,1,1,0,0,0,0
"POINT (13.731053852000100 51.057672325000098)",Unfall 247292 (2022) Kat:3, Licht: 0,247292,3,1,0,05,18,3,0,0,1,0,0,0,0,0
"POINT (13.795428791000100 51.042878176000002)",Unfall 247293 (2022) Kat:3, Licht: 0,247293,3,2,5,06,08,5,0,0,0,1,0,0,0,0
"POINT (13.667350991999999 51.038925794000100)",Unfall 247296 (2022) Kat:2, Licht: 0,247296,2,1,0,05,18,2,0,0,1,0,0,0,0,0
"POINT (13.683405291000000 51.042428748000098)",Unfall 247300 (2022) Kat:3, Licht: 0,247300,3,2,5,05,18,5,0,0,1,1,0,0,0,0
"POINT (13.761513476000101 51.054899530000100)",Unfall 247305 (2022) Kat:2, Licht: 0,247305,2,3,5,05,20,3,1,0,1,0,0,0,0,0
"POINT (13.808157124999999 51.044967558000103)",Unfall 247323 (2022) Kat:2, Licht: 0,247323,2,2,5,05,08,2,0,0,1,0,0,0,0,1
"POINT (13.768248979000100 51.047972389999998)",Unfall 247325 (2022) Kat:3, Licht: 0,247325,3,3,5,05,19,2,0,0,1,1,0,0,0,0
"POINT (13.754079339000000 51.045265051999998)",Unfall 247326 (2022) Kat:3, Licht: 0,247326,3,6,2,05,17,7,0,0,0,1,0,0,0,0
"POINT (13.777199714000099 51.060054040000097)",Unfall 247344 (2022) Kat:2, Licht: 0,247344,2,3,5,04,08,6,0,0,1,1,0,0,0,0
"POINT (13.756575690000000 51.055097562000100)",Unfall 247347 (2022) Kat:2, Licht: 0,247347,2,3,5,06,08,5,0,0,1,1,0,0,0,0
"POINT (13.740799113000000 51.047232567999998)",Unfall 247353 (2022) Kat:3, Licht: 0,247353,3,3,5,05,05,7,0,0,1,1,0,0,0,0
"POINT (13.809202788000100 51.016354526000001)",Unfall 247354 (2022) Kat:3, Licht: 0,247354,3,3,5,05,10,5,0,0,1,1,0,0,0,0
"POINT (13.786809545000001 51.015740052000098)",Unfall 247356 (2022) Kat:3, Licht: 0,247356,3,5,1,05,08,4,0,0,1,1,0,0,0,0
"POINT (13.789442689000101 51.043259352000099)",Unfall 247360 (2022) Kat:3, Licht: 0,247360,3,1,0,06,14,4,1,0,0,0,0,1,0,0
"POINT (13.757239446000000 51.049733482000100)",Unfall 247365 (2022) Kat:3, Licht: 0,247365,3,2,5,06,11,3,0,0,1,1,0,0,0,0
"POINT (13.777852920000001 51.054098029999999)",Unfall 247378 (2022) Kat:3, Licht: 0,247378,3,5,3,05,08,3,1,0,1,1,0,0,0,0
"POINT (13.781198987000000 51.035725305000000)",Unfall 247381 (2022) Kat:2, Licht: 0,247381,2,3,5,05,09,7,0,0,1,0,0,0,0,1
"POINT (13.773470914000001 51.047612782999998)",Unfall 247382 (2022) Kat:2, Licht: 0,247382,2,3,5,04,10,7,0,0,1,1,0,0,0,0
"POINT (13.826579680000100 50.998277692999999)",Unfall 247387 (2022) Kat:3, Licht: 1,247387,3,3,5,04,05,4,0,1,1,1,0,0,0,0
"POINT (13.675903751000000 51.062391749000000)",Unfall 247388 (2022) Kat:3, Licht: 0,247388,3,7,0,06,18,5,0,0,1,0,0,0,0,0
"POINT (13.778488799000099 51.020540941000000)",Unfall 247391 (2022) Kat:3, Licht: 0,247391,3,3,5,05,06,6,0,0,1,1,0,0,0,0
"POINT (13.827151898000100 50.998525890000103)",Unfall 247394 (2022) Kat:3, Licht: 0,247394,3,6,1,06,12,4,0,0,0,1,0,0,0,1
"POINT (13.699001149000001 51.072940461000002)",Unfall 247400 (2022) Kat:3, Licht: 0,247400,3,5,1,05,17,6,0,0,1,1,0,0,0,0
"POINT (13.821616932000000 51.031868261000099)",Unfall 247403 (2022) Kat:3, Licht: 0,247403,3,1,8,04,13,6,0,0,1,0,0,0,0,0
"POINT (13.784386939999999 51.034989969999998)",Unfall 247407 (2022) Kat:3, Licht: 1,247407,3,1,0,04,19,5,1,1,1,0,0,0,0,0
"POINT (13.731293348000101 51.042475500000101)",Unfall 247415 (2022) Kat:3, Licht: 0,247415,3,1,0,05,16,7,0,0,0,0,0,1,0,0
"POINT (13.768994262000000 51.024345868000097)",Unfall 247418 (2022) Kat:3, Licht: 0,247418,3,1,0,05,18,2,0,0,1,0,0,0,0,0
"POINT (13.751983147000001 51.062344708000097)",Unfall 247424 (2022) Kat:3, Licht: 0,247424,3,1,0,05,11,1,0,0,1,0,0,0,0,0
"POINT (13.678980706000100 51.061199850000001)",Unfall 247428 (2022) Kat:3, Licht: 2,247428,3,1,0,04,21,7,0,2,1,0,0,0,0,0
"POINT (13.757168545000100 51.049764455000101)",Unfall 247429 (2022) Kat:3, Licht: 0,247429,3,2,4,05,07,4,0,0,1,1,0,1,0,0
"POINT (13.702040831000000 51.033188639999999)",Unfall 247441 (2022) Kat:3, Licht: 0,247441,3,2,2,04,17,3,0,0,0,1,0,0,0,1