WKT,Name,OBJECTID,UKATEGORIE,UTYP1,UART,UMONAT,USTUNDE,UWOCHENTAG,STRZUSTAND,ULICHTVERH,ISTRAD,ISTPKW,ISTFUSS,ISTKRAD,ISTGKFZ,ISTSONSTIG
"POINT (13.720336645000000 51.081223709000000)",Unfall 247442 (2022) Kat:3, Licht: 0,247442,3,1,2,06,12,5,0,0,0,1,0,0,0,0
"POINT (13.697079532000000 51.047980992000099)",Unfall 247446 (2022) Kat:3, Licht: 0,247446,3,3,5,05,06,6,0,0,0,1,0,0,0,0
"POINT (13.797971005000001 51.032237580000100)",Unfall 247448 (2022) Kat:3, Licht: 2,247448,3,5,1,05,21,4,0,2,1,1,0,0,0,0
"POINT (13.685916282999999 51.083380102000000)",Unfall 247451 (2022) Kat:2, Licht: 0,247451,2,7,0,04,16,2,0,0,1,1,0,0,0,0
"POINT (13.803309334000099 51.053924202000097)",Unfall 247458 (2022) Kat:3, Licht: 0,247458,3,3,2,04,15,7,0,0,0,1,0,1,0,0
"POINT (13.774720216000000 51.049772930000103)",Unfall 247461 (2022) Kat:3, Licht: 0,247461,3,2,3,06,08,5,0,0,1,1,0,0,0,0
"POINT (13.698993840000099 51.087803090000101)",Unfall 247466 (2022) Kat:3, Licht: 2,247466,3,3,5,05,22,1,0,2,0,1,0,0,0,0
"POINT (13.708351169000000 51.030379901000103)",Unfall 247482 (2022) Kat:3, Licht: 0,247482,3,4,6,06,15,4,0,0,0,1,1,0,0,0
"POINT (13.761503383000001 51.071069655000002)",Unfall 247483 (2022) Kat:2, Licht: 0,247483,2,2,4,04,07,6,0,0,1,1,0,0,0,0
"POINT (13.756402956000001 51.055474007000001)",Unfall 247486 (2022) Kat:3, Licht: 0,247486,3,6,2,06,21,6,0,0,1,0,0,0,0,0
"POINT (13.769846772999999 51.025013445000098)",Unfall 247489 (2022) Kat:3, Licht: 0,247489,3,3,5,04,12,5,0,0,1,1,0,0,0,0
"POINT (13.820737267000000 51.006068551000098)",Unfall 247496 (2022) Kat:3, Licht: 0,247496,3,3,5,06,17,5,0,0,1,1,0,0,0,0
"POINT (13.822275956000100 50.997787618000103)",Unfall 247501 (2022) Kat:2, Licht: 0,247501,2,3,5,06,16,2,0,0,1,1,0,0,0,0
"POINT (13.841989772000000 51.019176910000098)",Unfall 247511 (2022) Kat:3, Licht: 0,247511,3,1,6,06,10,7,0,0,1,0,1,0,0,0
"POINT (13.715579573000101 51.051955491000101)",Unfall 247516 (2022) Kat:3, Licht: 0,247516,3,2,5,05,18,2,0,0,1,1,0,0,0,0
"POINT (13.801076893000101 51.054674480000102)",Unfall 247522 (2022) Kat:2, Licht: 1,247522,2,3,5,06,20,6,0,1,0,1,0,0,0,0
"POINT (13.723915087000000 51.034675460000102)",Unfall 247533 (2022) Kat:2, Licht: 0,247533,2,5,1,05,10,4,1,0,0,1,0,1,0,0
"POINT (13.715330167999999 51.057608862000102)",Unfall 247534 (2022) Kat:3, Licht: 0,247534,3,5,1,05,14,3,0,0,1,1,0,0,0,0
"POINT (13.675120419000100 51.090397252999999)",Unfall 247535 (2022) Kat:3, Licht: 0,247535,3,2,5,05,08,3,0,0,1,1,0,0,0,0
"POINT (13.803743103000000 51.008509040000000)",Unfall 247546 (2022) Kat:3, Licht: 0,247546,3,3,5,05,16,4,0,0,1,1,0,0,0,0
"POINT (13.780336002000100 51.030996299000002)",Unfall 247553 (2022) Kat:3, Licht: 0,247553,3,2,5,05,13,4,0,0,0,1,0,0,0,1
"POINT (13.716208472000099 51.032281124000100)",Unfall 247571 (2022) Kat:3, Licht: 0,247571,3,3,5,05,06,6,0,0,0,1,0,1,0,0
"POINT (13.674551517000101 51.040866354999999)",Unfall 247573 (2022) Kat:3, Licht: 0,247573,3,7,0,06,09,6,0,0,1,0,0,0,0,0
"POINT (13.798879486000001 51.047265134000000)",Unfall 247575 (2022) Kat:3, Licht: 2,247575,3,5,1,06,22,5,0,2,1,1,0,0,0,0
"POINT (13.820942472000100 51.028490670000103)",Unfall 247578 (2022) Kat:3, Licht: 0,247578,3,5,0,04,13,5,0,0,1,1,0,0,0,0
"POINT (13.837434602000000 51.024877295000103)",Unfall 247584 (2022) Kat:3, Licht: 0,247584,3,1,0,04,13,7,0,0,1,0,0,0,0,0
"POINT (13.770211393000100 51.071684863000002)",Unfall 247585 (2022) Kat:2, Licht: 0,247585,2,2,5,05,18,3,0,0,1,1,0,0,0,0
"POINT (13.787377979000000 51.011390480000003)",Unfall 247597 (2022) Kat:2, Licht: 0,247597,2,7,5,05,16,2,0,0,1,1,0,0,0,0
"POINT (13.833895654000100 51.028464283000098)",Unfall 247598 (2022) Kat:3, Licht: 2,247598,3,3,5,05,22,4,0,2,0,1,0,0,0,0
"POINT (13.737274130999999 51.047290076000102)",Unfall 247602 (2022) Kat:3, Licht: 1,247602,3,4,0,05,16,4,0,1,0,0,1,0,0,1
"POINT (13.778475565000100 51.037028285000098)",Unfall 247605 (2022) Kat:3, Licht: 0,247605,3,2,3,05,15,3,0,0,0,1,0,0,0,1
"POINT (13.775170540000000 51.038397697999997)",Unfall 247611 (2022) Kat:3, Licht: 0,247611,3,4,6,05,17,3,0,0,0,1,1,0,0,0
"POINT (13.723469809999999 51.077312736000103)",Unfall 247633 (2022) Kat:3, Licht: 0,247633,3,1,0,05,20,2,0,0,1,0,0,0,0,0
"POINT (13.721892233000100 51.077749367000102)",Unfall 247635 (2022) Kat:3, Licht: 0,247635,3,3,5,04,09,3,0,0,1,1,0,0,0,0
"POINT (13.780763215000000 51.070764865999998)",Unfall 247638 (2022) Kat:3, Licht: 0,247638,3,1,0,05,13,4,0,0,1,0,0,0,0,0
"POINT (13.756217602000000 51.069742734000002)",Unfall 247640 (2022) Kat:3, Licht: 0,247640,3,5,1,05,15,5,0,0,1,1,0,0,0,0
"POINT (13.812690280000000 51.019872767000003)",Unfall 247643 (2022) Kat:2, Licht: 0,247643,2,2,6,05,13,4,0,0,0,1,1,0,0,0
"POINT (13.801115793000100 51.022658790000001)",Unfall 247648 (2022) Kat:3, Licht: 0,247648,3,3,5,05,10,2,0,0,1,0,0,0,0,0
"POINT (13.790757846000099 51.010671805000101)",Unfall 247649 (2022) Kat:3, Licht: 0,247649,3,5,0,05,11,6,0,0,1,1,0,0,0,0
"POINT (13.781223594000000 51.012909615000098)",Unfall 247651 (2022) Kat:3, Licht: 0,247651,3,3,5,06,16,2,0,0,1,1,0,0,0,0
"POINT (13.789677304000101 51.045284923000096)",Unfall 247652 (2022) Kat:3, Licht: 0,247652,3,3,5,05,12,4,0,0,1,1,0,0,0,0
"POINT (13.757246640000099 51.049732221000099)",Unfall 247662 (2022) Kat:3, Licht: 0,247662,3,2,5,06,15,7,0,0,1,1,0,0,0,0
"POINT (13.784001985000000 51.054533431999999)",Unfall 247666 (2022) Kat:3, Licht: 0,247666,3,3,5,05,06,7,0,0,1,1,0,0,0,0
"POINT (13.768911685999999 51.049499582000102)",Unfall 247669 (2022) Kat:3, Licht: 0,247669,3,2,6,06,16,4,0,0,0,1,1,0,0,0
"POINT (13.710683319000101 51.050767370000102)",Unfall 247673 (2022) Kat:3, Licht: 0,247673,3,1,0,05,09,1,0,0,1,0,0,0,0,0
"POINT (13.833303068000101 51.056853140999998)",Unfall 247675 (2022) Kat:3, Licht: 0,247675,3,1,0,05,10,6,0,0,1,0,0,0,0,0
"POINT (13.781279723000100 51.070754964999999)",Unfall 247677 (2022) Kat:3, Licht: 0,247677,3,1,0,06,10,2,0,0,1,0,0,0,0,0
"POINT (13.736639970000100 51.074650125000097)",Unfall 247681 (2022) Kat:3, Licht: 0,247681,3,1,0,05,10,3,0,0,1,0,0,0,0,0
"POINT (13.730342018000000 51.053036429000002)",Unfall 247689 (2022) Kat:3, Licht: 0,247689,3,5,1,06,18,6,0,0,0,1,0,0,0,0
"POINT (13.752242431000100 51.077790261000096)",Unfall 247697 (2022) Kat:3, Licht: 0,247697,3,3,5,04,19,1,0,0,1,1,0,0,0,0
"POINT (13.716924955000000 51.080794852000103)",Unfall 247698 (2022) Kat:3, Licht: 0,247698,3,2,3,05,07,3,0,0,1,1,0,0,0,0
"POINT (13.698204907999999 51.045038357000102)",Unfall 247707 (2022) Kat:3, Licht: 0,247707,3,3,5,06,13,2,0,0,1,1,0,0,0,0
"POINT (13.729795593000100 51.012777583999998)",Unfall 247710 (2022) Kat:3, Licht: 0,247710,3,4,6,05,18,7,0,0,1,0,1,0,0,0
"POINT (13.768248429000000 51.047971215000103)",Unfall 247713 (2022) Kat:3, Licht: 0,247713,3,3,5,05,07,6,0,0,1,1,0,0,0,0
"POINT (13.777931153000100 51.041584468000103)",Unfall 247723 (2022) Kat:3, Licht: 0,247723,3,1,0,05,14,6,0,0,1,0,0,0,0,0
"POINT (13.690586703000100 51.011850354000003)",Unfall 247726 (2022) Kat:3, Licht: 0,247726,3,1,8,05,09,3,0,0,1,0,0,0,0,0
"POINT (13.794344628999999 50.990660676000097)",Unfall 247728 (2022) Kat:2, Licht: 0,247728,2,3,5,05,18,5,0,0,1,1,0,0,0,0
"POINT (13.737103013000000 51.119475018000102)",Unfall 247732 (2022) Kat:3, Licht: 0,247732,3,4,6,04,18,2,0,0,1,0,1,0,0,0
"POINT (13.803252284999999 51.053959782000000)",Unfall 247739 (2022) Kat:3, Licht: 0,247739,3,3,0,04,09,6,0,0,0,1,0,1,0,0
"POINT (13.764989881000099 51.048467252000101)",Unfall 247740 (2022) Kat:3, Licht: 0,247740,3,3,5,05,10,4,0,0,1,0,0,0,0,0
"POINT (13.812951018000000 51.041817670000100)",Unfall 247751 (2022) Kat:3, Licht: 0,247751,3,3,5,06,17,5,0,0,0,1,0,0,0,1
"POINT (13.798794328000000 51.052962910000097)",Unfall 247753 (2022) Kat:3, Licht: 0,247753,3,3,5,06,13,6,0,0,0,1,0,1,0,0
"POINT (13.746686456000100 51.053399114999998)",Unfall 247759 (2022) Kat:3, Licht: 0,247759,3,2,5,05,15,7,0,0,1,1,0,0,0,0
"POINT (13.696121217000000 51.045938036000102)",Unfall 247761 (2022) Kat:3, Licht: 0,247761,3,3,5,04,14,6,0,0,1,1,0,0,0,0
"POINT (13.775593709000100 51.045430517000099)",Unfall 247768 (2022) Kat:3, Licht: 0,247768,3,2,5,04,08,5,0,0,1,1,0,0,0,0
"POINT (13.761255275000099 51.050920774000097)",Unfall 247775 (2022) Kat:2, Licht: 0,247775,2,3,5,05,18,4,0,0,0,1,0,1,0,0
"POINT (13.860576138000100 51.019693247000099)",Unfall 247776 (2022) Kat:2, Licht: 0,247776,2,1,0,05,14,1,0,0,1,0,0,0,0,0
"POINT (13.731064904000000 51.053643738000098)",Unfall 247780 (2022) Kat:3, Licht: 0,247780,3,3,5,05,07,5,0,0,1,1,0,0,0,0
"POINT (13.789073439999999 51.044364321000003)",Unfall 247781 (2022) Kat:3, Licht: 0,247781,3,3,5,06,07,3,0,0,1,1,0,0,0,0
"POINT (13.827163576000000 50.998529398000102)",Unfall 247782 (2022) Kat:3, Licht: 2,247782,3,7,0,06,00,2,0,2,1,0,0,0,0,0
"POINT (13.737343955000000 51.033146439000099)",Unfall 247788 (2022) Kat:3, Licht: 0,247788,3,3,5,04,17,3,0,0,0,1,0,0,0,0
"POINT (13.786384586000100 51.060217537000000)",Unfall 247790 (2022) Kat:3, Licht: 0,247790,3,3,0,04,11,6,0,0,0,1,1,0,0,0
"POINT (13.788733592000000 51.043732748000103)",Unfall 247806 (2022) Kat:3, Licht: 0,247806,3,6,2,06,14,4,0,0,0,0,0,0,0,1
"POINT (13.773763906999999 51.046084188000101)",Unfall 247807 (2022) Kat:3, Licht: 0,247807,3,1,3,04,10,5,0,0,1,1,0,0,0,0
"POINT (13.785328374000100 51.035943630000098)",Unfall 247813 (2022) Kat:2, Licht: 0,247813,2,3,5,05,10,5,0,0,1,1,0,0,0,0
"POINT (13.755427887000099 51.049976163000103)",Unfall 247815 (2022) Kat:3, Licht: 0,247815,3,3,5,05,14,3,0,0,1,1,0,0,0,0
"POINT (13.747098315000100 51.048586580000098)",Unfall 247817 (2022) Kat:3, Licht: 0,247817,3,6,2,05,18,6,0,0,1,0,0,0,0,0
"POINT (13.729239603000099 51.080190591000097)",Unfall 247819 (2022) Kat:2, Licht: 0,247819,2,6,3,04,14,4,0,0,1,1,0,0,0,0
"POINT (13.783886622000100 51.034547812000000)",Unfall 247821 (2022) Kat:3, Licht: 0,247821,3,7,3,05,08,2,0,0,0,1,0,0,0,1
"POINT (13.708721853000000 51.077361828999997)",Unfall 247824 (2022) Kat:2, Licht: 2,247824,2,6,4,04,22,5,0,2,1,0,0,0,0,0
"POINT (13.738499325000101 51.039527476000004)",Unfall 247830 (2022) Kat:3, Licht: 0,247830,3,1,0,05,15,5,0,0,0,0,0,1,0,0
"POINT (13.745455544000000 51.068315849999998)",Unfall 247834 (2022) Kat:3, Licht: 0,247834,3,3,5,06,09,4,0,0,1,1,0,0,0,0
"POINT (13.774905864000100 51.039642368999999)",Unfall 247838 (2022) Kat:3, Licht: 0,247838,3,5,1,05,06,5,0,0,1,1,0,0,0,0
"POINT (13.797773860000101 51.047408918000002)",Unfall 247839 (2022) Kat:3, Licht: 0,247839,3,5,1,06,16,2,0,0,1,1,0,0,0,0
"POINT (13.669938210000099 51.053749977999999)",Unfall 247842 (2022) Kat:3, Licht: 0,247842,3,2,5,05,17,3,0,0,0,0,0,1,0,0
"POINT (13.799983500000099 51.005717609000001)",Unfall 247843 (2022) Kat:3, Licht: 0,247843,3,3,0,05,09,3,0,0,0,1,0,0,0,1
"POINT (13.779909389000100 51.044319342999998)",Unfall 247854 (2022) Kat:3, Licht: 0,247854,3,3,5,05,07,3,0,0,1,1,0,0,0,0
"POINT (13.752184307000100 51.054419917000097)",Unfall 247856 (2022) Kat:3, Licht: 0,247856,3,3,5,04,15,1,1,0,1,1,0,0,0,0
"POINT (13.853188222000000 51.051375993000100)",Unfall 247863 (2022) Kat:1, Licht: 2,247863,1,1,9,05,00,1,0,2,0,1,0,0,0,0
"POINT (13.674632994000000 51.090748586000103)",Unfall 247865 (2022) Kat:3, Licht: 0,247865,3,3,5,05,09,6,0,0,1,1,0,0,0,0
"POINT (13.700610445000100 51.044388545000103)",Unfall 247867 (2022) Kat:3, Licht: 0,247867,3,7,5,05,14,4,0,0,0,1,0,0,0,1
"POINT (13.692654057000000 51.085680545000102)",Unfall 247868 (2022) Kat:3, Licht: 0,247868,3,6,2,06,19,4,0,0,0,1,0,0,0,0
"POINT (13.799706590000000 51.046936984000098)",Unfall 247870 (2022) Kat:3, Licht: 1,247870,3,3,5,04,19,2,0,1,1,0,0,1,0,0
"POINT (13.743580488000100 51.035628555000102)",Unfall 247871 (2022) Kat:2, Licht: 0,247871,2,3,5,05,18,4,0,0,1,0,0,1,0,0
"POINT (13.761098070000100 51.068186390000101)",Unfall 247877 (2022) Kat:3, Licht: 2,247877,3,3,5,04,00,7,0,2,1,1,0,0,0,0
"POINT (13.753034999000000 51.073842689000102)",Unfall 247880 (2022) Kat:3, Licht: 0,247880,3,4,6,06,11,3,0,0,0,1,1,0,0,0
"POINT (13.830263454000001 50.999395230000097)",Unfall 247884 (2022) Kat:2, Licht: 0,247884,2,7,1,05,11,7,0,0,1,1,0,0,0,0
"POINT (13.817886671000100 50.998557867000002)",Unfall 247885 (2022) Kat:3, Licht: 0,247885,3,3,5,05,15,4,0,0,1,1,0,0,0,0
"POINT (13.731275649000100 51.053400889999999)",Unfall 247889 (2022) Kat:3, Licht: 0,247889,3,2,5,06,18,6,0,0,1,1,0,0,0,0
"POINT (13.756128183000000 51.055715421999999)",Unfall 247894 (2022) Kat:3, Licht: 0,247894,3,1,0,07,19,7,0,0,1,0,0,0,0,0
"POINT (13.804979483000100 51.052832129000102)",Unfall 247896 (2022) Kat:2, Licht: 0,247896,2,4,6,06,10,3,0,0,0,1,1,0,0,0
"POINT (13.728683813000000 51.052152847000102)",Unfall 247903 (2022) Kat:3, Licht: 0,247903,3,7,2,08,15,2,0,0,0,1,0,0,0,0
"POINT (13.832028705000001 51.019169671000000)",Unfall 247905 (2022) Kat:2, Licht: 1,247905,2,1,0,07,21,5,0,1,1,0,0,0,0,0
"POINT (13.746168710000100 51.059597396000100)",Unfall 247906 (2022) Kat:3, Licht: 0,247906,3,3,5,06,14,5,0,0,1,1,0,0,0,0
"POINT (13.777142706000101 51.043989930000102)",Unfall 247918 (2022) Kat:3, Licht: 0,247918,3,1,0,06,10,7,0,0,0,0,0,1,0,0
"POINT (13.774591854000100 51.117744577000103)",Unfall 247919 (2022) Kat:3, Licht: 0,247919,3,3,5,07,15,5,0,0,1,1,0,0,0,0
"POINT (13.681310934000100 51.042380373000100)",Unfall 247921 (2022) Kat:3, Licht: 0,247921,3,7,5,07,05,5,0,0,0,1,0,0,0,0
"POINT (13.804308410999999 51.051271169000103)",Unfall 247924 (2022) Kat:3, Licht: 0,247924,3,6,2,06,15,4,0,0,1,1,0,0,0,0
"POINT (13.786115537000100 51.120482555000102)",Unfall 247925 (2022) Kat:3, Licht: 0,247925,3,5,1,07,15,3,0,0,1,1,0,0,0,0
"POINT (13.781845509000000 51.040391022999998)",Unfall 247926 (2022) Kat:3, Licht: 0,247926,3,3,5,07,09,3,0,0,0,1,0,0,0,0
"POINT (13.808267001000001 51.050900811000098)",Unfall 247930 (2022) Kat:2, Licht: 0,247930,2,3,4,06,13,6,0,0,0,1,0,1,0,0
"POINT (13.705033541000001 51.089477885000100)",Unfall 247933 (2022) Kat:3, Licht: 1,247933,3,4,6,06,20,5,0,1,0,0,1,1,0,0
"POINT (13.738040566000100 51.047039206000100)",Unfall 247950 (2022) Kat:3, Licht: 0,247950,3,6,3,08,17,7,0,0,0,1,0,1,0,0
"POINT (13.743606176000100 51.035658009000002)",Unfall 247956 (2022) Kat:3, Licht: 0,247956,3,3,5,08,07,3,0,0,1,1,0,0,0,0
"POINT (13.825134339000000 51.003416813000101)",Unfall 247959 (2022) Kat:3, Licht: 0,247959,3,3,5,07,05,6,0,0,1,1,0,0,0,0
"POINT (13.737024384000099 51.037740320000097)",Unfall 247964 (2022) Kat:3, Licht: 0,247964,3,3,5,06,09,4,0,0,0,1,0,0,0,0
"POINT (13.732436181000001 51.024581469000097)",Unfall 247969 (2022) Kat:3, Licht: 0,247969,3,1,8,08,14,4,0,0,0,1,0,0,0,0
"POINT (13.777196021000099 51.060097839999997)",Unfall 247970 (2022) Kat:3, Licht: 0,247970,3,2,2,06,18,5,0,0,0,1,0,0,0,0
"POINT (13.715254772000000 51.036477488999999)",Unfall 247972 (2022) Kat:3, Licht: 0,247972,3,1,0,07,06,3,0,0,1,0,0,0,0,0
"POINT (13.800851797000099 51.050616732000002)",Unfall 247981 (2022) Kat:3, Licht: 0,247981,3,6,0,06,11,3,0,0,0,1,0,0,0,1
"POINT (13.697157686000001 51.043559694000102)",Unfall 247982 (2022) Kat:3, Licht: 0,247982,3,2,6,07,06,2,0,0,0,1,1,0,0,0
"POINT (13.713831884000101 51.027638550000098)",Unfall 247997 (2022) Kat:3, Licht: 0,247997,3,6,0,07,17,3,0,0,0,1,0,0,0,1
"POINT (13.711634458000001 51.028157026000002)",Unfall 248000 (2022) Kat:3, Licht: 0,248000,3,3,0,07,14,4,0,0,0,1,0,1,0,0
"POINT (13.798827427000001 51.052989132000100)",Unfall 248002 (2022) Kat:3, Licht: 0,248002,3,3,5,07,07,5,1,0,1,1,0,0,0,0
"POINT (13.805830458999999 51.011537125000103)",Unfall 248004 (2022) Kat:3, Licht: 0,248004,3,1,0,07,15,6,1,0,1,0,0,0,0,0
"POINT (13.711542610000000 51.033202410000101)",Unfall 248006 (2022) Kat:3, Licht: 0,248006,3,1,0,06,16,4,0,0,1,0,0,0,0,0
"POINT (13.778103649000100 51.132248765000000)",Unfall 248011 (2022) Kat:2, Licht: 0,248011,2,7,0,06,11,6,0,0,1,0,0,0,0,0
"POINT (13.748450267000100 51.069978577000001)",Unfall 248015 (2022) Kat:2, Licht: 0,248015,2,4,6,06,15,4,0,0,0,0,1,0,0,1
"POINT (13.686465200000001 51.083967043000001)",Unfall 248021 (2022) Kat:3, Licht: 0,248021,3,6,1,06,07,3,0,0,0,1,0,0,0,1
"POINT (13.788586049000100 51.042636299999998)",Unfall 248023 (2022) Kat:3, Licht: 0,248023,3,4,6,07,20,3,0,0,1,1,1,0,0,0
"POINT (13.701194676000100 51.042428430000001)",Unfall 248024 (2022) Kat:3, Licht: 0,248024,3,2,4,06,17,6,0,0,1,1,0,0,0,0
"POINT (13.680504062000100 51.040596092999998)",Unfall 248027 (2022) Kat:3, Licht: 2,248027,3,7,0,07,22,4,0,2,1,1,0,0,0,0
"POINT (13.798053977000100 51.024896407000000)",Unfall 248030 (2022) Kat:3, Licht: 0,248030,3,2,2,07,17,1,0,0,0,1,0,1,0,0
"POINT (13.786415774000000 51.028551006000001)",Unfall 248033 (2022) Kat:2, Licht: 0,248033,2,2,5,07,07,3,0,0,1,1,0,0,0,0
"POINT (13.718734295000001 51.039470076000001)",Unfall 248037 (2022) Kat:3, Licht: 0,248037,3,4,0,06,07,2,0,0,1,0,1,0,0,0
"POINT (13.749584319000100 51.033599555000102)",Unfall 248039 (2022) Kat:2, Licht: 2,248039,2,3,5,07,23,7,0,2,1,1,0,0,0,0
"POINT (13.810076858000100 51.018702304000001)",Unfall 248044 (2022) Kat:3, Licht: 0,248044,3,3,5,07,11,3,0,0,1,1,0,0,0,0
"POINT (13.723950736000100 51.080811835000098)",Unfall 248046 (2022) Kat:3, Licht: 0,248046,3,6,1,06,09,4,0,0,0,1,0,1,0,0
"POINT (13.777718777000100 51.052902458000098)",Unfall 248049 (2022) Kat:3, Licht: 0,248049,3,3,5,07,10,5,1,0,0,1,0,0,0,0
"POINT (13.846268638000000 51.017374234999998)",Unfall 248055 (2022) Kat:3, Licht: 0,248055,3,7,0,07,15,1,0,0,1,0,0,0,0,0
"POINT (13.761725148000000 51.031738384000100)",Unfall 248057 (2022) Kat:3, Licht: 0,248057,3,3,5,07,16,3,0,0,1,1,0,0,0,0
"POINT (13.788712005000001 51.017246747999998)",Unfall 248060 (2022) Kat:3, Licht: 0,248060,3,2,4,08,12,2,0,0,1,1,0,0,0,0
"POINT (13.740564972000101 51.050071579000097)",Unfall 248063 (2022) Kat:3, Licht: 0,248063,3,2,5,06,15,5,0,0,1,1,0,0,0,0
"POINT (13.710625476000100 51.077550454000097)",Unfall 248064 (2022) Kat:3, Licht: 0,248064,3,6,4,06,15,2,0,0,1,1,0,0,0,0
"POINT (13.705254949000100 51.022726039000098)",Unfall 248065 (2022) Kat:3, Licht: 0,248065,3,4,6,07,18,6,0,0,0,1,1,0,0,0
"POINT (13.799681587000100 51.046946904000002)",Unfall 248068 (2022) Kat:3, Licht: 0,248068,3,3,5,07,09,6,0,0,0,1,0,0,0,0
"POINT (13.717025231999999 51.055765438999998)",Unfall 248070 (2022) Kat:2, Licht: 0,248070,2,2,5,07,13,5,0,0,0,1,1,0,0,0
"POINT (13.825122400000099 51.011972657999998)",Unfall 248074 (2022) Kat:2, Licht: 2,248074,2,4,6,06,00,1,0,2,0,1,1,0,0,0
"POINT (13.752085113000000 51.036985917000003)",Unfall 248079 (2022) Kat:3, Licht: 0,248079,3,7,0,08,11,4,1,0,1,0,0,0,0,1
"POINT (13.730586432000100 51.088952802000101)",Unfall 248084 (2022) Kat:3, Licht: 0,248084,3,2,5,07,18,6,0,0,1,1,0,0,0,0
"POINT (13.788605799000001 51.039235898000101)",Unfall 248088 (2022) Kat:3, Licht: 0,248088,3,3,5,06,08,5,0,0,0,1,0,1,0,0
"POINT (13.682041232000101 51.042396277000101)",Unfall 248089 (2022) Kat:3, Licht: 0,248089,3,7,0,06,16,6,1,0,1,0,0,0,0,0
"POINT (13.760798266000100 51.044123343000102)",Unfall 248091 (2022) Kat:3, Licht: 0,248091,3,3,5,06,07,2,0,0,0,1,0,0,0,0
"POINT (13.702272774000100 51.045862177000103)",Unfall 248096 (2022) Kat:3, Licht: 0,248096,3,2,5,08,14,6,0,0,1,1,0,0,0,0
"POINT (13.710818507999999 51.029447498000103)",Unfall 248097 (2022) Kat:2, Licht: 0,248097,2,3,5,06,11,5,0,0,1,1,0,0,0,0
"POINT (13.816316315000099 51.006064761000097)",Unfall 248100 (2022) Kat:3, Licht: 1,248100,3,7,1,07,04,4,0,1,0,1,0,1,0,0
"POINT (13.773615382999999 51.118275248000003)",Unfall 248104 (2022) Kat:3, Licht: 2,248104,3,3,5,06,21,7,0,2,0,1,0,0,0,0
"POINT (13.777497332000101 51.058750475000103)",Unfall 248107 (2022) Kat:3, Licht: 0,248107,3,1,2,07,07,6,0,0,1,1,0,0,0,0
"POINT (13.755607575999999 51.029564767000103)",Unfall 248108 (2022) Kat:3, Licht: 0,248108,3,3,5,08,10,5,0,0,1,1,0,0,0,0
"POINT (13.712420203000001 51.033983503000101)",Unfall 248114 (2022) Kat:3, Licht: 0,248114,3,3,5,06,06,6,0,0,1,1,0,0,0,0
"POINT (13.670902818000100 51.067462685000102)",Unfall 248115 (2022) Kat:3, Licht: 0,248115,3,7,6,07,09,2,0,0,0,1,1,0,0,0
"POINT (13.785328482000100 51.035943508000102)",Unfall 248121 (2022) Kat:3, Licht: 0,248121,3,3,0,07,14,7,0,0,1,1,0,0,0,0
"POINT (13.690808315000000 51.053328082000100)",Unfall 248125 (2022) Kat:3, Licht: 2,248125,3,1,0,07,00,1,0,2,1,0,0,0,0,0
"POINT (13.808890403000101 51.052747556999996)",Unfall 248128 (2022) Kat:3, Licht: 0,248128,3,2,3,07,15,4,0,0,1,0,0,0,0,0
"POINT (13.786192809999999 51.049071701000102)",Unfall 248129 (2022) Kat:3, Licht: 0,248129,3,3,5,06,09,4,0,0,0,1,0,0,0,0
"POINT (13.707133296000100 51.041748293000097)",Unfall 248139 (2022) Kat:3, Licht: 0,248139,3,3,5,06,09,4,0,0,1,1,0,0,0,0
"POINT (13.760346145000000 51.026837460000102)",Unfall 248143 (2022) Kat:3, Licht: 0,248143,3,1,4,07,16,4,0,0,1,0,0,0,0,1
"POINT (13.811707334000101 51.020813132999997)",Unfall 248144 (2022) Kat:3, Licht: 0,248144,3,1,0,07,13,7,1,0,1,0,0,0,0,0
"POINT (13.757180915999999 51.054537362000097)",Unfall 248146 (2022) Kat:3, Licht: 0,248146,3,1,0,06,10,3,0,0,1,0,0,0,0,0
"POINT (13.715499862000099 51.027113671999999)",Unfall 248150 (2022) Kat:3, Licht: 0,248150,3,7,0,07,11,7,0,0,1,0,0,0,0,0
"POINT (13.753163797000100 51.066542028000100)",Unfall 248153 (2022) Kat:3, Licht: 2,248153,3,1,0,08,04,1,0,2,1,0,0,0,0,0
"POINT (13.812984286000100 51.019907404000001)",Unfall 248154 (2022) Kat:3, Licht: 0,248154,3,3,5,06,20,3,0,0,1,1,0,0,0,0
"POINT (13.750868767000000 51.031036483000001)",Unfall 248157 (2022) Kat:3, Licht: 0,248157,3,3,5,06,16,6,0,0,1,1,0,0,0,0
"POINT (13.801889706000100 51.042441156999999)",Unfall 248158 (2022) Kat:3, Licht: 2,248158,3,6,3,07,21,4,0,2,1,0,0,0,0,0
"POINT (13.688943655000100 51.057960854999997)",Unfall 248159 (2022) Kat:3, Licht: 2,248159,3,3,5,07,22,1,0,2,0,1,0,0,0,1
"POINT (13.823879315999999 51.012973138000099)",Unfall 248162 (2022) Kat:2, Licht: 0,248162,2,7,8,07,12,2,0,0,0,1,0,0,0,0