WKT,Name,OBJECTID,UKATEGORIE,UTYP1,UART,UMONAT,USTUNDE,UWOCHENTAG,STRZUSTAND,ULICHTVERH,ISTRAD,ISTPKW,ISTFUSS,ISTKRAD,ISTGKFZ,ISTSONSTIG
"POINT (13.701571185000001 51.039357847000097)",Unfall 248165 (2022) Kat:2, Licht: 0,248165,2,1,0,07,13,1,0,0,1,0,0,0,0,0
"POINT (13.802433454999999 51.022129301000099)",Unfall 248171 (2022) Kat:3, Licht: 2,248171,3,1,0,07,01,6,0,2,1,0,0,0,0,0
"POINT (13.760580363000001 51.118046581000002)",Unfall 248177 (2022) Kat:2, Licht: 2,248177,2,1,0,06,00,6,0,2,1,0,0,0,0,0
"POINT (13.666501236000000 51.040240368000099)",Unfall 248178 (2022) Kat:3, Licht: 0,248178,3,1,0,07,15,4,0,0,1,0,0,0,0,0
"POINT (13.829238090000000 51.017015497000003)",Unfall 248185 (2022) Kat:3, Licht: 0,248185,3,2,3,06,14,4,0,0,1,0,0,1,0,0
"POINT (13.848256309000000 51.007126788999997)",Unfall 248186 (2022) Kat:2, Licht: 0,248186,2,7,0,07,07,3,0,0,0,0,0,0,0,1
"POINT (13.804799210000100 51.039854318000003)",Unfall 248189 (2022) Kat:2, Licht: 0,248189,2,3,5,06,15,2,0,0,1,1,0,0,0,0
"POINT (13.739231511000099 51.047346928000103)",Unfall 248195 (2022) Kat:3, Licht: 0,248195,3,2,5,06,14,3,0,0,1,1,0,0,0,0
"POINT (13.837490867000000 51.024799332999997)",Unfall 248198 (2022) Kat:2, Licht: 0,248198,2,7,0,06,16,7,0,0,1,0,0,0,0,0
"POINT (13.639766952000100 51.089079599999998)",Unfall 248201 (2022) Kat:2, Licht: 0,248201,2,7,9,07,12,6,0,0,0,1,0,0,0,1
"POINT (13.758238275000100 51.064919144999998)",Unfall 248203 (2022) Kat:3, Licht: 0,248203,3,7,1,06,14,5,0,0,1,1,0,0,0,0
"POINT (13.751302319000001 51.042447498000101)",Unfall 248213 (2022) Kat:3, Licht: 0,248213,3,3,5,06,11,2,0,0,1,0,0,0,0,0
"POINT (13.729455487999999 51.045707221000001)",Unfall 248217 (2022) Kat:3, Licht: 0,248217,3,2,5,07,16,7,0,0,1,1,0,0,0,0
"POINT (13.712465764000100 51.077533858999999)",Unfall 248226 (2022) Kat:3, Licht: 0,248226,3,4,6,07,21,6,0,0,1,0,1,0,0,0
"POINT (13.774975632000100 51.038125077000103)",Unfall 248229 (2022) Kat:3, Licht: 0,248229,3,4,6,07,08,3,0,0,1,0,1,0,0,0
"POINT (13.699652597000100 51.077156567000003)",Unfall 248233 (2022) Kat:3, Licht: 0,248233,3,1,8,07,19,3,0,0,0,0,0,1,0,0
"POINT (13.660928290000101 51.050191557000097)",Unfall 248238 (2022) Kat:3, Licht: 0,248238,3,4,6,06,14,4,0,0,0,1,1,0,0,0
"POINT (13.793785646000099 51.006900670999997)",Unfall 248244 (2022) Kat:3, Licht: 0,248244,3,3,5,07,16,6,0,0,0,1,0,0,0,0
"POINT (13.800108629000000 51.044622631999999)",Unfall 248245 (2022) Kat:3, Licht: 0,248245,3,3,5,08,17,2,0,0,0,1,0,1,0,0
"POINT (13.876372691000000 50.992860217000000)",Unfall 248254 (2022) Kat:2, Licht: 0,248254,2,7,7,07,12,3,0,0,1,0,1,0,0,0
"POINT (13.781235326999999 51.054691207000097)",Unfall 248256 (2022) Kat:3, Licht: 0,248256,3,7,1,06,10,4,0,0,0,1,1,0,0,0
"POINT (13.775074418000001 51.038201712000003)",Unfall 248258 (2022) Kat:3, Licht: 0,248258,3,2,5,06,14,7,0,0,0,1,0,0,0,1
"POINT (13.798584403000101 51.043170508999999)",Unfall 248268 (2022) Kat:3, Licht: 0,248268,3,1,1,06,17,6,0,0,1,1,0,0,0,0
"POINT (13.717974868000100 51.033764651000098)",Unfall 248270 (2022) Kat:3, Licht: 0,248270,3,3,5,08,12,2,0,0,0,1,0,0,0,1
"POINT (13.773401326000100 51.046225669000101)",Unfall 248278 (2022) Kat:3, Licht: 0,248278,3,6,3,06,07,4,0,0,1,1,0,1,0,0
"POINT (13.757263547999999 51.063902188999997)",Unfall 248280 (2022) Kat:3, Licht: 0,248280,3,5,1,07,19,4,0,0,1,1,0,0,0,0
"POINT (13.718081661999999 51.077529859999999)",Unfall 248282 (2022) Kat:3, Licht: 0,248282,3,1,0,07,12,3,0,0,1,0,0,0,0,0
"POINT (13.865548318000000 51.015624561999999)",Unfall 248283 (2022) Kat:3, Licht: 0,248283,3,6,6,06,13,6,0,0,1,0,1,0,0,0
"POINT (13.727628561000101 51.031876521000100)",Unfall 248285 (2022) Kat:3, Licht: 0,248285,3,1,0,07,20,1,0,0,1,0,0,0,0,0
"POINT (13.761891828000000 51.053148651000100)",Unfall 248289 (2022) Kat:3, Licht: 1,248289,3,3,5,07,22,6,0,1,0,1,0,0,0,0
"POINT (13.726994575999999 51.070662857000102)",Unfall 248291 (2022) Kat:3, Licht: 0,248291,3,5,1,06,17,1,0,0,1,1,0,0,0,0
"POINT (13.826187149000100 51.047950004000000)",Unfall 248296 (2022) Kat:3, Licht: 0,248296,3,7,0,06,07,6,0,0,1,0,0,0,0,0
"POINT (13.775363407000000 51.032977660000000)",Unfall 248304 (2022) Kat:3, Licht: 0,248304,3,2,3,06,18,5,0,0,1,1,0,0,0,0
"POINT (13.743581598000000 51.035629827999998)",Unfall 248310 (2022) Kat:3, Licht: 2,248310,3,3,5,06,22,6,0,2,0,1,0,0,0,0
"POINT (13.767495934000101 51.042573105000002)",Unfall 248311 (2022) Kat:3, Licht: 0,248311,3,3,5,07,11,3,0,0,1,1,0,0,0,0
"POINT (13.821831138000100 51.029454294000097)",Unfall 248315 (2022) Kat:3, Licht: 0,248315,3,4,6,07,08,2,0,0,1,0,1,0,0,0
"POINT (13.738579573999999 51.039511581000099)",Unfall 248318 (2022) Kat:2, Licht: 2,248318,2,1,0,07,02,1,0,2,0,0,0,0,0,1
"POINT (13.740065339000100 51.053688188000102)",Unfall 248323 (2022) Kat:3, Licht: 0,248323,3,7,0,06,17,1,0,0,1,0,0,0,0,0
"POINT (13.752651583000000 51.060465299999997)",Unfall 248328 (2022) Kat:2, Licht: 0,248328,2,6,2,08,17,7,0,0,1,0,0,0,0,0
"POINT (13.718865404000001 51.080536616000103)",Unfall 248335 (2022) Kat:3, Licht: 0,248335,3,5,1,07,08,5,0,0,1,1,0,0,0,0
"POINT (13.766794440000099 51.041814319000103)",Unfall 248338 (2022) Kat:3, Licht: 0,248338,3,7,2,07,12,6,0,0,0,1,0,0,0,0
"POINT (13.704922241000100 51.034366294999998)",Unfall 248344 (2022) Kat:2, Licht: 0,248344,2,6,3,08,13,6,0,0,1,1,0,0,0,0
"POINT (13.776572034000001 51.066765263000001)",Unfall 248348 (2022) Kat:2, Licht: 2,248348,2,1,7,06,22,1,0,2,1,0,0,0,0,0
"POINT (13.779375774000099 51.046220595000101)",Unfall 248349 (2022) Kat:3, Licht: 0,248349,3,7,1,07,08,5,1,0,1,1,0,0,0,0
"POINT (13.746729164000000 51.053336105000000)",Unfall 248351 (2022) Kat:3, Licht: 0,248351,3,1,0,07,14,5,0,0,1,0,0,0,0,0
"POINT (13.754555240000100 51.057157455999999)",Unfall 248352 (2022) Kat:3, Licht: 0,248352,3,6,3,07,15,6,0,0,1,0,0,0,0,0
"POINT (13.718209955000100 51.077526417999998)",Unfall 248353 (2022) Kat:3, Licht: 0,248353,3,1,0,08,06,4,0,0,1,0,0,0,0,0
"POINT (13.747269118000100 51.071969875000001)",Unfall 248354 (2022) Kat:3, Licht: 0,248354,3,2,3,06,09,4,0,0,1,1,0,0,0,0
"POINT (13.749380617000000 51.035669273000103)",Unfall 248359 (2022) Kat:3, Licht: 0,248359,3,6,1,07,15,2,0,0,1,1,0,0,0,0
"POINT (13.688942827000099 51.057961783000103)",Unfall 248361 (2022) Kat:3, Licht: 0,248361,3,3,5,07,16,4,0,0,1,0,0,0,0,0
"POINT (13.818017895000001 51.035299128000098)",Unfall 248366 (2022) Kat:2, Licht: 0,248366,2,2,5,07,18,2,0,0,0,1,0,1,0,0
"POINT (13.742583636000100 51.050467558000001)",Unfall 248371 (2022) Kat:3, Licht: 0,248371,3,7,6,06,09,5,0,0,0,1,1,0,0,0
"POINT (13.715472593000101 51.087990466000100)",Unfall 248378 (2022) Kat:3, Licht: 0,248378,3,3,5,06,05,6,0,0,0,1,0,1,0,0
"POINT (13.734365616000000 51.032143796000099)",Unfall 248379 (2022) Kat:3, Licht: 0,248379,3,6,8,07,16,4,0,0,1,1,0,0,0,0
"POINT (13.752289027000099 51.029375938999998)",Unfall 248389 (2022) Kat:2, Licht: 0,248389,2,7,9,06,16,4,1,0,0,1,0,0,0,0
"POINT (13.797360467000001 51.024197544000103)",Unfall 248391 (2022) Kat:3, Licht: 2,248391,3,3,5,07,23,2,0,2,1,0,0,0,0,1
"POINT (13.744080161999999 51.065561770000002)",Unfall 248398 (2022) Kat:3, Licht: 0,248398,3,3,5,06,08,5,0,0,1,1,0,0,0,0
"POINT (13.717187588000099 51.052764590999999)",Unfall 248420 (2022) Kat:3, Licht: 0,248420,3,6,2,07,13,6,0,0,1,0,0,0,0,0
"POINT (13.798176512000101 51.004206040000000)",Unfall 248421 (2022) Kat:3, Licht: 0,248421,3,5,1,07,13,6,0,0,0,1,0,0,0,1
"POINT (13.796546719000000 51.042680578000002)",Unfall 248426 (2022) Kat:2, Licht: 0,248426,2,7,2,06,09,4,0,0,0,1,0,0,1,0
"POINT (13.798651447000100 51.011839429000098)",Unfall 248430 (2022) Kat:3, Licht: 0,248430,3,1,2,07,14,5,1,0,1,1,0,0,0,0
"POINT (13.781937343999999 51.040542984000098)",Unfall 248452 (2022) Kat:2, Licht: 0,248452,2,1,0,06,08,5,0,0,1,0,0,0,0,0
"POINT (13.749468417999999 51.064752544000001)",Unfall 248454 (2022) Kat:3, Licht: 2,248454,3,7,0,07,21,5,1,2,1,0,0,0,0,0
"POINT (13.757614211000000 51.039929354000002)",Unfall 248458 (2022) Kat:3, Licht: 0,248458,3,6,6,07,10,1,0,0,1,0,1,0,0,0
"POINT (13.701908012000001 51.074442255000100)",Unfall 248466 (2022) Kat:3, Licht: 0,248466,3,3,5,06,15,2,1,0,1,1,0,0,0,0
"POINT (13.710200528000000 51.091899321000000)",Unfall 248470 (2022) Kat:3, Licht: 0,248470,3,5,1,07,19,1,0,0,1,1,0,0,0,0
"POINT (13.760767765000001 51.068308717999997)",Unfall 248474 (2022) Kat:3, Licht: 1,248474,3,1,0,06,20,4,1,1,1,0,0,0,0,0
"POINT (13.710769092000000 51.077548907999997)",Unfall 248475 (2022) Kat:3, Licht: 0,248475,3,1,0,06,12,4,0,0,1,0,0,0,0,0
"POINT (13.738060607000000 51.054357024000097)",Unfall 248476 (2022) Kat:3, Licht: 0,248476,3,6,3,07,13,4,0,0,1,1,0,0,0,0
"POINT (13.771722829000099 51.046913812000099)",Unfall 248478 (2022) Kat:3, Licht: 1,248478,3,2,5,07,07,5,1,1,1,1,0,0,0,0
"POINT (13.678986484000101 51.088243875000003)",Unfall 248483 (2022) Kat:3, Licht: 0,248483,3,2,2,06,08,4,0,0,0,1,0,0,0,0
"POINT (13.731812037999999 51.088767346000097)",Unfall 248484 (2022) Kat:2, Licht: 2,248484,2,7,0,07,00,1,1,2,1,0,0,0,0,0
"POINT (13.743565104000000 51.031899363999997)",Unfall 248492 (2022) Kat:3, Licht: 2,248492,3,1,0,06,03,5,0,2,0,0,0,0,0,1
"POINT (13.737334572000099 51.050476224000100)",Unfall 248495 (2022) Kat:3, Licht: 0,248495,3,3,5,07,18,7,0,0,1,1,0,0,0,0
"POINT (13.724033608000100 51.030949632000002)",Unfall 248500 (2022) Kat:3, Licht: 0,248500,3,3,5,08,10,1,0,0,1,1,0,0,0,0
"POINT (13.755847831000001 51.033601283000102)",Unfall 248502 (2022) Kat:3, Licht: 0,248502,3,3,5,06,15,4,0,0,1,1,0,0,0,0
"POINT (13.737332761000101 51.033148656000002)",Unfall 248509 (2022) Kat:3, Licht: 0,248509,3,3,5,06,13,5,0,0,0,1,0,1,0,0
"POINT (13.781854723000000 51.040406270000098)",Unfall 248515 (2022) Kat:3, Licht: 0,248515,3,6,3,06,18,6,0,0,1,0,0,0,0,0
"POINT (13.837484060000101 51.024813669000103)",Unfall 248522 (2022) Kat:2, Licht: 0,248522,2,1,0,07,07,5,0,0,1,0,0,0,0,0
"POINT (13.748567502000100 51.069316389999997)",Unfall 248523 (2022) Kat:3, Licht: 2,248523,3,1,0,07,00,1,0,2,0,0,0,0,0,1
"POINT (13.841970110000000 51.002308739000100)",Unfall 248528 (2022) Kat:2, Licht: 2,248528,2,1,0,06,22,3,0,2,1,0,0,0,0,0
"POINT (13.788951302999999 51.012146986000097)",Unfall 248536 (2022) Kat:3, Licht: 0,248536,3,2,5,06,07,3,0,0,1,1,0,0,0,0
"POINT (13.804981485000001 51.039791278000102)",Unfall 248539 (2022) Kat:3, Licht: 0,248539,3,6,2,06,13,2,0,0,1,1,0,0,0,0
"POINT (13.780527792999999 51.051747820999999)",Unfall 248562 (2022) Kat:3, Licht: 0,248562,3,3,5,07,12,6,0,0,1,1,0,0,0,0
"POINT (13.750408619000000 51.071441702000101)",Unfall 248563 (2022) Kat:3, Licht: 2,248563,3,1,0,08,00,5,0,2,1,0,0,0,0,0
"POINT (13.785365212000000 51.117617905000003)",Unfall 248564 (2022) Kat:2, Licht: 2,248564,2,1,0,06,01,4,0,2,1,0,0,0,0,0
"POINT (13.749437683000099 51.035695356000097)",Unfall 248570 (2022) Kat:3, Licht: 0,248570,3,2,3,06,19,6,0,0,1,1,0,0,0,0
"POINT (13.818139074999999 50.998440758000100)",Unfall 248573 (2022) Kat:3, Licht: 0,248573,3,3,5,06,16,5,0,0,1,1,0,0,0,0
"POINT (13.765536371000101 51.073193562000000)",Unfall 248581 (2022) Kat:3, Licht: 0,248581,3,2,5,07,11,5,0,0,1,1,0,0,0,0
"POINT (13.809257218000001 51.028197867000102)",Unfall 248583 (2022) Kat:2, Licht: 0,248583,2,6,2,06,06,5,0,0,0,1,0,1,0,0
"POINT (13.749599625000000 51.033600016999998)",Unfall 248585 (2022) Kat:3, Licht: 0,248585,3,3,5,07,20,6,0,0,1,1,0,0,0,0
"POINT (13.801000666000000 51.052671214999997)",Unfall 248587 (2022) Kat:3, Licht: 1,248587,3,1,8,07,03,5,0,1,0,1,0,0,0,0
"POINT (13.800640392000000 51.004040660999998)",Unfall 248589 (2022) Kat:3, Licht: 0,248589,3,3,5,08,09,7,0,0,1,0,0,0,0,1
"POINT (13.660927615000000 51.050194724999997)",Unfall 248591 (2022) Kat:3, Licht: 0,248591,3,1,9,06,19,1,0,0,0,0,0,1,0,0
"POINT (13.739526958000100 51.052627059000002)",Unfall 248592 (2022) Kat:2, Licht: 2,248592,2,1,0,07,03,1,0,2,1,0,0,0,0,0
"POINT (13.800695898000100 51.027234907000000)",Unfall 248593 (2022) Kat:2, Licht: 0,248593,2,4,6,07,16,3,0,0,0,1,1,0,0,0
"POINT (13.804819420000101 51.024175358999997)",Unfall 248594 (2022) Kat:3, Licht: 0,248594,3,5,0,07,10,5,0,0,1,0,0,0,1,0
"POINT (13.813744871999999 51.029021245000102)",Unfall 248601 (2022) Kat:2, Licht: 0,248601,2,1,0,07,09,1,0,0,1,0,0,0,0,0
"POINT (13.819191452000000 51.038814951000099)",Unfall 248604 (2022) Kat:3, Licht: 0,248604,3,7,1,07,07,4,0,0,0,1,0,0,0,1
"POINT (13.760392356000100 51.026780716000097)",Unfall 248610 (2022) Kat:2, Licht: 0,248610,2,1,0,08,12,5,0,0,1,0,0,0,0,0
"POINT (13.752925596000100 51.059070992999999)",Unfall 248612 (2022) Kat:3, Licht: 0,248612,3,3,5,07,15,3,0,0,1,0,0,0,0,0
"POINT (13.788617144000099 51.043250438000001)",Unfall 248642 (2022) Kat:3, Licht: 0,248642,3,2,5,07,07,5,1,0,1,1,0,0,0,0
"POINT (13.846255068000101 51.127088370000102)",Unfall 248643 (2022) Kat:3, Licht: 0,248643,3,3,5,08,05,3,0,0,0,1,0,0,0,0
"POINT (13.745098452000001 51.051601238000003)",Unfall 248650 (2022) Kat:3, Licht: 0,248650,3,7,0,07,14,4,1,0,1,0,0,0,0,0
"POINT (13.753271508000100 51.111023251000098)",Unfall 248653 (2022) Kat:3, Licht: 0,248653,3,3,5,07,12,5,1,0,1,1,0,0,0,0
"POINT (13.802985338999999 51.040415146999997)",Unfall 248657 (2022) Kat:3, Licht: 0,248657,3,2,2,06,07,5,0,0,1,1,0,0,0,0
"POINT (13.812489605000099 51.019811173999997)",Unfall 248660 (2022) Kat:3, Licht: 0,248660,3,2,5,06,11,4,0,0,1,1,0,0,0,0
"POINT (13.692033142000099 51.037690923000099)",Unfall 248662 (2022) Kat:3, Licht: 0,248662,3,1,0,07,18,2,0,0,1,0,0,0,0,0
"POINT (13.747090267999999 51.068093415000099)",Unfall 248672 (2022) Kat:3, Licht: 2,248672,3,7,0,07,00,6,0,2,1,0,0,0,0,0
"POINT (13.790747885000000 51.118884976000103)",Unfall 248674 (2022) Kat:3, Licht: 0,248674,3,7,6,07,15,5,0,0,0,1,1,0,0,0
"POINT (13.774674766000000 51.033237040000103)",Unfall 248676 (2022) Kat:3, Licht: 0,248676,3,2,2,06,09,5,0,0,0,1,0,0,0,0
"POINT (13.757985452000099 51.032889759000099)",Unfall 248682 (2022) Kat:3, Licht: 0,248682,3,3,5,07,20,1,0,0,0,1,0,0,0,0
"POINT (13.773148534000001 51.046324308000102)",Unfall 248683 (2022) Kat:3, Licht: 2,248683,3,1,0,08,01,1,0,2,1,0,0,0,0,0
"POINT (13.676134210000001 51.060715161000097)",Unfall 248685 (2022) Kat:3, Licht: 0,248685,3,1,0,07,17,3,0,0,1,0,0,0,0,0
"POINT (13.848355826000001 51.032430488000003)",Unfall 248687 (2022) Kat:3, Licht: 1,248687,3,1,0,06,19,4,0,1,1,0,0,0,0,0
"POINT (13.732525425000100 51.076296023000097)",Unfall 248689 (2022) Kat:3, Licht: 2,248689,3,6,3,06,02,7,0,2,0,0,0,0,0,1
"POINT (13.787553054000099 51.035224198000002)",Unfall 248698 (2022) Kat:3, Licht: 0,248698,3,6,4,06,08,2,0,0,0,1,0,0,0,0
"POINT (13.777299316000001 51.058726307000001)",Unfall 248701 (2022) Kat:3, Licht: 0,248701,3,2,5,07,06,3,0,0,1,1,0,0,0,0
"POINT (13.729996978000001 51.036312017999997)",Unfall 248702 (2022) Kat:3, Licht: 0,248702,3,1,0,08,06,2,0,0,1,0,0,0,0,0
"POINT (13.687825819000100 51.056519540000103)",Unfall 248703 (2022) Kat:3, Licht: 2,248703,3,3,5,08,04,2,0,2,1,1,0,0,0,0
"POINT (13.731711879000001 51.042841975999998)",Unfall 248705 (2022) Kat:3, Licht: 0,248705,3,2,5,06,09,5,0,0,0,1,0,0,0,0
"POINT (13.808888227000100 51.047485976000097)",Unfall 248712 (2022) Kat:3, Licht: 0,248712,3,1,3,07,11,5,0,0,1,1,0,0,0,0
"POINT (13.808148705000100 51.047996927000000)",Unfall 248715 (2022) Kat:3, Licht: 0,248715,3,3,5,06,18,3,0,0,0,1,0,0,0,0
"POINT (13.844682483000000 51.003205050000098)",Unfall 248719 (2022) Kat:3, Licht: 0,248719,3,3,5,07,13,7,0,0,1,1,0,0,0,0
"POINT (13.752316089000001 51.042049601000002)",Unfall 248723 (2022) Kat:2, Licht: 0,248723,2,6,6,07,20,1,0,0,1,0,1,0,0,0
"POINT (13.797998146999999 51.024840147000099)",Unfall 248729 (2022) Kat:3, Licht: 0,248729,3,7,0,06,14,5,0,0,1,0,0,0,0,0
"POINT (13.772525532000000 51.047583728000099)",Unfall 248730 (2022) Kat:3, Licht: 0,248730,3,1,0,06,18,6,1,0,1,0,0,0,0,0
"POINT (13.740799113000000 51.047232567999998)",Unfall 248737 (2022) Kat:3, Licht: 2,248737,3,3,5,08,21,1,0,2,1,1,0,0,0,0
"POINT (13.750559292000000 51.060932643000100)",Unfall 248738 (2022) Kat:3, Licht: 0,248738,3,3,5,06,07,5,0,0,1,1,0,0,0,0
"POINT (13.792227692000001 51.047566367000101)",Unfall 248739 (2022) Kat:3, Licht: 0,248739,3,6,0,06,09,4,0,0,1,1,0,0,0,0
"POINT (13.712025456999999 51.117339008999998)",Unfall 248740 (2022) Kat:2, Licht: 0,248740,2,7,7,07,19,3,0,0,0,0,0,1,0,0
"POINT (13.750292824000001 51.058043511999998)",Unfall 248742 (2022) Kat:3, Licht: 0,248742,3,6,2,06,08,3,0,0,0,1,0,0,0,0
"POINT (13.849087151000001 51.004324994000100)",Unfall 248747 (2022) Kat:3, Licht: 0,248747,3,1,0,08,08,3,0,0,1,0,0,0,0,0
"POINT (13.733819280000001 51.050730194000003)",Unfall 248749 (2022) Kat:2, Licht: 0,248749,2,3,0,08,15,5,0,0,1,1,0,0,0,0
"POINT (13.777197169000001 51.060084217000103)",Unfall 248751 (2022) Kat:3, Licht: 0,248751,3,3,5,06,18,3,0,0,1,1,0,0,0,0
"POINT (13.824014278000000 51.013130017999998)",Unfall 248752 (2022) Kat:2, Licht: 0,248752,2,7,8,07,12,2,0,0,0,1,0,0,0,0
"POINT (13.789605193000099 51.013933539000000)",Unfall 248757 (2022) Kat:3, Licht: 0,248757,3,3,0,07,08,5,0,0,0,1,0,0,0,1
"POINT (13.739775537000099 51.068350701999996)",Unfall 248760 (2022) Kat:3, Licht: 0,248760,3,1,0,06,06,1,0,0,1,0,0,0,0,0
"POINT (13.730452258000099 51.056327265000000)",Unfall 248761 (2022) Kat:3, Licht: 0,248761,3,7,0,07,09,7,0,0,1,0,0,0,0,0
"POINT (13.842899167000001 51.002555063999999)",Unfall 248765 (2022) Kat:3, Licht: 0,248765,3,3,5,07,13,7,0,0,1,1,0,0,0,0
"POINT (13.809242681000100 51.028141937999997)",Unfall 248768 (2022) Kat:3, Licht: 0,248768,3,3,5,07,06,4,0,0,1,1,0,0,0,0
"POINT (13.757757521000000 51.051462827000101)",Unfall 248769 (2022) Kat:3, Licht: 0,248769,3,6,2,06,16,4,0,0,1,0,0,0,0,0
"POINT (13.760912652000099 51.033440034000101)",Unfall 248773 (2022) Kat:3, Licht: 0,248773,3,3,5,07,18,6,0,0,1,1,0,0,0,0
"POINT (13.769722427000000 51.030279383000000)",Unfall 248782 (2022) Kat:3, Licht: 0,248782,3,6,3,07,09,4,0,0,0,1,0,0,0,1
"POINT (13.678287010000099 51.047670997000097)",Unfall 248787 (2022) Kat:3, Licht: 0,248787,3,3,5,08,15,3,0,0,1,0,0,0,0,0
"POINT (13.776364897000100 51.067836403999998)",Unfall 248802 (2022) Kat:3, Licht: 0,248802,3,2,5,07,15,1,0,0,1,1,0,0,0,0
"POINT (13.786621922000100 51.155546629000099)",Unfall 248814 (2022) Kat:3, Licht: 2,248814,3,7,7,08,21,6,0,2,0,0,0,1,0,0
"POINT (13.828675046000100 51.007231079000100)",Unfall 248816 (2022) Kat:3, Licht: 0,248816,3,6,4,07,12,4,0,0,1,0,0,0,0,1
"POINT (13.801214067000000 51.000914027000100)",Unfall 248823 (2022) Kat:3, Licht: 0,248823,3,7,0,06,09,4,0,0,1,0,0,0,0,0
"POINT (13.769024966000099 51.052643454000098)",Unfall 248825 (2022) Kat:3, Licht: 0,248825,3,3,5,07,14,3,0,0,1,1,0,0,0,0
"POINT (13.721443260000100 51.055634903000097)",Unfall 248826 (2022) Kat:3, Licht: 0,248826,3,3,5,06,15,4,0,0,1,1,0,0,0,0
"POINT (13.779472151000000 51.060860431999998)",Unfall 248828 (2022) Kat:3, Licht: 0,248828,3,7,0,07,06,2,0,0,0,0,0,1,0,0
"POINT (13.758147208000000 51.033091900000002)",Unfall 248833 (2022) Kat:3, Licht: 0,248833,3,7,0,06,17,3,0,0,1,1,0,0,0,0
"POINT (13.735336988000000 51.052568549999997)",Unfall 248835 (2022) Kat:3, Licht: 0,248835,3,4,6,07,18,2,0,0,1,0,1,0,0,0
"POINT (13.603211256000099 51.088364721000097)",Unfall 248840 (2022) Kat:3, Licht: 0,248840,3,6,4,08,10,2,0,0,0,1,0,0,0,0
"POINT (13.738490620000100 51.039534695999997)",Unfall 248843 (2022) Kat:3, Licht: 0,248843,3,3,5,07,06,2,0,0,1,1,0,0,0,0
"POINT (13.777721167999999 51.052907644000101)",Unfall 248846 (2022) Kat:3, Licht: 0,248846,3,1,0,07,17,7,0,0,1,0,0,0,0,0
"POINT (13.692577740000001 51.047313487000103)",Unfall 248853 (2022) Kat:3, Licht: 0,248853,3,2,5,07,19,6,0,0,1,1,0,0,0,0
"POINT (13.728791741000100 51.056227489000001)",Unfall 248862 (2022) Kat:3, Licht: 1,248862,3,1,0,07,20,5,1,1,0,0,0,0,0,1
"POINT (13.756573854000100 51.048649718000000)",Unfall 248863 (2022) Kat:2, Licht: 2,248863,2,1,0,08,02,3,0,2,1,0,0,0,0,0
"POINT (13.847607130000000 51.007846576000098)",Unfall 248866 (2022) Kat:3, Licht: 0,248866,3,7,0,06,17,4,0,0,1,0,0,0,0,0
"POINT (13.678865309000100 51.059791345000100)",Unfall 248867 (2022) Kat:2, Licht: 0,248867,2,1,8,07,18,3,0,0,0,1,0,0,0,0
"POINT (13.818572345000099 51.031184154000101)",Unfall 248868 (2022) Kat:3, Licht: 0,248868,3,3,5,07,15,4,0,0,0,1,0,0,0,0
"POINT (13.746333949000100 51.049042176999997)",Unfall 248869 (2022) Kat:2, Licht: 0,248869,2,6,2,06,14,2,0,0,1,0,0,0,1,0
"POINT (13.741482667000099 51.073292765000097)",Unfall 248876 (2022) Kat:3, Licht: 0,248876,3,2,2,07,16,6,0,0,0,1,0,0,0,0
"POINT (13.779079977000000 51.058877596000102)",Unfall 248880 (2022) Kat:3, Licht: 0,248880,3,7,0,07,18,3,0,0,1,0,0,0,0,0
"POINT (13.658922006000100 51.043403292999997)",Unfall 248885 (2022) Kat:3, Licht: 2,248885,3,1,8,06,02,1,0,2,0,0,0,1,0,0
"POINT (13.775074071000100 51.038201345000097)",Unfall 248892 (2022) Kat:3, Licht: 0,248892,3,3,5,07,16,3,0,0,0,1,0,0,0,1
"POINT (13.771386453000000 51.046442241000101)",Unfall 248895 (2022) Kat:3, Licht: 1,248895,3,1,0,06,20,4,0,1,1,0,0,0,0,0
"POINT (13.701656539000099 51.045567503000001)",Unfall 248896 (2022) Kat:3, Licht: 0,248896,3,6,3,07,10,4,0,0,1,1,0,0,0,0
"POINT (13.804375164000000 51.038213925999997)",Unfall 248902 (2022) Kat:3, Licht: 2,248902,3,5,1,07,16,6,0,2,1,1,0,0,0,0
"POINT (13.691245111000100 51.052252437000000)",Unfall 248905 (2022) Kat:3, Licht: 0,248905,3,1,0,07,14,7,0,0,1,0,0,0,0,0
"POINT (13.775072998000001 51.038200206000099)",Unfall 248909 (2022) Kat:3, Licht: 0,248909,3,2,5,06,14,4,0,0,0,1,0,0,0,1
"POINT (13.699342130000000 51.079872586000100)",Unfall 248910 (2022) Kat:3, Licht: 0,248910,3,3,5,06,17,4,0,0,1,1,0,0,0,0
"POINT (13.756575621000000 51.055097533000001)",Unfall 248916 (2022) Kat:3, Licht: 0,248916,3,3,5,08,07,4,0,0,1,1,0,0,0,0
"POINT (13.726965376000100 51.014317449000004)",Unfall 248918 (2022) Kat:3, Licht: 0,248918,3,3,5,07,14,2,0,0,1,1,0,0,0,0