WKT,Name,OBJECTID,UKATEGORIE,UTYP1,UART,UMONAT,USTUNDE,UWOCHENTAG,STRZUSTAND,ULICHTVERH,ISTRAD,ISTPKW,ISTFUSS,ISTKRAD,ISTGKFZ,ISTSONSTIG
"POINT (13.836981886000000 51.025780523000002)",Unfall 248920 (2022) Kat:3, Licht: 0,248920,3,1,0,06,17,3,0,0,1,0,0,0,0,0
"POINT (13.826822625000000 51.009574004999997)",Unfall 248921 (2022) Kat:3, Licht: 1,248921,3,2,6,07,04,3,0,1,0,1,1,0,0,0
"POINT (13.771682558000100 51.055836630999998)",Unfall 248922 (2022) Kat:2, Licht: 0,248922,2,1,8,06,14,6,0,0,0,0,0,1,0,0
"POINT (13.687664283000100 51.025753902000098)",Unfall 248923 (2022) Kat:3, Licht: 0,248923,3,6,4,07,14,3,0,0,0,1,0,1,0,0
"POINT (13.721064989000100 51.054421296000001)",Unfall 248927 (2022) Kat:3, Licht: 0,248927,3,6,2,06,09,3,0,0,0,1,0,0,0,0
"POINT (13.757237127000099 51.054484530000103)",Unfall 248930 (2022) Kat:3, Licht: 2,248930,3,1,9,06,02,1,0,2,0,1,0,0,0,0
"POINT (13.875844227000099 51.015410019999997)",Unfall 248934 (2022) Kat:3, Licht: 0,248934,3,1,0,08,11,1,1,0,1,0,0,0,0,0
"POINT (13.777685111000000 51.052849498000100)",Unfall 248935 (2022) Kat:3, Licht: 0,248935,3,6,2,06,12,6,0,0,0,1,0,0,0,0
"POINT (13.862264026000000 51.002231639999998)",Unfall 248936 (2022) Kat:3, Licht: 0,248936,3,5,1,06,19,4,0,0,1,1,0,0,0,0
"POINT (13.776853017000100 51.063747827999997)",Unfall 248946 (2022) Kat:3, Licht: 0,248946,3,6,3,06,16,4,0,0,1,0,0,0,0,0
"POINT (13.741528834000100 51.068351538000101)",Unfall 248947 (2022) Kat:3, Licht: 0,248947,3,3,5,06,07,2,0,0,0,0,0,1,1,0
"POINT (13.792914514000101 51.007940197000003)",Unfall 248949 (2022) Kat:3, Licht: 0,248949,3,5,5,06,16,6,0,0,1,1,0,0,0,0
"POINT (13.732347894000000 51.034159694000003)",Unfall 248950 (2022) Kat:3, Licht: 0,248950,3,6,2,07,11,3,0,0,0,1,0,0,0,0
"POINT (13.837409346000101 51.024866001000099)",Unfall 248952 (2022) Kat:3, Licht: 0,248952,3,3,5,07,09,5,0,0,1,1,0,0,0,0
"POINT (13.701527249000000 51.039679274000001)",Unfall 248954 (2022) Kat:3, Licht: 0,248954,3,5,0,07,13,1,0,0,1,1,0,0,0,0
"POINT (13.656874278000000 51.060525570999999)",Unfall 248956 (2022) Kat:3, Licht: 0,248956,3,7,1,06,09,7,0,0,0,1,0,0,0,0
"POINT (13.765835959000100 51.070990848000100)",Unfall 248958 (2022) Kat:2, Licht: 0,248958,2,1,0,07,19,2,0,0,1,0,0,0,0,0
"POINT (13.788379985000100 51.121062096999999)",Unfall 248961 (2022) Kat:3, Licht: 0,248961,3,3,5,07,07,6,0,0,1,1,0,0,0,0
"POINT (13.753006562000101 51.077532850000097)",Unfall 248971 (2022) Kat:3, Licht: 0,248971,3,7,0,08,14,5,0,0,0,0,0,1,0,1
"POINT (13.815834504000099 51.020617113000100)",Unfall 248972 (2022) Kat:3, Licht: 0,248972,3,1,8,10,12,4,0,0,0,1,0,0,0,0
"POINT (13.701566983000101 51.039388590999998)",Unfall 248975 (2022) Kat:3, Licht: 0,248975,3,4,6,10,15,4,0,0,1,0,1,0,0,0
"POINT (13.838044864000000 51.000803943000101)",Unfall 248983 (2022) Kat:3, Licht: 2,248983,3,1,0,10,21,3,0,2,1,0,0,0,0,0
"POINT (13.776387396000100 51.067733804000099)",Unfall 248987 (2022) Kat:3, Licht: 0,248987,3,3,5,09,14,4,1,0,1,1,0,0,0,0
"POINT (13.739607461000000 51.038777355000001)",Unfall 248988 (2022) Kat:3, Licht: 2,248988,3,1,8,09,20,5,0,2,0,0,0,1,0,0
"POINT (13.720083388999999 51.081191398000001)",Unfall 248989 (2022) Kat:3, Licht: 0,248989,3,6,2,08,12,7,0,0,0,1,0,0,0,0
"POINT (13.708664059000100 51.078955532000101)",Unfall 248993 (2022) Kat:3, Licht: 0,248993,3,1,0,09,15,3,0,0,1,0,0,0,0,0
"POINT (13.678813321000099 51.042270719000001)",Unfall 249002 (2022) Kat:3, Licht: 0,249002,3,2,0,08,18,5,0,0,0,1,0,0,0,1
"POINT (13.658037161999999 51.039709721000101)",Unfall 249004 (2022) Kat:3, Licht: 0,249004,3,2,3,09,11,5,0,0,1,0,0,0,1,0
"POINT (13.771788398000099 51.046888561000102)",Unfall 249005 (2022) Kat:3, Licht: 0,249005,3,1,0,09,08,2,0,0,1,0,0,0,0,0
"POINT (13.719759965000000 51.078762978000000)",Unfall 249031 (2022) Kat:3, Licht: 0,249031,3,3,5,09,14,6,0,0,0,1,0,1,0,0
"POINT (13.759957078000101 51.022366582000103)",Unfall 249037 (2022) Kat:3, Licht: 0,249037,3,5,1,08,15,3,0,0,1,1,0,0,0,0
"POINT (13.751536405000000 51.047210936000099)",Unfall 249039 (2022) Kat:3, Licht: 0,249039,3,3,5,10,07,3,0,0,1,1,0,0,0,0
"POINT (13.776047169000000 51.039180395000102)",Unfall 249046 (2022) Kat:3, Licht: 0,249046,3,3,5,08,15,7,1,0,0,1,0,0,0,0
"POINT (13.811102156000100 51.009247566000099)",Unfall 249048 (2022) Kat:3, Licht: 0,249048,3,1,4,08,11,6,1,0,0,0,0,0,1,1
"POINT (13.826376966000099 51.004631909000103)",Unfall 249050 (2022) Kat:3, Licht: 0,249050,3,7,5,09,09,3,1,0,0,1,0,0,0,1
"POINT (13.765447267000100 51.059276721000103)",Unfall 249051 (2022) Kat:2, Licht: 0,249051,2,3,0,08,12,5,0,0,0,1,0,1,0,0
"POINT (13.751249071000100 51.042471718000101)",Unfall 249053 (2022) Kat:3, Licht: 0,249053,3,7,3,08,15,6,0,0,0,1,0,0,0,1
"POINT (13.749517800000000 51.033595189000003)",Unfall 249062 (2022) Kat:3, Licht: 0,249062,3,6,2,09,08,2,1,0,0,1,0,1,0,0
"POINT (13.753248253000001 51.107875261000103)",Unfall 249064 (2022) Kat:3, Licht: 0,249064,3,1,8,08,19,4,0,0,0,0,0,1,0,0
"POINT (13.739618495000100 51.052590694000102)",Unfall 249073 (2022) Kat:3, Licht: 0,249073,3,1,0,09,14,4,1,0,1,0,0,0,0,0
"POINT (13.840953848000000 51.004046029000101)",Unfall 249078 (2022) Kat:3, Licht: 0,249078,3,3,5,09,10,6,0,0,1,1,0,0,0,0
"POINT (13.799561748000000 51.056549646000100)",Unfall 249086 (2022) Kat:3, Licht: 0,249086,3,5,1,10,10,5,0,0,1,1,0,0,0,0
"POINT (13.747284530000099 51.078691624000001)",Unfall 249095 (2022) Kat:3, Licht: 0,249095,3,4,6,09,07,5,0,0,1,0,1,0,0,0
"POINT (13.738969968999999 51.049907284000000)",Unfall 249099 (2022) Kat:3, Licht: 0,249099,3,6,6,09,16,2,0,0,1,0,1,0,0,0
"POINT (13.757175189000099 51.049783836000103)",Unfall 249107 (2022) Kat:3, Licht: 0,249107,3,7,0,08,17,6,0,0,1,0,0,0,0,0
"POINT (13.603324338000000 51.091447436000102)",Unfall 249110 (2022) Kat:3, Licht: 0,249110,3,3,5,09,06,2,0,0,0,1,0,0,0,1
"POINT (13.777197349000099 51.060082090000002)",Unfall 249116 (2022) Kat:3, Licht: 0,249116,3,3,5,08,06,4,0,0,1,1,0,0,0,0
"POINT (13.709303984000000 51.044792407000003)",Unfall 249122 (2022) Kat:3, Licht: 2,249122,3,1,0,09,02,6,0,2,1,0,0,0,0,0
"POINT (13.750362920000001 51.066196357000102)",Unfall 249124 (2022) Kat:3, Licht: 2,249124,3,1,1,09,23,7,0,2,1,1,0,0,0,0
"POINT (13.720202617000000 51.049282662000103)",Unfall 249127 (2022) Kat:3, Licht: 0,249127,3,1,0,10,09,7,0,0,0,0,0,0,0,1
"POINT (13.782551184000100 51.121820770000099)",Unfall 249133 (2022) Kat:3, Licht: 2,249133,3,1,0,09,20,3,0,2,1,0,0,0,0,0
"POINT (13.759957839000000 51.027293086999997)",Unfall 249137 (2022) Kat:3, Licht: 0,249137,3,2,6,09,18,3,1,0,0,1,1,0,0,0
"POINT (13.782228499000000 51.056648387999999)",Unfall 249144 (2022) Kat:3, Licht: 0,249144,3,2,3,09,11,3,0,0,0,1,0,0,0,1
"POINT (13.761434920000100 51.071091411000097)",Unfall 249145 (2022) Kat:3, Licht: 0,249145,3,2,4,08,18,6,0,0,1,1,0,0,0,0
"POINT (13.673383906000000 51.082107135999998)",Unfall 249149 (2022) Kat:3, Licht: 0,249149,3,4,6,10,16,4,0,0,1,0,1,0,0,0
"POINT (13.672767946000000 51.052895505000002)",Unfall 249150 (2022) Kat:3, Licht: 0,249150,3,3,5,09,14,5,1,0,1,0,0,0,0,1
"POINT (13.681582884000001 51.052443992000100)",Unfall 249157 (2022) Kat:3, Licht: 0,249157,3,2,2,10,06,3,0,0,1,1,0,0,0,0
"POINT (13.700338258000000 51.039845263000103)",Unfall 249158 (2022) Kat:3, Licht: 0,249158,3,7,0,08,12,2,0,0,1,0,0,0,0,0
"POINT (13.692614471000100 51.047286932000098)",Unfall 249160 (2022) Kat:3, Licht: 2,249160,3,3,5,10,20,1,1,2,0,1,0,0,0,0
"POINT (13.802611326999999 51.027981816000100)",Unfall 249163 (2022) Kat:3, Licht: 2,249163,3,5,1,08,23,6,0,2,1,1,0,0,0,0
"POINT (13.677928880000000 51.089804550000103)",Unfall 249167 (2022) Kat:3, Licht: 0,249167,3,3,5,09,06,3,0,0,0,1,0,1,0,0
"POINT (13.755790236999999 51.045728569000097)",Unfall 249171 (2022) Kat:3, Licht: 0,249171,3,1,0,08,17,7,1,0,1,0,0,0,0,0
"POINT (13.790909909000000 51.021380314000098)",Unfall 249173 (2022) Kat:3, Licht: 0,249173,3,6,2,08,13,3,1,0,0,1,0,0,0,0
"POINT (13.752235350999999 51.077783141000097)",Unfall 249174 (2022) Kat:3, Licht: 0,249174,3,2,3,08,07,4,0,0,0,1,0,0,0,1
"POINT (13.722589079000000 51.056557084000097)",Unfall 249182 (2022) Kat:3, Licht: 0,249182,3,1,0,08,08,2,0,0,1,0,0,0,0,0
"POINT (13.832651484000101 51.029474348000100)",Unfall 249184 (2022) Kat:2, Licht: 0,249184,2,1,0,08,16,2,0,0,1,0,0,0,0,0
"POINT (13.783576393000001 51.035085798000097)",Unfall 249187 (2022) Kat:3, Licht: 0,249187,3,4,6,08,06,2,0,0,1,0,1,0,0,0
"POINT (13.786418679000100 51.028504987000098)",Unfall 249189 (2022) Kat:3, Licht: 2,249189,3,3,5,09,19,4,1,2,1,1,0,0,0,0
"POINT (13.724333913000100 51.057876333000102)",Unfall 249192 (2022) Kat:3, Licht: 0,249192,3,1,0,09,17,4,1,0,1,0,0,0,0,0
"POINT (13.661887003000100 51.068253057000000)",Unfall 249197 (2022) Kat:3, Licht: 0,249197,3,6,4,08,16,4,0,0,1,1,0,0,0,0
"POINT (13.799774370000000 51.005561792999998)",Unfall 249198 (2022) Kat:3, Licht: 0,249198,3,4,6,09,18,3,1,0,1,0,1,0,0,0
"POINT (13.766964619000101 51.052917239000102)",Unfall 249203 (2022) Kat:3, Licht: 0,249203,3,2,5,09,07,3,1,0,0,0,0,0,1,1
"POINT (13.721894174999999 51.055674035999999)",Unfall 249206 (2022) Kat:3, Licht: 2,249206,3,6,6,08,21,5,0,2,1,0,1,0,0,0
"POINT (13.748719695000000 51.048253375999998)",Unfall 249207 (2022) Kat:3, Licht: 0,249207,3,3,5,10,12,4,0,0,1,1,0,0,0,0
"POINT (13.722659851000101 51.074787561999997)",Unfall 249208 (2022) Kat:3, Licht: 0,249208,3,1,0,08,14,3,0,0,1,0,0,0,0,0
"POINT (13.768957914000101 51.049607271000099)",Unfall 249226 (2022) Kat:3, Licht: 0,249226,3,3,5,09,07,3,0,0,0,1,0,0,0,0
"POINT (13.811675863000101 51.021159855000100)",Unfall 249230 (2022) Kat:3, Licht: 0,249230,3,1,0,08,13,5,0,0,1,0,0,0,0,0
"POINT (13.797631802000099 51.012585435000098)",Unfall 249231 (2022) Kat:3, Licht: 0,249231,3,1,0,09,12,6,1,0,1,0,0,0,0,0
"POINT (13.789850035000001 51.036661971999997)",Unfall 249234 (2022) Kat:3, Licht: 0,249234,3,6,0,09,12,2,0,0,0,1,0,0,0,1
"POINT (13.744747772000000 51.031689589000102)",Unfall 249241 (2022) Kat:3, Licht: 0,249241,3,3,5,09,15,2,0,0,0,1,0,0,0,0
"POINT (13.788303500000000 51.030522948000097)",Unfall 249242 (2022) Kat:3, Licht: 0,249242,3,3,5,08,14,4,0,0,0,1,0,0,0,1
"POINT (13.678309558000000 51.042212812999999)",Unfall 249250 (2022) Kat:2, Licht: 0,249250,2,7,4,08,11,5,0,0,0,1,0,1,0,0
"POINT (13.746532136000001 51.072109313000098)",Unfall 249261 (2022) Kat:3, Licht: 0,249261,3,3,5,08,08,3,0,0,1,1,0,0,0,0
"POINT (13.779987973000100 51.044263237999999)",Unfall 249262 (2022) Kat:3, Licht: 0,249262,3,6,0,10,10,3,0,0,0,1,0,0,0,1
"POINT (13.757946212000000 51.032878177000001)",Unfall 249264 (2022) Kat:3, Licht: 0,249264,3,2,5,09,10,7,0,0,0,1,0,0,0,0
"POINT (13.717380040000000 51.052403167000101)",Unfall 249266 (2022) Kat:2, Licht: 0,249266,2,4,6,09,14,6,0,0,0,1,1,0,0,0
"POINT (13.692899559000100 51.046527503999997)",Unfall 249269 (2022) Kat:3, Licht: 0,249269,3,1,0,09,13,1,0,0,1,0,0,0,0,0
"POINT (13.808297432000099 51.050875697000002)",Unfall 249270 (2022) Kat:3, Licht: 0,249270,3,2,5,09,10,7,0,0,0,1,0,0,0,0
"POINT (13.707173337000000 51.042221621000103)",Unfall 249274 (2022) Kat:3, Licht: 0,249274,3,3,5,09,08,6,0,0,1,1,0,0,0,0
"POINT (13.761629047000000 51.051987451999999)",Unfall 249278 (2022) Kat:3, Licht: 0,249278,3,2,5,08,15,6,0,0,1,1,0,0,0,0
"POINT (13.721562193000100 51.085977489000101)",Unfall 249287 (2022) Kat:3, Licht: 0,249287,3,4,6,08,11,4,0,0,0,0,1,1,0,0
"POINT (13.775234856000100 51.038371950000098)",Unfall 249326 (2022) Kat:2, Licht: 0,249326,2,1,0,10,07,5,0,0,0,0,0,1,0,0
"POINT (13.830662947000100 51.009525470000000)",Unfall 249333 (2022) Kat:3, Licht: 2,249333,3,1,0,09,19,7,0,2,1,0,0,0,0,0
"POINT (13.775812387000000 51.050803963000099)",Unfall 249338 (2022) Kat:3, Licht: 0,249338,3,2,4,10,14,4,0,0,1,1,0,0,0,0
"POINT (13.719963436000100 51.059320716000101)",Unfall 249339 (2022) Kat:3, Licht: 0,249339,3,5,2,08,15,4,0,0,1,1,0,0,0,0
"POINT (13.765343565000000 51.046958566999997)",Unfall 249342 (2022) Kat:3, Licht: 0,249342,3,3,5,09,17,5,0,0,0,1,0,0,0,0
"POINT (13.716632575000100 51.046104667000101)",Unfall 249346 (2022) Kat:3, Licht: 2,249346,3,7,1,08,03,4,0,2,0,1,0,0,0,0
"POINT (13.728016801000001 51.045346246000101)",Unfall 249347 (2022) Kat:3, Licht: 0,249347,3,1,0,08,12,3,0,0,1,0,0,0,0,0
"POINT (13.666009190000100 51.049092259000098)",Unfall 249352 (2022) Kat:3, Licht: 0,249352,3,1,0,09,13,7,1,0,0,0,0,1,0,0
"POINT (13.755979034000100 51.055852496999997)",Unfall 249358 (2022) Kat:3, Licht: 2,249358,3,2,5,08,01,2,0,2,0,1,0,0,0,1
"POINT (13.740187178999999 51.051569610000101)",Unfall 249360 (2022) Kat:3, Licht: 0,249360,3,4,6,09,18,6,0,0,0,0,1,0,0,1
"POINT (13.756558606000100 51.055090407000101)",Unfall 249363 (2022) Kat:3, Licht: 0,249363,3,4,6,09,09,3,0,0,0,1,1,0,0,0
"POINT (13.852364441000100 50.997861594000000)",Unfall 249366 (2022) Kat:2, Licht: 0,249366,2,7,6,08,11,4,0,0,1,0,1,0,0,0
"POINT (13.809071380000001 51.047226874000003)",Unfall 249373 (2022) Kat:3, Licht: 0,249373,3,3,5,08,19,4,0,0,1,1,0,0,0,0
"POINT (13.708986521000000 51.044712349000100)",Unfall 249380 (2022) Kat:3, Licht: 0,249380,3,4,6,08,10,6,0,0,0,1,1,0,0,0
"POINT (13.741381463000000 51.053547862000102)",Unfall 249381 (2022) Kat:3, Licht: 1,249381,3,6,4,10,07,5,0,1,1,0,0,0,0,0
"POINT (13.757182993000100 51.049743379000098)",Unfall 249385 (2022) Kat:3, Licht: 0,249385,3,3,5,08,18,7,0,0,0,1,0,0,0,0
"POINT (13.824218909000001 51.033382836000001)",Unfall 249389 (2022) Kat:3, Licht: 0,249389,3,5,1,08,19,5,0,0,1,1,0,0,0,0
"POINT (13.808018690000001 51.027501110999999)",Unfall 249392 (2022) Kat:3, Licht: 0,249392,3,6,6,10,14,4,0,0,1,0,1,0,0,0
"POINT (13.836137382000100 51.007172417000000)",Unfall 249393 (2022) Kat:2, Licht: 0,249393,2,2,5,09,17,5,0,0,1,0,0,0,0,0
"POINT (13.817750062000099 51.007846964000102)",Unfall 249396 (2022) Kat:3, Licht: 0,249396,3,7,0,09,14,5,1,0,1,0,0,0,0,0
"POINT (13.769594509000100 51.051073556000098)",Unfall 249398 (2022) Kat:2, Licht: 0,249398,2,3,5,09,16,2,0,0,1,1,0,0,0,0
"POINT (13.804270437000101 51.048345603000001)",Unfall 249399 (2022) Kat:2, Licht: 0,249399,2,1,0,08,08,5,0,0,1,0,0,0,0,0
"POINT (13.733561873999999 51.035637043000101)",Unfall 249401 (2022) Kat:3, Licht: 0,249401,3,1,0,08,12,3,1,0,1,0,0,0,0,0
"POINT (13.777317390000100 51.058729253000102)",Unfall 249405 (2022) Kat:3, Licht: 0,249405,3,2,3,09,13,7,0,0,1,1,0,0,0,0
"POINT (13.770259668000101 51.028913993000103)",Unfall 249406 (2022) Kat:2, Licht: 0,249406,2,1,0,10,14,3,0,0,0,0,0,1,0,0
"POINT (13.639485012000000 51.032371087000101)",Unfall 249409 (2022) Kat:3, Licht: 0,249409,3,7,7,08,09,3,0,0,1,0,0,0,0,0
"POINT (13.750753960000100 51.079026375000097)",Unfall 249411 (2022) Kat:3, Licht: 0,249411,3,6,2,08,18,1,0,0,0,1,0,0,0,0
"POINT (13.775645817000100 51.045355465999997)",Unfall 249412 (2022) Kat:3, Licht: 0,249412,3,2,5,09,13,4,0,0,1,1,0,0,0,0
"POINT (13.720229190000101 51.081237525000098)",Unfall 249414 (2022) Kat:3, Licht: 0,249414,3,2,5,08,13,3,0,0,0,1,0,1,0,0
"POINT (13.752184176000100 51.054420067000102)",Unfall 249420 (2022) Kat:3, Licht: 0,249420,3,3,5,09,07,3,0,0,1,1,0,0,0,0
"POINT (13.685455415000000 51.084533051000101)",Unfall 249423 (2022) Kat:3, Licht: 0,249423,3,1,0,08,14,4,0,0,1,0,0,0,0,0
"POINT (13.720253253000100 51.054640138000103)",Unfall 249424 (2022) Kat:3, Licht: 0,249424,3,4,6,09,16,2,0,0,0,1,1,0,0,0
"POINT (13.787544333000000 51.053872038000101)",Unfall 249427 (2022) Kat:3, Licht: 0,249427,3,2,5,09,09,2,1,0,1,0,0,0,0,1
"POINT (13.708957547000100 51.047232196000003)",Unfall 249432 (2022) Kat:3, Licht: 0,249432,3,2,3,10,08,2,0,0,1,0,0,0,0,1
"POINT (13.737293085999999 51.047503110999997)",Unfall 249434 (2022) Kat:3, Licht: 0,249434,3,6,3,09,13,1,0,0,0,1,0,0,0,1
"POINT (13.748358676000100 51.032334354000099)",Unfall 249441 (2022) Kat:3, Licht: 0,249441,3,2,4,08,06,3,0,0,1,1,0,0,0,0
"POINT (13.839824061000099 51.021333175000102)",Unfall 249445 (2022) Kat:2, Licht: 0,249445,2,5,1,09,11,5,0,0,1,1,0,0,0,0
"POINT (13.780342440000000 51.030861469000101)",Unfall 249451 (2022) Kat:3, Licht: 0,249451,3,2,5,09,17,6,0,0,1,1,0,0,0,0
"POINT (13.688930147000100 51.057975983000098)",Unfall 249452 (2022) Kat:3, Licht: 0,249452,3,3,5,09,14,6,0,0,0,1,0,1,0,0
"POINT (13.743384314000000 51.040378228000101)",Unfall 249454 (2022) Kat:3, Licht: 0,249454,3,6,2,09,14,7,0,0,0,1,0,0,0,0
"POINT (13.784071323999999 51.017532141000103)",Unfall 249456 (2022) Kat:3, Licht: 0,249456,3,5,2,08,07,4,0,0,0,1,0,0,1,0
"POINT (13.849296581999999 50.991702246000003)",Unfall 249457 (2022) Kat:3, Licht: 0,249457,3,5,1,10,17,3,0,0,0,1,0,0,0,0
"POINT (13.848680050000000 51.004269125000100)",Unfall 249460 (2022) Kat:3, Licht: 0,249460,3,3,0,10,14,7,1,0,0,1,0,1,0,0
"POINT (13.690660333000000 51.053690721000102)",Unfall 249468 (2022) Kat:2, Licht: 0,249468,2,1,0,09,15,3,1,0,1,0,0,0,0,0
"POINT (13.756134364999999 51.069765215000103)",Unfall 249470 (2022) Kat:2, Licht: 0,249470,2,1,0,08,09,7,1,0,1,0,0,0,0,0
"POINT (13.666494518000000 51.053845185999997)",Unfall 249471 (2022) Kat:3, Licht: 2,249471,3,2,6,09,03,5,0,2,0,1,1,0,0,0
"POINT (13.765416607000100 51.059285589000098)",Unfall 249475 (2022) Kat:2, Licht: 0,249475,2,3,5,08,17,5,0,0,0,1,0,1,0,0
"POINT (13.731000275000000 51.042425884000103)",Unfall 249477 (2022) Kat:3, Licht: 0,249477,3,2,5,08,07,5,0,0,1,1,0,0,0,0
"POINT (13.778731866999999 51.031464638999999)",Unfall 249479 (2022) Kat:2, Licht: 0,249479,2,1,3,09,17,5,0,0,1,1,0,0,0,0
"POINT (13.685953117000100 51.062939403000001)",Unfall 249482 (2022) Kat:3, Licht: 0,249482,3,3,5,09,14,5,1,0,1,0,0,0,0,0
"POINT (13.717924505999999 51.048777192000003)",Unfall 249484 (2022) Kat:3, Licht: 0,249484,3,1,0,08,08,4,0,0,1,0,0,0,0,0
"POINT (13.759112882000100 51.053696422000002)",Unfall 249488 (2022) Kat:3, Licht: 0,249488,3,7,0,10,08,3,0,0,1,0,0,0,0,0
"POINT (13.777196339000101 51.060094065999998)",Unfall 249494 (2022) Kat:3, Licht: 0,249494,3,6,2,09,08,1,0,0,0,1,0,0,0,0
"POINT (13.798255499000000 51.006334942000102)",Unfall 249495 (2022) Kat:3, Licht: 2,249495,3,1,0,08,22,1,0,2,1,0,0,0,0,0
"POINT (13.749267832999999 51.047822152999998)",Unfall 249498 (2022) Kat:3, Licht: 2,249498,3,1,0,09,22,6,0,2,1,0,0,0,0,0
"POINT (13.776489654000001 51.016918126000100)",Unfall 249500 (2022) Kat:3, Licht: 0,249500,3,4,6,09,16,3,0,0,1,0,1,0,0,0
"POINT (13.746051550000100 51.059646725999997)",Unfall 249507 (2022) Kat:2, Licht: 0,249507,2,3,5,09,14,4,0,0,1,0,0,0,0,1
"POINT (13.743491246000101 51.040260600000103)",Unfall 249513 (2022) Kat:3, Licht: 2,249513,3,3,5,08,22,5,0,2,0,1,0,0,0,0
"POINT (13.729092129000000 51.051057544000102)",Unfall 249514 (2022) Kat:3, Licht: 0,249514,3,1,0,10,17,4,0,0,1,0,0,0,0,0
"POINT (13.675755340000000 51.060645357000098)",Unfall 249521 (2022) Kat:2, Licht: 0,249521,2,1,0,08,17,1,0,0,1,0,0,0,0,0
"POINT (13.745745727999999 51.036883604000103)",Unfall 249524 (2022) Kat:3, Licht: 0,249524,3,6,2,08,17,5,0,0,0,1,0,0,0,0
"POINT (13.730475148000000 51.096899475000001)",Unfall 249525 (2022) Kat:3, Licht: 0,249525,3,1,0,09,16,6,1,0,1,0,0,0,0,0
"POINT (13.807589524000001 51.052416740000098)",Unfall 249541 (2022) Kat:3, Licht: 0,249541,3,6,2,10,16,2,0,0,1,1,0,0,0,0
"POINT (13.783146836000100 51.018053413000104)",Unfall 249542 (2022) Kat:3, Licht: 0,249542,3,3,0,09,18,1,0,0,1,1,0,0,0,0
"POINT (13.784331669000000 51.070809742000101)",Unfall 249544 (2022) Kat:3, Licht: 1,249544,3,1,0,09,07,6,0,1,1,0,0,0,0,0
"POINT (13.798216405000099 51.025058325000003)",Unfall 249553 (2022) Kat:3, Licht: 0,249553,3,2,0,09,15,6,0,0,0,1,0,0,0,1
"POINT (13.817399004000000 51.015255875000001)",Unfall 249555 (2022) Kat:3, Licht: 2,249555,3,1,0,08,21,6,0,2,1,0,0,0,0,0
"POINT (13.802724162000100 51.049692504000099)",Unfall 249558 (2022) Kat:2, Licht: 1,249558,2,1,0,10,18,5,0,1,1,0,0,0,0,0
"POINT (13.672500661000100 51.067296034000002)",Unfall 249565 (2022) Kat:3, Licht: 0,249565,3,6,0,09,15,3,0,0,1,1,0,0,0,0
"POINT (13.880902375000099 51.020205670000102)",Unfall 249566 (2022) Kat:3, Licht: 0,249566,3,1,0,08,08,4,0,0,1,0,0,0,0,0
"POINT (13.700584742000000 51.082304309999998)",Unfall 249568 (2022) Kat:3, Licht: 0,249568,3,2,5,08,15,5,0,0,1,0,0,0,0,0
"POINT (13.768357509000101 51.072317575000099)",Unfall 249572 (2022) Kat:3, Licht: 0,249572,3,7,8,10,06,4,0,0,0,1,0,0,0,0
"POINT (13.804185537000000 51.050752881000101)",Unfall 249574 (2022) Kat:3, Licht: 0,249574,3,3,5,09,13,2,0,0,1,1,0,0,0,0
"POINT (13.658701608000101 51.039862755999998)",Unfall 249576 (2022) Kat:3, Licht: 0,249576,3,6,2,09,15,2,0,0,0,1,0,0,0,0
"POINT (13.757453054000100 51.034841993999997)",Unfall 249598 (2022) Kat:2, Licht: 1,249598,2,1,0,08,18,2,1,1,1,0,0,0,0,0
"POINT (13.751043318000001 51.071276898000100)",Unfall 249599 (2022) Kat:3, Licht: 0,249599,3,1,0,09,15,7,0,0,1,0,0,0,0,0
"POINT (13.903151617000001 51.026187231999998)",Unfall 249601 (2022) Kat:3, Licht: 0,249601,3,1,1,09,11,4,0,0,0,1,0,1,0,0
"POINT (13.812761911999999 51.028530612000097)",Unfall 249602 (2022) Kat:2, Licht: 0,249602,2,3,5,10,10,7,0,0,1,1,0,0,0,0
"POINT (13.806083522000099 51.052137385999998)",Unfall 249604 (2022) Kat:3, Licht: 0,249604,3,6,2,09,11,7,0,0,1,1,0,0,0,0
"POINT (13.718267652000099 51.031564088000003)",Unfall 249612 (2022) Kat:3, Licht: 0,249612,3,5,1,09,08,3,0,0,1,1,0,0,0,0
"POINT (13.776299565000000 51.068126831000001)",Unfall 249613 (2022) Kat:3, Licht: 0,249613,3,1,0,10,07,6,0,0,1,0,0,0,0,0
"POINT (13.840930803999999 51.001974599999997)",Unfall 249614 (2022) Kat:3, Licht: 0,249614,3,4,6,08,10,7,1,0,0,1,1,0,0,0
"POINT (13.793628647000000 51.028639998000102)",Unfall 249618 (2022) Kat:3, Licht: 2,249618,3,2,5,09,19,3,1,2,1,1,0,0,0,0
"POINT (13.679622126000000 51.043569720000100)",Unfall 249620 (2022) Kat:3, Licht: 0,249620,3,3,5,09,13,2,0,0,1,1,0,0,0,0
"POINT (13.775733422000000 51.050838587000001)",Unfall 249622 (2022) Kat:3, Licht: 0,249622,3,3,4,10,11,4,0,0,0,1,0,0,0,0
"POINT (13.783460158000000 51.121395313000100)",Unfall 249623 (2022) Kat:3, Licht: 0,249623,3,7,0,09,13,5,0,0,0,1,0,1,0,0