WKT,Name,OBJECTID,UKATEGORIE,UTYP1,UART,UMONAT,USTUNDE,UWOCHENTAG,STRZUSTAND,ULICHTVERH,ISTRAD,ISTPKW,ISTFUSS,ISTKRAD,ISTGKFZ,ISTSONSTIG
"POINT (13.747791287000000 51.053484630000099)",Unfall 249632 (2022) Kat:3, Licht: 0,249632,3,3,5,08,15,3,0,0,1,1,0,0,0,0
"POINT (13.707258081000100 51.091644983999998)",Unfall 249637 (2022) Kat:3, Licht: 0,249637,3,5,0,09,07,4,0,0,1,1,0,0,0,0
"POINT (13.758365825000100 51.046258115999997)",Unfall 249638 (2022) Kat:3, Licht: 0,249638,3,2,5,09,15,4,1,0,1,1,0,0,0,0
"POINT (13.831047548000100 51.026502000000100)",Unfall 249642 (2022) Kat:3, Licht: 0,249642,3,1,0,08,18,1,0,0,1,0,0,0,0,0
"POINT (13.722816013999999 51.055498795000098)",Unfall 249643 (2022) Kat:3, Licht: 0,249643,3,3,0,09,14,3,0,0,0,1,0,0,0,1
"POINT (13.739788111999999 51.053719332000099)",Unfall 249648 (2022) Kat:3, Licht: 2,249648,3,1,0,08,23,7,1,2,1,0,0,0,0,0
"POINT (13.788646772000000 51.043277291000003)",Unfall 249651 (2022) Kat:3, Licht: 0,249651,3,2,5,09,14,3,0,0,1,0,0,0,0,1
"POINT (13.776416073000100 51.112238527999999)",Unfall 249653 (2022) Kat:3, Licht: 0,249653,3,6,4,10,15,4,0,0,1,1,0,0,0,0
"POINT (13.717190713000001 51.077490588000003)",Unfall 249659 (2022) Kat:2, Licht: 2,249659,2,1,0,08,00,2,0,2,1,0,0,0,0,0
"POINT (13.673711222000099 51.091474097999999)",Unfall 249663 (2022) Kat:3, Licht: 0,249663,3,7,7,09,09,4,0,0,1,0,0,0,0,0
"POINT (13.756048237000099 51.065791617999999)",Unfall 249665 (2022) Kat:3, Licht: 0,249665,3,1,0,09,15,6,0,0,0,0,0,0,0,1
"POINT (13.718003706999999 51.028833702999997)",Unfall 249669 (2022) Kat:3, Licht: 2,249669,3,7,0,08,01,7,0,2,0,0,0,0,0,1
"POINT (13.787064902000100 51.029240752000099)",Unfall 249671 (2022) Kat:3, Licht: 0,249671,3,1,0,09,17,3,1,0,1,0,0,0,0,0
"POINT (13.822809224000000 51.032072692000000)",Unfall 249673 (2022) Kat:3, Licht: 2,249673,3,3,0,08,22,7,0,2,1,1,0,0,0,0
"POINT (13.725212682000100 51.050210038000003)",Unfall 249678 (2022) Kat:3, Licht: 0,249678,3,3,5,09,11,3,0,0,1,1,0,0,0,0
"POINT (13.806630562000100 51.052115442000101)",Unfall 249679 (2022) Kat:3, Licht: 0,249679,3,4,2,08,16,5,0,0,1,1,1,0,0,0
"POINT (13.822837841000000 51.004799359000103)",Unfall 249683 (2022) Kat:2, Licht: 0,249683,2,6,4,10,18,4,0,0,0,1,0,0,0,0
"POINT (13.737296184000099 51.062421137000101)",Unfall 249690 (2022) Kat:2, Licht: 2,249690,2,4,6,08,22,3,0,2,0,0,1,0,0,1
"POINT (13.749599625000000 51.033600016999998)",Unfall 249691 (2022) Kat:3, Licht: 1,249691,3,3,5,10,18,3,0,1,1,1,0,0,0,0
"POINT (13.787002600999999 51.015745777000099)",Unfall 249692 (2022) Kat:3, Licht: 0,249692,3,4,6,08,18,3,0,0,0,1,1,0,0,0
"POINT (13.824636096000100 51.012551446000003)",Unfall 249701 (2022) Kat:3, Licht: 0,249701,3,6,2,09,12,3,0,0,1,1,0,0,0,0
"POINT (13.753702793000100 51.068959550000002)",Unfall 249704 (2022) Kat:3, Licht: 2,249704,3,1,0,09,01,5,0,2,1,0,0,0,0,0
"POINT (13.632642827000000 51.087258206999998)",Unfall 249705 (2022) Kat:3, Licht: 0,249705,3,5,1,08,15,5,0,0,1,1,0,0,0,0
"POINT (13.739669744000000 51.119030579000103)",Unfall 249713 (2022) Kat:3, Licht: 0,249713,3,3,5,09,15,2,0,0,1,0,0,0,0,0
"POINT (13.827355549000099 51.025260848000102)",Unfall 249717 (2022) Kat:2, Licht: 0,249717,2,7,0,09,09,3,1,0,1,0,0,0,0,0
"POINT (13.684031135000099 51.051354332000102)",Unfall 249719 (2022) Kat:3, Licht: 0,249719,3,1,0,09,08,2,1,0,1,0,0,0,0,0
"POINT (13.763464512000001 51.068061262000100)",Unfall 249729 (2022) Kat:3, Licht: 0,249729,3,3,5,09,16,1,0,0,1,1,0,0,0,0
"POINT (13.755487498000001 51.033718524999998)",Unfall 249740 (2022) Kat:3, Licht: 0,249740,3,5,0,10,07,3,0,0,1,1,0,0,0,0
"POINT (13.750721564999999 51.079062222000097)",Unfall 249742 (2022) Kat:3, Licht: 0,249742,3,7,1,09,15,6,0,0,0,1,0,0,0,1
"POINT (13.889703662000001 51.065506922000097)",Unfall 249750 (2022) Kat:3, Licht: 0,249750,3,2,5,09,15,5,0,0,1,1,0,0,0,0
"POINT (13.758046519000100 51.052275152000000)",Unfall 249751 (2022) Kat:2, Licht: 0,249751,2,3,5,09,11,4,1,0,0,1,0,1,0,0
"POINT (13.819212840000000 50.999793277000002)",Unfall 249754 (2022) Kat:3, Licht: 0,249754,3,3,5,09,15,6,0,0,0,1,0,1,0,0
"POINT (13.757618280000001 51.054580913999999)",Unfall 249763 (2022) Kat:3, Licht: 2,249763,3,1,0,08,23,6,0,2,0,0,0,0,0,1
"POINT (13.733337968000100 51.051022558000099)",Unfall 249768 (2022) Kat:3, Licht: 2,249768,3,1,9,09,03,1,0,2,0,0,0,0,0,1
"POINT (13.777196312000100 51.060094385000099)",Unfall 249770 (2022) Kat:3, Licht: 0,249770,3,6,2,08,08,4,0,0,0,1,0,0,0,0
"POINT (13.751367724000000 51.042417747999998)",Unfall 249779 (2022) Kat:3, Licht: 0,249779,3,3,5,09,09,6,0,0,1,0,0,0,0,0
"POINT (13.708602187000100 51.047016955000103)",Unfall 249784 (2022) Kat:3, Licht: 2,249784,3,1,2,10,00,1,0,2,0,1,0,1,0,0
"POINT (13.792499565000099 51.037252540000097)",Unfall 249785 (2022) Kat:3, Licht: 0,249785,3,2,5,08,07,2,0,0,1,1,0,0,0,0
"POINT (13.792147204000100 51.051850371999997)",Unfall 249794 (2022) Kat:3, Licht: 0,249794,3,3,5,10,17,6,0,0,0,1,0,0,0,0
"POINT (13.712392059000001 51.079298207000100)",Unfall 249797 (2022) Kat:3, Licht: 0,249797,3,3,5,08,14,5,0,0,0,1,0,0,0,0
"POINT (13.778041621000099 51.006526896000103)",Unfall 249802 (2022) Kat:3, Licht: 0,249802,3,1,0,10,08,5,0,0,0,0,0,1,0,0
"POINT (13.804589669000100 51.025808895000097)",Unfall 249803 (2022) Kat:3, Licht: 0,249803,3,6,2,09,12,6,0,0,0,1,0,0,0,0
"POINT (13.790945025999999 51.043214048000003)",Unfall 249808 (2022) Kat:3, Licht: 0,249808,3,7,0,08,05,6,0,0,1,0,0,0,0,0
"POINT (13.741875711000000 51.032243956000102)",Unfall 249813 (2022) Kat:3, Licht: 0,249813,3,3,5,08,10,6,0,0,0,1,0,0,0,0
"POINT (13.759801897999999 51.052103172999999)",Unfall 249817 (2022) Kat:3, Licht: 1,249817,3,3,5,10,06,4,0,1,0,1,0,0,0,0
"POINT (13.690618331000101 51.053799071000100)",Unfall 249822 (2022) Kat:3, Licht: 1,249822,3,1,0,09,17,7,0,1,1,0,0,0,0,0
"POINT (13.765225795999999 51.041992483000101)",Unfall 249823 (2022) Kat:3, Licht: 0,249823,3,6,2,08,15,4,0,0,0,1,0,0,0,0
"POINT (13.736297397000000 51.040683835999999)",Unfall 249832 (2022) Kat:2, Licht: 2,249832,2,6,4,09,20,7,0,2,0,1,0,1,0,0
"POINT (13.738501212000100 51.069672697999998)",Unfall 249834 (2022) Kat:3, Licht: 0,249834,3,7,5,09,14,4,0,0,1,0,0,0,0,0
"POINT (13.712954521000000 51.050143261000102)",Unfall 249836 (2022) Kat:3, Licht: 0,249836,3,1,0,08,09,3,0,0,0,0,0,1,0,0
"POINT (13.837722283000099 51.024489230000000)",Unfall 249841 (2022) Kat:3, Licht: 0,249841,3,1,0,09,10,3,1,0,1,0,0,0,0,0
"POINT (13.691456177000100 51.051477269000003)",Unfall 249846 (2022) Kat:3, Licht: 0,249846,3,1,0,10,11,6,0,0,1,0,0,0,0,0
"POINT (13.837413234000101 51.024867739999998)",Unfall 249851 (2022) Kat:3, Licht: 0,249851,3,1,0,09,09,3,1,0,1,0,0,0,0,0
"POINT (13.756907375000001 51.015916890000000)",Unfall 249852 (2022) Kat:3, Licht: 0,249852,3,1,0,08,14,4,0,0,0,0,0,0,0,1
"POINT (13.757728517000000 51.054041117000097)",Unfall 249853 (2022) Kat:3, Licht: 0,249853,3,4,6,09,18,3,0,0,1,0,1,0,0,0
"POINT (13.679672290999999 51.045918800999999)",Unfall 249855 (2022) Kat:3, Licht: 0,249855,3,4,6,10,08,4,0,0,0,1,1,0,0,0
"POINT (13.722735996999999 51.055541355999999)",Unfall 249859 (2022) Kat:3, Licht: 0,249859,3,3,5,09,09,5,0,0,0,0,0,0,0,1
"POINT (13.781038226000000 51.019197407000000)",Unfall 249864 (2022) Kat:3, Licht: 0,249864,3,2,5,08,08,3,1,0,0,1,0,0,0,0
"POINT (13.755031920000000 51.046317906000098)",Unfall 249865 (2022) Kat:3, Licht: 0,249865,3,7,0,08,08,4,0,0,0,1,0,1,0,0
"POINT (13.781461503999999 51.053264666000103)",Unfall 249869 (2022) Kat:3, Licht: 0,249869,3,2,5,09,15,3,0,0,0,1,0,1,0,0
"POINT (13.808643867000100 51.038017588000102)",Unfall 249870 (2022) Kat:3, Licht: 0,249870,3,3,5,08,17,5,0,0,1,1,0,0,0,0
"POINT (13.728679295000100 51.019664304000102)",Unfall 249873 (2022) Kat:2, Licht: 0,249873,2,4,0,10,16,4,0,0,0,0,1,0,0,1
"POINT (13.757954365000000 51.047664820000101)",Unfall 249874 (2022) Kat:3, Licht: 0,249874,3,3,0,08,17,4,0,0,0,1,0,1,0,0
"POINT (13.765656667000000 51.073206483000000)",Unfall 249877 (2022) Kat:3, Licht: 0,249877,3,6,2,09,12,4,0,0,0,1,0,0,0,0
"POINT (13.790502719000100 51.013158527000002)",Unfall 249878 (2022) Kat:3, Licht: 0,249878,3,4,6,09,15,2,1,0,0,1,1,0,0,0
"POINT (13.783059273999999 51.052051559000098)",Unfall 249879 (2022) Kat:3, Licht: 0,249879,3,3,5,08,08,5,0,0,1,1,0,0,0,0
"POINT (13.799837789000000 51.141432152999997)",Unfall 249883 (2022) Kat:3, Licht: 0,249883,3,3,5,10,14,3,0,0,0,1,0,0,0,0
"POINT (13.725398777000100 51.057371549000003)",Unfall 249888 (2022) Kat:2, Licht: 2,249888,2,1,0,09,03,6,0,2,0,0,0,0,0,1
"POINT (13.728251247000101 51.076475137999999)",Unfall 249889 (2022) Kat:3, Licht: 0,249889,3,1,1,09,14,7,1,0,1,1,0,0,0,0
"POINT (13.784071323999999 51.017532141000103)",Unfall 249892 (2022) Kat:2, Licht: 0,249892,2,4,6,08,14,2,0,0,0,1,1,0,0,0
"POINT (13.800083679000100 51.140060745000000)",Unfall 249898 (2022) Kat:3, Licht: 0,249898,3,1,0,08,18,7,1,0,1,0,0,0,0,0
"POINT (13.776071756000000 51.051182722000100)",Unfall 249901 (2022) Kat:3, Licht: 0,249901,3,1,0,08,10,6,0,0,1,0,0,0,0,0
"POINT (13.799714972000100 51.046933658999997)",Unfall 249907 (2022) Kat:2, Licht: 0,249907,2,1,8,08,07,2,0,0,0,1,0,0,0,0
"POINT (13.854977669000000 51.065351856000099)",Unfall 249911 (2022) Kat:3, Licht: 1,249911,3,3,5,09,16,1,0,1,1,0,0,0,0,0
"POINT (13.777603993000101 51.052868226000001)",Unfall 249912 (2022) Kat:3, Licht: 0,249912,3,7,0,08,16,3,0,0,1,0,0,0,0,0
"POINT (13.749536107999999 51.035659683000098)",Unfall 249918 (2022) Kat:3, Licht: 0,249918,3,6,2,09,07,6,0,0,0,1,0,0,0,0
"POINT (13.812629140000100 51.036803452000100)",Unfall 249928 (2022) Kat:3, Licht: 0,249928,3,3,0,09,09,3,0,0,0,1,0,1,0,0
"POINT (13.740847305000001 51.057099101000098)",Unfall 249929 (2022) Kat:3, Licht: 0,249929,3,6,6,08,13,7,0,0,0,0,1,0,0,1
"POINT (13.722686703000001 51.056122323000103)",Unfall 249934 (2022) Kat:3, Licht: 0,249934,3,6,3,09,14,5,0,0,0,1,0,1,0,0
"POINT (13.783889967000100 51.034550292000098)",Unfall 249935 (2022) Kat:3, Licht: 0,249935,3,4,0,08,14,5,0,0,0,0,1,1,0,0
"POINT (13.685168959000100 51.042462796999999)",Unfall 249939 (2022) Kat:3, Licht: 2,249939,3,7,0,09,21,3,0,2,0,1,0,0,0,0
"POINT (13.748672011000100 51.076092532000096)",Unfall 249949 (2022) Kat:3, Licht: 0,249949,3,7,1,08,09,2,0,0,1,1,0,0,0,0
"POINT (13.691739439999999 51.050383947999997)",Unfall 249953 (2022) Kat:3, Licht: 0,249953,3,1,0,09,11,5,1,0,1,0,0,0,0,0
"POINT (13.811017984999999 51.053746947999997)",Unfall 249957 (2022) Kat:3, Licht: 2,249957,3,1,0,08,00,5,0,2,1,0,0,0,0,0
"POINT (13.761637230000099 51.036624088000103)",Unfall 249966 (2022) Kat:3, Licht: 0,249966,3,3,5,09,19,7,0,0,1,1,0,0,0,0
"POINT (13.725126411000099 51.050289871000103)",Unfall 249971 (2022) Kat:3, Licht: 0,249971,3,3,5,10,11,4,0,0,0,1,0,0,0,1
"POINT (13.860090580000101 51.009271575000099)",Unfall 249975 (2022) Kat:3, Licht: 0,249975,3,6,3,09,16,1,0,0,1,0,0,0,0,0
"POINT (13.737088932000100 51.050317215000099)",Unfall 249979 (2022) Kat:3, Licht: 2,249979,3,1,0,09,02,6,0,2,0,0,0,0,0,1
"POINT (13.705881542000000 51.027637248000097)",Unfall 249981 (2022) Kat:3, Licht: 0,249981,3,4,6,09,07,3,0,0,1,0,1,0,0,0
"POINT (13.772749201000099 51.046483023000100)",Unfall 249990 (2022) Kat:3, Licht: 0,249990,3,1,0,09,14,3,1,0,1,0,0,0,0,0
"POINT (13.714517838000100 51.030775461000097)",Unfall 249993 (2022) Kat:3, Licht: 0,249993,3,3,5,08,16,5,0,0,1,1,0,0,0,0
"POINT (13.792419508000000 51.058181674000103)",Unfall 249995 (2022) Kat:3, Licht: 0,249995,3,3,5,08,06,4,0,0,1,1,0,0,0,0
"POINT (13.752323214000100 51.066765533000101)",Unfall 249999 (2022) Kat:3, Licht: 2,249999,3,1,0,09,03,1,1,2,0,0,0,0,0,1
"POINT (13.687524209999999 51.057043854000000)",Unfall 250003 (2022) Kat:3, Licht: 0,250003,3,7,0,08,20,3,0,0,0,0,1,0,0,1
"POINT (13.774709723000100 51.033223325999998)",Unfall 250013 (2022) Kat:3, Licht: 0,250013,3,2,2,08,18,4,0,0,0,1,0,0,0,0
"POINT (13.758351567000000 51.053122031999997)",Unfall 250018 (2022) Kat:3, Licht: 0,250018,3,6,3,09,07,6,0,0,1,0,0,0,0,0
"POINT (13.841884091000100 51.002285932000099)",Unfall 250020 (2022) Kat:3, Licht: 0,250020,3,3,5,08,16,2,0,0,0,1,0,0,0,0
"POINT (13.818503052000001 51.029419394000101)",Unfall 250023 (2022) Kat:3, Licht: 0,250023,3,2,4,09,08,4,0,0,1,1,0,0,0,0
"POINT (13.704800549000000 51.076226894999998)",Unfall 250035 (2022) Kat:3, Licht: 0,250035,3,1,0,10,10,5,1,0,1,0,0,0,0,0
"POINT (13.760264474000101 51.026937748000101)",Unfall 250049 (2022) Kat:3, Licht: 2,250049,3,1,1,09,05,2,1,2,1,1,0,0,0,0
"POINT (13.750806401000000 51.047359164000099)",Unfall 250054 (2022) Kat:3, Licht: 2,250054,3,7,0,10,19,2,0,2,0,1,0,0,0,1
"POINT (13.788480157000000 51.041401454000003)",Unfall 250057 (2022) Kat:2, Licht: 0,250057,2,3,5,09,11,6,0,0,1,0,0,0,0,1
"POINT (13.860811026000000 51.009114416000003)",Unfall 250065 (2022) Kat:3, Licht: 0,250065,3,1,0,08,13,6,0,0,1,0,0,0,0,0
"POINT (13.747678857000000 51.048573836000102)",Unfall 250070 (2022) Kat:3, Licht: 0,250070,3,7,2,08,14,6,0,0,0,0,0,1,1,0
"POINT (13.708967227000100 51.044707483000103)",Unfall 250074 (2022) Kat:3, Licht: 0,250074,3,1,0,09,13,6,0,0,1,0,0,0,0,0
"POINT (13.743135745000099 51.072827173000100)",Unfall 250076 (2022) Kat:3, Licht: 0,250076,3,7,0,09,09,7,0,0,1,1,0,0,0,0
"POINT (13.777317583000100 51.058729284999998)",Unfall 250078 (2022) Kat:3, Licht: 0,250078,3,2,3,09,17,4,0,0,1,1,0,0,0,0
"POINT (13.759824031999999 51.052135634000102)",Unfall 250081 (2022) Kat:3, Licht: 0,250081,3,7,0,09,09,7,0,0,1,0,0,0,0,0
"POINT (13.755418147000100 51.063695893999999)",Unfall 250083 (2022) Kat:2, Licht: 0,250083,2,4,6,09,10,4,1,0,1,0,1,0,0,0
"POINT (13.686993636000100 51.034643084000002)",Unfall 250089 (2022) Kat:3, Licht: 0,250089,3,6,3,09,10,3,0,0,0,1,0,0,0,1
"POINT (13.640669582999999 51.058488232999999)",Unfall 250090 (2022) Kat:3, Licht: 0,250090,3,1,8,10,08,5,1,0,1,0,0,0,0,0
"POINT (13.696042126000100 51.087451816000097)",Unfall 250093 (2022) Kat:3, Licht: 0,250093,3,2,2,08,16,5,0,0,0,1,0,1,0,0
"POINT (13.739031734999999 51.050281456000100)",Unfall 250095 (2022) Kat:3, Licht: 0,250095,3,2,5,08,09,5,0,0,1,1,0,0,0,0
"POINT (13.848667312000000 51.064002403000103)",Unfall 250098 (2022) Kat:3, Licht: 0,250098,3,1,1,10,15,4,1,0,1,1,0,0,0,0
"POINT (13.758205770000099 51.064850286000102)",Unfall 250099 (2022) Kat:3, Licht: 0,250099,3,7,7,09,18,5,0,0,1,0,0,0,0,1
"POINT (13.780574595000100 51.042185700000097)",Unfall 250109 (2022) Kat:3, Licht: 0,250109,3,3,5,10,15,3,0,0,1,1,0,0,0,0
"POINT (13.799649259000001 51.056513062000100)",Unfall 250113 (2022) Kat:3, Licht: 0,250113,3,5,0,09,09,4,1,0,1,1,0,0,0,0
"POINT (13.759382312000101 51.028010177000098)",Unfall 250114 (2022) Kat:3, Licht: 0,250114,3,7,5,09,17,5,0,0,0,1,0,0,0,0
"POINT (13.803906563000099 51.037812750999997)",Unfall 250116 (2022) Kat:3, Licht: 0,250116,3,3,5,10,17,5,0,0,1,1,0,0,0,0
"POINT (13.720092606000000 51.080442331000000)",Unfall 250118 (2022) Kat:3, Licht: 1,250118,3,7,0,08,19,1,0,1,1,0,0,0,0,0
"POINT (13.786385554000001 51.028518528000099)",Unfall 250121 (2022) Kat:3, Licht: 0,250121,3,2,5,08,15,2,0,0,1,1,0,0,0,0
"POINT (13.761943425000000 51.053128523000098)",Unfall 250125 (2022) Kat:3, Licht: 0,250125,3,2,4,09,07,3,1,0,0,1,0,0,0,0
"POINT (13.798670002000099 51.012472826000099)",Unfall 250135 (2022) Kat:3, Licht: 0,250135,3,2,0,09,11,7,0,0,0,1,0,1,0,0
"POINT (13.746018347000099 51.059643068000099)",Unfall 250143 (2022) Kat:2, Licht: 0,250143,2,3,5,09,16,7,0,0,0,1,0,0,0,1
"POINT (13.741876185000001 51.032243859000097)",Unfall 250145 (2022) Kat:3, Licht: 0,250145,3,3,5,10,14,1,0,0,0,1,0,0,0,0
"POINT (13.755994582000000 51.055904173000002)",Unfall 250146 (2022) Kat:3, Licht: 0,250146,3,3,5,11,13,5,0,0,0,1,0,0,0,0
"POINT (13.688164622000000 51.057577729999998)",Unfall 250148 (2022) Kat:3, Licht: 2,250148,3,1,0,10,06,6,0,2,1,0,0,0,0,0
"POINT (13.793323540000101 51.043080051000103)",Unfall 250152 (2022) Kat:3, Licht: 0,250152,3,3,5,12,07,3,2,0,1,1,0,0,0,0
"POINT (13.806083522000099 51.052137385999998)",Unfall 250160 (2022) Kat:3, Licht: 2,250160,3,6,2,10,19,4,0,2,1,1,0,1,0,0
"POINT (13.805940562000000 51.039414100000002)",Unfall 250164 (2022) Kat:3, Licht: 1,250164,3,3,5,12,16,5,0,1,0,1,0,0,0,0
"POINT (13.797058995000000 51.046732493000000)",Unfall 250178 (2022) Kat:3, Licht: 2,250178,3,5,1,11,17,2,1,2,1,1,0,0,0,0
"POINT (13.708467379000099 51.078936787000004)",Unfall 250187 (2022) Kat:3, Licht: 0,250187,3,1,0,10,16,6,0,0,1,0,0,0,0,0
"POINT (13.758302531000000 51.044748721000097)",Unfall 250190 (2022) Kat:3, Licht: 2,250190,3,1,0,11,01,6,1,2,0,0,0,0,0,1
"POINT (13.776574778000100 51.066737484999997)",Unfall 250195 (2022) Kat:3, Licht: 2,250195,3,1,0,12,21,6,0,2,1,0,0,0,0,0
"POINT (13.682906002999999 51.059820645999999)",Unfall 250201 (2022) Kat:3, Licht: 2,250201,3,1,0,11,00,5,1,2,1,0,0,0,0,0
"POINT (13.729111647000000 51.050948493000099)",Unfall 250208 (2022) Kat:2, Licht: 1,250208,2,2,3,11,16,2,0,1,1,0,0,0,0,0
"POINT (13.829419553999999 51.041746873000100)",Unfall 250211 (2022) Kat:3, Licht: 0,250211,3,7,6,10,16,2,0,0,0,0,1,0,0,1
"POINT (13.741520235000101 51.053538009000100)",Unfall 250218 (2022) Kat:2, Licht: 2,250218,2,4,6,12,23,7,0,2,0,1,1,0,0,0
"POINT (13.697453726000001 51.035060658000098)",Unfall 250222 (2022) Kat:3, Licht: 0,250222,3,3,5,11,16,2,0,0,0,1,0,0,0,1
"POINT (13.811596404000101 51.053965317000099)",Unfall 250225 (2022) Kat:3, Licht: 0,250225,3,1,0,12,14,5,1,0,0,0,0,1,0,0
"POINT (13.753522059000000 51.046546374000101)",Unfall 250237 (2022) Kat:2, Licht: 0,250237,2,4,6,12,14,2,2,0,0,0,1,0,0,1
"POINT (13.805427593999999 51.019407727999997)",Unfall 250238 (2022) Kat:3, Licht: 0,250238,3,7,0,10,12,6,0,0,0,0,0,1,0,0
"POINT (13.707114580000100 51.082660885000102)",Unfall 250239 (2022) Kat:3, Licht: 0,250239,3,3,5,11,14,3,0,0,1,1,0,0,0,0
"POINT (13.692029901000099 51.049061579000103)",Unfall 250242 (2022) Kat:3, Licht: 2,250242,3,2,1,10,20,6,0,2,1,1,0,0,0,0
"POINT (13.712324244000101 51.079313798999998)",Unfall 250243 (2022) Kat:3, Licht: 0,250243,3,3,5,11,07,3,0,0,1,1,0,0,0,0
"POINT (13.797374748999999 51.024211937000103)",Unfall 250245 (2022) Kat:3, Licht: 2,250245,3,2,5,11,16,6,1,2,1,1,0,0,0,0
"POINT (13.807992845999999 51.011158701000099)",Unfall 250247 (2022) Kat:3, Licht: 0,250247,3,2,2,12,13,2,1,0,0,1,0,0,0,0
"POINT (13.625511799000000 51.044183367000102)",Unfall 250249 (2022) Kat:3, Licht: 0,250249,3,7,6,12,11,6,0,0,0,1,1,0,0,0
"POINT (13.805338446000100 50.996003246999997)",Unfall 250252 (2022) Kat:3, Licht: 0,250252,3,3,0,11,14,4,0,0,0,0,0,1,1,0
"POINT (13.848326516000000 51.007108267000000)",Unfall 250254 (2022) Kat:3, Licht: 2,250254,3,2,1,11,21,4,1,2,1,1,0,0,0,0
"POINT (13.733137203000100 51.050904561999999)",Unfall 250262 (2022) Kat:3, Licht: 2,250262,3,2,0,11,19,7,0,2,0,0,1,0,0,1
"POINT (13.782336051000099 51.047692548000001)",Unfall 250269 (2022) Kat:3, Licht: 2,250269,3,3,5,11,17,5,1,2,0,1,0,0,0,0
"POINT (13.716970618000101 51.055782905999997)",Unfall 250274 (2022) Kat:3, Licht: 2,250274,3,1,0,11,05,5,0,2,1,0,0,0,0,0
"POINT (13.772086679999999 51.030711182000097)",Unfall 250285 (2022) Kat:3, Licht: 2,250285,3,6,2,11,16,6,1,2,0,1,0,0,0,0
"POINT (13.719130607000100 51.054078050999998)",Unfall 250287 (2022) Kat:3, Licht: 0,250287,3,6,0,11,15,3,0,0,0,1,0,1,0,0
"POINT (13.725812746000001 51.052994468000101)",Unfall 250289 (2022) Kat:3, Licht: 2,250289,3,1,1,10,18,6,0,2,1,0,0,0,0,1
"POINT (13.758350506000101 51.046247148000099)",Unfall 250290 (2022) Kat:3, Licht: 2,250290,3,3,5,12,22,7,1,2,0,1,0,0,0,1
"POINT (13.803105893000099 51.052336240000002)",Unfall 250294 (2022) Kat:3, Licht: 2,250294,3,3,5,11,16,2,1,2,0,1,0,0,0,1
"POINT (13.777197171000100 51.060084197000002)",Unfall 250298 (2022) Kat:3, Licht: 0,250298,3,3,5,12,15,3,1,0,1,1,0,0,0,0
"POINT (13.669322585000000 51.042586612999997)",Unfall 250313 (2022) Kat:3, Licht: 0,250313,3,3,5,10,14,1,0,0,1,1,0,0,0,0
"POINT (13.769703491000000 51.044739402000097)",Unfall 250319 (2022) Kat:3, Licht: 0,250319,3,2,6,11,15,4,0,0,0,1,1,0,0,0
"POINT (13.777199580000101 51.060055628999997)",Unfall 250320 (2022) Kat:3, Licht: 0,250320,3,3,0,11,08,3,0,0,1,1,0,0,0,0
"POINT (13.781227913000100 51.054257000000099)",Unfall 250321 (2022) Kat:3, Licht: 0,250321,3,3,5,10,13,3,1,0,1,1,0,0,0,0
"POINT (13.808377226000101 51.058543329000003)",Unfall 250322 (2022) Kat:3, Licht: 0,250322,3,7,0,11,15,1,0,0,1,0,0,0,0,0
"POINT (13.777228765000100 51.059683381000099)",Unfall 250333 (2022) Kat:3, Licht: 2,250333,3,6,0,11,18,5,0,2,0,1,0,1,0,0
"POINT (13.751135919999999 51.042396014000097)",Unfall 250334 (2022) Kat:3, Licht: 1,250334,3,4,6,11,07,6,1,1,0,1,1,0,0,0
"POINT (13.811283279000101 51.028698800000001)",Unfall 250335 (2022) Kat:3, Licht: 0,250335,3,3,5,10,17,5,0,0,1,1,0,0,0,0
"POINT (13.743858971000099 51.072625937000097)",Unfall 250336 (2022) Kat:2, Licht: 2,250336,2,4,6,12,00,4,1,2,0,0,1,0,0,1
"POINT (13.777363998000100 51.058788547000098)",Unfall 250343 (2022) Kat:3, Licht: 2,250343,3,2,5,11,19,5,0,2,1,1,0,0,0,0
"POINT (13.763621505000099 51.058768836000098)",Unfall 250352 (2022) Kat:3, Licht: 0,250352,3,3,8,10,11,5,0,0,0,1,0,1,0,0
"POINT (13.781279859000101 51.054301929000097)",Unfall 250364 (2022) Kat:3, Licht: 0,250364,3,2,5,11,14,2,0,0,1,0,0,0,0,1
"POINT (13.742390663000000 51.042096991000101)",Unfall 250370 (2022) Kat:3, Licht: 0,250370,3,3,5,11,07,3,0,0,1,1,0,0,0,0
"POINT (13.733075960000100 51.048485774000000)",Unfall 250373 (2022) Kat:3, Licht: 0,250373,3,7,0,11,09,6,1,0,1,0,0,0,0,0
"POINT (13.638094928999999 51.038983692000002)",Unfall 250379 (2022) Kat:3, Licht: 0,250379,3,6,2,11,13,7,0,0,0,1,0,0,0,0
"POINT (13.725000238000099 51.077021788000103)",Unfall 250381 (2022) Kat:3, Licht: 2,250381,3,1,0,11,06,7,1,2,0,0,0,0,0,1
"POINT (13.800023366000101 51.140011182000102)",Unfall 250386 (2022) Kat:3, Licht: 1,250386,3,1,0,10,07,2,1,1,1,0,0,0,0,0