WKT,Name,OBJECTID,UKATEGORIE,UTYP1,UART,UMONAT,USTUNDE,UWOCHENTAG,STRZUSTAND,ULICHTVERH,ISTRAD,ISTPKW,ISTFUSS,ISTKRAD,ISTGKFZ,ISTSONSTIG
"POINT (13.688942827000099 51.057961783000103)",Unfall 250395 (2022) Kat:3, Licht: 2,250395,3,3,5,12,06,4,1,2,1,1,0,0,0,0
"POINT (13.782646722999999 51.045433883000001)",Unfall 250397 (2022) Kat:3, Licht: 2,250397,3,1,0,12,19,3,1,2,1,0,0,0,0,0
"POINT (13.760003292000000 51.038996757000099)",Unfall 250404 (2022) Kat:3, Licht: 0,250404,3,6,3,11,07,4,0,0,1,0,0,0,0,0
"POINT (13.688942800000101 51.057961814000102)",Unfall 250411 (2022) Kat:3, Licht: 1,250411,3,3,5,11,17,7,0,1,1,1,0,0,0,0
"POINT (13.755946182000100 51.055882689000001)",Unfall 250419 (2022) Kat:3, Licht: 0,250419,3,2,5,10,17,2,0,0,1,1,0,0,0,0
"POINT (13.768248577000101 51.047971532000098)",Unfall 250422 (2022) Kat:3, Licht: 2,250422,3,3,0,11,17,2,1,2,1,1,0,0,0,0
"POINT (13.748716953000001 51.048247418000102)",Unfall 250426 (2022) Kat:2, Licht: 0,250426,2,3,5,10,16,7,0,0,1,1,0,0,0,0
"POINT (13.720527263000101 51.055537491999999)",Unfall 250432 (2022) Kat:3, Licht: 2,250432,3,1,0,11,18,6,1,2,1,0,0,0,0,0
"POINT (13.779909168000099 51.044319030000104)",Unfall 250440 (2022) Kat:2, Licht: 0,250440,2,3,5,11,11,1,0,0,1,1,0,0,0,0
"POINT (13.766459090000099 51.056453128999998)",Unfall 250442 (2022) Kat:3, Licht: 2,250442,3,3,5,12,07,3,1,2,1,1,0,0,0,0
"POINT (13.721786107000099 51.077391745000099)",Unfall 250443 (2022) Kat:3, Licht: 0,250443,3,4,6,12,15,7,1,0,0,1,1,0,0,0
"POINT (13.697906553999999 51.048769230000097)",Unfall 250444 (2022) Kat:3, Licht: 0,250444,3,6,2,10,13,1,0,0,0,1,0,0,0,0
"POINT (13.734209562000000 51.088451292000101)",Unfall 250461 (2022) Kat:3, Licht: 0,250461,3,1,0,11,09,4,1,0,1,0,0,0,0,0
"POINT (13.807992731000100 51.011158791000099)",Unfall 250463 (2022) Kat:3, Licht: 0,250463,3,2,2,11,14,4,0,0,0,1,0,0,0,0
"POINT (13.785910423000100 51.072506283999999)",Unfall 250468 (2022) Kat:3, Licht: 1,250468,3,6,3,10,18,3,0,1,1,1,0,0,0,0
"POINT (13.724081840000100 51.030966497000101)",Unfall 250472 (2022) Kat:3, Licht: 0,250472,3,3,5,12,09,4,1,0,0,1,0,0,0,0
"POINT (13.769489946000000 51.040660754999998)",Unfall 250476 (2022) Kat:3, Licht: 0,250476,3,6,2,11,10,1,0,0,0,1,0,1,0,0
"POINT (13.752050959000000 51.062110308999998)",Unfall 250477 (2022) Kat:3, Licht: 2,250477,3,1,0,10,19,1,1,2,0,0,0,1,0,0
"POINT (13.745169643000100 51.066130590000100)",Unfall 250483 (2022) Kat:3, Licht: 0,250483,3,1,4,12,10,2,0,0,1,1,0,0,0,0
"POINT (13.701066936000100 51.042730454999997)",Unfall 250485 (2022) Kat:3, Licht: 1,250485,3,3,1,10,17,6,1,1,0,1,0,1,0,0
"POINT (13.748879450000100 51.067687794999998)",Unfall 250487 (2022) Kat:2, Licht: 0,250487,2,7,0,11,10,5,1,0,1,0,0,0,1,0
"POINT (13.761502857000000 51.025404211000101)",Unfall 250497 (2022) Kat:3, Licht: 0,250497,3,3,0,11,12,3,0,0,0,1,0,0,0,1
"POINT (13.777200904000001 51.060039924000101)",Unfall 250506 (2022) Kat:2, Licht: 0,250506,2,1,0,11,16,3,0,0,1,0,0,0,0,0
"POINT (13.760821145000000 51.044146916000003)",Unfall 250507 (2022) Kat:3, Licht: 1,250507,3,4,6,10,18,3,1,1,0,1,1,0,0,0
"POINT (13.787043146000000 51.015770867000100)",Unfall 250509 (2022) Kat:2, Licht: 0,250509,2,2,5,12,09,5,1,0,0,1,0,1,0,0
"POINT (13.682382208000000 51.069805775000098)",Unfall 250511 (2022) Kat:3, Licht: 0,250511,3,2,5,11,15,4,0,0,1,1,0,0,0,0
"POINT (13.729494836000100 51.049609605999997)",Unfall 250518 (2022) Kat:3, Licht: 0,250518,3,1,0,12,13,5,0,0,1,0,0,0,0,0
"POINT (13.750798148000101 51.047344038000098)",Unfall 250520 (2022) Kat:2, Licht: 1,250520,2,7,0,11,16,7,0,1,0,1,0,0,0,1
"POINT (13.817668839000101 51.015047611000099)",Unfall 250526 (2022) Kat:3, Licht: 0,250526,3,6,3,12,10,3,0,0,0,1,0,1,0,0
"POINT (13.814410671000100 51.009897262999999)",Unfall 250529 (2022) Kat:3, Licht: 0,250529,3,2,4,10,08,2,1,0,1,1,0,0,0,0
"POINT (13.784748147000100 51.049749312000102)",Unfall 250536 (2022) Kat:3, Licht: 0,250536,3,3,5,12,08,2,0,0,0,1,0,0,0,0
"POINT (13.838491285000000 51.005794264000002)",Unfall 250541 (2022) Kat:3, Licht: 0,250541,3,3,5,11,07,6,0,0,0,1,0,0,0,0
"POINT (13.749697463000100 51.077673709000102)",Unfall 250545 (2022) Kat:3, Licht: 0,250545,3,6,2,10,08,5,0,0,1,1,0,0,0,0
"POINT (13.742452112000000 51.059630668000104)",Unfall 250546 (2022) Kat:3, Licht: 0,250546,3,1,0,12,08,2,2,0,1,0,0,0,0,0
"POINT (13.845417620999999 51.003416684999998)",Unfall 250551 (2022) Kat:2, Licht: 1,250551,2,5,1,11,06,3,1,1,0,1,0,1,0,0
"POINT (13.759082813000100 51.053686777000102)",Unfall 250553 (2022) Kat:2, Licht: 0,250553,2,1,0,11,08,5,1,0,1,0,0,0,0,0
"POINT (13.794967706000000 51.002621679000100)",Unfall 250554 (2022) Kat:3, Licht: 0,250554,3,2,2,10,15,3,0,0,0,1,0,0,0,0
"POINT (13.720022711000100 51.092739648000098)",Unfall 250555 (2022) Kat:3, Licht: 0,250555,3,3,5,11,09,6,1,0,0,1,0,0,1,0
"POINT (13.697132576000101 51.087602995000097)",Unfall 250558 (2022) Kat:3, Licht: 0,250558,3,6,1,11,12,3,1,0,0,1,0,0,0,0
"POINT (13.739913827000100 51.038681198000099)",Unfall 250567 (2022) Kat:3, Licht: 2,250567,3,1,0,11,02,4,0,2,0,0,0,0,0,1
"POINT (13.788940483999999 51.049261499000103)",Unfall 250578 (2022) Kat:3, Licht: 2,250578,3,3,5,12,17,2,2,2,0,1,0,0,0,0
"POINT (13.736243731000100 51.053298822999999)",Unfall 250579 (2022) Kat:3, Licht: 2,250579,3,7,6,10,18,6,1,2,0,0,1,0,0,1
"POINT (13.814246771000100 51.054835376000000)",Unfall 250588 (2022) Kat:3, Licht: 0,250588,3,1,0,10,15,7,1,0,1,0,0,0,0,0
"POINT (13.719591073000100 51.059443043999998)",Unfall 250589 (2022) Kat:3, Licht: 0,250589,3,3,5,11,14,5,0,0,1,1,0,0,0,0
"POINT (13.779676780000001 51.019899897000101)",Unfall 250596 (2022) Kat:3, Licht: 0,250596,3,3,5,10,15,6,1,0,1,1,0,0,0,0
"POINT (13.861972412000100 51.010079896999997)",Unfall 250597 (2022) Kat:3, Licht: 2,250597,3,7,0,11,20,4,1,2,0,1,0,0,0,0
"POINT (13.826620634000101 51.011792276999998)",Unfall 250604 (2022) Kat:2, Licht: 2,250604,2,1,4,12,17,6,2,2,0,0,0,1,0,1
"POINT (13.682792753000101 51.042414966000102)",Unfall 250608 (2022) Kat:3, Licht: 0,250608,3,2,5,10,16,5,0,0,1,1,0,0,0,0
"POINT (13.765705367000100 51.093796417000100)",Unfall 250610 (2022) Kat:2, Licht: 0,250610,2,1,0,11,15,3,1,0,1,0,0,0,0,0
"POINT (13.744572474000099 51.037109364999999)",Unfall 250619 (2022) Kat:3, Licht: 2,250619,3,6,2,11,18,1,0,2,0,1,0,0,0,0
"POINT (13.755514284000100 51.015704478000004)",Unfall 250620 (2022) Kat:3, Licht: 0,250620,3,3,5,11,15,2,0,0,1,1,0,0,0,0
"POINT (13.791274796000000 51.013315459000097)",Unfall 250632 (2022) Kat:3, Licht: 2,250632,3,2,6,11,06,6,1,2,0,1,1,0,0,0
"POINT (13.782661146000100 51.045393965000102)",Unfall 250638 (2022) Kat:3, Licht: 0,250638,3,1,0,10,08,4,0,0,1,0,0,0,0,0
"POINT (13.703973745000001 51.044194001999998)",Unfall 250639 (2022) Kat:3, Licht: 2,250639,3,7,7,11,17,2,0,2,1,0,0,0,0,0
"POINT (13.798915530000000 51.004930774999998)",Unfall 250643 (2022) Kat:3, Licht: 2,250643,3,3,5,11,16,5,1,2,1,1,0,0,0,0
"POINT (13.777225576999999 51.059707484999997)",Unfall 250646 (2022) Kat:3, Licht: 0,250646,3,2,5,11,15,3,0,0,1,1,0,0,0,0
"POINT (13.707924256000100 51.044440954000002)",Unfall 250647 (2022) Kat:3, Licht: 0,250647,3,3,5,10,15,3,1,0,1,1,0,0,0,0
"POINT (13.750292072000001 51.068362473999997)",Unfall 250650 (2022) Kat:3, Licht: 0,250650,3,4,6,12,17,5,1,0,1,0,1,0,0,0
"POINT (13.720846894999999 51.014360118000099)",Unfall 250651 (2022) Kat:3, Licht: 0,250651,3,2,5,12,14,5,1,0,0,1,0,0,0,0
"POINT (13.831888340000001 51.029046743000002)",Unfall 250652 (2022) Kat:3, Licht: 2,250652,3,1,5,11,17,5,1,2,1,1,0,0,0,0
"POINT (13.714903715000000 51.028588827000100)",Unfall 250654 (2022) Kat:3, Licht: 0,250654,3,1,0,10,16,6,0,0,1,0,0,0,0,0
"POINT (13.769259087000000 51.024551547999998)",Unfall 250664 (2022) Kat:3, Licht: 0,250664,3,1,0,10,13,2,0,0,1,0,0,0,0,0
"POINT (13.722705565000100 51.076122839000000)",Unfall 250665 (2022) Kat:3, Licht: 0,250665,3,3,5,11,07,2,1,0,1,1,0,0,0,0
"POINT (13.817673812000100 51.029685487000101)",Unfall 250668 (2022) Kat:3, Licht: 0,250668,3,5,1,11,15,5,0,0,1,1,0,0,0,0
"POINT (13.803367317999999 51.037255788000003)",Unfall 250674 (2022) Kat:3, Licht: 0,250674,3,3,5,11,16,5,0,0,1,1,0,0,0,0
"POINT (13.797520414000100 51.002077375000098)",Unfall 250675 (2022) Kat:3, Licht: 0,250675,3,4,6,11,07,2,1,0,0,1,1,0,0,0
"POINT (13.707551913000000 51.082064108000097)",Unfall 250677 (2022) Kat:3, Licht: 0,250677,3,6,2,12,09,3,2,0,0,1,0,0,1,0
"POINT (13.735419762999999 51.063221134999999)",Unfall 250678 (2022) Kat:3, Licht: 2,250678,3,1,1,12,05,1,1,2,0,0,0,0,0,1
"POINT (13.750115243000000 51.033437265000003)",Unfall 250685 (2022) Kat:3, Licht: 0,250685,3,7,0,10,15,2,0,0,1,0,0,0,0,0
"POINT (13.762328285000001 51.024503725000002)",Unfall 250691 (2022) Kat:3, Licht: 1,250691,3,3,5,12,16,7,1,1,1,1,0,0,0,0
"POINT (13.701256528000000 51.093053281000003)",Unfall 250693 (2022) Kat:3, Licht: 0,250693,3,3,5,10,14,5,0,0,1,1,0,0,0,0
"POINT (13.754626843000000 51.061125660000101)",Unfall 250703 (2022) Kat:3, Licht: 1,250703,3,3,5,10,17,3,1,1,0,1,0,1,0,0
"POINT (13.781675547000100 51.046829111000100)",Unfall 250704 (2022) Kat:3, Licht: 0,250704,3,3,5,11,11,2,0,0,1,1,0,0,0,0
"POINT (13.803715093999999 51.037614992999998)",Unfall 250707 (2022) Kat:3, Licht: 0,250707,3,5,0,10,10,2,0,0,1,1,0,0,0,0
"POINT (13.697051157000001 51.049107531000097)",Unfall 250713 (2022) Kat:3, Licht: 0,250713,3,2,5,11,11,6,0,0,0,1,0,0,0,1
"POINT (13.733374069000000 51.046775558000000)",Unfall 250719 (2022) Kat:3, Licht: 2,250719,3,2,2,12,20,2,1,2,0,1,0,0,0,0
"POINT (13.824123128000100 51.023035751000101)",Unfall 250732 (2022) Kat:3, Licht: 2,250732,3,1,0,11,06,3,2,2,1,0,0,0,0,0
"POINT (13.791014459000101 51.037874033000001)",Unfall 250734 (2022) Kat:3, Licht: 2,250734,3,3,5,11,16,2,1,2,0,1,0,0,0,0
"POINT (13.692033077000101 51.049052684999999)",Unfall 250735 (2022) Kat:3, Licht: 0,250735,3,3,5,12,09,4,1,0,0,1,0,0,0,0
"POINT (13.710294592000000 51.077544230999997)",Unfall 250736 (2022) Kat:3, Licht: 2,250736,3,7,0,12,07,2,1,2,1,0,0,0,0,0
"POINT (13.636602526000001 51.090479930000100)",Unfall 250738 (2022) Kat:2, Licht: 0,250738,2,7,5,10,10,6,0,0,1,1,0,0,0,0
"POINT (13.713677280000100 51.052119252000097)",Unfall 250739 (2022) Kat:3, Licht: 2,250739,3,2,6,11,18,3,0,2,0,1,1,0,0,0
"POINT (13.825135040000101 51.003416385999998)",Unfall 250742 (2022) Kat:3, Licht: 0,250742,3,3,5,10,11,6,0,0,1,1,0,0,0,0
"POINT (13.723316710000100 51.058216694000102)",Unfall 250744 (2022) Kat:2, Licht: 2,250744,2,1,9,11,16,3,0,2,1,0,0,0,0,0
"POINT (13.750399085000000 51.071443400000099)",Unfall 250754 (2022) Kat:3, Licht: 0,250754,3,1,0,10,14,1,0,0,1,0,0,0,0,0
"POINT (13.803135768000100 51.050999316000102)",Unfall 250756 (2022) Kat:3, Licht: 0,250756,3,1,0,11,14,4,1,0,1,0,0,0,0,0
"POINT (13.832584767000100 51.029529079000000)",Unfall 250764 (2022) Kat:3, Licht: 2,250764,3,3,5,12,16,5,1,2,0,1,0,1,0,0
"POINT (13.760554317000100 51.049180946000000)",Unfall 250766 (2022) Kat:3, Licht: 0,250766,3,4,6,12,14,4,1,0,0,1,1,0,0,0
"POINT (13.821822892000100 51.031837920999997)",Unfall 250769 (2022) Kat:3, Licht: 2,250769,3,3,5,12,19,5,0,2,0,1,0,0,0,0
"POINT (13.755975700000000 51.055855561000001)",Unfall 250772 (2022) Kat:2, Licht: 0,250772,2,3,5,10,09,2,1,0,1,0,0,1,0,0
"POINT (13.750748582000000 51.047258362000001)",Unfall 250780 (2022) Kat:3, Licht: 0,250780,3,1,0,10,10,7,1,0,0,0,0,0,0,1
"POINT (13.757750668000000 51.053980110000097)",Unfall 250783 (2022) Kat:3, Licht: 0,250783,3,1,0,11,14,6,1,0,0,0,0,1,0,0
"POINT (13.797968045000101 51.010187776000102)",Unfall 250791 (2022) Kat:3, Licht: 2,250791,3,4,6,12,17,5,0,2,0,1,1,0,0,0
"POINT (13.803216230000000 51.021724190000000)",Unfall 250796 (2022) Kat:3, Licht: 0,250796,3,3,5,11,14,6,1,0,0,1,0,0,0,0
"POINT (13.792378787000100 51.053801765999999)",Unfall 250799 (2022) Kat:3, Licht: 2,250799,3,3,5,11,16,6,1,2,0,1,0,0,0,0
"POINT (13.749078819999999 51.033949411999998)",Unfall 250804 (2022) Kat:3, Licht: 2,250804,3,3,5,12,16,5,0,2,0,1,0,0,0,0
"POINT (13.729381227999999 51.043093243999998)",Unfall 250805 (2022) Kat:3, Licht: 0,250805,3,6,2,12,13,6,0,0,0,1,0,0,0,0
"POINT (13.802967422000100 51.040486267000098)",Unfall 250816 (2022) Kat:3, Licht: 2,250816,3,3,5,10,18,3,1,2,0,1,0,0,0,1
"POINT (13.810152515000000 51.012549020000101)",Unfall 250817 (2022) Kat:3, Licht: 0,250817,3,2,5,11,11,1,0,0,1,1,0,0,0,0
"POINT (13.795471018000100 51.042917334999999)",Unfall 250819 (2022) Kat:2, Licht: 2,250819,2,2,6,12,17,5,1,2,0,1,1,0,0,0
"POINT (13.706152297000100 51.046413443000098)",Unfall 250822 (2022) Kat:3, Licht: 0,250822,3,3,5,10,16,2,0,0,0,1,0,0,0,1
"POINT (13.822757308000099 51.004847435999999)",Unfall 250833 (2022) Kat:3, Licht: 0,250833,3,3,5,12,09,4,1,0,1,1,0,0,0,0
"POINT (13.693508598999999 51.087028558999997)",Unfall 250837 (2022) Kat:3, Licht: 2,250837,3,1,8,10,23,6,1,2,0,1,0,0,0,0
"POINT (13.757891648999999 51.019220607000101)",Unfall 250841 (2022) Kat:3, Licht: 0,250841,3,3,5,10,14,6,0,0,0,1,0,1,0,0
"POINT (13.755188913000000 51.055545434000102)",Unfall 250845 (2022) Kat:3, Licht: 2,250845,3,3,5,12,05,6,1,2,1,1,0,0,0,0
"POINT (13.763050867000100 51.055623834000102)",Unfall 250849 (2022) Kat:3, Licht: 0,250849,3,1,0,10,14,5,0,0,1,0,0,0,0,0
"POINT (13.685376621000000 51.058105920000102)",Unfall 250853 (2022) Kat:3, Licht: 0,250853,3,1,0,10,09,2,1,0,1,0,0,0,0,0
"POINT (13.827802774000100 51.011302538000102)",Unfall 250858 (2022) Kat:3, Licht: 0,250858,3,2,6,11,09,2,0,0,0,1,1,0,0,0
"POINT (13.777195289000099 51.060106523000101)",Unfall 250859 (2022) Kat:3, Licht: 2,250859,3,1,0,10,19,3,1,2,1,0,0,0,0,0
"POINT (13.718767727000101 51.028719056000099)",Unfall 250861 (2022) Kat:3, Licht: 0,250861,3,4,6,11,09,3,1,0,0,1,0,0,0,1
"POINT (13.811578843000101 51.021918008999997)",Unfall 250862 (2022) Kat:3, Licht: 2,250862,3,1,0,11,05,7,1,2,1,0,0,0,0,0
"POINT (13.824048050000000 51.051324071000103)",Unfall 250864 (2022) Kat:2, Licht: 0,250864,2,1,9,12,15,3,1,0,0,1,0,0,0,1
"POINT (13.828569609000100 51.007116788000097)",Unfall 250865 (2022) Kat:3, Licht: 0,250865,3,1,0,12,13,2,2,0,1,0,0,0,0,0
"POINT (13.840342155000000 51.005225062000100)",Unfall 250866 (2022) Kat:3, Licht: 0,250866,3,5,0,10,10,6,0,0,1,1,0,0,0,0
"POINT (13.835779411000001 51.020470893000002)",Unfall 250867 (2022) Kat:2, Licht: 0,250867,2,1,1,12,15,7,0,0,1,1,0,0,0,0
"POINT (13.672445279000000 51.044467689999998)",Unfall 250869 (2022) Kat:3, Licht: 0,250869,3,2,0,11,16,5,0,0,1,1,0,0,0,0
"POINT (13.729455542000000 51.045707172000000)",Unfall 250870 (2022) Kat:3, Licht: 0,250870,3,2,5,10,09,7,1,0,1,1,0,0,0,0
"POINT (13.723919060000100 51.089950747000003)",Unfall 250872 (2022) Kat:3, Licht: 0,250872,3,2,6,11,15,6,1,0,0,1,1,0,0,0
"POINT (13.736474481000100 51.037929662000103)",Unfall 250877 (2022) Kat:2, Licht: 0,250877,2,3,5,11,10,7,0,0,1,1,0,0,0,0
"POINT (13.766454130000101 51.041463335000103)",Unfall 250880 (2022) Kat:3, Licht: 2,250880,3,2,5,12,16,6,1,2,1,0,0,0,0,0
"POINT (13.694683712000000 51.081926957000100)",Unfall 250886 (2022) Kat:2, Licht: 0,250886,2,4,6,11,11,7,0,0,0,1,1,0,0,0
"POINT (13.749036078000101 51.033749014000101)",Unfall 250895 (2022) Kat:3, Licht: 0,250895,3,2,5,10,15,7,0,0,1,1,0,0,0,0
"POINT (13.842129152000000 51.001069593000103)",Unfall 250898 (2022) Kat:3, Licht: 0,250898,3,1,0,11,12,5,0,0,1,0,0,0,0,0
"POINT (13.730370293000000 51.054451512000099)",Unfall 250905 (2022) Kat:3, Licht: 0,250905,3,1,0,12,14,7,1,0,1,0,0,0,0,0
"POINT (13.701256091000101 51.093054401000103)",Unfall 250908 (2022) Kat:3, Licht: 0,250908,3,3,5,11,14,1,0,0,1,1,0,0,0,0
"POINT (13.757985157000100 51.032889855000100)",Unfall 250909 (2022) Kat:2, Licht: 2,250909,2,3,5,11,17,3,0,2,0,1,0,1,0,0
"POINT (13.745494727000100 51.068281182000099)",Unfall 250913 (2022) Kat:3, Licht: 2,250913,3,3,5,12,19,2,1,2,0,1,0,0,0,0
"POINT (13.816645205000000 51.010950534000102)",Unfall 250915 (2022) Kat:2, Licht: 0,250915,2,4,6,11,13,2,0,0,0,1,1,0,0,0
"POINT (13.739218961000100 51.047176640000004)",Unfall 250920 (2022) Kat:3, Licht: 0,250920,3,3,0,11,17,2,1,0,0,1,0,0,0,1
"POINT (13.853381977000000 51.009977008000099)",Unfall 250929 (2022) Kat:3, Licht: 1,250929,3,6,4,10,18,6,0,1,1,1,0,0,0,0
"POINT (13.732927331000001 51.055870558000002)",Unfall 250938 (2022) Kat:3, Licht: 0,250938,3,3,5,11,11,3,0,0,0,1,0,0,1,0
"POINT (13.805520421000001 51.025509876999998)",Unfall 250942 (2022) Kat:3, Licht: 0,250942,3,6,2,11,07,5,1,0,0,1,0,0,0,0
"POINT (13.659513955000000 51.042747989000098)",Unfall 250943 (2022) Kat:3, Licht: 0,250943,3,1,0,10,16,4,0,0,1,0,0,0,0,0
"POINT (13.634721044999999 51.037507031000104)",Unfall 250947 (2022) Kat:3, Licht: 2,250947,3,7,1,11,16,3,0,2,1,0,0,0,0,1
"POINT (13.744793469000101 51.037168286000103)",Unfall 250949 (2022) Kat:3, Licht: 2,250949,3,3,0,11,21,2,1,2,0,1,0,0,0,0
"POINT (13.715056548000099 51.047820954000002)",Unfall 250951 (2022) Kat:3, Licht: 0,250951,3,1,0,12,13,6,1,0,1,0,0,0,0,0
"POINT (13.733951039000001 51.108809871000098)",Unfall 250960 (2022) Kat:3, Licht: 0,250960,3,1,0,11,08,5,1,0,1,0,0,0,0,0
"POINT (13.686866023000100 51.057026208000103)",Unfall 250965 (2022) Kat:3, Licht: 2,250965,3,3,5,11,06,3,1,2,0,1,0,0,0,0
"POINT (13.758046858000100 51.052276063000100)",Unfall 250966 (2022) Kat:3, Licht: 0,250966,3,2,5,10,15,3,1,0,1,1,0,0,0,0
"POINT (13.749036734000100 51.033748656000100)",Unfall 250967 (2022) Kat:3, Licht: 2,250967,3,2,0,11,17,2,0,2,1,1,0,0,0,0
"POINT (13.749394230000100 51.035989901000100)",Unfall 250968 (2022) Kat:3, Licht: 0,250968,3,1,0,10,08,2,0,0,0,0,0,1,0,0
"POINT (13.761520714000000 51.051801676000103)",Unfall 250976 (2022) Kat:3, Licht: 0,250976,3,3,5,10,15,7,0,0,1,1,0,0,0,0
"POINT (13.800514015999999 51.027415423999997)",Unfall 250982 (2022) Kat:3, Licht: 2,250982,3,1,0,12,20,7,1,2,1,0,0,0,0,0
"POINT (13.773674086000000 51.048757656000099)",Unfall 250986 (2022) Kat:2, Licht: 0,250986,2,2,5,10,14,6,0,0,1,1,0,0,0,0
"POINT (13.752091629000100 51.061969727000097)",Unfall 250987 (2022) Kat:3, Licht: 2,250987,3,1,0,11,17,4,0,2,1,0,0,0,0,0
"POINT (13.728370116000100 51.039270653000102)",Unfall 250994 (2022) Kat:3, Licht: 2,250994,3,1,0,12,18,6,0,2,1,0,0,0,0,0
"POINT (13.809041441000000 51.062594977000103)",Unfall 250995 (2022) Kat:3, Licht: 0,250995,3,1,0,10,13,4,1,0,0,0,0,1,0,0
"POINT (13.771756256000099 51.024018430000098)",Unfall 250996 (2022) Kat:3, Licht: 0,250996,3,3,5,11,15,3,0,0,0,1,0,0,0,0
"POINT (13.777223225000100 51.059725270000101)",Unfall 250997 (2022) Kat:3, Licht: 2,250997,3,3,5,11,06,4,0,2,0,1,0,0,0,1
"POINT (13.783068645000100 51.016526602000098)",Unfall 250998 (2022) Kat:3, Licht: 2,250998,3,1,0,10,05,1,1,2,1,0,0,0,0,0
"POINT (13.781763675000001 51.114498807000103)",Unfall 250999 (2022) Kat:2, Licht: 0,250999,2,1,0,11,08,5,2,0,1,0,0,0,0,0
"POINT (13.757932642000100 51.032865090000001)",Unfall 251000 (2022) Kat:3, Licht: 2,251000,3,3,5,10,06,4,0,2,1,1,0,0,0,0
"POINT (13.822275956000100 50.997787618000103)",Unfall 251007 (2022) Kat:3, Licht: 0,251007,3,3,5,11,15,2,0,0,1,1,0,0,0,0
"POINT (13.822989967000099 51.004708543000000)",Unfall 251015 (2022) Kat:2, Licht: 2,251015,2,1,0,11,23,7,0,2,1,0,0,0,0,0
"POINT (13.733518069000100 51.044498987000097)",Unfall 251023 (2022) Kat:3, Licht: 2,251023,3,2,5,12,17,6,1,2,1,0,0,0,0,1
"POINT (13.731874484000100 51.050422614000098)",Unfall 251030 (2022) Kat:3, Licht: 1,251030,3,4,6,10,17,2,0,1,0,1,1,0,0,0
"POINT (13.771026613000100 51.040053537000098)",Unfall 251031 (2022) Kat:3, Licht: 2,251031,3,3,5,11,22,6,0,2,0,1,0,0,0,0
"POINT (13.744641351000000 51.085662816000102)",Unfall 251034 (2022) Kat:2, Licht: 2,251034,2,4,6,11,06,2,1,2,0,1,1,0,0,0
"POINT (13.737689997000100 51.053958937000097)",Unfall 251039 (2022) Kat:3, Licht: 0,251039,3,1,0,10,10,7,1,0,1,0,0,0,0,0
"POINT (13.697717571000100 51.087603449000000)",Unfall 251042 (2022) Kat:3, Licht: 0,251042,3,2,2,11,09,6,1,0,0,1,0,0,0,0
"POINT (13.646316673999999 51.040484241999998)",Unfall 251048 (2022) Kat:3, Licht: 2,251048,3,6,2,12,21,2,2,2,0,1,0,0,0,0
"POINT (13.818189509000000 50.998422478000101)",Unfall 251055 (2022) Kat:2, Licht: 2,251055,2,1,0,10,23,1,0,2,1,0,0,0,0,0
"POINT (13.771159189000100 51.046132512000000)",Unfall 251058 (2022) Kat:3, Licht: 0,251058,3,2,5,11,06,4,0,0,1,0,0,0,1,0
"POINT (13.794203850000001 51.035656445000001)",Unfall 251062 (2022) Kat:3, Licht: 0,251062,3,6,4,11,08,3,0,0,1,0,0,0,0,1
"POINT (13.742275883000000 51.065418334000100)",Unfall 251074 (2022) Kat:3, Licht: 0,251074,3,4,6,10,12,1,0,0,0,1,1,0,0,0
"POINT (13.780635086000100 51.036135319000003)",Unfall 251094 (2022) Kat:3, Licht: 0,251094,3,6,2,12,11,5,0,0,0,1,0,0,0,0
"POINT (13.696737537000001 51.082004845000000)",Unfall 251095 (2022) Kat:3, Licht: 2,251095,3,2,5,10,06,4,0,2,1,1,0,0,0,0
"POINT (13.786480096000000 51.028479881000102)",Unfall 251102 (2022) Kat:3, Licht: 2,251102,3,2,6,11,19,6,1,2,0,0,1,0,0,1
"POINT (13.753906320000100 51.066345166000097)",Unfall 251107 (2022) Kat:2, Licht: 0,251107,2,4,6,12,11,7,1,0,1,0,1,0,0,0
"POINT (13.767559969000001 51.042546874999999)",Unfall 251114 (2022) Kat:3, Licht: 0,251114,3,3,5,11,10,3,0,0,0,1,0,0,0,0
"POINT (13.694867218000100 51.048984222000101)",Unfall 251117 (2022) Kat:3, Licht: 0,251117,3,3,5,11,13,6,1,0,0,1,0,0,0,0
"POINT (13.802913698999999 51.042072122000000)",Unfall 251121 (2022) Kat:3, Licht: 0,251121,3,2,5,11,08,3,0,0,1,1,0,0,0,0
"POINT (13.777313898999999 51.035951904000100)",Unfall 251141 (2022) Kat:3, Licht: 2,251141,3,6,2,12,16,6,1,2,0,1,0,0,0,0
"POINT (13.730543708000001 51.054319429000003)",Unfall 251142 (2022) Kat:3, Licht: 2,251142,3,3,5,12,18,5,0,2,1,1,0,0,0,0
"POINT (13.770697219000100 51.071520194000101)",Unfall 251146 (2022) Kat:3, Licht: 0,251146,3,4,6,11,16,3,0,0,1,0,1,0,0,0
"POINT (13.759359504000001 51.028668976000098)",Unfall 251147 (2022) Kat:3, Licht: 0,251147,3,3,5,10,10,6,0,0,1,1,0,0,0,0