WKT,Name,OBJECTID,UKATEGORIE,UTYP1,UART,UMONAT,USTUNDE,UWOCHENTAG,STRZUSTAND,ULICHTVERH,ISTRAD,ISTPKW,ISTFUSS,ISTKRAD,ISTGKFZ,ISTSONSTIG
"POINT (13.707436711000099 51.044316346000102)",Unfall 251169 (2022) Kat:3, Licht: 0,251169,3,1,0,11,07,3,1,0,1,0,0,0,0,0
"POINT (13.760548474000100 51.074955111000101)",Unfall 251170 (2022) Kat:3, Licht: 0,251170,3,2,0,11,08,3,0,0,0,1,0,0,0,1
"POINT (13.704777282000100 51.046325375999999)",Unfall 251180 (2022) Kat:3, Licht: 0,251180,3,3,5,11,09,2,0,0,0,1,0,0,0,0
"POINT (13.689585964999999 51.059850744000101)",Unfall 251182 (2022) Kat:3, Licht: 1,251182,3,7,5,12,16,3,1,1,0,1,0,0,0,0
"POINT (13.849223507000000 50.994641106000103)",Unfall 251183 (2022) Kat:3, Licht: 2,251183,3,7,4,12,19,2,1,2,0,1,0,0,0,0
"POINT (13.767572188000001 51.042541868999997)",Unfall 251184 (2022) Kat:3, Licht: 0,251184,3,3,5,12,14,7,1,0,0,1,0,0,0,1
"POINT (13.700313447999999 51.044953214000003)",Unfall 251185 (2022) Kat:3, Licht: 0,251185,3,2,4,10,09,6,0,0,1,1,0,0,0,0
"POINT (13.781346507000000 51.054032540999998)",Unfall 251192 (2022) Kat:3, Licht: 0,251192,3,6,0,10,09,6,0,0,0,1,0,0,0,1
"POINT (13.780564232000099 51.042170880000100)",Unfall 251201 (2022) Kat:3, Licht: 2,251201,3,3,5,11,18,5,1,2,0,1,0,0,0,0
"POINT (13.790263643999999 51.125720251000097)",Unfall 251208 (2022) Kat:3, Licht: 0,251208,3,1,0,11,09,2,1,0,1,0,0,0,0,0
"POINT (13.764048122000100 51.066033339999997)",Unfall 251231 (2022) Kat:3, Licht: 0,251231,3,7,1,12,09,6,2,0,0,1,0,0,0,0
"POINT (13.749647565000000 51.050382413000101)",Unfall 251236 (2022) Kat:3, Licht: 0,251236,3,4,6,11,14,3,0,0,0,1,1,0,0,0
"POINT (13.720253701000001 51.081213361000003)",Unfall 251242 (2022) Kat:3, Licht: 0,251242,3,2,4,11,10,6,1,0,1,1,0,0,0,0
"POINT (13.797977541000000 51.144970782000001)",Unfall 251243 (2022) Kat:3, Licht: 0,251243,3,7,0,10,11,5,0,0,1,0,0,0,0,0
"POINT (13.713759916000100 51.056853001000000)",Unfall 251250 (2022) Kat:3, Licht: 0,251250,3,6,3,11,07,4,0,0,1,1,0,0,0,0
"POINT (13.681862739000101 51.052756525000099)",Unfall 251254 (2022) Kat:3, Licht: 2,251254,3,1,9,12,17,6,0,2,0,1,0,0,0,0
"POINT (13.766241727000001 51.052991872000099)",Unfall 251258 (2022) Kat:3, Licht: 0,251258,3,1,0,10,16,3,1,0,1,0,0,0,0,0
"POINT (13.883726452000101 51.066965950000103)",Unfall 251260 (2022) Kat:3, Licht: 2,251260,3,1,8,11,18,1,2,2,0,1,0,0,0,0
"POINT (13.772905966000099 51.050872453000103)",Unfall 251263 (2022) Kat:3, Licht: 1,251263,3,1,0,12,16,5,2,1,1,0,0,0,0,0
"POINT (13.773574484999999 51.048731617000001)",Unfall 251265 (2022) Kat:3, Licht: 2,251265,3,3,5,11,21,5,1,2,1,1,0,0,0,0
"POINT (13.789076565000100 51.038075167000002)",Unfall 251270 (2022) Kat:3, Licht: 0,251270,3,4,6,11,15,5,0,0,0,1,1,0,0,0
"POINT (13.728983026000000 51.037784940999998)",Unfall 251275 (2022) Kat:3, Licht: 2,251275,3,1,0,12,17,1,1,2,1,0,0,0,0,0
"POINT (13.749717886999999 51.067541141000000)",Unfall 251279 (2022) Kat:3, Licht: 2,251279,3,6,4,11,18,6,1,2,1,1,0,0,0,0
"POINT (13.746733344000100 51.053373604999997)",Unfall 251289 (2022) Kat:3, Licht: 2,251289,3,3,5,11,22,3,0,2,1,1,0,0,0,0
"POINT (13.853078636000101 51.063631235999999)",Unfall 251291 (2022) Kat:2, Licht: 2,251291,2,1,0,11,20,2,2,2,1,0,0,0,0,0
"POINT (13.732313206000100 51.050471266000002)",Unfall 251292 (2022) Kat:3, Licht: 1,251292,3,2,4,11,16,4,0,1,1,1,0,0,0,0
"POINT (13.795360178000101 51.042806073000101)",Unfall 251294 (2022) Kat:3, Licht: 1,251294,3,2,6,11,18,5,1,1,0,0,1,0,0,1
"POINT (13.809497717000101 51.012256176000101)",Unfall 251299 (2022) Kat:3, Licht: 0,251299,3,1,0,10,17,3,0,0,1,0,0,0,0,0
"POINT (13.788851435000000 51.012137557000102)",Unfall 251300 (2022) Kat:3, Licht: 0,251300,3,6,2,11,12,7,0,0,0,1,0,1,0,0
"POINT (13.763237404000099 51.046781492000001)",Unfall 251305 (2022) Kat:2, Licht: 0,251305,2,4,6,12,12,4,2,0,0,0,1,0,0,1
"POINT (13.740854524000000 51.060936711000103)",Unfall 251308 (2022) Kat:3, Licht: 0,251308,3,6,2,12,09,3,0,0,0,1,0,0,0,0
"POINT (13.751183901999999 51.074495150000097)",Unfall 251316 (2022) Kat:3, Licht: 0,251316,3,3,5,11,08,3,0,0,1,1,0,0,0,0
"POINT (13.750752945000000 51.047265350000004)",Unfall 251318 (2022) Kat:3, Licht: 2,251318,3,2,5,11,17,7,0,2,1,1,0,0,0,0
"POINT (13.814342594999999 51.009903481000002)",Unfall 251320 (2022) Kat:2, Licht: 2,251320,2,2,5,12,17,5,1,2,1,1,0,0,0,0
"POINT (13.778428823000100 51.037076630000101)",Unfall 251324 (2022) Kat:3, Licht: 0,251324,3,1,0,11,14,5,1,0,0,0,0,1,0,0
"POINT (13.747477988000099 51.053449042000103)",Unfall 251327 (2022) Kat:3, Licht: 2,251327,3,7,0,11,01,7,1,2,1,0,0,0,0,0
"POINT (13.705196715000101 51.031839617000102)",Unfall 251329 (2022) Kat:3, Licht: 2,251329,3,1,0,11,21,5,1,2,1,0,0,0,0,0
"POINT (13.704959561000100 51.089364048000000)",Unfall 251332 (2022) Kat:3, Licht: 0,251332,3,4,6,12,08,4,1,0,0,1,1,0,0,0
"POINT (13.791426604000000 51.026509203000003)",Unfall 251339 (2022) Kat:3, Licht: 0,251339,3,5,1,11,09,5,0,0,1,1,0,0,0,0
"POINT (13.789789504000099 51.045249024000000)",Unfall 251340 (2022) Kat:3, Licht: 0,251340,3,2,4,10,15,6,0,0,1,1,0,0,0,0
"POINT (13.803149396000000 51.052309397999998)",Unfall 251347 (2022) Kat:2, Licht: 2,251347,2,1,0,12,17,5,0,2,1,0,0,0,0,0
"POINT (13.863596846000100 51.014393798000100)",Unfall 251348 (2022) Kat:3, Licht: 0,251348,3,4,6,10,16,5,0,0,0,1,1,0,0,0
"POINT (13.736696915000000 51.053662028000097)",Unfall 251354 (2022) Kat:3, Licht: 2,251354,3,4,6,12,18,7,0,2,0,1,1,0,0,0
"POINT (13.777197179000000 51.060084107000101)",Unfall 251362 (2022) Kat:3, Licht: 2,251362,3,3,5,12,16,4,0,2,1,1,0,0,0,0
"POINT (13.721528557999999 51.041769635999998)",Unfall 251368 (2022) Kat:3, Licht: 0,251368,3,3,5,11,14,6,1,0,0,1,0,0,0,1
"POINT (13.758735298000000 51.049471849000000)",Unfall 251371 (2022) Kat:3, Licht: 0,251371,3,3,5,11,08,6,1,0,1,0,0,0,0,1
"POINT (13.767521520000100 51.051281766999999)",Unfall 251372 (2022) Kat:3, Licht: 0,251372,3,7,5,10,08,5,0,0,0,1,0,0,0,0
"POINT (13.708957105000000 51.012531105999997)",Unfall 251373 (2022) Kat:3, Licht: 0,251373,3,6,1,12,12,6,1,0,0,1,0,0,0,1
"POINT (13.732812487000000 51.049141554000101)",Unfall 251381 (2022) Kat:2, Licht: 2,251381,2,4,0,11,18,4,0,2,0,0,1,1,0,0
"POINT (13.728817132000074 51.019710581000027)",Unfall 134805 (2023) Kat:3, Licht: 0,134805,3,3,5,05,11,6,0,0,1,1,0,0,0,0
"POINT (13.743164421000074 51.124867596000058)",Unfall 134820 (2023) Kat:3, Licht: 0,134820,3,3,5,05,14,5,0,0,1,1,0,0,0,0
"POINT (13.763725858000043 51.087173303000043)",Unfall 134821 (2023) Kat:3, Licht: 0,134821,3,5,1,05,15,5,0,0,1,1,0,0,0,0
"POINT (13.625202577000039 51.043186663000029)",Unfall 134838 (2023) Kat:3, Licht: 0,134838,3,1,5,05,07,4,0,0,0,1,0,1,0,0
"POINT (13.705342575000032 51.051043571000037)",Unfall 134839 (2023) Kat:3, Licht: 0,134839,3,3,5,05,15,4,0,0,1,1,0,0,0,0
"POINT (13.739308152000035 51.073963229000071)",Unfall 134840 (2023) Kat:3, Licht: 0,134840,3,2,5,05,06,4,0,0,1,1,0,0,0,0
"POINT (13.715316174000066 51.037078629000064)",Unfall 134855 (2023) Kat:3, Licht: 0,134855,3,6,2,05,11,3,0,0,0,1,0,0,0,0
"POINT (13.731118003000063 51.110679620000042)",Unfall 134856 (2023) Kat:3, Licht: 0,134856,3,6,2,05,17,3,0,0,0,1,0,0,0,0
"POINT (13.671123126000055 51.016742505000082)",Unfall 134857 (2023) Kat:2, Licht: 0,134857,2,2,5,05,07,3,0,0,1,1,0,0,0,0
"POINT (13.773699387000022 51.066980303000037)",Unfall 134869 (2023) Kat:3, Licht: 0,134869,3,6,2,05,14,2,0,0,0,1,0,0,0,0
"POINT (13.734445396000069 51.040532370000051)",Unfall 134881 (2023) Kat:3, Licht: 0,134881,3,4,6,05,12,1,0,0,1,0,1,0,0,0
"POINT (13.736720157000036 51.029097540000066)",Unfall 134912 (2023) Kat:3, Licht: 0,134912,3,6,3,05,18,6,0,0,0,1,0,1,0,0
"POINT (13.739859933000048 51.058578362000048)",Unfall 134913 (2023) Kat:3, Licht: 2,134913,3,6,6,05,23,6,0,2,1,0,1,0,0,0
"POINT (13.701400232000026 51.091210132000072)",Unfall 134914 (2023) Kat:3, Licht: 0,134914,3,3,0,05,13,6,0,0,1,1,0,0,0,0
"POINT (13.679341505000025 51.062798977000057)",Unfall 134916 (2023) Kat:3, Licht: 0,134916,3,3,5,05,11,6,0,0,1,1,0,0,0,0
"POINT (13.879944427000055 51.012810254000044)",Unfall 134917 (2023) Kat:3, Licht: 0,134917,3,1,4,05,17,6,0,0,1,1,0,0,0,0
"POINT (13.768290737000029 51.019820026000048)",Unfall 134928 (2023) Kat:3, Licht: 0,134928,3,2,4,05,13,5,0,0,0,1,0,0,0,0
"POINT (13.730689992000066 51.058604699000057)",Unfall 134929 (2023) Kat:3, Licht: 0,134929,3,6,2,05,13,5,0,0,0,1,0,1,0,0
"POINT (13.770234253000069 51.147254711000073)",Unfall 134930 (2023) Kat:3, Licht: 0,134930,3,7,8,05,19,5,0,0,0,0,0,0,0,1
"POINT (13.720833249000066 51.041516341000033)",Unfall 134931 (2023) Kat:3, Licht: 0,134931,3,2,3,05,08,5,0,0,0,1,0,0,0,1
"POINT (13.606229397000050 51.092126412000027)",Unfall 134945 (2023) Kat:3, Licht: 0,134945,3,6,2,05,06,4,0,0,0,1,0,0,0,0
"POINT (13.710069954000062 51.058052310000051)",Unfall 134946 (2023) Kat:3, Licht: 0,134946,3,2,1,05,10,4,0,0,0,1,0,0,0,0
"POINT (13.692431175000024 51.042849285000045)",Unfall 134990 (2023) Kat:3, Licht: 2,134990,3,3,5,04,22,7,0,2,1,1,0,0,0,0
"POINT (13.773898334000023 51.067015381000033)",Unfall 134991 (2023) Kat:3, Licht: 0,134991,3,6,2,04,13,7,1,0,0,1,0,0,0,0
"POINT (13.772563154000068 51.107342858000038)",Unfall 134992 (2023) Kat:3, Licht: 0,134992,3,3,5,04,08,7,1,0,1,1,0,0,0,0
"POINT (13.669854380000061 51.016208661000064)",Unfall 134998 (2023) Kat:3, Licht: 0,134998,3,3,5,05,16,5,0,0,1,1,0,0,0,0
"POINT (13.704230311000060 51.043566708000071)",Unfall 135024 (2023) Kat:3, Licht: 0,135024,3,2,5,04,07,5,0,0,1,0,0,0,0,1
"POINT (13.710566300000039 51.104491241000062)",Unfall 135033 (2023) Kat:3, Licht: 0,135033,3,3,5,04,16,4,0,0,0,1,0,0,0,0
"POINT (13.755540751000069 51.076646730000050)",Unfall 135034 (2023) Kat:3, Licht: 0,135034,3,6,2,04,17,4,0,0,0,1,0,1,0,0
"POINT (13.718428938000045 51.039184383000077)",Unfall 135035 (2023) Kat:3, Licht: 0,135035,3,6,4,04,14,4,0,0,1,0,0,0,0,0
"POINT (13.678681247000043 51.063248187000056)",Unfall 135050 (2023) Kat:3, Licht: 0,135050,3,2,5,04,08,3,0,0,0,1,0,0,0,0
"POINT (13.754782707000061 51.075852939000072)",Unfall 135051 (2023) Kat:3, Licht: 0,135051,3,7,8,04,06,3,0,0,0,1,0,0,0,0
"POINT (13.707011608000073 51.041399634000072)",Unfall 135063 (2023) Kat:3, Licht: 0,135063,3,3,5,04,09,2,0,0,1,1,0,0,0,0
"POINT (13.733325270000023 51.039169021000077)",Unfall 135082 (2023) Kat:3, Licht: 0,135082,3,1,0,04,16,7,0,0,1,0,0,0,0,0
"POINT (13.730778892000046 51.030043701000068)",Unfall 135083 (2023) Kat:2, Licht: 2,135083,2,3,5,04,21,7,0,2,0,1,0,0,0,0
"POINT (13.803148644000032 50.995882535000078)",Unfall 135085 (2023) Kat:3, Licht: 0,135085,3,6,4,04,08,7,0,0,1,0,0,0,0,0
"POINT (13.723609265000050 51.074119560000042)",Unfall 135110 (2023) Kat:3, Licht: 0,135110,3,6,2,04,17,6,0,0,0,1,0,0,0,0
"POINT (13.782644103000052 51.010408810000058)",Unfall 135111 (2023) Kat:3, Licht: 2,135111,3,1,0,04,04,6,1,2,0,0,0,0,0,1
"POINT (13.739331857000025 51.044842759000062)",Unfall 135112 (2023) Kat:3, Licht: 0,135112,3,3,5,04,08,6,0,0,1,0,0,0,0,0
"POINT (13.715083974000038 51.078792446000080)",Unfall 135113 (2023) Kat:3, Licht: 0,135113,3,6,2,04,14,6,0,0,0,1,0,0,0,0
"POINT (13.695800970000050 51.043259562000060)",Unfall 135125 (2023) Kat:3, Licht: 0,135125,3,2,5,04,15,5,0,0,1,1,0,0,0,0
"POINT (13.702648368000041 51.090119866000066)",Unfall 135126 (2023) Kat:3, Licht: 0,135126,3,1,0,04,18,5,0,0,1,0,0,0,0,0
"POINT (13.703944903000036 51.017985443000043)",Unfall 135128 (2023) Kat:3, Licht: 0,135128,3,2,5,04,15,5,0,0,0,1,0,0,0,0
"POINT (13.731281556000056 51.034475394000026)",Unfall 135137 (2023) Kat:2, Licht: 2,135137,2,6,4,04,23,4,1,2,1,0,0,0,0,0
"POINT (13.733321972000056 51.038842455000065)",Unfall 135138 (2023) Kat:2, Licht: 2,135138,2,1,0,04,21,4,1,2,1,0,0,0,0,0
"POINT (13.677993419000074 51.049475405000067)",Unfall 135141 (2023) Kat:3, Licht: 0,135141,3,4,6,04,15,3,1,0,0,1,1,0,0,0
"POINT (13.878296117000048 51.041577052000036)",Unfall 135142 (2023) Kat:3, Licht: 0,135142,3,1,0,04,15,3,1,0,0,0,0,1,0,0
"POINT (13.739274240000043 51.071900295000034)",Unfall 135144 (2023) Kat:3, Licht: 1,135144,3,3,5,04,06,3,0,1,1,1,0,0,0,0
"POINT (13.662693937000029 51.049450072000070)",Unfall 135171 (2023) Kat:3, Licht: 0,135171,3,2,0,04,11,7,0,0,0,1,0,1,0,0
"POINT (13.723177485000065 51.089884597000037)",Unfall 135181 (2023) Kat:3, Licht: 0,135181,3,1,0,04,18,6,1,0,1,0,0,0,0,0
"POINT (13.824834188000068 50.985965638000039)",Unfall 135182 (2023) Kat:3, Licht: 0,135182,3,2,6,04,15,6,1,0,0,1,1,0,0,0
"POINT (13.776035714000045 51.110709462000045)",Unfall 135183 (2023) Kat:3, Licht: 2,135183,3,1,0,04,19,6,1,2,1,0,0,0,0,0
"POINT (13.785074501000054 51.008589814000061)",Unfall 135192 (2023) Kat:2, Licht: 0,135192,2,7,6,04,11,7,0,0,0,1,1,0,0,0
"POINT (13.783860273000073 51.009654931000057)",Unfall 135197 (2023) Kat:3, Licht: 0,135197,3,7,4,04,10,5,0,0,0,1,0,0,0,0
"POINT (13.721359556000039 51.041762941000059)",Unfall 135199 (2023) Kat:3, Licht: 1,135199,3,3,5,04,19,5,0,1,1,1,0,0,0,0
"POINT (13.714779928000041 51.079244653000046)",Unfall 135205 (2023) Kat:3, Licht: 0,135205,3,2,5,04,17,4,1,0,0,1,0,0,0,1
"POINT (13.766585454000051 51.094097596000040)",Unfall 135206 (2023) Kat:3, Licht: 0,135206,3,3,5,04,15,4,0,0,0,1,0,0,0,1
"POINT (13.647096467000040 51.084481178000033)",Unfall 135215 (2023) Kat:3, Licht: 0,135215,3,3,5,04,11,3,0,0,1,1,0,0,0,0
"POINT (13.730785045000061 51.030015995000042)",Unfall 135218 (2023) Kat:2, Licht: 0,135218,2,3,5,04,17,3,0,0,0,1,0,0,0,0
"POINT (13.886166199000058 51.068406856000081)",Unfall 135227 (2023) Kat:3, Licht: 0,135227,3,1,9,05,17,4,0,0,1,1,0,0,0,0
"POINT (13.733375940000030 51.038948097000059)",Unfall 135254 (2023) Kat:3, Licht: 0,135254,3,6,1,04,13,6,0,0,0,1,0,0,0,0
"POINT (13.655338288000053 51.068190371000071)",Unfall 135265 (2023) Kat:2, Licht: 2,135265,2,7,0,04,20,5,0,2,1,0,0,0,0,0
"POINT (13.721286356000064 51.075536721000049)",Unfall 135266 (2023) Kat:2, Licht: 0,135266,2,7,8,04,07,5,0,0,0,1,0,0,0,0
"POINT (13.648849778000056 51.068268958000033)",Unfall 135280 (2023) Kat:3, Licht: 2,135280,3,7,0,04,21,4,0,2,0,0,0,0,0,1
"POINT (13.733377665000035 51.066333376000046)",Unfall 135294 (2023) Kat:3, Licht: 0,135294,3,1,0,04,17,3,0,0,1,0,0,0,0,0
"POINT (13.795727202000023 51.162954154000033)",Unfall 135305 (2023) Kat:2, Licht: 0,135305,2,6,2,04,11,2,0,0,0,1,0,0,0,0
"POINT (13.671152445000075 51.016755117000059)",Unfall 135306 (2023) Kat:3, Licht: 0,135306,3,6,2,04,16,2,0,0,0,1,0,1,0,0
"POINT (13.734242843000061 51.065642179000065)",Unfall 135311 (2023) Kat:3, Licht: 0,135311,3,3,5,05,17,5,0,0,1,0,0,0,0,0
"POINT (13.747383011000068 51.067523293000079)",Unfall 135314 (2023) Kat:2, Licht: 0,135314,2,1,0,04,07,1,1,0,1,0,0,0,0,0
"POINT (13.701698226000076 51.031027260000030)",Unfall 135335 (2023) Kat:3, Licht: 0,135335,3,6,2,03,15,6,0,0,0,1,0,0,0,0
"POINT (13.714375892000021 51.079781861000072)",Unfall 135336 (2023) Kat:3, Licht: 0,135336,3,6,0,03,16,6,1,0,1,1,0,0,0,0
"POINT (13.772284866000064 51.066696541000056)",Unfall 135337 (2023) Kat:3, Licht: 0,135337,3,3,5,03,15,6,1,0,1,0,0,0,0,1
"POINT (13.745088106000026 51.049554269000055)",Unfall 135340 (2023) Kat:2, Licht: 0,135340,2,6,1,03,13,6,1,0,0,0,0,0,1,1
"POINT (13.595385901000043 51.071441553000057)",Unfall 135347 (2023) Kat:3, Licht: 1,135347,3,1,8,03,05,5,0,1,0,0,0,1,0,0
"POINT (13.863828891000026 51.103743987000030)",Unfall 135349 (2023) Kat:2, Licht: 0,135349,2,1,8,03,13,5,1,0,0,1,0,0,0,0
"POINT (13.704453337000075 51.050806388000069)",Unfall 135362 (2023) Kat:2, Licht: 2,135362,2,3,5,03,16,4,0,2,0,1,0,1,0,0
"POINT (13.777668588000040 51.012951526000052)",Unfall 135364 (2023) Kat:3, Licht: 2,135364,3,4,6,03,05,4,0,2,1,0,1,0,0,0
"POINT (13.774471094000035 51.067117706000033)",Unfall 135365 (2023) Kat:3, Licht: 0,135365,3,6,2,03,10,4,0,0,0,1,0,0,0,0
"POINT (13.735745735000023 51.041883273000053)",Unfall 135372 (2023) Kat:2, Licht: 0,135372,2,3,5,05,16,3,0,0,1,1,0,0,0,0
"POINT (13.612834876000022 51.038021585000081)",Unfall 135385 (2023) Kat:3, Licht: 2,135385,3,7,8,03,23,3,0,2,0,0,0,1,0,0
"POINT (13.647512924000068 51.035601231000044)",Unfall 135386 (2023) Kat:3, Licht: 0,135386,3,6,2,03,09,3,1,0,0,1,0,0,1,1
"POINT (13.795729341000026 51.162955471000032)",Unfall 135403 (2023) Kat:3, Licht: 2,135403,3,1,8,03,05,2,1,2,0,1,0,0,0,0
"POINT (13.710136145000035 51.083829435000041)",Unfall 135419 (2023) Kat:2, Licht: 0,135419,2,3,5,03,11,7,1,0,0,1,0,0,0,0
"POINT (13.765315652000027 51.003741028000036)",Unfall 135472 (2023) Kat:3, Licht: 0,135472,3,6,2,03,08,4,0,0,1,1,0,0,0,0
"POINT (13.822191411000063 51.125748584000064)",Unfall 135474 (2023) Kat:3, Licht: 0,135474,3,2,5,03,14,4,0,0,0,1,0,0,0,0
"POINT (13.766585892000023 51.094098147000068)",Unfall 135487 (2023) Kat:3, Licht: 0,135487,3,3,5,03,10,3,0,0,0,1,0,0,0,1
"POINT (13.735194385000057 51.073385850000079)",Unfall 135490 (2023) Kat:3, Licht: 0,135490,3,1,0,03,08,3,1,0,1,0,0,0,0,0
"POINT (13.678231394000022 51.027811873000076)",Unfall 135500 (2023) Kat:3, Licht: 0,135500,3,6,2,04,17,5,0,0,0,1,0,0,0,1
"POINT (13.681357705000039 51.061844200000053)",Unfall 135507 (2023) Kat:3, Licht: 2,135507,3,1,0,03,22,2,1,2,1,0,0,0,0,0
"POINT (13.742332938000061 51.064641270000038)",Unfall 135513 (2023) Kat:3, Licht: 2,135513,3,1,0,03,03,1,0,2,1,0,0,0,0,0
"POINT (13.614582361000032 51.038468768000030)",Unfall 135523 (2023) Kat:2, Licht: 0,135523,2,3,5,03,14,7,0,0,0,1,0,0,0,0
"POINT (13.690249201000029 51.062486945000046)",Unfall 135542 (2023) Kat:3, Licht: 0,135542,3,6,3,03,15,6,0,0,0,1,0,0,0,0
"POINT (13.733274077000033 51.066414499000075)",Unfall 135543 (2023) Kat:3, Licht: 0,135543,3,3,5,03,15,6,0,0,0,1,0,0,0,0
"POINT (13.763448616000062 51.086699908000071)",Unfall 135544 (2023) Kat:3, Licht: 0,135544,3,7,2,03,08,6,0,0,0,1,0,0,0,0
"POINT (13.703639235000026 51.034728342000051)",Unfall 135553 (2023) Kat:3, Licht: 0,135553,3,6,3,03,07,4,0,0,0,1,0,0,0,1
"POINT (13.704526815000065 51.050660991000029)",Unfall 135557 (2023) Kat:3, Licht: 0,135557,3,6,2,03,16,5,0,0,0,1,0,0,0,0
"POINT (13.849481859000036 51.061834435000037)",Unfall 135558 (2023) Kat:3, Licht: 0,135558,3,3,5,03,12,5,0,0,1,1,0,0,0,0
"POINT (13.828778905000036 51.058545089000063)",Unfall 135559 (2023) Kat:2, Licht: 0,135559,2,2,5,03,07,5,0,0,1,1,0,0,0,0
"POINT (13.822269125000048 51.056668461000072)",Unfall 135562 (2023) Kat:3, Licht: 0,135562,3,6,2,03,07,5,0,0,1,1,0,0,0,0
"POINT (13.718976803000032 51.096628088000045)",Unfall 135563 (2023) Kat:3, Licht: 0,135563,3,3,5,03,17,5,0,0,1,1,0,0,0,0
"POINT (13.647127299000033 51.084469656000067)",Unfall 135581 (2023) Kat:3, Licht: 0,135581,3,3,5,03,17,4,0,0,1,1,0,0,0,0
"POINT (13.726099440000041 51.058706851000068)",Unfall 135582 (2023) Kat:3, Licht: 0,135582,3,6,2,03,11,4,0,0,0,1,0,0,0,0
"POINT (13.726309911000044 51.032198013000027)",Unfall 135583 (2023) Kat:3, Licht: 0,135583,3,6,1,03,08,4,0,0,0,1,0,0,0,0
"POINT (13.661559183000065 51.035743613000079)",Unfall 135589 (2023) Kat:3, Licht: 0,135589,3,1,9,03,14,6,1,0,0,1,0,0,0,0
"POINT (13.759264880000046 51.023810031000039)",Unfall 135619 (2023) Kat:3, Licht: 0,135619,3,6,2,03,15,2,0,0,0,1,0,1,0,0
"POINT (13.738960850000069 51.065911792000065)",Unfall 135647 (2023) Kat:3, Licht: 0,135647,3,3,5,03,09,5,0,0,1,1,0,0,0,0
"POINT (13.768674127000054 51.098884021000060)",Unfall 135662 (2023) Kat:3, Licht: 0,135662,3,1,0,04,17,5,0,0,1,0,0,0,0,0
"POINT (13.745780124000078 51.057193168000026)",Unfall 135672 (2023) Kat:3, Licht: 0,135672,3,6,2,03,13,5,1,0,0,1,0,0,0,0
"POINT (13.749366315000032 51.130444613000066)",Unfall 135674 (2023) Kat:2, Licht: 0,135674,2,1,2,03,16,5,1,0,0,1,0,0,0,0
"POINT (13.707011229000045 51.041399793000039)",Unfall 135675 (2023) Kat:3, Licht: 0,135675,3,3,5,03,07,5,1,0,1,1,0,0,0,0
"POINT (13.632572041000060 51.039425835000031)",Unfall 135690 (2023) Kat:3, Licht: 2,135690,3,6,2,03,18,4,1,2,0,1,0,0,0,0
"POINT (13.749556561000077 51.122972481000033)",Unfall 135693 (2023) Kat:3, Licht: 0,135693,3,6,2,03,13,4,1,0,0,1,0,0,0,0
"POINT (13.731501980000075 51.027190451000081)",Unfall 135694 (2023) Kat:3, Licht: 0,135694,3,6,1,03,14,4,1,0,0,1,0,0,0,0
"POINT (13.727525651000064 51.084917472000029)",Unfall 135695 (2023) Kat:3, Licht: 0,135695,3,2,5,03,14,4,1,0,1,1,0,0,0,0
"POINT (13.690044962000059 51.073777361000054)",Unfall 135707 (2023) Kat:3, Licht: 1,135707,3,4,6,03,18,3,1,1,0,1,1,0,0,0
"POINT (13.705127177000065 51.044459275000065)",Unfall 135728 (2023) Kat:3, Licht: 2,135728,3,3,5,03,05,2,1,2,0,1,0,0,0,1
"POINT (13.916283619000069 51.026540305000026)",Unfall 135729 (2023) Kat:3, Licht: 0,135729,3,1,9,03,14,2,1,0,0,1,0,0,0,0
"POINT (13.863397953000060 51.103686574000051)",Unfall 135740 (2023) Kat:2, Licht: 0,135740,2,1,8,03,11,1,1,0,0,1,0,0,0,0
"POINT (13.731427185000030 51.034798499000033)",Unfall 135753 (2023) Kat:3, Licht: 2,135753,3,7,0,03,19,6,0,2,1,0,0,0,0,0
"POINT (13.769452499000067 51.066154958000027)",Unfall 135754 (2023) Kat:3, Licht: 0,135754,3,7,2,03,12,7,0,0,0,1,0,0,0,0
"POINT (13.710482851000052 51.083637716000055)",Unfall 135755 (2023) Kat:3, Licht: 2,135755,3,7,1,03,00,7,0,2,0,1,0,0,0,0
"POINT (13.723565021000070 51.033742244000052)",Unfall 135764 (2023) Kat:3, Licht: 0,135764,3,1,0,03,10,6,2,0,0,0,0,0,0,1
"POINT (13.884814297000048 51.060929057000067)",Unfall 135765 (2023) Kat:3, Licht: 0,135765,3,2,2,03,12,6,1,0,0,1,0,0,0,0
"POINT (13.741837919000034 51.028899853000041)",Unfall 135772 (2023) Kat:2, Licht: 1,135772,2,2,5,04,19,4,0,1,1,1,0,0,0,0
"POINT (13.818336129000045 51.064511440000047)",Unfall 135777 (2023) Kat:3, Licht: 0,135777,3,1,0,04,10,6,0,0,1,0,0,0,0,0
"POINT (13.717951671000037 51.035934766000082)",Unfall 135785 (2023) Kat:3, Licht: 0,135785,3,6,2,03,08,5,0,0,0,1,0,0,0,0
"POINT (13.717801121000036 51.022242154000025)",Unfall 135786 (2023) Kat:3, Licht: 0,135786,3,1,8,03,16,5,0,0,0,1,0,0,0,0