WKT,Name,OBJECTID,UKATEGORIE,UTYP1,UART,UMONAT,USTUNDE,UWOCHENTAG,STRZUSTAND,ULICHTVERH,ISTRAD,ISTPKW,ISTFUSS,ISTKRAD,ISTGKFZ,ISTSONSTIG
"POINT (13.728117798000028 51.112840755000036)",Unfall 135813 (2023) Kat:3, Licht: 0,135813,3,1,4,02,08,3,0,0,0,1,0,0,0,0
"POINT (13.704389425000045 51.050911472000053)",Unfall 135830 (2023) Kat:3, Licht: 0,135830,3,2,5,02,15,2,1,0,0,1,0,0,0,1
"POINT (13.812463557000058 51.063802742000064)",Unfall 135831 (2023) Kat:3, Licht: 2,135831,3,6,2,02,19,2,0,2,0,1,0,0,0,0
"POINT (13.741466921000040 51.057840730000066)",Unfall 135832 (2023) Kat:2, Licht: 0,135832,2,6,2,02,15,2,0,0,0,1,0,0,0,0
"POINT (13.743951487000061 51.064434066000047)",Unfall 135833 (2023) Kat:3, Licht: 0,135833,3,6,3,02,15,2,0,0,0,1,0,0,0,0
"POINT (13.732867747000057 51.078000938000059)",Unfall 135834 (2023) Kat:3, Licht: 0,135834,3,3,0,02,10,2,0,0,0,1,0,0,0,1
"POINT (13.733894982000038 51.065922041000078)",Unfall 135870 (2023) Kat:3, Licht: 0,135870,3,2,4,02,10,6,0,0,1,0,0,0,0,1
"POINT (13.879885123000065 51.110253644000068)",Unfall 135884 (2023) Kat:3, Licht: 0,135884,3,6,2,02,07,5,0,0,0,1,0,1,0,0
"POINT (13.700017176000074 51.059417028000041)",Unfall 135892 (2023) Kat:3, Licht: 0,135892,3,3,3,04,08,4,0,0,1,1,0,0,0,0
"POINT (13.738590158000022 51.084070366000049)",Unfall 135905 (2023) Kat:3, Licht: 2,135905,3,3,5,02,06,3,1,2,1,1,0,0,0,0
"POINT (13.799347940000075 50.998338486000080)",Unfall 135907 (2023) Kat:3, Licht: 2,135907,3,6,2,02,17,3,0,2,0,1,0,0,0,0
"POINT (13.724539883000034 51.032985602000053)",Unfall 135908 (2023) Kat:2, Licht: 2,135908,2,4,6,02,06,3,0,2,0,0,1,0,0,1
"POINT (13.865835458000049 51.045641653000075)",Unfall 135909 (2023) Kat:2, Licht: 0,135909,2,4,6,02,14,3,0,0,0,1,1,0,0,0
"POINT (13.858901967000065 51.060846419000029)",Unfall 135910 (2023) Kat:3, Licht: 2,135910,3,1,0,02,20,3,0,2,1,0,0,0,0,0
"POINT (13.690343686000062 51.061875859000054)",Unfall 135916 (2023) Kat:3, Licht: 0,135916,3,7,0,02,10,2,0,0,1,0,0,0,0,0
"POINT (13.736713500000064 51.094056836000050)",Unfall 135917 (2023) Kat:3, Licht: 0,135917,3,6,2,02,10,2,0,0,0,1,0,0,1,0
"POINT (13.690653455000074 51.085563552000053)",Unfall 135919 (2023) Kat:3, Licht: 0,135919,3,6,3,02,14,2,0,0,0,1,0,0,1,0
"POINT (13.730816950000076 51.033623187000046)",Unfall 135921 (2023) Kat:3, Licht: 0,135921,3,2,5,02,13,2,0,0,1,1,0,0,0,0
"POINT (13.719415257000037 51.040248642000051)",Unfall 135952 (2023) Kat:3, Licht: 0,135952,3,3,5,02,17,6,0,0,1,1,0,0,0,0
"POINT (13.850855724000041 51.026188239000078)",Unfall 135953 (2023) Kat:3, Licht: 0,135953,3,4,6,02,07,6,0,0,0,1,1,0,0,0
"POINT (13.723180605000039 51.089880273000063)",Unfall 135979 (2023) Kat:3, Licht: 2,135979,3,2,1,02,19,4,0,2,0,1,0,0,0,1
"POINT (13.752993880000076 51.073910327000078)",Unfall 135980 (2023) Kat:3, Licht: 0,135980,3,6,2,02,13,4,0,0,0,1,0,0,0,0
"POINT (13.717999274000022 51.038786358000038)",Unfall 136003 (2023) Kat:3, Licht: 0,136003,3,3,5,02,14,2,0,0,1,1,0,0,0,0
"POINT (13.723587312000063 51.074135456000079)",Unfall 136010 (2023) Kat:2, Licht: 0,136010,2,4,6,02,15,1,0,0,0,1,1,0,0,0
"POINT (13.719628944000021 51.076296072000048)",Unfall 136012 (2023) Kat:3, Licht: 0,136012,3,4,6,03,15,2,0,0,0,1,1,0,0,0
"POINT (13.723175566000066 51.089887258000033)",Unfall 136017 (2023) Kat:3, Licht: 1,136017,3,1,0,02,16,7,1,1,1,0,0,0,0,0
"POINT (13.694032161000052 51.043059071000073)",Unfall 136031 (2023) Kat:3, Licht: 2,136031,3,6,2,02,18,6,0,2,0,1,0,0,0,0
"POINT (13.727508043000057 51.044798208000032)",Unfall 136056 (2023) Kat:3, Licht: 0,136056,3,2,5,03,13,4,0,0,1,1,0,0,0,0
"POINT (13.760297840000021 51.023234204000062)",Unfall 136065 (2023) Kat:3, Licht: 0,136065,3,6,2,02,12,4,0,0,0,1,0,0,0,0
"POINT (13.731192591000024 51.034298979000027)",Unfall 136073 (2023) Kat:3, Licht: 0,136073,3,7,0,02,16,3,1,0,1,0,0,0,0,0
"POINT (13.759753699000044 51.081158509000034)",Unfall 136075 (2023) Kat:3, Licht: 0,136075,3,3,5,02,16,3,0,0,1,1,0,0,0,0
"POINT (13.829460256000061 51.062063685000055)",Unfall 136076 (2023) Kat:3, Licht: 0,136076,3,3,5,02,07,3,0,0,0,1,0,0,0,0
"POINT (13.607296595000037 51.091459945000054)",Unfall 136096 (2023) Kat:3, Licht: 0,136096,3,7,2,02,07,2,0,0,0,1,0,0,0,0
"POINT (13.698252181000043 51.043522191000079)",Unfall 136097 (2023) Kat:3, Licht: 0,136097,3,4,6,02,15,2,0,0,0,1,1,0,0,0
"POINT (13.820346401000052 51.064041599000063)",Unfall 136140 (2023) Kat:3, Licht: 0,136140,3,2,6,02,12,6,1,0,0,1,1,0,0,0
"POINT (13.664061504000074 51.071753802000046)",Unfall 136143 (2023) Kat:2, Licht: 2,136143,2,7,7,02,05,6,1,2,0,1,0,0,0,1
"POINT (13.653443540000069 51.071721479000075)",Unfall 136144 (2023) Kat:3, Licht: 0,136144,3,6,3,02,14,6,1,0,0,1,0,0,1,0
"POINT (13.701580833000037 51.030581430000041)",Unfall 136145 (2023) Kat:3, Licht: 2,136145,3,3,4,02,07,6,1,2,1,1,0,0,0,0
"POINT (13.761320930000068 51.083407454000053)",Unfall 136166 (2023) Kat:3, Licht: 0,136166,3,3,5,02,07,5,0,0,1,1,0,0,0,0
"POINT (13.768257271000039 51.015701439000054)",Unfall 136185 (2023) Kat:3, Licht: 1,136185,3,3,5,02,07,4,1,1,1,1,0,0,0,0
"POINT (13.739162319000059 51.058875624000052)",Unfall 136186 (2023) Kat:3, Licht: 2,136186,3,3,3,02,17,4,0,2,1,1,0,0,0,0
"POINT (13.739309197000068 51.073919842000066)",Unfall 136204 (2023) Kat:3, Licht: 0,136204,3,1,0,04,09,6,0,0,1,0,0,0,0,0
"POINT (13.703956496000046 51.040905420000058)",Unfall 136220 (2023) Kat:3, Licht: 0,136220,3,6,1,01,14,2,0,0,0,1,0,0,0,0
"POINT (13.884722674000045 51.060915435000027)",Unfall 136221 (2023) Kat:3, Licht: 2,136221,3,6,2,01,18,2,1,2,0,1,0,0,0,0
"POINT (13.721818913000050 51.053658181000060)",Unfall 136233 (2023) Kat:3, Licht: 2,136233,3,1,0,01,03,1,0,2,1,0,0,0,0,0
"POINT (13.733173919000023 51.076233117000072)",Unfall 136234 (2023) Kat:3, Licht: 2,136234,3,7,0,01,18,1,0,2,0,1,0,0,0,0
"POINT (13.750181897000061 51.164987126000028)",Unfall 136235 (2023) Kat:3, Licht: 1,136235,3,7,8,01,16,7,0,1,0,1,0,0,0,0
"POINT (13.883223528000030 51.060758091000082)",Unfall 136255 (2023) Kat:3, Licht: 0,136255,3,6,2,01,16,6,1,0,0,1,0,0,0,0
"POINT (13.732801197000072 51.077033341000060)",Unfall 136256 (2023) Kat:3, Licht: 0,136256,3,1,0,01,09,6,1,0,0,0,0,1,0,0
"POINT (13.791799722000064 51.125560903000064)",Unfall 136270 (2023) Kat:3, Licht: 2,136270,3,2,5,02,06,4,2,2,0,1,0,1,0,0
"POINT (13.743029500000034 51.028692953000075)",Unfall 136273 (2023) Kat:3, Licht: 0,136273,3,4,6,01,09,5,1,0,0,1,1,0,0,0
"POINT (13.774512751000032 51.111768648000066)",Unfall 136286 (2023) Kat:2, Licht: 1,136286,2,3,5,01,06,4,0,1,1,1,0,0,0,0
"POINT (13.704201875000024 51.043520057000080)",Unfall 136292 (2023) Kat:2, Licht: 2,136292,2,4,6,01,21,3,1,2,0,1,1,0,0,0
"POINT (13.721669471000041 51.034304666000025)",Unfall 136306 (2023) Kat:3, Licht: 0,136306,3,7,0,01,16,2,1,0,1,0,0,0,0,0
"POINT (13.702154856000050 51.032787018000079)",Unfall 136313 (2023) Kat:2, Licht: 2,136313,2,1,9,01,22,1,1,2,0,1,0,0,0,0
"POINT (13.924535830000025 51.061519186000055)",Unfall 136333 (2023) Kat:3, Licht: 2,136333,3,1,8,01,20,7,2,2,0,1,0,0,0,0
"POINT (13.721559115000048 51.053337282000030)",Unfall 136334 (2023) Kat:3, Licht: 2,136334,3,6,2,01,16,7,2,2,0,1,0,0,0,0
"POINT (13.707010594000053 51.041400059000068)",Unfall 136359 (2023) Kat:3, Licht: 0,136359,3,3,5,01,08,6,1,0,1,1,0,0,0,0
"POINT (13.724793761000058 51.059357823000028)",Unfall 136360 (2023) Kat:3, Licht: 0,136360,3,7,5,01,07,6,1,0,0,1,0,0,0,0
"POINT (13.717966928000067 51.038758986000062)",Unfall 136376 (2023) Kat:2, Licht: 2,136376,2,1,0,05,23,3,0,2,0,0,0,0,0,1
"POINT (13.750539972000070 51.071209836000037)",Unfall 136386 (2023) Kat:3, Licht: 0,136386,3,4,6,01,14,5,0,0,0,0,1,0,0,1
"POINT (13.820430845000033 51.064015536000056)",Unfall 136387 (2023) Kat:3, Licht: 0,136387,3,3,5,01,13,5,1,0,0,1,0,0,1,0
"POINT (13.766983958000026 51.020624992000080)",Unfall 136422 (2023) Kat:3, Licht: 0,136422,3,3,5,04,14,4,0,0,1,1,0,0,0,0
"POINT (13.726995346000024 51.059601019000070)",Unfall 136429 (2023) Kat:3, Licht: 2,136429,3,7,6,01,16,4,1,2,0,1,1,0,0,0
"POINT (13.689677820000043 51.069432834000054)",Unfall 136430 (2023) Kat:3, Licht: 2,136430,3,3,5,01,18,4,2,2,1,1,0,0,0,0
"POINT (13.719271448000029 51.076438030000077)",Unfall 136435 (2023) Kat:2, Licht: 0,136435,2,3,5,01,15,4,1,0,1,1,0,0,0,0
"POINT (13.748743625000031 51.129132920000075)",Unfall 136439 (2023) Kat:3, Licht: 0,136439,3,6,3,04,11,5,1,0,0,1,0,0,1,0
"POINT (13.799362848000044 50.998576802000059)",Unfall 136474 (2023) Kat:3, Licht: 0,136474,3,6,1,01,10,2,0,0,0,1,0,0,0,0
"POINT (13.827249303000031 51.058274399000027)",Unfall 136475 (2023) Kat:3, Licht: 0,136475,3,2,5,01,12,2,0,0,1,0,0,0,0,1
"POINT (13.731625456000074 51.067969203000075)",Unfall 136476 (2023) Kat:3, Licht: 0,136476,3,6,2,01,07,2,0,0,0,1,0,0,0,0
"POINT (13.824721358000033 51.062671404000071)",Unfall 136477 (2023) Kat:2, Licht: 0,136477,2,1,0,01,15,2,0,0,1,0,0,0,0,0
"POINT (13.734611576000077 51.040479000000062)",Unfall 136478 (2023) Kat:3, Licht: 0,136478,3,2,5,01,13,2,0,0,1,1,0,0,0,0
"POINT (13.715897079000058 51.036844520000045)",Unfall 136479 (2023) Kat:2, Licht: 2,136479,2,4,6,01,06,2,0,2,0,1,1,0,0,0
"POINT (13.663027616000022 51.071881245000043)",Unfall 136496 (2023) Kat:2, Licht: 0,136496,2,1,3,03,07,5,0,0,0,1,0,0,0,0
"POINT (13.803509156000075 50.995519587000047)",Unfall 136514 (2023) Kat:3, Licht: 0,136514,3,7,0,03,07,7,0,0,1,0,0,0,0,0
"POINT (13.760380001000044 51.082036382000069)",Unfall 136520 (2023) Kat:2, Licht: 2,136520,2,4,6,01,17,6,1,2,0,1,1,0,0,0
"POINT (13.750001118000057 51.063210056000059)",Unfall 136525 (2023) Kat:2, Licht: 0,136525,2,7,0,04,19,1,0,0,0,1,0,1,0,0
"POINT (13.724995988000046 51.087657123000042)",Unfall 136531 (2023) Kat:3, Licht: 0,136531,3,1,0,02,14,7,0,0,1,0,0,0,0,0
"POINT (13.718727998000077 51.039623573000029)",Unfall 136534 (2023) Kat:3, Licht: 1,136534,3,6,2,01,16,5,1,1,0,1,0,0,0,0
"POINT (13.728976759000034 51.059314271000062)",Unfall 136535 (2023) Kat:3, Licht: 1,136535,3,3,5,01,07,5,0,1,1,1,0,0,0,0
"POINT (13.734387935000029 51.029237963000071)",Unfall 136538 (2023) Kat:3, Licht: 0,136538,3,6,2,01,09,5,0,0,0,1,0,0,0,0
"POINT (13.730334171000038 51.069370396000068)",Unfall 136558 (2023) Kat:3, Licht: 0,136558,3,2,2,01,14,4,0,0,1,1,0,0,0,0
"POINT (13.741799516000071 51.028902735000031)",Unfall 136559 (2023) Kat:2, Licht: 2,136559,2,3,5,01,17,4,1,2,1,1,0,0,0,0
"POINT (13.727795212000046 51.060179757000071)",Unfall 136578 (2023) Kat:3, Licht: 2,136578,3,3,5,01,17,3,1,2,1,1,0,0,0,0
"POINT (13.849549707000051 51.120310557000039)",Unfall 136580 (2023) Kat:1, Licht: 2,136580,1,1,8,01,18,3,0,2,0,1,0,0,0,0
"POINT (13.848306906000062 51.061830473000043)",Unfall 136598 (2023) Kat:3, Licht: 0,136598,3,4,6,01,12,2,0,0,0,1,1,0,0,0
"POINT (13.706836436000060 51.019928406000076)",Unfall 136605 (2023) Kat:2, Licht: 0,136605,2,1,0,01,15,1,1,0,1,0,0,0,0,0
"POINT (13.742050555000048 51.064672498000050)",Unfall 136613 (2023) Kat:3, Licht: 0,136613,3,7,6,01,15,7,0,0,0,1,1,0,0,0
"POINT (13.734925376000035 51.065101327000036)",Unfall 136614 (2023) Kat:3, Licht: 1,136614,3,1,0,01,18,7,0,1,1,0,0,0,0,0
"POINT (13.723468406000052 51.055097322000051)",Unfall 136616 (2023) Kat:3, Licht: 0,136616,3,6,2,04,09,4,0,0,0,1,0,0,0,0
"POINT (13.731089783000073 51.024671720000072)",Unfall 136627 (2023) Kat:3, Licht: 0,136627,3,6,1,01,09,6,0,0,0,1,0,0,0,0
"POINT (13.843035367000027 51.061987165000062)",Unfall 136628 (2023) Kat:3, Licht: 0,136628,3,6,2,01,14,6,0,0,0,1,0,0,0,0
"POINT (13.738161774000048 51.043953129000045)",Unfall 136630 (2023) Kat:3, Licht: 2,136630,3,7,0,01,17,6,0,2,1,0,0,0,0,0
"POINT (13.794321971000045 51.073830518000079)",Unfall 136631 (2023) Kat:3, Licht: 0,136631,3,3,5,01,14,6,1,0,1,1,0,0,0,0
"POINT (13.743458028000077 51.047592665000082)",Unfall 136651 (2023) Kat:3, Licht: 0,136651,3,3,5,01,11,5,0,0,1,1,0,0,0,0
"POINT (13.773259301000053 51.108390318000033)",Unfall 136665 (2023) Kat:3, Licht: 1,136665,3,6,6,03,21,1,0,1,1,0,1,0,0,0
"POINT (13.733223828000064 51.038628332000030)",Unfall 136684 (2023) Kat:3, Licht: 0,136684,3,6,0,01,08,3,0,0,1,0,1,0,0,0
"POINT (13.698803062000025 51.061139105000052)",Unfall 136699 (2023) Kat:3, Licht: 0,136699,3,3,5,01,12,2,0,0,0,1,0,0,0,0
"POINT (13.756876107000039 51.025430434000043)",Unfall 136790 (2023) Kat:3, Licht: 0,136790,3,3,5,04,10,6,0,0,0,1,0,0,0,1
"POINT (13.664854122000065 51.031321502000026)",Unfall 136800 (2023) Kat:3, Licht: 0,136800,3,3,5,03,08,4,0,0,0,1,0,0,0,0
"POINT (13.709969206000039 51.058089427000027)",Unfall 136804 (2023) Kat:3, Licht: 0,136804,3,4,6,03,12,6,0,0,1,0,1,0,0,0
"POINT (13.741919980000034 51.046190734000049)",Unfall 136822 (2023) Kat:3, Licht: 0,136822,3,2,3,01,12,4,0,0,1,1,0,0,0,0
"POINT (13.714659760000075 51.079412096000055)",Unfall 136834 (2023) Kat:3, Licht: 0,136834,3,1,0,05,09,6,0,0,1,0,0,0,0,0
"POINT (13.852648486000021 51.061991338000041)",Unfall 136878 (2023) Kat:3, Licht: 0,136878,3,4,6,04,15,5,0,0,0,1,1,0,0,0
"POINT (13.698122333000072 51.031435724000062)",Unfall 136889 (2023) Kat:3, Licht: 1,136889,3,3,5,04,18,5,0,1,1,1,0,0,0,0
"POINT (13.724943872000040 51.043948301000057)",Unfall 136911 (2023) Kat:3, Licht: 2,136911,3,3,5,03,22,3,1,2,1,1,0,0,0,0
"POINT (13.760306131000050 51.023229691000040)",Unfall 137002 (2023) Kat:3, Licht: 2,137002,3,6,2,02,17,4,0,2,0,1,0,0,0,0
"POINT (13.731226732000039 51.034788907000063)",Unfall 137010 (2023) Kat:3, Licht: 0,137010,3,4,0,03,15,4,0,0,0,0,1,0,0,1
"POINT (13.755972068000062 51.077020408000067)",Unfall 137162 (2023) Kat:3, Licht: 2,137162,3,1,0,01,03,1,1,2,1,0,0,0,0,0
"POINT (13.728980552000053 51.083522860000073)",Unfall 137169 (2023) Kat:3, Licht: 0,137169,3,3,5,02,13,7,1,0,1,1,0,0,0,0
"POINT (13.731894386000022 51.126375683000049)",Unfall 137239 (2023) Kat:3, Licht: 2,137239,3,2,5,01,06,4,1,2,0,1,0,0,0,0
"POINT (13.691258895000033 51.082296519000067)",Unfall 137306 (2023) Kat:2, Licht: 0,137306,2,4,6,01,14,7,0,0,0,1,1,0,0,0
"POINT (13.821052660000078 51.048592172000042)",Unfall 137358 (2023) Kat:3, Licht: 0,137358,3,7,0,08,06,1,0,0,1,0,0,0,0,0
"POINT (13.723189631000025 51.033949901000028)",Unfall 137359 (2023) Kat:2, Licht: 0,137359,2,3,5,08,13,1,0,0,0,1,0,0,0,0
"POINT (13.747475584000028 51.053732455000045)",Unfall 137360 (2023) Kat:3, Licht: 0,137360,3,1,0,08,17,1,0,0,0,0,0,1,0,0
"POINT (13.621248441000034 51.038494912000033)",Unfall 137375 (2023) Kat:2, Licht: 0,137375,2,7,8,08,18,7,0,0,0,1,0,0,0,0
"POINT (13.622468663000063 51.037218429000063)",Unfall 137394 (2023) Kat:3, Licht: 0,137394,3,6,2,08,10,6,0,0,0,1,0,0,0,0
"POINT (13.638201186000060 51.070412749000070)",Unfall 137395 (2023) Kat:3, Licht: 1,137395,3,6,2,08,20,6,0,1,0,1,0,0,0,0
"POINT (13.682279384000026 51.061830751000059)",Unfall 137412 (2023) Kat:3, Licht: 0,137412,3,1,0,08,07,5,0,0,1,0,0,0,0,0
"POINT (13.823788257000047 51.057749257000069)",Unfall 137413 (2023) Kat:3, Licht: 2,137413,3,1,0,08,21,7,1,2,0,0,0,1,0,0
"POINT (13.746806284000058 51.063794388000076)",Unfall 137429 (2023) Kat:3, Licht: 0,137429,3,1,0,08,09,4,1,0,1,0,0,0,0,0
"POINT (13.667549871000062 51.072417285000029)",Unfall 137442 (2023) Kat:3, Licht: 1,137442,3,6,2,08,20,3,0,1,0,0,0,0,1,1
"POINT (13.731382972000063 51.027565165000055)",Unfall 137459 (2023) Kat:3, Licht: 0,137459,3,5,1,08,17,2,1,0,0,0,0,0,0,1
"POINT (13.781100563000052 51.066684979000058)",Unfall 137460 (2023) Kat:3, Licht: 0,137460,3,1,0,08,20,2,1,0,0,0,0,1,0,0
"POINT (13.749018481000064 51.130016976000036)",Unfall 137461 (2023) Kat:3, Licht: 2,137461,3,6,3,08,22,2,1,2,0,1,0,0,1,0
"POINT (13.770287603000043 51.102665113000057)",Unfall 137491 (2023) Kat:2, Licht: 0,137491,2,6,2,08,18,5,0,0,0,1,0,0,0,0
"POINT (13.949350325000069 51.064032958000041)",Unfall 137499 (2023) Kat:3, Licht: 0,137499,3,2,5,08,06,6,0,0,0,1,0,0,0,0
"POINT (13.836096264000048 51.125627590000079)",Unfall 137545 (2023) Kat:3, Licht: 0,137545,3,7,6,08,16,3,0,0,0,1,1,0,0,0
"POINT (13.746650837000061 51.057120951000059)",Unfall 137546 (2023) Kat:2, Licht: 0,137546,2,2,4,08,19,3,0,0,0,1,0,1,0,0
"POINT (13.751377835000028 51.072135038000056)",Unfall 137569 (2023) Kat:3, Licht: 2,137569,3,7,1,08,03,1,0,2,1,0,0,0,0,1
"POINT (13.833721991000061 50.984145739000041)",Unfall 137570 (2023) Kat:3, Licht: 0,137570,3,2,2,07,16,2,0,0,0,1,0,0,0,0
"POINT (13.733325270000023 51.039169021000077)",Unfall 137583 (2023) Kat:2, Licht: 0,137583,2,1,0,07,10,1,0,0,1,0,0,0,0,0
"POINT (13.735736655000039 51.099665972000082)",Unfall 137599 (2023) Kat:3, Licht: 1,137599,3,1,0,07,20,7,1,1,0,0,0,1,0,0
"POINT (13.786904857000025 51.066940555000031)",Unfall 137600 (2023) Kat:3, Licht: 0,137600,3,1,0,07,13,7,1,0,1,0,0,0,0,0
"POINT (13.610606729000040 51.037591779000081)",Unfall 137601 (2023) Kat:3, Licht: 0,137601,3,3,5,07,17,7,1,0,0,1,0,0,0,0
"POINT (13.759912399000029 51.081380960000047)",Unfall 137603 (2023) Kat:3, Licht: 0,137603,3,1,0,07,08,7,0,0,0,0,0,1,0,0
"POINT (13.747728405000032 51.068046990000028)",Unfall 137634 (2023) Kat:3, Licht: 0,137634,3,1,7,07,10,5,0,0,1,0,0,0,0,0
"POINT (13.732039012000030 51.079443777000051)",Unfall 137636 (2023) Kat:3, Licht: 0,137636,3,4,6,07,09,5,0,0,0,1,1,0,0,0
"POINT (13.737522279000075 51.087199758000054)",Unfall 137650 (2023) Kat:3, Licht: 0,137650,3,1,0,07,16,4,0,0,1,0,0,0,0,0
"POINT (13.693031128000030 51.081696930000078)",Unfall 137661 (2023) Kat:3, Licht: 0,137661,3,6,2,07,15,3,1,0,0,1,0,0,0,0
"POINT (13.693026861000021 51.081712285000037)",Unfall 137662 (2023) Kat:3, Licht: 0,137662,3,6,2,07,15,3,1,0,0,1,0,0,0,0
"POINT (13.720066674000066 51.011960400000078)",Unfall 137663 (2023) Kat:2, Licht: 0,137663,2,1,9,07,17,3,1,0,0,0,0,0,1,0
"POINT (13.778857527000071 51.067010795000044)",Unfall 137666 (2023) Kat:2, Licht: 2,137666,2,4,6,07,22,3,1,2,0,1,1,0,0,0
"POINT (13.755751066000073 51.026421461000041)",Unfall 137690 (2023) Kat:3, Licht: 0,137690,3,2,3,07,09,2,0,0,1,1,0,0,0,0
"POINT (13.725108485000021 51.043691070000079)",Unfall 137698 (2023) Kat:3, Licht: 0,137698,3,7,0,07,15,1,0,0,1,0,0,0,0,0
"POINT (13.772299535000059 51.066699116000052)",Unfall 137711 (2023) Kat:3, Licht: 0,137711,3,3,5,07,12,7,0,0,1,1,0,0,0,0
"POINT (13.768906159000039 51.099053744000059)",Unfall 137712 (2023) Kat:2, Licht: 0,137712,2,3,3,07,19,7,0,0,1,0,0,1,0,0
"POINT (13.663127252000038 51.068648799000073)",Unfall 137714 (2023) Kat:3, Licht: 0,137714,3,1,8,07,19,7,0,0,0,0,0,1,0,0
"POINT (13.738213365000036 51.084434553000051)",Unfall 137750 (2023) Kat:3, Licht: 0,137750,3,1,0,07,15,5,0,0,1,0,0,0,0,0
"POINT (13.722206421000067 51.054090349000035)",Unfall 137772 (2023) Kat:3, Licht: 0,137772,3,2,5,07,14,4,0,0,1,0,0,0,0,1
"POINT (13.769105896000042 51.099549620000062)",Unfall 137773 (2023) Kat:2, Licht: 0,137773,2,7,0,07,16,4,0,0,1,0,0,0,0,0
"POINT (13.689557058000048 51.067996942000036)",Unfall 137796 (2023) Kat:3, Licht: 0,137796,3,2,5,07,15,3,0,0,1,1,0,0,0,0
"POINT (13.726895083000045 51.059505268000066)",Unfall 137797 (2023) Kat:3, Licht: 0,137797,3,2,5,07,08,3,0,0,1,1,0,0,0,0
"POINT (13.874786344000029 51.008003025000050)",Unfall 137798 (2023) Kat:3, Licht: 0,137798,3,1,0,07,13,3,0,0,1,0,0,0,0,0
"POINT (13.802559827000039 50.989859272000047)",Unfall 137812 (2023) Kat:3, Licht: 0,137812,3,7,9,07,10,2,0,0,0,1,0,0,0,0
"POINT (13.731316824000032 51.034994347000065)",Unfall 137814 (2023) Kat:3, Licht: 0,137814,3,6,4,07,08,2,0,0,1,0,0,0,0,0
"POINT (13.775605927000072 51.110532603000081)",Unfall 137816 (2023) Kat:2, Licht: 0,137816,2,7,0,07,17,2,0,0,0,0,1,0,0,1
"POINT (13.742030114000045 51.064674352000054)",Unfall 137817 (2023) Kat:2, Licht: 0,137817,2,3,5,07,16,2,0,0,1,1,0,0,0,0
"POINT (13.717595103000065 51.097965966000061)",Unfall 137818 (2023) Kat:3, Licht: 0,137818,3,2,5,07,08,2,0,0,0,1,0,0,0,0
"POINT (13.698054196000044 51.043501745000071)",Unfall 137834 (2023) Kat:2, Licht: 2,137834,2,1,0,07,21,1,0,2,1,0,0,0,0,0
"POINT (13.692042524000044 51.084214147000068)",Unfall 137853 (2023) Kat:2, Licht: 0,137853,2,6,2,07,16,7,0,0,0,1,0,0,0,0
"POINT (13.587948735000055 51.062128411000060)",Unfall 137854 (2023) Kat:3, Licht: 0,137854,3,6,2,07,06,7,0,0,0,1,0,0,1,0
"POINT (13.704503594000073 51.050820704000046)",Unfall 137868 (2023) Kat:3, Licht: 2,137868,3,1,0,08,23,4,0,2,0,0,0,1,0,0
"POINT (13.727507409000054 51.044798686000036)",Unfall 137875 (2023) Kat:3, Licht: 0,137875,3,2,5,07,10,6,0,0,1,1,0,0,0,0
"POINT (13.724806312000055 51.056117982000046)",Unfall 137892 (2023) Kat:3, Licht: 0,137892,3,1,0,07,16,5,0,0,1,0,0,0,0,0
"POINT (13.742030363000026 51.064674329000070)",Unfall 137918 (2023) Kat:3, Licht: 2,137918,3,3,5,07,20,3,1,2,1,1,0,0,0,0
"POINT (13.703586335000068 51.050711838000041)",Unfall 137924 (2023) Kat:3, Licht: 0,137924,3,1,1,07,14,3,0,0,0,1,0,0,0,1
"POINT (13.637973431000034 51.087161745000060)",Unfall 137925 (2023) Kat:2, Licht: 0,137925,2,3,3,07,16,3,0,0,1,1,0,0,0,0
"POINT (13.616870066000047 51.038729115000081)",Unfall 137926 (2023) Kat:2, Licht: 0,137926,2,6,1,07,07,3,0,0,0,1,0,0,1,0
"POINT (13.752513614000065 51.073381413000050)",Unfall 137941 (2023) Kat:3, Licht: 0,137941,3,1,0,07,09,2,0,0,1,0,0,0,0,0
"POINT (13.720723441000075 51.049240096000062)",Unfall 137942 (2023) Kat:3, Licht: 0,137942,3,6,3,07,15,2,0,0,1,0,0,0,0,0
"POINT (13.736083589000032 51.062590748000048)",Unfall 137945 (2023) Kat:2, Licht: 0,137945,2,6,2,07,08,2,0,0,1,0,0,0,0,0
"POINT (13.729805981000027 51.059468576000029)",Unfall 137957 (2023) Kat:3, Licht: 0,137957,3,7,8,08,14,1,0,0,0,0,0,1,0,0
"POINT (13.722568784000032 51.014201298000046)",Unfall 137976 (2023) Kat:3, Licht: 2,137976,3,1,8,07,03,7,0,2,0,1,0,0,0,0
"POINT (13.704208130000040 51.043530321000048)",Unfall 137993 (2023) Kat:3, Licht: 0,137993,3,2,0,07,07,6,0,0,1,1,0,0,0,0
"POINT (13.726414067000064 51.086066075000076)",Unfall 137994 (2023) Kat:3, Licht: 0,137994,3,5,1,07,12,6,0,0,1,1,0,0,0,0
"POINT (13.798625464000054 51.065954768000040)",Unfall 137995 (2023) Kat:3, Licht: 0,137995,3,7,1,07,09,6,0,0,0,1,0,0,1,0