WKT,Name,OBJECTID,UKATEGORIE,UTYP1,UART,UMONAT,USTUNDE,UWOCHENTAG,STRZUSTAND,ULICHTVERH,ISTRAD,ISTPKW,ISTFUSS,ISTKRAD,ISTGKFZ,ISTSONSTIG
"POINT (13.700638928000046 51.032194350000054)",Unfall 137996 (2023) Kat:3, Licht: 0,137996,3,3,5,08,07,2,1,0,1,1,0,0,0,0
"POINT (13.759335622000037 51.063605384000027)",Unfall 137997 (2023) Kat:3, Licht: 0,137997,3,1,0,07,10,6,0,0,1,0,0,0,0,0
"POINT (13.689633231000073 51.068934648000038)",Unfall 138021 (2023) Kat:3, Licht: 0,138021,3,2,5,07,07,5,0,0,1,1,0,0,0,0
"POINT (13.789591897000037 51.004950992000033)",Unfall 138022 (2023) Kat:3, Licht: 0,138022,3,6,2,07,10,5,0,0,0,1,0,1,0,0
"POINT (13.734361576000026 51.061611086000028)",Unfall 138023 (2023) Kat:3, Licht: 0,138023,3,2,2,07,06,5,0,0,1,1,0,0,0,1
"POINT (13.837165996000067 51.062322290000054)",Unfall 138037 (2023) Kat:3, Licht: 0,138037,3,1,0,07,14,4,0,0,1,0,0,0,0,0
"POINT (13.874337082000068 51.106375492000041)",Unfall 138038 (2023) Kat:2, Licht: 0,138038,2,1,9,07,13,4,0,0,0,1,0,0,0,0
"POINT (13.740014439000049 51.045181072000048)",Unfall 138039 (2023) Kat:3, Licht: 0,138039,3,3,5,07,08,4,0,0,1,0,0,0,0,0
"POINT (13.700029706000066 51.024841736000042)",Unfall 138040 (2023) Kat:3, Licht: 1,138040,3,6,8,07,21,4,0,1,0,1,0,1,0,0
"POINT (13.690168433000053 51.073468746000060)",Unfall 138074 (2023) Kat:3, Licht: 0,138074,3,3,5,07,17,3,0,0,1,1,0,0,0,0
"POINT (13.730645449000065 51.117785353000045)",Unfall 138077 (2023) Kat:3, Licht: 0,138077,3,3,5,07,06,3,0,0,1,1,0,0,0,0
"POINT (13.742030830000033 51.064674287000059)",Unfall 138078 (2023) Kat:3, Licht: 0,138078,3,3,5,07,17,3,0,0,1,1,0,0,0,0
"POINT (13.595404679000069 51.071512982000058)",Unfall 138098 (2023) Kat:3, Licht: 0,138098,3,7,6,07,18,2,0,0,0,1,1,0,0,0
"POINT (13.808958112000028 51.151268194000068)",Unfall 138099 (2023) Kat:2, Licht: 0,138099,2,7,0,07,15,2,0,0,1,0,0,0,0,0
"POINT (13.680868990000022 51.048761932000048)",Unfall 138115 (2023) Kat:3, Licht: 0,138115,3,1,8,07,15,1,0,0,0,0,0,1,0,0
"POINT (13.771486238000023 51.015861627000049)",Unfall 138129 (2023) Kat:3, Licht: 2,138129,3,1,0,07,23,7,1,2,1,0,0,0,0,0
"POINT (13.772541057000069 51.107302098000048)",Unfall 138130 (2023) Kat:3, Licht: 0,138130,3,3,5,07,18,7,0,0,1,1,0,0,0,0
"POINT (13.800551515000052 51.065916555000058)",Unfall 138133 (2023) Kat:2, Licht: 0,138133,2,3,5,07,07,7,0,0,1,1,0,0,0,0
"POINT (13.690452800000060 51.007807476000039)",Unfall 138189 (2023) Kat:3, Licht: 0,138189,3,1,7,06,16,5,0,0,1,1,0,0,0,0
"POINT (13.740729641000030 51.064785986000061)",Unfall 138190 (2023) Kat:3, Licht: 0,138190,3,4,6,06,08,5,0,0,1,0,1,0,0,0
"POINT (13.745360715000061 51.049000655000043)",Unfall 138191 (2023) Kat:3, Licht: 0,138191,3,6,2,06,10,5,0,0,0,1,0,0,0,0
"POINT (13.716156716000057 51.077798019000056)",Unfall 138206 (2023) Kat:3, Licht: 0,138206,3,2,5,06,19,4,0,0,1,1,0,0,0,0
"POINT (13.690057913000032 51.061711444000082)",Unfall 138207 (2023) Kat:3, Licht: 0,138207,3,3,5,06,16,4,0,0,1,1,0,0,0,0
"POINT (13.741342203000045 51.064736724000056)",Unfall 138216 (2023) Kat:2, Licht: 0,138216,2,7,0,07,15,1,0,0,0,0,0,1,0,0
"POINT (13.718899245000046 51.096891770000070)",Unfall 138229 (2023) Kat:3, Licht: 0,138229,3,1,8,06,15,3,0,0,1,0,0,0,0,0
"POINT (13.835479620000058 51.125549199000034)",Unfall 138251 (2023) Kat:2, Licht: 0,138251,2,2,1,06,07,2,0,0,0,1,1,0,0,1
"POINT (13.681221586000049 51.061860120000063)",Unfall 138266 (2023) Kat:2, Licht: 2,138266,2,1,0,06,01,1,0,2,1,0,0,0,0,0
"POINT (13.849497178000036 51.061833203000049)",Unfall 138283 (2023) Kat:2, Licht: 0,138283,2,3,5,07,18,6,0,0,0,1,0,0,0,0
"POINT (13.702011348000042 51.032537431000037)",Unfall 138294 (2023) Kat:3, Licht: 0,138294,3,3,5,06,17,6,0,0,0,1,0,1,0,0
"POINT (13.815228768000054 51.053894198000080)",Unfall 138295 (2023) Kat:3, Licht: 0,138295,3,2,6,06,17,6,0,0,0,1,1,0,0,0
"POINT (13.786917547000030 51.152601988000072)",Unfall 138326 (2023) Kat:3, Licht: 0,138326,3,6,1,06,17,5,0,0,0,1,0,1,0,0
"POINT (13.792885238000054 50.995973918000061)",Unfall 138331 (2023) Kat:3, Licht: 0,138331,3,6,2,06,16,5,0,0,0,0,0,1,0,1
"POINT (13.740329912000050 51.064695636000067)",Unfall 138350 (2023) Kat:3, Licht: 0,138350,3,3,5,06,17,4,0,0,1,1,0,0,0,0
"POINT (13.759742663000054 51.081143041000075)",Unfall 138351 (2023) Kat:3, Licht: 0,138351,3,2,5,06,17,4,0,0,0,1,0,1,0,0
"POINT (13.736017056000037 51.029252637000070)",Unfall 138352 (2023) Kat:3, Licht: 0,138352,3,6,1,06,07,4,0,0,1,1,0,0,1,0
"POINT (13.727341969000065 51.071576712000081)",Unfall 138373 (2023) Kat:3, Licht: 0,138373,3,4,6,06,07,3,0,0,0,0,1,1,0,0
"POINT (13.728962397000032 51.059324449000030)",Unfall 138374 (2023) Kat:3, Licht: 2,138374,3,3,5,06,23,3,0,2,1,1,0,0,0,0
"POINT (13.772137487000066 51.155452134000029)",Unfall 138375 (2023) Kat:3, Licht: 0,138375,3,6,0,06,18,3,0,0,0,1,0,1,0,0
"POINT (13.652666991000046 51.082474783000066)",Unfall 138377 (2023) Kat:3, Licht: 0,138377,3,6,2,06,06,3,0,0,0,1,0,0,0,0
"POINT (13.793607735000023 51.129190801000050)",Unfall 138402 (2023) Kat:3, Licht: 0,138402,3,3,5,06,15,2,0,0,1,1,0,0,0,0
"POINT (13.749018236000040 51.130016171000079)",Unfall 138403 (2023) Kat:3, Licht: 0,138403,3,6,2,06,10,2,0,0,0,1,0,0,0,0
"POINT (13.782568850000075 51.067102881000039)",Unfall 138406 (2023) Kat:3, Licht: 0,138406,3,6,4,06,07,2,0,0,1,0,0,0,0,0
"POINT (13.709331717000055 51.105840255000032)",Unfall 138422 (2023) Kat:3, Licht: 0,138422,3,1,8,06,15,1,0,0,0,1,0,0,0,0
"POINT (13.681324439000036 51.048651486000040)",Unfall 138441 (2023) Kat:3, Licht: 0,138441,3,6,1,06,11,7,0,0,0,1,0,1,0,0
"POINT (13.706513250000057 51.028701824000052)",Unfall 138467 (2023) Kat:3, Licht: 0,138467,3,2,5,06,09,6,0,0,1,1,0,0,0,0
"POINT (13.721761712000045 51.047073699000066)",Unfall 138468 (2023) Kat:3, Licht: 0,138468,3,6,2,06,15,6,0,0,0,1,0,0,0,0
"POINT (13.724427496000033 51.033034926000028)",Unfall 138486 (2023) Kat:3, Licht: 0,138486,3,1,0,06,15,5,1,0,1,0,0,0,0,0
"POINT (13.761552341000026 51.063986437000040)",Unfall 138487 (2023) Kat:3, Licht: 0,138487,3,3,5,06,08,5,0,0,0,1,0,0,1,0
"POINT (13.867248491000055 51.134521351000046)",Unfall 138499 (2023) Kat:3, Licht: 0,138499,3,1,8,06,15,4,0,0,0,1,0,0,0,0
"POINT (13.709969847000025 51.083923180000056)",Unfall 138502 (2023) Kat:3, Licht: 0,138502,3,5,1,06,16,4,0,0,1,1,0,0,0,0
"POINT (13.703971652000064 51.017999247000034)",Unfall 138503 (2023) Kat:2, Licht: 0,138503,2,6,0,06,07,4,0,0,1,1,0,0,0,0
"POINT (13.715646596000056 51.036917429000027)",Unfall 138504 (2023) Kat:3, Licht: 0,138504,3,2,3,06,09,4,0,0,0,1,0,0,0,0
"POINT (13.776420509000047 51.110882429000071)",Unfall 138505 (2023) Kat:3, Licht: 0,138505,3,1,0,06,16,4,0,0,1,0,0,0,0,0
"POINT (13.763425292000022 51.120681173000037)",Unfall 138514 (2023) Kat:3, Licht: 0,138514,3,6,2,07,13,6,1,0,0,1,0,1,0,0
"POINT (13.768257271000039 51.015701439000054)",Unfall 138522 (2023) Kat:3, Licht: 0,138522,3,3,5,06,11,3,0,0,0,1,0,0,0,1
"POINT (13.768257271000039 51.015701439000054)",Unfall 138523 (2023) Kat:3, Licht: 0,138523,3,3,5,06,06,3,0,0,1,1,0,0,0,0
"POINT (13.703651715000035 51.050729249000028)",Unfall 138559 (2023) Kat:3, Licht: 0,138559,3,3,5,06,16,2,0,0,0,1,0,0,0,0
"POINT (13.691912255000034 51.084365932000026)",Unfall 138560 (2023) Kat:3, Licht: 0,138560,3,3,5,06,08,2,0,0,0,1,0,0,0,0
"POINT (13.878170892000071 51.072134361000053)",Unfall 138562 (2023) Kat:1, Licht: 0,138562,1,3,5,06,07,2,0,0,1,1,0,0,0,0
"POINT (13.883716121000077 51.073674461000053)",Unfall 138584 (2023) Kat:3, Licht: 0,138584,3,1,0,06,18,1,0,0,1,0,0,0,0,0
"POINT (13.724153250000029 51.055609054000058)",Unfall 138585 (2023) Kat:3, Licht: 0,138585,3,1,0,06,06,1,0,0,1,0,0,0,0,0
"POINT (13.746650127000066 51.057154613000080)",Unfall 138587 (2023) Kat:3, Licht: 0,138587,3,7,0,06,14,1,0,0,1,0,0,0,0,0
"POINT (13.745373952000023 51.049014897000063)",Unfall 138588 (2023) Kat:3, Licht: 0,138588,3,3,5,06,16,1,0,0,0,1,0,1,0,0
"POINT (13.741912581000065 51.046187747000033)",Unfall 138605 (2023) Kat:2, Licht: 0,138605,2,6,4,06,11,7,0,0,1,0,0,0,0,0
"POINT (13.586386926000046 51.048779794000041)",Unfall 138613 (2023) Kat:3, Licht: 0,138613,3,3,5,07,10,5,0,0,0,1,0,1,0,0
"POINT (13.705098497000051 51.043805794000036)",Unfall 138630 (2023) Kat:3, Licht: 0,138630,3,6,2,06,12,6,0,0,0,1,0,0,0,0
"POINT (13.721156218000033 51.047955666000064)",Unfall 138632 (2023) Kat:2, Licht: 2,138632,2,7,0,06,03,6,0,2,0,0,0,0,0,1
"POINT (13.756801852000024 51.077678387000049)",Unfall 138633 (2023) Kat:3, Licht: 0,138633,3,2,2,06,17,6,0,0,1,0,0,0,0,0
"POINT (13.624374835000026 51.088992725000026)",Unfall 138634 (2023) Kat:3, Licht: 0,138634,3,6,2,06,09,6,0,0,0,1,0,0,0,0
"POINT (13.743397204000075 51.064521442000057)",Unfall 138669 (2023) Kat:3, Licht: 0,138669,3,3,5,06,18,5,0,0,1,1,0,0,0,0
"POINT (13.733054896000056 51.076504066000041)",Unfall 138671 (2023) Kat:3, Licht: 0,138671,3,7,7,06,15,5,0,0,1,0,0,0,0,0
"POINT (13.695892649000029 51.043269254000052)",Unfall 138672 (2023) Kat:2, Licht: 0,138672,2,1,0,06,11,5,0,0,1,0,0,0,0,0
"POINT (13.690331676000028 51.061961351000036)",Unfall 138690 (2023) Kat:3, Licht: 0,138690,3,2,5,06,14,3,0,0,1,1,0,0,0,0
"POINT (13.745373035000057 51.049881300000038)",Unfall 138695 (2023) Kat:2, Licht: 0,138695,2,6,3,06,20,4,0,0,1,1,0,0,0,0
"POINT (13.703634737000073 51.050724728000034)",Unfall 138725 (2023) Kat:3, Licht: 0,138725,3,3,5,06,15,3,1,0,0,1,0,0,0,0
"POINT (13.710077287000047 51.058061189000057)",Unfall 138726 (2023) Kat:3, Licht: 0,138726,3,3,5,06,05,3,1,0,0,1,0,0,0,0
"POINT (13.640609877000031 51.071554228000082)",Unfall 138728 (2023) Kat:2, Licht: 2,138728,2,7,9,06,01,3,1,2,0,1,0,0,0,0
"POINT (13.747681062000026 51.125600794000036)",Unfall 138729 (2023) Kat:3, Licht: 0,138729,3,6,3,06,06,3,1,0,0,1,0,0,1,0
"POINT (13.737827863000064 51.088326488000064)",Unfall 138730 (2023) Kat:3, Licht: 0,138730,3,1,2,06,15,3,1,0,1,1,0,0,0,0
"POINT (13.674409402000038 51.067253702000073)",Unfall 138748 (2023) Kat:3, Licht: 0,138748,3,2,5,06,15,2,0,0,0,1,0,0,0,1
"POINT (13.800214925000034 51.076645739000071)",Unfall 138749 (2023) Kat:3, Licht: 0,138749,3,7,0,06,12,2,0,0,0,0,0,1,0,0
"POINT (13.752969987000029 51.073883632000047)",Unfall 138751 (2023) Kat:2, Licht: 0,138751,2,3,5,06,19,2,0,0,0,1,0,1,0,0
"POINT (13.690407349000054 51.076721545000055)",Unfall 138752 (2023) Kat:3, Licht: 0,138752,3,6,3,07,05,4,0,0,1,0,0,0,0,0
"POINT (13.745265449000044 51.117883338000070)",Unfall 138765 (2023) Kat:3, Licht: 0,138765,3,6,3,06,06,3,0,0,0,1,0,0,0,0
"POINT (13.750695773000075 51.071381841000061)",Unfall 138778 (2023) Kat:3, Licht: 1,138778,3,1,0,06,04,1,0,1,1,0,0,0,0,0
"POINT (13.711976071000038 51.025557202000073)",Unfall 138779 (2023) Kat:3, Licht: 0,138779,3,3,0,06,11,1,0,0,1,1,0,0,0,0
"POINT (13.732862225000076 51.076908985000046)",Unfall 138796 (2023) Kat:3, Licht: 0,138796,3,7,6,06,12,7,0,0,0,0,1,0,0,1
"POINT (13.746890595000025 51.051645305000079)",Unfall 138797 (2023) Kat:2, Licht: 0,138797,2,6,3,06,15,7,0,0,1,1,0,0,0,0
"POINT (13.670779139000047 51.071440309000081)",Unfall 138798 (2023) Kat:2, Licht: 0,138798,2,1,0,06,09,7,0,0,1,0,0,0,0,0
"POINT (13.703960515000063 51.017993499000056)",Unfall 138822 (2023) Kat:3, Licht: 2,138822,3,3,5,06,23,6,0,2,0,1,0,1,0,0
"POINT (13.703759028000036 51.050596728000073)",Unfall 138824 (2023) Kat:2, Licht: 2,138824,2,2,4,06,23,6,0,2,0,1,0,1,0,0
"POINT (13.666968151000049 51.075130473000058)",Unfall 138865 (2023) Kat:3, Licht: 0,138865,3,1,0,06,10,5,0,0,0,0,0,1,0,0
"POINT (13.821054628000070 51.048588940000059)",Unfall 138867 (2023) Kat:3, Licht: 0,138867,3,7,0,06,18,5,0,0,1,1,0,0,0,0
"POINT (13.744704649000028 51.064264479000030)",Unfall 138874 (2023) Kat:3, Licht: 0,138874,3,2,1,08,17,3,0,0,1,1,0,0,0,0
"POINT (13.727519252000036 51.084923824000043)",Unfall 138896 (2023) Kat:3, Licht: 0,138896,3,1,0,07,12,4,0,0,1,0,0,0,0,0
"POINT (13.707012040000052 51.041399453000054)",Unfall 138907 (2023) Kat:3, Licht: 0,138907,3,3,3,05,06,4,0,0,1,1,0,0,0,0
"POINT (13.704491534000056 51.040085343000044)",Unfall 138909 (2023) Kat:3, Licht: 0,138909,3,6,1,05,09,4,0,0,0,1,0,0,0,0
"POINT (13.835940767000068 50.983745004000070)",Unfall 138911 (2023) Kat:3, Licht: 2,138911,3,1,0,05,21,4,0,2,1,0,0,0,0,0
"POINT (13.851899170000024 51.061817909000069)",Unfall 138928 (2023) Kat:3, Licht: 0,138928,3,3,1,06,10,5,0,0,0,1,0,0,0,0
"POINT (13.755585876000055 51.076686489000053)",Unfall 138937 (2023) Kat:3, Licht: 0,138937,3,2,5,05,17,3,0,0,1,1,0,0,0,0
"POINT (13.724638327000036 51.088051025000027)",Unfall 138951 (2023) Kat:3, Licht: 0,138951,3,3,5,07,15,5,1,0,0,1,0,0,0,0
"POINT (13.703791028000069 51.050635815000078)",Unfall 138960 (2023) Kat:3, Licht: 0,138960,3,3,5,05,17,2,0,0,0,1,0,0,0,0
"POINT (13.756775349000065 51.077657727000030)",Unfall 138961 (2023) Kat:3, Licht: 1,138961,3,6,4,05,20,2,0,1,1,0,0,0,0,0
"POINT (13.750680720000048 51.071365221000065)",Unfall 138980 (2023) Kat:2, Licht: 0,138980,2,1,0,06,14,4,0,0,1,0,0,0,0,0
"POINT (13.782297225000036 51.010795238000071)",Unfall 138987 (2023) Kat:3, Licht: 0,138987,3,6,2,05,08,1,0,0,0,1,0,0,0,1
"POINT (13.782736077000038 51.010333585000069)",Unfall 138988 (2023) Kat:2, Licht: 0,138988,2,7,0,05,08,1,0,0,1,0,0,0,0,0
"POINT (13.711441624000031 51.061577448000037)",Unfall 139015 (2023) Kat:3, Licht: 0,139015,3,6,1,05,07,7,0,0,0,1,0,1,0,0
"POINT (13.703432795000026 51.088577480000026)",Unfall 139017 (2023) Kat:2, Licht: 0,139017,2,3,5,05,12,7,0,0,0,0,0,1,0,1
"POINT (13.848018520000039 51.061827675000075)",Unfall 139026 (2023) Kat:3, Licht: 0,139026,3,2,1,06,14,2,0,0,0,1,0,0,0,1
"POINT (13.722392177000074 51.127912661000039)",Unfall 139036 (2023) Kat:3, Licht: 0,139036,3,6,2,05,12,6,0,0,0,1,0,0,0,0
"POINT (13.745017900000050 51.049454524000055)",Unfall 139039 (2023) Kat:3, Licht: 0,139039,3,3,0,05,12,6,0,0,0,1,0,0,0,1
"POINT (13.749019769000029 51.130021179000039)",Unfall 139069 (2023) Kat:2, Licht: 0,139069,2,6,3,05,06,5,0,0,0,1,0,0,1,0
"POINT (13.762414877000026 51.064192802000036)",Unfall 139070 (2023) Kat:3, Licht: 0,139070,3,6,2,05,10,5,0,0,0,1,0,1,0,0
"POINT (13.719720987000073 51.094258902000036)",Unfall 139071 (2023) Kat:3, Licht: 0,139071,3,1,0,05,14,5,0,0,1,0,0,0,0,0
"POINT (13.702262013000052 51.017122796000081)",Unfall 139100 (2023) Kat:3, Licht: 0,139100,3,1,0,05,15,4,0,0,1,0,0,0,0,0
"POINT (13.629801559000043 51.037743090000049)",Unfall 139101 (2023) Kat:2, Licht: 0,139101,2,2,3,05,14,4,0,0,0,1,0,0,1,0
"POINT (13.839722119000044 51.126039483000056)",Unfall 139102 (2023) Kat:3, Licht: 0,139102,3,3,5,05,06,4,0,0,0,1,0,1,0,0
"POINT (13.753969452000035 51.026653188000068)",Unfall 139117 (2023) Kat:3, Licht: 0,139117,3,6,0,05,16,3,1,0,0,1,0,1,0,0
"POINT (13.774490988000025 51.111814390000063)",Unfall 139118 (2023) Kat:2, Licht: 0,139118,2,4,0,05,14,3,0,0,0,1,1,0,0,0
"POINT (13.732478955000033 51.108001467000065)",Unfall 139119 (2023) Kat:3, Licht: 0,139119,3,6,3,05,07,3,0,0,0,1,0,0,0,0
"POINT (13.689834822000023 51.061558308000031)",Unfall 139121 (2023) Kat:3, Licht: 0,139121,3,6,2,05,07,3,0,0,0,1,0,0,1,0
"POINT (13.718979578000074 51.096618651000028)",Unfall 139150 (2023) Kat:3, Licht: 0,139150,3,3,5,05,16,2,0,0,1,1,0,0,0,0
"POINT (13.728505246000054 51.083983041000067)",Unfall 139151 (2023) Kat:3, Licht: 0,139151,3,2,5,05,17,2,0,0,1,1,0,0,0,0
"POINT (13.745279819000075 51.048897536000027)",Unfall 139152 (2023) Kat:3, Licht: 0,139152,3,7,0,05,19,2,0,0,1,0,0,0,0,0
"POINT (13.752978840000026 51.073893524000027)",Unfall 139155 (2023) Kat:3, Licht: 0,139155,3,6,2,05,13,2,0,0,1,1,0,0,0,0
"POINT (13.800520972000072 51.065917193000075)",Unfall 139176 (2023) Kat:3, Licht: 2,139176,3,2,0,05,01,1,0,2,0,1,0,1,0,0
"POINT (13.725341870000022 51.056516249000026)",Unfall 139177 (2023) Kat:2, Licht: 2,139177,2,1,9,05,22,1,0,2,1,0,0,0,0,0
"POINT (13.800019320000047 51.145195428000079)",Unfall 139182 (2023) Kat:2, Licht: 0,139182,2,4,6,07,09,3,0,0,0,1,1,0,0,0
"POINT (13.700566399000024 51.016245241000036)",Unfall 139183 (2023) Kat:3, Licht: 0,139183,3,4,6,06,12,1,0,0,1,0,1,0,0,0
"POINT (13.761423684000022 51.083554328000048)",Unfall 139194 (2023) Kat:2, Licht: 2,139194,2,7,7,05,22,7,0,2,1,0,0,0,0,0
"POINT (13.806726799000046 51.124717788000055)",Unfall 139231 (2023) Kat:3, Licht: 2,139231,3,1,0,05,22,5,0,2,1,0,0,0,0,0
"POINT (13.745184715000050 51.117813173000059)",Unfall 139251 (2023) Kat:3, Licht: 0,139251,3,6,3,05,15,4,0,0,0,1,0,0,1,0
"POINT (13.749296654000034 51.130925163000029)",Unfall 139252 (2023) Kat:2, Licht: 0,139252,2,6,3,05,08,4,0,0,0,1,0,0,1,0
"POINT (13.717443702000025 51.036163359000057)",Unfall 139278 (2023) Kat:3, Licht: 0,139278,3,1,0,05,09,3,0,0,0,0,0,1,0,0
"POINT (13.716421448000062 51.022346990000074)",Unfall 139280 (2023) Kat:3, Licht: 0,139280,3,4,6,05,15,3,0,0,0,1,1,0,0,0
"POINT (13.738077400000066 51.089990089000025)",Unfall 139303 (2023) Kat:3, Licht: 0,139303,3,3,5,06,17,5,0,0,1,1,0,0,0,0
"POINT (13.702012555000067 51.032540615000073)",Unfall 139304 (2023) Kat:3, Licht: 0,139304,3,2,2,05,12,7,0,0,1,1,0,0,0,0
"POINT (13.793606818000058 51.129189242000052)",Unfall 139315 (2023) Kat:3, Licht: 0,139315,3,3,5,05,07,2,0,0,1,1,0,0,0,0
"POINT (13.794976517000066 51.133133626000074)",Unfall 139316 (2023) Kat:3, Licht: 0,139316,3,4,6,05,16,2,1,0,0,1,1,0,0,0
"POINT (13.736817373000065 51.071517244000063)",Unfall 139318 (2023) Kat:3, Licht: 2,139318,3,1,0,05,00,2,0,2,1,0,0,0,0,0
"POINT (13.730569066000044 51.060400906000041)",Unfall 139372 (2023) Kat:3, Licht: 0,139372,3,1,4,05,15,7,0,0,0,1,0,0,0,0
"POINT (13.887383514000021 51.063498972000048)",Unfall 140218 (2023) Kat:3, Licht: 0,140218,3,6,3,12,10,1,0,0,1,1,0,0,0,0
"POINT (13.719028989000037 51.096454948000030)",Unfall 140263 (2023) Kat:2, Licht: 2,140263,2,4,6,12,19,2,1,2,0,1,1,0,0,0
"POINT (13.739278819000049 51.071209698000075)",Unfall 140271 (2023) Kat:2, Licht: 2,140271,2,4,6,12,16,1,0,2,0,0,1,0,0,1
"POINT (13.849906404000023 51.094906030000061)",Unfall 140286 (2023) Kat:3, Licht: 0,140286,3,1,4,12,11,7,1,0,0,1,0,0,0,0
"POINT (13.738906528000030 51.044343479000077)",Unfall 140334 (2023) Kat:3, Licht: 0,140334,3,4,6,12,14,5,1,0,0,1,1,0,0,0
"POINT (13.683055613000022 51.036876265000046)",Unfall 140352 (2023) Kat:3, Licht: 2,140352,3,2,6,12,19,4,1,2,0,1,1,0,0,0
"POINT (13.782915340000045 51.066945724000050)",Unfall 140353 (2023) Kat:3, Licht: 2,140353,3,2,2,12,20,4,0,2,0,1,0,0,0,0
"POINT (13.720196788000067 51.040949732000058)",Unfall 140368 (2023) Kat:3, Licht: 2,140368,3,7,0,12,22,3,1,2,1,0,0,0,0,0
"POINT (13.726330148000045 51.072145636000073)",Unfall 140369 (2023) Kat:3, Licht: 2,140369,3,6,1,12,16,3,1,2,0,1,0,0,0,0
"POINT (13.715854344000036 51.036863304000065)",Unfall 140394 (2023) Kat:3, Licht: 0,140394,3,2,0,12,14,2,0,0,1,1,0,0,0,0
"POINT (13.789561599000024 51.067183712000030)",Unfall 140395 (2023) Kat:3, Licht: 0,140395,3,1,0,12,08,2,1,0,1,0,0,0,0,0
"POINT (13.839780004000033 51.126039645000048)",Unfall 140407 (2023) Kat:2, Licht: 2,140407,2,3,5,12,17,7,0,2,0,1,0,0,0,0
"POINT (13.800029630000040 50.998381640000048)",Unfall 140409 (2023) Kat:2, Licht: 2,140409,2,4,6,12,22,7,0,2,0,1,1,0,0,0
"POINT (13.727399907000063 51.044790971000054)",Unfall 140425 (2023) Kat:3, Licht: 1,140425,3,6,0,12,07,6,1,1,0,1,0,0,0,1
"POINT (13.712743150000051 51.022295712000073)",Unfall 140443 (2023) Kat:3, Licht: 2,140443,3,2,5,12,16,5,1,2,1,1,0,0,0,0
"POINT (13.738076566000075 51.089982310000039)",Unfall 140445 (2023) Kat:3, Licht: 2,140445,3,3,5,12,06,5,1,2,1,1,0,0,0,0
"POINT (13.795152502000064 51.133748523000065)",Unfall 140447 (2023) Kat:3, Licht: 2,140447,3,6,3,12,20,5,1,2,1,1,0,0,0,0
"POINT (13.763674320000064 51.087084180000033)",Unfall 140464 (2023) Kat:3, Licht: 2,140464,3,4,6,12,06,4,1,2,0,1,1,0,0,0
"POINT (13.741223295000054 51.046334188000060)",Unfall 140465 (2023) Kat:3, Licht: 2,140465,3,3,5,12,21,4,1,2,0,1,0,0,0,0
"POINT (13.776359108000065 51.067466630000069)",Unfall 140477 (2023) Kat:3, Licht: 0,140477,3,2,4,12,13,3,0,0,1,1,0,0,0,0
"POINT (13.748744273000057 51.129134928000042)",Unfall 140478 (2023) Kat:3, Licht: 2,140478,3,6,3,12,07,3,1,2,0,1,0,0,1,0
"POINT (13.735065159000044 51.107909628000073)",Unfall 140479 (2023) Kat:3, Licht: 0,140479,3,6,2,12,13,3,1,0,0,0,0,0,1,0
"POINT (13.740369441000041 51.064709462000053)",Unfall 140480 (2023) Kat:3, Licht: 2,140480,3,6,3,12,17,3,0,2,0,1,0,0,0,0
"POINT (13.731553058000031 51.026944513000046)",Unfall 140496 (2023) Kat:3, Licht: 0,140496,3,6,2,12,10,2,1,0,0,1,0,0,0,1
"POINT (13.739467976000071 51.062807869000039)",Unfall 140497 (2023) Kat:3, Licht: 2,140497,3,3,5,12,19,2,1,2,0,1,0,0,0,0
"POINT (13.786498663000032 51.068396052000026)",Unfall 140499 (2023) Kat:3, Licht: 0,140499,3,2,5,12,07,2,1,0,1,1,0,0,0,0
"POINT (13.680635793000022 51.062029335000034)",Unfall 140500 (2023) Kat:3, Licht: 0,140500,3,7,6,12,14,2,1,0,0,1,1,0,0,0
"POINT (13.831116853000026 51.061875940000050)",Unfall 140520 (2023) Kat:3, Licht: 0,140520,3,3,5,12,14,6,0,0,0,1,0,0,0,0
"POINT (13.645846946000063 51.084948052000072)",Unfall 140539 (2023) Kat:3, Licht: 2,140539,3,6,2,12,17,5,0,2,0,1,0,0,0,0
"POINT (13.651736796000023 51.082758551000040)",Unfall 140542 (2023) Kat:3, Licht: 2,140542,3,4,6,12,17,5,1,2,0,1,1,0,0,0
"POINT (13.715084590000060 51.129570470000033)",Unfall 140556 (2023) Kat:3, Licht: 2,140556,3,6,2,12,22,4,1,2,0,1,0,0,0,0
"POINT (13.724226448000024 51.088504482000076)",Unfall 140567 (2023) Kat:3, Licht: 0,140567,3,5,1,12,15,3,1,0,1,1,0,0,0,0
"POINT (13.721467452000070 51.041896781000048)",Unfall 140568 (2023) Kat:3, Licht: 1,140568,3,6,3,12,17,3,1,1,0,1,0,1,0,0
"POINT (13.793623866000075 51.129218204000040)",Unfall 140587 (2023) Kat:3, Licht: 2,140587,3,1,2,12,17,2,2,2,0,1,0,0,0,0
"POINT (13.777433076000023 51.067563188000065)",Unfall 140590 (2023) Kat:2, Licht: 0,140590,2,4,6,12,15,2,0,0,0,1,1,0,0,0