WKT,Name,OBJECTID,UKATEGORIE,UTYP1,UART,UMONAT,USTUNDE,UWOCHENTAG,STRZUSTAND,ULICHTVERH,ISTRAD,ISTPKW,ISTFUSS,ISTKRAD,ISTGKFZ,ISTSONSTIG
"POINT (13.741588222000075 51.046499218000065)",Unfall 140624 (2023) Kat:3, Licht: 0,140624,3,6,0,12,08,6,1,0,0,1,0,0,0,1
"POINT (13.829446591000021 51.062064915000065)",Unfall 140633 (2023) Kat:3, Licht: 2,140633,3,1,2,11,06,5,1,2,0,1,0,0,0,0
"POINT (13.724080511000068 51.045100764000040)",Unfall 140635 (2023) Kat:3, Licht: 0,140635,3,1,8,11,10,5,1,0,0,1,0,0,0,0
"POINT (13.708041880000053 51.054270159000055)",Unfall 140686 (2023) Kat:3, Licht: 2,140686,3,6,1,11,17,3,2,2,0,1,0,0,0,0
"POINT (13.742013154000063 51.064675889000057)",Unfall 140687 (2023) Kat:3, Licht: 0,140687,3,3,5,11,15,3,1,0,1,1,0,0,0,0
"POINT (13.710032090000027 51.058072998000057)",Unfall 140714 (2023) Kat:2, Licht: 2,140714,2,3,5,11,03,2,1,2,0,1,0,0,0,1
"POINT (13.750416569000038 51.071074319000047)",Unfall 140745 (2023) Kat:3, Licht: 2,140745,3,6,6,12,06,3,1,2,0,1,1,0,0,0
"POINT (13.738709567000058 51.068574921000049)",Unfall 140749 (2023) Kat:3, Licht: 2,140749,3,3,0,11,00,7,1,2,1,0,0,0,0,1
"POINT (13.709700310000073 51.061594304000039)",Unfall 140767 (2023) Kat:3, Licht: 0,140767,3,2,5,11,07,6,1,0,0,1,0,0,0,0
"POINT (13.785483650000060 51.156640115000073)",Unfall 140769 (2023) Kat:3, Licht: 2,140769,3,6,2,11,19,6,1,2,0,1,0,0,0,1
"POINT (13.722615184000063 51.033478459000037)",Unfall 140770 (2023) Kat:2, Licht: 2,140770,2,3,5,11,06,6,1,2,1,1,0,0,0,0
"POINT (13.816581159000066 51.064610465000044)",Unfall 140771 (2023) Kat:2, Licht: 0,140771,2,1,2,11,15,6,1,0,1,1,0,0,0,0
"POINT (13.689741546000050 51.061775844000067)",Unfall 140790 (2023) Kat:3, Licht: 2,140790,3,3,5,11,17,5,0,2,1,1,0,0,0,0
"POINT (13.731499698000050 51.034959380000032)",Unfall 140791 (2023) Kat:2, Licht: 2,140791,2,1,0,11,21,5,0,2,1,0,0,0,0,0
"POINT (13.733225288000028 51.039045299000065)",Unfall 140792 (2023) Kat:2, Licht: 2,140792,2,4,6,11,18,5,0,2,0,1,1,0,0,0
"POINT (13.699229847000026 51.043619867000075)",Unfall 140821 (2023) Kat:3, Licht: 0,140821,3,5,1,11,11,3,1,0,1,1,0,0,0,0
"POINT (13.781582466000032 51.011215926000034)",Unfall 140823 (2023) Kat:3, Licht: 0,140823,3,3,5,11,12,3,1,0,1,1,0,0,0,0
"POINT (13.692439067000066 51.083365079000032)",Unfall 140840 (2023) Kat:3, Licht: 2,140840,3,2,5,11,16,2,1,2,1,1,0,0,0,0
"POINT (13.702844561000063 51.089746704000049)",Unfall 140841 (2023) Kat:3, Licht: 2,140841,3,1,0,11,05,2,1,2,1,0,0,0,0,0
"POINT (13.832412236000039 50.984543491000068)",Unfall 140859 (2023) Kat:3, Licht: 0,140859,3,3,5,11,15,7,0,0,1,1,0,0,0,0
"POINT (13.717200915000035 51.077312127000027)",Unfall 140872 (2023) Kat:3, Licht: 0,140872,3,1,0,11,11,6,0,0,1,0,0,0,0,0
"POINT (13.886407457000075 51.004822158000081)",Unfall 140874 (2023) Kat:3, Licht: 0,140874,3,1,0,11,14,6,1,0,0,0,0,1,0,0
"POINT (13.757893074000037 51.024713881000082)",Unfall 140893 (2023) Kat:3, Licht: 0,140893,3,3,5,11,08,5,1,0,1,1,0,0,0,0
"POINT (13.837279891000037 51.089917516000071)",Unfall 140895 (2023) Kat:2, Licht: 0,140895,2,6,2,11,15,5,0,0,0,1,0,1,0,0
"POINT (13.749566417000040 51.070141343000046)",Unfall 140920 (2023) Kat:3, Licht: 2,140920,3,3,2,11,18,4,1,2,1,1,0,0,0,0
"POINT (13.751429352000059 51.072192034000068)",Unfall 140922 (2023) Kat:3, Licht: 2,140922,3,2,5,11,17,4,1,2,0,1,0,1,0,0
"POINT (13.766550582000036 51.118659368000067)",Unfall 140941 (2023) Kat:3, Licht: 0,140941,3,2,5,11,16,3,0,0,0,1,0,0,0,0
"POINT (13.739887358000033 51.045241584000053)",Unfall 140942 (2023) Kat:3, Licht: 0,140942,3,4,6,11,12,3,0,0,0,0,1,0,0,1
"POINT (13.835470373000021 51.058223196000029)",Unfall 140943 (2023) Kat:2, Licht: 0,140943,2,6,2,11,11,3,0,0,1,1,0,0,0,0
"POINT (13.672730915000045 51.069205609000051)",Unfall 140961 (2023) Kat:3, Licht: 0,140961,3,7,3,11,15,2,1,0,0,1,0,0,0,0
"POINT (13.700427985000033 51.043733038000028)",Unfall 140962 (2023) Kat:3, Licht: 1,140962,3,1,0,11,17,2,1,1,0,0,0,1,0,0
"POINT (13.752977538000039 51.073892068000077)",Unfall 140963 (2023) Kat:3, Licht: 0,140963,3,3,5,11,06,2,0,0,1,1,0,0,0,0
"POINT (13.691912255000034 51.084365932000026)",Unfall 140966 (2023) Kat:3, Licht: 0,140966,3,3,5,11,14,2,0,0,0,1,0,0,0,0
"POINT (13.834346682000046 51.059091310000042)",Unfall 140983 (2023) Kat:3, Licht: 2,140983,3,1,9,11,20,1,0,2,0,1,0,0,0,0
"POINT (13.718046006000066 51.035892190000027)",Unfall 140997 (2023) Kat:3, Licht: 0,140997,3,2,5,11,13,7,1,0,0,1,0,0,0,0
"POINT (13.752955104000023 51.073867004000078)",Unfall 140998 (2023) Kat:3, Licht: 0,140998,3,3,5,11,08,7,0,0,1,0,0,0,0,1
"POINT (13.745017544000063 51.049454032000028)",Unfall 140999 (2023) Kat:3, Licht: 2,140999,3,3,5,11,19,7,1,2,0,1,0,0,0,0
"POINT (13.704908752000051 51.018478832000028)",Unfall 141013 (2023) Kat:3, Licht: 0,141013,3,1,0,11,15,6,0,0,1,0,0,0,0,0
"POINT (13.793620663000070 51.129212764000044)",Unfall 141015 (2023) Kat:3, Licht: 0,141015,3,2,3,11,15,6,0,0,1,1,0,0,0,0
"POINT (13.764778184000022 51.064828564000038)",Unfall 141017 (2023) Kat:3, Licht: 0,141017,3,1,0,11,13,6,1,0,1,0,0,0,0,0
"POINT (13.730784888000073 51.030016708000062)",Unfall 141019 (2023) Kat:2, Licht: 0,141019,2,6,6,11,09,6,0,0,1,0,1,0,0,0
"POINT (13.737569251000025 51.029158344000052)",Unfall 141051 (2023) Kat:3, Licht: 2,141051,3,1,0,11,16,5,0,2,1,0,0,0,0,0
"POINT (13.746819666000022 51.063917154000080)",Unfall 141053 (2023) Kat:3, Licht: 2,141053,3,6,0,11,05,5,0,2,1,1,0,0,0,0
"POINT (13.740835689000050 51.045664126000077)",Unfall 141054 (2023) Kat:3, Licht: 0,141054,3,6,2,11,07,5,0,0,0,1,0,0,0,0
"POINT (13.743468104000044 51.047605485000076)",Unfall 141073 (2023) Kat:2, Licht: 0,141073,2,4,6,11,11,4,0,0,0,1,1,0,0,0
"POINT (13.789570823000076 51.067183720000060)",Unfall 141087 (2023) Kat:3, Licht: 2,141087,3,2,5,11,18,3,0,2,1,1,0,0,0,0
"POINT (13.761064092000026 51.083031638000080)",Unfall 141090 (2023) Kat:3, Licht: 2,141090,3,2,5,11,17,3,0,2,1,1,0,0,0,0
"POINT (13.746968032000041 51.051750592000076)",Unfall 141110 (2023) Kat:3, Licht: 0,141110,3,2,3,11,14,7,0,0,1,1,0,0,0,0
"POINT (13.831564072000049 51.061839065000072)",Unfall 141111 (2023) Kat:3, Licht: 0,141111,3,1,0,11,09,7,0,0,1,0,0,0,0,0
"POINT (13.745026185000029 51.049465970000028)",Unfall 141137 (2023) Kat:3, Licht: 0,141137,3,3,5,11,13,6,0,0,0,1,0,0,0,0
"POINT (13.743450432000031 51.064515448000066)",Unfall 141139 (2023) Kat:3, Licht: 1,141139,3,2,5,11,16,6,0,1,1,1,0,0,0,0
"POINT (13.763438711000049 51.086683088000029)",Unfall 141157 (2023) Kat:3, Licht: 1,141157,3,1,0,11,17,5,1,1,1,0,0,0,0,0
"POINT (13.760422130000052 51.082094482000059)",Unfall 141158 (2023) Kat:3, Licht: 0,141158,3,1,5,11,07,5,0,0,1,1,0,0,0,0
"POINT (13.774501326000063 51.111792662000028)",Unfall 141161 (2023) Kat:2, Licht: 0,141161,2,6,3,11,08,5,0,0,0,1,0,0,1,0
"POINT (13.735724028000050 51.099739267000075)",Unfall 141178 (2023) Kat:3, Licht: 1,141178,3,2,5,11,17,4,0,1,1,1,0,0,0,0
"POINT (13.686627654000063 51.024016774000074)",Unfall 141187 (2023) Kat:2, Licht: 2,141187,2,1,8,10,03,3,1,2,0,0,0,0,1,0
"POINT (13.886394646000042 51.068250831000057)",Unfall 141196 (2023) Kat:3, Licht: 2,141196,3,3,5,10,18,2,0,2,1,1,0,0,0,0
"POINT (13.897301920000075 51.001801210000053)",Unfall 141197 (2023) Kat:3, Licht: 0,141197,3,1,4,10,11,2,0,0,0,1,0,0,0,1
"POINT (13.726030405000074 51.057019784000033)",Unfall 141222 (2023) Kat:3, Licht: 0,141222,3,2,5,10,10,7,1,0,1,1,0,0,0,0
"POINT (13.713200526000037 51.081329424000046)",Unfall 141225 (2023) Kat:3, Licht: 0,141225,3,5,1,10,14,7,0,0,0,1,0,0,0,0
"POINT (13.713861700000052 51.080383569000048)",Unfall 141226 (2023) Kat:3, Licht: 2,141226,3,2,6,10,19,7,0,2,0,1,1,0,0,0
"POINT (13.722146917000032 51.054027974000064)",Unfall 141247 (2023) Kat:3, Licht: 0,141247,3,2,6,10,14,6,1,0,0,0,1,0,0,1
"POINT (13.708502950000025 51.084356682000077)",Unfall 141249 (2023) Kat:2, Licht: 0,141249,2,7,1,10,14,6,1,0,0,1,0,0,0,0
"POINT (13.728161364000073 51.084314634000066)",Unfall 141250 (2023) Kat:3, Licht: 0,141250,3,3,5,10,13,6,1,0,1,1,0,0,0,0
"POINT (13.702550044000077 51.030195433000074)",Unfall 141258 (2023) Kat:3, Licht: 0,141258,3,4,6,10,08,6,1,0,0,1,1,0,0,0
"POINT (13.705110209000054 51.085257701000046)",Unfall 141268 (2023) Kat:3, Licht: 2,141268,3,3,5,10,05,5,1,2,1,0,0,0,0,0
"POINT (13.696669332000056 51.043351358000052)",Unfall 141269 (2023) Kat:2, Licht: 0,141269,2,1,0,10,08,5,1,0,1,0,0,0,0,0
"POINT (13.761264850000032 51.063933154000040)",Unfall 141270 (2023) Kat:3, Licht: 1,141270,3,6,2,10,07,5,0,1,1,1,0,0,0,0
"POINT (13.745835159000023 51.124222512000074)",Unfall 141271 (2023) Kat:3, Licht: 0,141271,3,3,5,10,15,5,0,0,0,1,0,0,0,0
"POINT (13.727971674000059 51.113110755000037)",Unfall 141285 (2023) Kat:3, Licht: 0,141285,3,6,2,10,15,4,0,0,0,1,0,0,0,0
"POINT (13.619910060000052 51.089006260000076)",Unfall 141298 (2023) Kat:2, Licht: 2,141298,2,1,8,12,19,4,0,2,0,1,0,0,0,0
"POINT (13.704201562000037 51.043519545000038)",Unfall 141311 (2023) Kat:2, Licht: 2,141311,2,4,6,10,20,3,1,2,0,1,1,0,0,0
"POINT (13.774617417000059 51.013716773000056)",Unfall 141312 (2023) Kat:3, Licht: 0,141312,3,6,1,10,12,3,0,0,0,1,0,0,0,0
"POINT (13.748376058000076 51.068828086000053)",Unfall 141313 (2023) Kat:3, Licht: 1,141313,3,6,1,10,20,3,1,1,0,1,0,0,0,0
"POINT (13.704706211000030 51.085996362000060)",Unfall 141314 (2023) Kat:3, Licht: 2,141314,3,4,6,10,19,3,1,2,0,0,1,0,0,1
"POINT (13.764722135000056 51.021190716000035)",Unfall 141338 (2023) Kat:3, Licht: 0,141338,3,6,2,12,15,3,0,0,0,1,0,0,0,0
"POINT (13.730712608000033 51.030311161000043)",Unfall 141339 (2023) Kat:2, Licht: 0,141339,2,3,5,10,16,2,0,0,0,1,0,0,0,0
"POINT (13.764355098000067 51.120117658000026)",Unfall 141354 (2023) Kat:3, Licht: 0,141354,3,1,0,10,10,1,1,0,1,0,0,0,0,0
"POINT (13.765191961000028 51.064950772000032)",Unfall 141355 (2023) Kat:3, Licht: 2,141355,3,1,0,10,04,1,1,2,1,0,0,0,0,0
"POINT (13.805160646000047 51.150902211000073)",Unfall 141382 (2023) Kat:2, Licht: 0,141382,2,3,5,10,10,7,0,0,1,1,0,0,0,0
"POINT (13.811492674000021 50.989463866000051)",Unfall 141383 (2023) Kat:2, Licht: 2,141383,2,2,5,10,23,7,0,2,0,1,0,1,0,0
"POINT (13.756876107000039 51.025430434000043)",Unfall 141404 (2023) Kat:3, Licht: 0,141404,3,2,5,10,14,6,1,0,1,1,0,0,0,0
"POINT (13.705253362000064 51.029470228000037)",Unfall 141406 (2023) Kat:3, Licht: 2,141406,3,1,0,10,19,6,1,2,1,0,0,0,0,0
"POINT (13.767935676000036 51.146163992000027)",Unfall 141408 (2023) Kat:3, Licht: 0,141408,3,6,2,10,13,6,1,0,0,1,0,0,0,0
"POINT (13.744997093000052 51.048562182000069)",Unfall 141426 (2023) Kat:3, Licht: 2,141426,3,6,2,11,17,7,0,2,0,1,0,0,0,0
"POINT (13.606250706000026 51.092105450000076)",Unfall 141428 (2023) Kat:3, Licht: 0,141428,3,2,2,10,07,5,1,0,0,1,0,0,0,0
"POINT (13.721215553000036 51.092199538000045)",Unfall 141429 (2023) Kat:3, Licht: 0,141429,3,7,0,10,08,5,1,0,1,0,0,0,0,0
"POINT (13.743464096000025 51.057303463000039)",Unfall 141430 (2023) Kat:3, Licht: 2,141430,3,1,6,10,20,5,0,2,0,1,0,0,0,1
"POINT (13.726202964000038 51.057145238000032)",Unfall 141431 (2023) Kat:3, Licht: 0,141431,3,6,2,10,16,5,0,0,0,1,0,0,0,0
"POINT (13.779546665000055 51.066956119000054)",Unfall 141436 (2023) Kat:3, Licht: 0,141436,3,1,1,10,09,5,1,0,0,1,0,0,0,0
"POINT (13.763772349000021 51.087254616000052)",Unfall 141460 (2023) Kat:3, Licht: 1,141460,3,6,2,12,19,6,1,1,0,1,0,0,0,0
"POINT (13.708000820000052 51.058391333000031)",Unfall 141461 (2023) Kat:2, Licht: 0,141461,2,3,1,10,07,4,0,0,0,1,0,1,0,0
"POINT (13.781593825000073 51.011209155000074)",Unfall 141472 (2023) Kat:3, Licht: 0,141472,3,6,0,10,07,3,0,0,0,1,0,1,0,0
"POINT (13.797244975000069 51.065977053000040)",Unfall 141474 (2023) Kat:3, Licht: 0,141474,3,6,2,10,08,3,0,0,0,1,0,0,0,0
"POINT (13.761315901000046 51.083400268000048)",Unfall 141475 (2023) Kat:3, Licht: 2,141475,3,3,0,10,21,3,0,2,1,0,0,1,0,0
"POINT (13.611998237000023 51.044550386000026)",Unfall 141476 (2023) Kat:3, Licht: 0,141476,3,1,0,10,16,3,0,0,1,0,0,0,0,0
"POINT (13.707238732000064 51.061615623000080)",Unfall 141478 (2023) Kat:3, Licht: 0,141478,3,6,2,10,10,3,0,0,0,1,0,0,0,0
"POINT (13.750685764000025 51.071370790000060)",Unfall 141499 (2023) Kat:3, Licht: 0,141499,3,1,0,10,08,2,0,0,1,0,0,0,0,0
"POINT (13.745798983000043 51.057191527000043)",Unfall 141501 (2023) Kat:3, Licht: 2,141501,3,6,2,10,19,2,0,2,0,1,0,0,0,0
"POINT (13.721108320000042 51.092311875000064)",Unfall 141502 (2023) Kat:3, Licht: 2,141502,3,6,2,10,19,2,1,2,0,1,0,1,0,0
"POINT (13.917166022000060 51.025958089000028)",Unfall 141503 (2023) Kat:2, Licht: 0,141503,2,1,8,10,11,2,0,0,0,1,0,0,0,0
"POINT (13.703315698000040 51.017660728000067)",Unfall 141512 (2023) Kat:3, Licht: 1,141512,3,1,0,10,18,1,1,1,1,0,0,0,0,0
"POINT (13.874633249000055 51.060565211000039)",Unfall 141513 (2023) Kat:3, Licht: 0,141513,3,3,5,10,08,1,0,0,1,1,0,0,0,0
"POINT (13.730362698000022 51.069335152000065)",Unfall 141545 (2023) Kat:3, Licht: 0,141545,3,2,3,10,13,6,0,0,0,1,0,1,0,0
"POINT (13.752226471000029 51.158841473000052)",Unfall 141546 (2023) Kat:3, Licht: 0,141546,3,3,5,10,14,6,1,0,0,1,0,0,0,0
"POINT (13.796161037000047 51.000250243000039)",Unfall 141560 (2023) Kat:3, Licht: 0,141560,3,6,6,12,13,4,1,0,1,0,1,0,0,0
"POINT (13.756876107000039 51.025430434000043)",Unfall 141570 (2023) Kat:3, Licht: 0,141570,3,3,3,11,11,3,1,0,1,1,0,0,0,0
"POINT (13.742018013000063 51.064675449000049)",Unfall 141577 (2023) Kat:3, Licht: 2,141577,3,3,5,10,07,5,1,2,1,1,0,0,0,0
"POINT (13.726522905000024 51.032096950000039)",Unfall 141587 (2023) Kat:2, Licht: 0,141587,2,2,5,10,12,4,0,0,1,0,0,0,0,1
"POINT (13.739881741000033 51.045237563000057)",Unfall 141588 (2023) Kat:2, Licht: 0,141588,2,3,5,10,15,4,0,0,1,0,0,0,0,1
"POINT (13.748770212000068 51.063373752000075)",Unfall 141589 (2023) Kat:2, Licht: 0,141589,2,3,5,10,13,4,0,0,1,1,0,0,0,0
"POINT (13.733138093000036 51.076311481000062)",Unfall 141617 (2023) Kat:3, Licht: 0,141617,3,3,4,10,09,3,0,0,1,1,0,0,0,0
"POINT (13.872876262000034 51.012627978000069)",Unfall 141620 (2023) Kat:3, Licht: 0,141620,3,2,5,10,16,3,0,0,1,1,0,0,0,0
"POINT (13.728157416000045 51.043347884000070)",Unfall 141621 (2023) Kat:3, Licht: 2,141621,3,3,5,10,18,3,0,2,1,1,0,0,0,0
"POINT (13.742325046000076 51.046731433000048)",Unfall 141622 (2023) Kat:3, Licht: 0,141622,3,6,2,10,14,1,0,0,0,1,0,0,0,0
"POINT (13.738952323000035 51.066057113000056)",Unfall 141651 (2023) Kat:3, Licht: 0,141651,3,1,2,10,14,2,1,0,0,1,0,0,0,0
"POINT (13.876186558000029 51.008049280000080)",Unfall 141653 (2023) Kat:3, Licht: 1,141653,3,1,9,10,16,2,1,1,0,1,0,0,0,0
"POINT (13.766435447000049 51.020749787000057)",Unfall 141656 (2023) Kat:3, Licht: 0,141656,3,1,4,10,15,2,1,0,0,1,0,0,0,1
"POINT (13.766684872000042 51.020695635000038)",Unfall 141673 (2023) Kat:3, Licht: 0,141673,3,1,4,10,09,1,1,0,0,1,0,0,0,1
"POINT (13.863462987000048 51.060596484000030)",Unfall 141682 (2023) Kat:3, Licht: 0,141682,3,1,4,10,13,2,0,0,0,1,0,0,0,0
"POINT (13.757812679000040 51.024770529000079)",Unfall 141721 (2023) Kat:3, Licht: 0,141721,3,2,2,10,11,5,0,0,0,1,0,1,0,0
"POINT (13.730742182000029 51.030204874000049)",Unfall 141725 (2023) Kat:3, Licht: 0,141725,3,3,5,10,09,5,0,0,0,1,0,0,0,0
"POINT (13.744958378000035 51.049372291000054)",Unfall 141740 (2023) Kat:3, Licht: 2,141740,3,3,5,10,21,4,0,2,0,1,0,0,0,1
"POINT (13.751925890000052 51.062978753000039)",Unfall 141758 (2023) Kat:3, Licht: 2,141758,3,1,0,10,02,3,0,2,1,0,0,0,0,0
"POINT (13.737669212000071 51.087616628000035)",Unfall 141760 (2023) Kat:3, Licht: 2,141760,3,1,4,10,20,3,1,2,0,1,0,0,0,0
"POINT (13.691916467000055 51.084357327000077)",Unfall 141801 (2023) Kat:3, Licht: 0,141801,3,1,0,10,13,1,0,0,0,0,0,1,0,0
"POINT (13.731853826000076 51.126379697000061)",Unfall 141803 (2023) Kat:3, Licht: 2,141803,3,2,5,10,19,1,0,2,0,1,0,1,0,0
"POINT (13.757910816000049 51.063375504000078)",Unfall 141818 (2023) Kat:3, Licht: 2,141818,3,1,0,09,01,7,0,2,1,0,0,0,0,0
"POINT (13.691028334000066 51.042586646000075)",Unfall 141820 (2023) Kat:3, Licht: 0,141820,3,2,6,09,08,7,0,0,0,1,1,0,0,0
"POINT (13.737228735000031 51.071056722000037)",Unfall 141840 (2023) Kat:3, Licht: 0,141840,3,5,5,09,16,6,0,0,0,0,0,1,0,1
"POINT (13.722204513000065 51.054088652000075)",Unfall 141878 (2023) Kat:3, Licht: 0,141878,3,3,5,11,15,7,0,0,0,1,0,0,0,1
"POINT (13.771070836000035 51.016347400000029)",Unfall 141879 (2023) Kat:3, Licht: 0,141879,3,1,7,09,09,5,0,0,1,0,0,0,0,0
"POINT (13.740226846000041 51.064657603000057)",Unfall 141880 (2023) Kat:3, Licht: 0,141880,3,2,5,09,13,5,0,0,1,1,0,0,0,0
"POINT (13.820132062000027 51.064107753000030)",Unfall 141882 (2023) Kat:2, Licht: 0,141882,2,6,2,09,08,5,0,0,0,1,0,0,1,0
"POINT (13.736948431000030 51.063115104000076)",Unfall 141898 (2023) Kat:3, Licht: 2,141898,3,1,0,12,01,7,1,2,1,0,0,0,0,0
"POINT (13.794220089000078 51.120453006000048)",Unfall 141918 (2023) Kat:3, Licht: 0,141918,3,1,0,09,10,4,0,0,1,0,0,0,0,0
"POINT (13.702480729000058 51.033220713000048)",Unfall 141938 (2023) Kat:3, Licht: 2,141938,3,6,0,09,20,3,0,2,1,0,0,0,0,0
"POINT (13.791792943000075 51.125530780000076)",Unfall 141970 (2023) Kat:3, Licht: 0,141970,3,3,5,09,09,2,0,0,0,1,0,0,0,0
"POINT (13.693432852000058 51.061089002000074)",Unfall 141972 (2023) Kat:3, Licht: 0,141972,3,2,5,09,11,2,0,0,1,0,0,0,1,0
"POINT (13.690858602000048 51.078516203000049)",Unfall 141973 (2023) Kat:2, Licht: 0,141973,2,6,2,09,08,2,0,0,0,1,0,0,0,0
"POINT (13.776342025000076 51.013256644000080)",Unfall 141980 (2023) Kat:3, Licht: 2,141980,3,4,2,11,20,2,1,2,0,1,1,0,0,0
"POINT (13.855263275000027 51.061210240000037)",Unfall 141993 (2023) Kat:3, Licht: 2,141993,3,6,9,09,21,1,0,2,0,1,0,0,0,0
"POINT (13.768605215000036 50.993898513000033)",Unfall 142010 (2023) Kat:2, Licht: 0,142010,2,3,5,09,14,7,0,0,0,1,0,0,0,0
"POINT (13.678077702000053 51.049367597000071)",Unfall 142011 (2023) Kat:3, Licht: 0,142011,3,2,5,09,07,4,0,0,0,1,0,0,0,0
"POINT (13.717228903000034 51.038134413000080)",Unfall 142012 (2023) Kat:2, Licht: 0,142012,2,1,0,09,12,7,0,0,1,0,0,0,0,0
"POINT (13.793630393000058 51.158085901000049)",Unfall 142013 (2023) Kat:3, Licht: 0,142013,3,7,0,09,07,7,0,0,1,0,0,0,0,0
"POINT (13.704424389000053 51.050863664000076)",Unfall 142014 (2023) Kat:3, Licht: 0,142014,3,2,5,09,17,7,0,0,0,1,0,0,0,1
"POINT (13.775315992000060 51.013465178000047)",Unfall 142039 (2023) Kat:2, Licht: 0,142039,2,3,5,10,12,5,0,0,0,1,0,0,0,0
"POINT (13.731271873000026 51.034453910000082)",Unfall 142045 (2023) Kat:2, Licht: 2,142045,2,1,0,09,03,6,0,2,0,0,0,0,0,1
"POINT (13.818335606000062 51.064511512000081)",Unfall 142047 (2023) Kat:3, Licht: 0,142047,3,1,0,09,08,6,1,0,1,0,0,0,0,0
"POINT (13.767623301000071 51.018268232000025)",Unfall 142053 (2023) Kat:3, Licht: 2,142053,3,6,2,11,18,4,1,2,1,1,0,0,0,0
"POINT (13.760216828000068 51.023278302000051)",Unfall 142070 (2023) Kat:3, Licht: 0,142070,3,1,0,09,07,5,0,0,1,0,0,0,0,0
"POINT (13.709807879000039 51.061593264000066)",Unfall 142071 (2023) Kat:3, Licht: 0,142071,3,7,6,09,15,5,0,0,0,1,1,0,0,0
"POINT (13.635474983000051 51.069877727000062)",Unfall 142095 (2023) Kat:3, Licht: 0,142095,3,6,2,09,16,4,0,0,0,1,0,0,0,0
"POINT (13.733738646000063 51.061422852000078)",Unfall 142096 (2023) Kat:3, Licht: 0,142096,3,6,3,09,18,4,0,0,0,1,0,1,0,0
"POINT (13.828778720000059 51.058545081000034)",Unfall 142097 (2023) Kat:2, Licht: 0,142097,2,2,5,09,08,4,0,0,1,1,0,0,0,0
"POINT (13.761931549000053 51.064076971000077)",Unfall 142119 (2023) Kat:3, Licht: 0,142119,3,7,8,09,16,3,0,0,1,0,0,0,0,0
"POINT (13.739368559000070 51.079028001000040)",Unfall 142120 (2023) Kat:3, Licht: 0,142120,3,1,0,09,15,3,0,0,1,0,0,0,0,0
"POINT (13.737610413000027 51.087413303000062)",Unfall 142145 (2023) Kat:3, Licht: 1,142145,3,6,3,11,19,7,0,1,0,1,0,1,0,0
"POINT (13.705143706000058 51.085193899000046)",Unfall 142148 (2023) Kat:3, Licht: 0,142148,3,3,5,11,14,3,1,0,1,1,0,0,0,0
"POINT (13.827162068000064 51.062226608000060)",Unfall 142150 (2023) Kat:3, Licht: 0,142150,3,6,1,09,18,2,0,0,0,1,0,0,0,0
"POINT (13.602203996000071 51.062795680000079)",Unfall 142151 (2023) Kat:3, Licht: 2,142151,3,6,3,09,01,2,0,2,0,1,0,0,1,0
"POINT (13.778567691000035 51.067335430000071)",Unfall 142152 (2023) Kat:3, Licht: 0,142152,3,4,6,09,07,2,0,0,0,1,1,0,0,0
"POINT (13.783529350000038 51.155387818000065)",Unfall 142170 (2023) Kat:3, Licht: 2,142170,3,7,2,11,16,2,1,2,0,1,0,0,0,1
"POINT (13.828254375000029 51.058488079000028)",Unfall 142175 (2023) Kat:3, Licht: 2,142175,3,6,0,09,19,1,0,2,1,0,1,0,0,0
"POINT (13.741209940000033 51.046325873000058)",Unfall 142209 (2023) Kat:3, Licht: 0,142209,3,3,5,10,17,1,0,0,1,1,0,0,0,0
"POINT (13.732289928000057 51.060973747000048)",Unfall 142213 (2023) Kat:3, Licht: 0,142213,3,6,3,09,18,7,0,0,1,0,0,0,0,0
"POINT (13.718976849000057 51.096627928000032)",Unfall 142215 (2023) Kat:2, Licht: 0,142215,2,3,5,09,16,7,0,0,1,1,0,0,0,0
"POINT (13.735678091000068 51.072772119000035)",Unfall 142216 (2023) Kat:3, Licht: 2,142216,3,1,3,09,03,7,0,2,1,0,0,0,0,1
"POINT (13.799773424000023 50.998535321000077)",Unfall 142221 (2023) Kat:3, Licht: 0,142221,3,2,5,10,09,6,0,0,1,1,0,0,0,0
"POINT (13.720969101000037 51.128349870000079)",Unfall 142253 (2023) Kat:3, Licht: 0,142253,3,7,1,09,15,6,0,0,0,1,0,1,0,0
"POINT (13.738244739000038 51.063898147000032)",Unfall 142254 (2023) Kat:3, Licht: 0,142254,3,1,6,09,14,6,0,0,1,0,1,0,0,0
"POINT (13.727323188000071 51.057970614000055)",Unfall 142281 (2023) Kat:2, Licht: 2,142281,2,2,6,11,18,4,1,2,0,1,1,0,0,0
"POINT (13.699982972000043 51.015936294000028)",Unfall 142287 (2023) Kat:3, Licht: 0,142287,3,1,0,12,14,5,1,0,1,0,0,0,0,0
"POINT (13.840691559000049 51.059002794000037)",Unfall 142288 (2023) Kat:2, Licht: 0,142288,2,3,5,10,16,3,0,0,1,1,0,0,0,0
"POINT (13.760413769000024 51.082082953000054)",Unfall 142289 (2023) Kat:3, Licht: 0,142289,3,2,0,09,09,5,0,0,1,1,0,0,0,0