WKT,Name,OBJECTID,UKATEGORIE,UTYP1,UART,UMONAT,USTUNDE,UWOCHENTAG,STRZUSTAND,ULICHTVERH,ISTRAD,ISTPKW,ISTFUSS,ISTKRAD,ISTGKFZ,ISTSONSTIG
"POINT (13.689744852000047 51.061775171000079)",Unfall 142290 (2023) Kat:3, Licht: 0,142290,3,3,5,09,07,5,0,0,1,1,0,0,0,0
"POINT (13.772346843000037 51.114644534000035)",Unfall 142291 (2023) Kat:2, Licht: 0,142291,2,3,5,09,16,5,0,0,1,1,0,0,0,0
"POINT (13.848247019000041 51.061829458000034)",Unfall 142313 (2023) Kat:3, Licht: 2,142313,3,1,0,09,05,4,1,2,1,0,0,0,0,0
"POINT (13.775414463000061 51.110450870000079)",Unfall 142314 (2023) Kat:3, Licht: 0,142314,3,1,0,09,17,4,1,0,1,0,0,0,0,0
"POINT (13.746107452000047 51.057112686000039)",Unfall 142320 (2023) Kat:3, Licht: 2,142320,3,2,3,12,21,4,0,2,1,1,0,0,0,0
"POINT (13.636561761000053 51.087279172000081)",Unfall 142347 (2023) Kat:3, Licht: 0,142347,3,3,5,09,09,3,0,0,1,1,0,0,0,0
"POINT (13.731204223000077 51.024822053000037)",Unfall 142348 (2023) Kat:3, Licht: 0,142348,3,2,0,09,10,3,0,0,1,1,0,0,0,0
"POINT (13.875383050000039 51.008431797000071)",Unfall 142349 (2023) Kat:3, Licht: 0,142349,3,4,6,09,15,3,0,0,0,1,1,0,0,0
"POINT (13.694620009000062 51.060798588000068)",Unfall 142382 (2023) Kat:3, Licht: 0,142382,3,2,5,09,13,2,0,0,1,1,0,0,0,0
"POINT (13.668895686000042 51.072570168000027)",Unfall 142383 (2023) Kat:2, Licht: 0,142383,2,7,0,09,17,2,0,0,0,0,0,1,0,0
"POINT (13.741239075000067 51.046344013000066)",Unfall 142384 (2023) Kat:3, Licht: 0,142384,3,3,5,09,15,2,0,0,0,1,0,0,0,0
"POINT (13.702304834000074 51.043738357000052)",Unfall 142417 (2023) Kat:3, Licht: 0,142417,3,2,3,09,14,1,0,0,0,1,0,0,0,1
"POINT (13.794307818000050 51.073823044000051)",Unfall 142420 (2023) Kat:2, Licht: 2,142420,2,3,5,11,21,3,1,2,0,1,0,0,0,0
"POINT (13.704389425000045 51.050911472000053)",Unfall 142477 (2023) Kat:3, Licht: 1,142477,3,3,5,09,05,6,0,1,0,1,0,0,0,0
"POINT (13.787236597000060 51.116237140000067)",Unfall 142478 (2023) Kat:3, Licht: 0,142478,3,5,1,09,13,6,0,0,0,1,0,0,0,0
"POINT (13.631556061000026 51.068806346000031)",Unfall 142515 (2023) Kat:2, Licht: 0,142515,2,6,2,10,14,2,0,0,0,1,0,0,1,0
"POINT (13.733186205000038 51.066486031000068)",Unfall 142516 (2023) Kat:3, Licht: 0,142516,3,3,0,09,08,5,0,0,1,0,0,0,0,0
"POINT (13.732479141000056 51.077917667000065)",Unfall 142517 (2023) Kat:3, Licht: 0,142517,3,2,6,09,12,5,0,0,0,1,1,0,0,0
"POINT (13.671039127000029 51.016706370000065)",Unfall 142541 (2023) Kat:3, Licht: 0,142541,3,6,3,09,07,4,0,0,1,0,0,0,0,0
"POINT (13.743468346000043 51.047605794000049)",Unfall 142543 (2023) Kat:3, Licht: 0,142543,3,2,5,09,08,4,0,0,1,1,0,0,0,0
"POINT (13.714542623000057 51.079572706000079)",Unfall 142545 (2023) Kat:2, Licht: 0,142545,2,2,5,09,16,4,0,0,0,1,0,1,0,0
"POINT (13.905031236000070 50.997074196000028)",Unfall 142546 (2023) Kat:3, Licht: 2,142546,3,3,0,09,05,4,0,2,0,1,0,1,0,0
"POINT (13.720226736000029 51.093426588000057)",Unfall 142582 (2023) Kat:3, Licht: 0,142582,3,5,0,09,15,3,0,0,0,1,0,0,0,1
"POINT (13.671121276000065 51.016741709000030)",Unfall 142583 (2023) Kat:3, Licht: 0,142583,3,3,5,09,17,3,0,0,1,1,0,0,0,0
"POINT (13.783875343000034 51.009643777000065)",Unfall 142585 (2023) Kat:3, Licht: 0,142585,3,3,5,09,13,3,0,0,1,1,0,0,0,0
"POINT (13.738354608000066 51.063949148000063)",Unfall 142586 (2023) Kat:3, Licht: 0,142586,3,1,0,09,18,3,0,0,1,0,0,0,0,0
"POINT (13.790006090000077 51.119226820000051)",Unfall 142588 (2023) Kat:3, Licht: 0,142588,3,2,5,09,13,3,0,0,1,1,0,0,0,0
"POINT (13.689927873000045 51.072657724000067)",Unfall 142621 (2023) Kat:3, Licht: 0,142621,3,1,0,09,17,2,0,0,1,0,0,0,0,0
"POINT (13.696765876000029 51.043361429000072)",Unfall 142622 (2023) Kat:3, Licht: 0,142622,3,1,0,09,12,2,0,0,1,0,0,0,0,0
"POINT (13.725498479000066 51.015611065000030)",Unfall 142624 (2023) Kat:3, Licht: 0,142624,3,6,2,09,07,2,0,0,0,1,0,0,0,0
"POINT (13.745650179000052 51.049327643000026)",Unfall 142636 (2023) Kat:3, Licht: 0,142636,3,2,2,09,16,1,0,0,0,1,0,0,0,0
"POINT (13.725200937000068 51.087426985000036)",Unfall 142640 (2023) Kat:2, Licht: 0,142640,2,1,0,09,06,1,0,0,1,0,0,0,0,0
"POINT (13.724330850000058 51.088389501000051)",Unfall 142642 (2023) Kat:3, Licht: 0,142642,3,1,0,10,07,5,0,0,1,0,0,0,0,0
"POINT (13.737658526000075 51.061464971000078)",Unfall 142643 (2023) Kat:3, Licht: 0,142643,3,2,3,09,11,1,0,0,0,1,0,0,0,1
"POINT (13.720976403000066 51.048658222000029)",Unfall 142664 (2023) Kat:3, Licht: 2,142664,3,6,4,09,21,3,0,2,1,0,0,0,0,0
"POINT (13.738869916000056 51.059548399000050)",Unfall 142665 (2023) Kat:3, Licht: 0,142665,3,1,0,09,12,7,0,0,1,0,0,0,0,0
"POINT (13.741180826000061 51.057681490000050)",Unfall 142666 (2023) Kat:3, Licht: 0,142666,3,1,0,09,15,7,0,0,1,0,0,0,0,0
"POINT (13.691918315000066 51.084353553000028)",Unfall 142695 (2023) Kat:3, Licht: 0,142695,3,2,5,09,15,6,0,0,0,1,0,0,0,0
"POINT (13.740976023000030 51.064767895000045)",Unfall 142696 (2023) Kat:2, Licht: 0,142696,2,4,6,09,10,6,0,0,0,0,1,0,0,1
"POINT (13.736943333000056 51.093252092000057)",Unfall 142702 (2023) Kat:3, Licht: 0,142702,3,2,5,09,06,2,0,0,0,1,0,0,0,1
"POINT (13.721359606000021 51.041763137000032)",Unfall 142732 (2023) Kat:3, Licht: 0,142732,3,3,5,08,18,5,0,0,0,1,0,0,0,1
"POINT (13.936025136000069 51.050881858000082)",Unfall 142734 (2023) Kat:3, Licht: 2,142734,3,6,3,08,05,5,0,2,1,1,0,0,0,0
"POINT (13.793745238000042 51.001833343000044)",Unfall 142735 (2023) Kat:3, Licht: 0,142735,3,3,5,08,14,5,0,0,1,1,0,0,0,0
"POINT (13.733118994000051 51.076355695000075)",Unfall 142753 (2023) Kat:3, Licht: 1,142753,3,4,6,12,07,6,1,1,0,1,1,0,0,0
"POINT (13.738128828000072 51.029125715000077)",Unfall 142764 (2023) Kat:2, Licht: 0,142764,2,7,8,08,19,4,0,0,1,0,0,0,0,0
"POINT (13.603485972000044 51.037120380000033)",Unfall 142810 (2023) Kat:3, Licht: 0,142810,3,6,2,08,14,3,1,0,0,1,0,0,0,0
"POINT (13.766319252000073 51.020775014000037)",Unfall 142812 (2023) Kat:3, Licht: 0,142812,3,1,4,08,10,3,1,0,0,1,0,0,0,0
"POINT (13.742364258000066 51.124899266000057)",Unfall 142814 (2023) Kat:3, Licht: 2,142814,3,1,8,08,22,3,0,2,0,0,0,1,0,0
"POINT (13.894884542000057 51.064837147000048)",Unfall 142815 (2023) Kat:3, Licht: 0,142815,3,6,2,08,08,3,1,0,0,1,0,0,0,0
"POINT (13.893929859000025 51.002448222000055)",Unfall 142816 (2023) Kat:3, Licht: 0,142816,3,7,5,08,15,3,1,0,0,1,0,0,1,0
"POINT (13.756658016000074 51.077567843000054)",Unfall 142836 (2023) Kat:3, Licht: 2,142836,3,2,5,11,06,5,0,2,1,1,0,0,0,0
"POINT (13.752894022000078 51.073799796000060)",Unfall 142843 (2023) Kat:2, Licht: 2,142843,2,1,0,08,02,2,0,2,1,0,0,0,0,0
"POINT (13.724517077000030 51.088184404000060)",Unfall 142844 (2023) Kat:3, Licht: 0,142844,3,5,0,08,13,2,1,0,1,1,0,0,0,0
"POINT (13.736765196000022 51.093739978000031)",Unfall 142846 (2023) Kat:3, Licht: 0,142846,3,6,2,08,16,2,1,0,0,1,0,0,0,0
"POINT (13.746917279000058 51.051681586000029)",Unfall 142847 (2023) Kat:3, Licht: 2,142847,3,3,5,08,21,2,1,2,0,1,0,0,0,1
"POINT (13.732426111000052 51.107140848000029)",Unfall 142848 (2023) Kat:3, Licht: 0,142848,3,6,3,08,06,2,0,0,0,1,0,1,0,0
"POINT (13.760223852000024 51.023274479000065)",Unfall 142854 (2023) Kat:3, Licht: 0,142854,3,6,2,08,12,2,1,0,0,1,0,0,0,0
"POINT (13.701354754000022 51.091241118000028)",Unfall 142876 (2023) Kat:2, Licht: 0,142876,2,1,0,08,15,1,1,0,1,0,0,0,0,0
"POINT (13.738460577000069 51.068701630000078)",Unfall 142877 (2023) Kat:3, Licht: 2,142877,3,1,7,08,05,1,1,2,1,0,0,0,0,0
"POINT (13.740728144000059 51.064785903000029)",Unfall 142878 (2023) Kat:2, Licht: 2,142878,2,4,6,08,20,1,1,2,0,1,1,0,0,0
"POINT (13.742335286000070 51.124995429000080)",Unfall 142879 (2023) Kat:3, Licht: 0,142879,3,1,8,08,12,1,0,0,1,0,0,0,0,0
"POINT (13.727725325000051 51.043777488000046)",Unfall 142894 (2023) Kat:3, Licht: 0,142894,3,1,0,09,08,4,0,0,1,0,0,0,0,0
"POINT (13.727924538000025 51.060199595000029)",Unfall 142902 (2023) Kat:2, Licht: 0,142902,2,7,0,08,13,7,0,0,1,0,0,0,0,0
"POINT (13.952819499000043 51.029649435000067)",Unfall 142905 (2023) Kat:3, Licht: 0,142905,3,1,8,08,12,7,0,0,0,1,0,0,0,0
"POINT (13.723171096000044 51.033957934000057)",Unfall 142906 (2023) Kat:3, Licht: 0,142906,3,3,5,08,16,7,0,0,1,1,0,0,0,0
"POINT (13.692229350000048 51.079313403000072)",Unfall 142941 (2023) Kat:3, Licht: 0,142941,3,6,3,08,10,6,0,0,0,1,0,0,1,0
"POINT (13.592847455000026 51.062006436000047)",Unfall 142943 (2023) Kat:3, Licht: 0,142943,3,7,0,08,06,6,0,0,0,0,0,1,0,1
"POINT (13.850076082000044 51.061780087000045)",Unfall 142944 (2023) Kat:2, Licht: 0,142944,2,4,6,08,08,6,0,0,0,1,1,0,0,0
"POINT (13.739274222000063 51.071902025000043)",Unfall 142948 (2023) Kat:2, Licht: 2,142948,2,1,6,11,17,4,1,2,1,0,1,0,0,0
"POINT (13.707494330000031 51.052523084000029)",Unfall 142983 (2023) Kat:3, Licht: 0,142983,3,3,5,08,15,5,0,0,1,1,0,0,0,0
"POINT (13.916283662000069 51.043963480000059)",Unfall 142985 (2023) Kat:2, Licht: 0,142985,2,7,0,08,18,5,0,0,1,0,0,0,0,0
"POINT (13.724868745000038 51.056164410000065)",Unfall 142986 (2023) Kat:3, Licht: 0,142986,3,6,2,08,16,5,0,0,0,1,0,1,0,0
"POINT (13.820120779000035 51.050054998000064)",Unfall 142987 (2023) Kat:3, Licht: 0,142987,3,3,5,08,07,5,0,0,1,1,0,0,0,0
"POINT (13.793690239000057 51.001719717000071)",Unfall 143023 (2023) Kat:2, Licht: 0,143023,2,2,5,08,09,4,0,0,1,1,0,0,0,0
"POINT (13.583635302000062 51.062182893000056)",Unfall 143030 (2023) Kat:3, Licht: 0,143030,3,6,2,08,14,4,0,0,0,1,0,0,0,1
"POINT (13.726031265000074 51.057020377000072)",Unfall 143068 (2023) Kat:3, Licht: 0,143068,3,2,5,08,15,3,0,0,1,1,0,0,0,0
"POINT (13.726028208000059 51.057018268000036)",Unfall 143071 (2023) Kat:3, Licht: 0,143071,3,2,3,08,13,3,0,0,1,1,0,0,0,0
"POINT (13.754225328000075 51.026687008000067)",Unfall 143073 (2023) Kat:3, Licht: 0,143073,3,4,6,09,15,3,0,0,1,0,1,0,0,0
"POINT (13.739375397000060 51.079772510000055)",Unfall 143100 (2023) Kat:3, Licht: 0,143100,3,6,3,08,08,2,0,0,1,0,0,0,0,0
"POINT (13.740621772000054 51.064779954000073)",Unfall 143102 (2023) Kat:3, Licht: 0,143102,3,1,0,08,07,2,0,0,1,0,0,0,0,0
"POINT (13.862463958000035 51.060431065000046)",Unfall 143104 (2023) Kat:2, Licht: 0,143104,2,1,0,08,12,2,0,0,1,0,0,0,0,0
"POINT (13.763447177000046 51.086697464000054)",Unfall 143106 (2023) Kat:3, Licht: 0,143106,3,6,4,08,06,2,1,0,1,0,0,0,0,0
"POINT (13.837324323000075 51.125788778000071)",Unfall 143107 (2023) Kat:3, Licht: 0,143107,3,2,5,08,16,2,0,0,1,1,0,0,0,0
"POINT (13.618214254000065 51.036960431000068)",Unfall 143129 (2023) Kat:3, Licht: 0,143129,3,6,3,10,14,5,0,0,0,1,0,0,0,0
"POINT (13.703526390000036 51.050557451000032)",Unfall 143130 (2023) Kat:3, Licht: 0,143130,3,6,2,08,16,1,0,0,0,1,0,0,0,0
"POINT (13.687102430000039 51.022744556000077)",Unfall 143131 (2023) Kat:2, Licht: 2,143131,2,6,4,08,22,1,1,2,1,0,0,0,0,0
"POINT (13.791496998000071 51.072314832000075)",Unfall 143146 (2023) Kat:3, Licht: 0,143146,3,3,5,08,11,7,0,0,0,1,0,1,0,0
"POINT (13.720714998000062 51.049259516000063)",Unfall 143148 (2023) Kat:3, Licht: 0,143148,3,3,4,08,13,7,0,0,1,1,0,0,0,0
"POINT (13.736395708000032 51.063845698000080)",Unfall 143155 (2023) Kat:3, Licht: 2,143155,3,3,5,11,22,5,1,2,1,1,0,0,0,0
"POINT (13.715929426000059 51.036830303000045)",Unfall 143172 (2023) Kat:3, Licht: 0,143172,3,6,2,08,14,6,0,0,0,1,0,1,0,0
"POINT (13.688770429000044 51.083023350000076)",Unfall 143174 (2023) Kat:2, Licht: 0,143174,2,2,5,08,18,6,0,0,1,1,0,0,0,0
"POINT (13.690256150000039 51.082522669000070)",Unfall 143203 (2023) Kat:3, Licht: 0,143203,3,6,2,08,17,5,1,0,0,1,0,0,0,1
"POINT (13.705622296000058 51.084887713000057)",Unfall 143204 (2023) Kat:3, Licht: 0,143204,3,1,0,08,14,5,0,0,1,0,0,0,0,0
"POINT (13.693114217000073 51.081934214000057)",Unfall 143226 (2023) Kat:2, Licht: 0,143226,2,6,1,12,13,5,0,0,0,1,0,0,0,0
"POINT (13.855094204000068 51.061782250000078)",Unfall 143271 (2023) Kat:3, Licht: 2,143271,3,4,6,12,17,5,1,2,0,1,1,0,0,0
"POINT (13.701529840000035 51.091121824000027)",Unfall 143286 (2023) Kat:3, Licht: 0,143286,3,1,3,08,17,3,0,0,1,1,0,0,0,0
"POINT (13.697787260000041 51.022540747000050)",Unfall 143288 (2023) Kat:3, Licht: 0,143288,3,3,5,08,08,3,0,0,1,1,0,0,0,0
"POINT (13.776390121000077 50.995628166000074)",Unfall 143289 (2023) Kat:3, Licht: 0,143289,3,6,3,08,12,3,0,0,0,1,0,0,0,1
"POINT (13.774538844000062 51.111712044000058)",Unfall 143290 (2023) Kat:3, Licht: 0,143290,3,2,5,08,06,3,0,0,1,1,0,0,0,0
"POINT (13.746885942000063 51.065193720000082)",Unfall 143316 (2023) Kat:3, Licht: 0,143316,3,6,1,08,12,2,0,0,0,1,0,0,0,0
"POINT (13.740339272000028 51.064155684000070)",Unfall 143317 (2023) Kat:3, Licht: 0,143317,3,4,6,08,18,2,0,0,0,1,1,0,0,0
"POINT (13.664042954000024 51.071933531000070)",Unfall 143318 (2023) Kat:3, Licht: 2,143318,3,1,8,08,02,2,0,2,0,1,0,0,0,0
"POINT (13.786976257000049 51.015768409000032)",Unfall 251646 (2023) Kat:2, Licht: 0,251646,2,2,5,03,13,5,0,0,1,0,0,0,0,1
"POINT (13.805036655000038 51.052788830000054)",Unfall 251647 (2023) Kat:3, Licht: 0,251647,3,4,6,03,10,5,0,0,0,1,1,0,0,0
"POINT (13.806064708000065 51.026404330000048)",Unfall 251648 (2023) Kat:3, Licht: 0,251648,3,4,6,03,16,5,0,0,0,1,1,0,0,0
"POINT (13.742343490000053 51.036014768000030)",Unfall 251655 (2023) Kat:3, Licht: 0,251655,3,2,2,03,17,4,0,0,1,1,0,0,0,0
"POINT (13.741886811000029 51.116985510000063)",Unfall 251656 (2023) Kat:3, Licht: 0,251656,3,3,5,03,15,4,0,0,0,1,0,0,0,1
"POINT (13.704126323000025 51.051172531000077)",Unfall 251665 (2023) Kat:3, Licht: 0,251665,3,1,0,03,13,3,0,0,0,0,0,1,0,0
"POINT (13.673435592000033 51.040483848000065)",Unfall 251666 (2023) Kat:3, Licht: 0,251666,3,7,9,03,10,3,0,0,0,1,0,0,0,0
"POINT (13.774567414000046 51.033183747000066)",Unfall 251667 (2023) Kat:3, Licht: 0,251667,3,1,3,03,12,3,0,0,0,1,0,0,0,1
"POINT (13.749614412000028 51.033597840000027)",Unfall 251668 (2023) Kat:3, Licht: 1,251668,3,3,5,03,05,3,1,1,1,1,0,0,0,0
"POINT (13.755234300000041 51.068469007000033)",Unfall 251677 (2023) Kat:3, Licht: 2,251677,3,1,0,03,00,2,0,2,1,0,0,0,0,0
"POINT (13.737722241000029 51.074346272000071)",Unfall 251679 (2023) Kat:3, Licht: 2,251679,3,2,5,03,21,2,1,2,1,1,0,0,0,0
"POINT (13.771158136000054 51.029815572000075)",Unfall 251683 (2023) Kat:3, Licht: 0,251683,3,3,5,03,17,1,0,0,0,1,0,0,0,0
"POINT (13.798182965000024 51.045401250000054)",Unfall 251697 (2023) Kat:3, Licht: 0,251697,3,2,5,03,11,6,0,0,0,1,0,0,0,0
"POINT (13.850845285000048 51.004499527000064)",Unfall 251698 (2023) Kat:2, Licht: 0,251698,2,7,0,03,10,6,0,0,1,0,0,0,0,0
"POINT (13.816220244000021 51.016064473000029)",Unfall 251706 (2023) Kat:3, Licht: 2,251706,3,2,6,03,19,5,1,2,0,1,1,0,0,0
"POINT (13.732400492000068 51.050913773000048)",Unfall 251707 (2023) Kat:3, Licht: 0,251707,3,2,5,03,09,5,1,0,1,1,0,0,0,0
"POINT (13.741627018000031 51.014806516000078)",Unfall 251729 (2023) Kat:2, Licht: 2,251729,2,1,0,03,18,3,1,2,0,0,0,1,0,0
"POINT (13.779014817000075 51.070108651000055)",Unfall 251730 (2023) Kat:3, Licht: 0,251730,3,3,5,03,16,3,0,0,1,1,0,0,0,0
"POINT (13.777713892000065 51.052891862000081)",Unfall 251731 (2023) Kat:3, Licht: 0,251731,3,6,3,03,16,3,0,0,1,1,0,0,0,0
"POINT (13.697928877000038 51.084663525000053)",Unfall 251742 (2023) Kat:3, Licht: 2,251742,3,7,0,03,18,2,1,2,1,0,0,0,0,0
"POINT (13.746001018000072 51.061749372000065)",Unfall 251743 (2023) Kat:3, Licht: 0,251743,3,6,2,03,10,2,0,0,0,1,0,0,0,0
"POINT (13.749009122000075 51.074024684000051)",Unfall 251744 (2023) Kat:3, Licht: 0,251744,3,3,5,03,08,2,0,0,1,1,0,0,0,0
"POINT (13.725525969000046 51.095055070000058)",Unfall 251745 (2023) Kat:3, Licht: 0,251745,3,4,6,03,15,2,0,0,0,1,1,0,0,0
"POINT (13.746145412000033 51.057888488000060)",Unfall 251746 (2023) Kat:3, Licht: 2,251746,3,1,0,03,23,2,1,2,0,0,0,1,0,0
"POINT (13.744832013000064 51.037157135000029)",Unfall 251747 (2023) Kat:3, Licht: 0,251747,3,3,5,03,14,2,1,0,1,1,0,0,0,0
"POINT (13.757189991000075 51.049742153000068)",Unfall 251748 (2023) Kat:3, Licht: 2,251748,3,3,5,03,18,2,1,2,0,1,0,0,0,0
"POINT (13.677590726000062 51.058969907000062)",Unfall 251749 (2023) Kat:3, Licht: 0,251749,3,3,5,03,11,2,0,0,1,1,0,0,0,0
"POINT (13.756420671000058 51.069677855000066)",Unfall 251760 (2023) Kat:3, Licht: 0,251760,3,1,0,03,12,7,1,0,0,0,0,1,0,0
"POINT (13.749626435000039 51.043111952000061)",Unfall 251761 (2023) Kat:2, Licht: 0,251761,2,4,6,03,12,7,0,0,0,1,1,0,0,0
"POINT (13.672578579000060 51.052749005000067)",Unfall 251772 (2023) Kat:3, Licht: 1,251772,3,1,0,03,07,6,2,1,1,0,0,0,0,0
"POINT (13.690277626000068 51.042572072000041)",Unfall 251773 (2023) Kat:3, Licht: 1,251773,3,1,0,03,06,6,0,1,1,0,0,0,0,0
"POINT (13.828133684000022 50.998919194000052)",Unfall 251774 (2023) Kat:2, Licht: 0,251774,2,1,8,03,10,6,0,0,1,0,0,0,0,0
"POINT (13.753607181000064 51.066424144000052)",Unfall 251775 (2023) Kat:3, Licht: 0,251775,3,4,6,03,13,6,0,0,1,1,1,0,0,0
"POINT (13.822732203000044 51.004862424000066)",Unfall 251776 (2023) Kat:3, Licht: 2,251776,3,2,5,03,17,6,0,2,0,1,0,0,0,0
"POINT (13.706149883000023 51.046413271000063)",Unfall 251777 (2023) Kat:3, Licht: 0,251777,3,2,5,03,15,6,0,0,1,1,0,0,0,0
"POINT (13.757143212000074 51.049709697000026)",Unfall 251785 (2023) Kat:3, Licht: 0,251785,3,2,6,03,07,5,0,0,0,1,1,0,0,0
"POINT (13.768652642000063 51.067084234000049)",Unfall 251794 (2023) Kat:3, Licht: 0,251794,3,3,5,03,09,4,0,0,1,1,0,0,0,1
"POINT (13.704766828000061 51.046324744000060)",Unfall 251795 (2023) Kat:3, Licht: 0,251795,3,2,3,03,07,4,0,0,1,1,0,0,0,0
"POINT (13.709450210000057 51.092872553000063)",Unfall 251805 (2023) Kat:3, Licht: 0,251805,3,3,5,02,13,3,0,0,1,1,0,0,0,0
"POINT (13.735602187000040 51.100446559000034)",Unfall 251806 (2023) Kat:3, Licht: 0,251806,3,7,8,02,12,3,0,0,0,1,0,0,0,0
"POINT (13.758741516000043 51.049470865000046)",Unfall 251807 (2023) Kat:3, Licht: 0,251807,3,3,5,02,13,3,0,0,1,1,0,0,0,0
"POINT (13.728288685000052 51.056653677000043)",Unfall 251819 (2023) Kat:3, Licht: 2,251819,3,7,0,02,18,1,1,2,1,0,0,0,0,0
"POINT (13.777911102000076 51.053947590000064)",Unfall 251820 (2023) Kat:3, Licht: 0,251820,3,3,5,02,15,1,1,0,0,1,0,0,0,0
"POINT (13.786505154000054 51.060198509000031)",Unfall 251825 (2023) Kat:3, Licht: 0,251825,3,2,2,02,10,7,1,0,0,1,0,0,0,0
"POINT (13.756578714000057 51.055098829000030)",Unfall 251826 (2023) Kat:3, Licht: 0,251826,3,3,5,02,13,7,1,0,1,1,0,0,0,0
"POINT (13.674207408000029 51.045855264000068)",Unfall 251833 (2023) Kat:3, Licht: 2,251833,3,4,6,03,19,5,0,2,1,0,1,0,0,0
"POINT (13.762205905000030 51.043542178000052)",Unfall 251838 (2023) Kat:3, Licht: 2,251838,3,6,0,02,05,5,0,2,0,1,0,0,0,1
"POINT (13.779909616000054 51.044319663000067)",Unfall 251839 (2023) Kat:3, Licht: 0,251839,3,3,5,02,08,5,0,0,1,1,0,0,0,0
"POINT (13.691882174000057 51.049808139000049)",Unfall 251840 (2023) Kat:2, Licht: 0,251840,2,3,5,02,12,5,0,0,0,1,0,1,0,0
"POINT (13.704173114000071 51.078364075000081)",Unfall 251841 (2023) Kat:3, Licht: 0,251841,3,3,5,02,07,5,0,0,1,1,0,0,0,0
"POINT (13.837819880000040 51.006210245000034)",Unfall 251842 (2023) Kat:2, Licht: 2,251842,2,1,1,02,19,5,1,2,0,1,0,0,1,0
"POINT (13.710298532000024 51.057990469000060)",Unfall 251843 (2023) Kat:2, Licht: 0,251843,2,2,6,02,12,5,0,0,0,1,1,0,0,0
"POINT (13.812845843000048 51.058894447000057)",Unfall 251851 (2023) Kat:3, Licht: 0,251851,3,1,0,02,16,4,0,0,1,0,0,0,0,0
"POINT (13.708445490000031 51.046902827000054)",Unfall 251852 (2023) Kat:3, Licht: 0,251852,3,2,5,02,08,4,0,0,1,1,0,0,0,0
"POINT (13.812208781000038 51.047902317000080)",Unfall 251856 (2023) Kat:2, Licht: 0,251856,2,1,0,02,09,3,0,0,1,0,0,0,0,0
"POINT (13.781064100000037 51.035842434000074)",Unfall 251861 (2023) Kat:3, Licht: 0,251861,3,3,0,02,15,2,0,0,1,0,0,0,0,1
"POINT (13.745528584000056 51.060201582000047)",Unfall 251862 (2023) Kat:3, Licht: 0,251862,3,3,5,02,12,2,0,0,1,1,0,0,0,0
"POINT (13.673793165000063 51.067131887000073)",Unfall 251867 (2023) Kat:3, Licht: 2,251867,3,1,8,02,05,1,1,2,0,1,0,0,0,0
"POINT (13.811076208000031 51.022333770000046)",Unfall 251873 (2023) Kat:2, Licht: 0,251873,2,6,6,02,15,7,1,0,1,0,1,0,0,0
"POINT (13.710813141000074 51.032577937000042)",Unfall 251888 (2023) Kat:3, Licht: 2,251888,3,2,6,02,19,6,1,2,0,0,1,0,0,1
"POINT (13.789546658000063 51.018312843000047)",Unfall 251897 (2023) Kat:3, Licht: 0,251897,3,3,5,02,14,5,0,0,1,1,0,0,0,0
"POINT (13.885347227000068 51.062446001000069)",Unfall 251898 (2023) Kat:2, Licht: 0,251898,2,2,6,02,16,5,0,0,0,1,1,0,0,0
"POINT (13.774145829000076 51.059841133000077)",Unfall 251899 (2023) Kat:2, Licht: 2,251899,2,3,6,02,05,5,0,2,1,0,1,0,0,0
"POINT (13.767562539000039 51.042532971000071)",Unfall 251900 (2023) Kat:3, Licht: 0,251900,3,3,5,02,14,5,0,0,0,1,0,0,0,0
"POINT (13.867710918000057 50.996494701000074)",Unfall 251909 (2023) Kat:3, Licht: 0,251909,3,1,4,02,07,4,2,0,0,1,0,0,0,0
"POINT (13.742951411000035 51.028685796000048)",Unfall 251910 (2023) Kat:3, Licht: 0,251910,3,3,5,02,09,4,0,0,1,1,0,0,0,0
"POINT (13.699281193000047 51.080383143000063)",Unfall 251911 (2023) Kat:3, Licht: 2,251911,3,1,0,02,03,4,0,2,0,0,0,1,0,0
"POINT (13.707320672000037 51.080004517000077)",Unfall 251912 (2023) Kat:3, Licht: 1,251912,3,2,6,02,06,4,0,1,0,1,1,0,0,0
"POINT (13.711539706000053 51.091718289000028)",Unfall 251927 (2023) Kat:3, Licht: 2,251927,3,2,6,02,06,2,1,2,0,1,1,0,0,0
"POINT (13.840039410000031 51.023353244000077)",Unfall 251935 (2023) Kat:3, Licht: 0,251935,3,1,0,02,11,1,1,0,1,0,0,0,0,0
"POINT (13.717833426000027 51.056802389000040)",Unfall 251938 (2023) Kat:3, Licht: 0,251938,3,5,5,02,14,7,0,0,0,1,0,0,0,0
"POINT (13.710095304000049 51.058083302000057)",Unfall 251939 (2023) Kat:2, Licht: 1,251939,2,3,5,02,07,7,1,1,0,1,0,0,0,0
"POINT (13.803235856000072 51.021735852000063)",Unfall 251953 (2023) Kat:3, Licht: 0,251953,3,3,5,03,06,6,1,0,1,1,0,0,0,0
"POINT (13.803636683000036 51.051194649000081)",Unfall 251956 (2023) Kat:3, Licht: 0,251956,3,6,0,02,08,2,0,0,0,1,0,0,0,1
"POINT (13.812639675000071 51.019750767000062)",Unfall 251958 (2023) Kat:3, Licht: 0,251958,3,2,3,02,07,5,0,0,0,0,0,0,0,1