WKT,Name,OBJECTID,UKATEGORIE,UTYP1,UART,UMONAT,USTUNDE,UWOCHENTAG,STRZUSTAND,ULICHTVERH,ISTRAD,ISTPKW,ISTFUSS,ISTKRAD,ISTGKFZ,ISTSONSTIG
"POINT (13.763456169000051 51.073957846000042)",Unfall 251970 (2023) Kat:3, Licht: 0,251970,3,7,0,02,15,4,1,0,1,0,0,0,0,0
"POINT (13.787497940000037 51.043316496000045)",Unfall 251971 (2023) Kat:3, Licht: 0,251971,3,4,6,02,13,4,0,0,0,1,1,0,0,0
"POINT (13.746169274000067 51.059589851000055)",Unfall 251972 (2023) Kat:3, Licht: 2,251972,3,3,5,02,05,4,1,2,0,1,0,0,0,0
"POINT (13.736147485000060 51.053221385000029)",Unfall 251973 (2023) Kat:3, Licht: 0,251973,3,6,2,02,08,4,0,0,1,0,0,0,0,0
"POINT (13.774691250000046 51.033316937000052)",Unfall 251984 (2023) Kat:3, Licht: 2,251984,3,2,5,02,05,3,2,2,1,1,0,0,0,0
"POINT (13.757941599000048 51.032873729000073)",Unfall 251985 (2023) Kat:3, Licht: 0,251985,3,3,5,02,11,3,0,0,1,1,0,0,0,0
"POINT (13.657957204000070 51.080106317000059)",Unfall 251986 (2023) Kat:3, Licht: 0,251986,3,1,0,02,13,3,1,0,1,0,0,0,0,0
"POINT (13.785325501000045 51.035946882000076)",Unfall 251995 (2023) Kat:3, Licht: 0,251995,3,3,5,02,15,2,0,0,1,1,0,0,0,0
"POINT (13.803133310000021 51.008961620000036)",Unfall 251998 (2023) Kat:3, Licht: 0,251998,3,6,3,02,13,2,0,0,0,0,0,0,0,1
"POINT (13.755932801000029 51.055894804000047)",Unfall 251999 (2023) Kat:3, Licht: 0,251999,3,2,3,02,07,2,0,0,1,1,0,0,0,0
"POINT (13.754147331000070 51.041313940000066)",Unfall 252000 (2023) Kat:2, Licht: 2,252000,2,6,6,02,18,2,0,2,1,0,1,0,0,0
"POINT (13.746588992000056 51.069655358000034)",Unfall 252008 (2023) Kat:3, Licht: 2,252008,3,1,0,02,04,1,1,2,0,0,0,0,0,1
"POINT (13.738938188000077 51.054368950000026)",Unfall 252012 (2023) Kat:3, Licht: 2,252012,3,1,0,02,20,7,1,2,1,0,0,0,0,0
"POINT (13.763926658000059 51.037847332000069)",Unfall 252013 (2023) Kat:3, Licht: 2,252013,3,1,6,02,22,7,0,2,0,1,1,0,0,0
"POINT (13.743181957000047 51.019308769000077)",Unfall 252018 (2023) Kat:3, Licht: 2,252018,3,3,0,02,20,6,1,2,0,1,0,0,0,0
"POINT (13.803799345000073 51.051139955000053)",Unfall 252021 (2023) Kat:2, Licht: 0,252021,2,7,0,03,13,2,1,0,0,0,0,1,0,1
"POINT (13.728837304000024 51.050900613000067)",Unfall 252026 (2023) Kat:3, Licht: 2,252026,3,4,6,02,17,5,1,2,0,1,1,0,0,0
"POINT (13.783163164000030 51.033875425000076)",Unfall 252038 (2023) Kat:3, Licht: 0,252038,3,5,0,02,12,4,1,0,0,0,0,1,0,1
"POINT (13.746449000000041 51.115450159000034)",Unfall 252040 (2023) Kat:2, Licht: 0,252040,2,3,5,02,09,4,1,0,0,1,0,1,0,0
"POINT (13.796325082000067 51.007598102000031)",Unfall 252053 (2023) Kat:3, Licht: 0,252053,3,4,6,01,12,3,0,0,0,1,1,0,0,0
"POINT (13.822256835000076 50.997772259000044)",Unfall 252054 (2023) Kat:3, Licht: 0,252054,3,3,5,01,07,3,0,0,0,1,0,0,0,0
"POINT (13.808076960000051 51.011208694000061)",Unfall 252066 (2023) Kat:3, Licht: 0,252066,3,3,3,01,06,2,1,0,0,1,0,0,0,0
"POINT (13.757154194000066 51.031754615000068)",Unfall 252067 (2023) Kat:2, Licht: 0,252067,2,3,5,01,11,2,1,0,1,1,0,0,0,0
"POINT (13.761104741000054 51.106177818000049)",Unfall 252068 (2023) Kat:3, Licht: 2,252068,3,2,4,01,17,2,1,2,1,1,0,0,0,0
"POINT (13.771026057000029 51.040053745000080)",Unfall 252077 (2023) Kat:2, Licht: 0,252077,2,3,5,01,13,7,0,0,0,1,0,0,0,0
"POINT (13.773094987000036 51.046345203000044)",Unfall 252095 (2023) Kat:3, Licht: 0,252095,3,1,1,01,15,6,1,0,1,0,0,0,0,1
"POINT (13.751538435000043 51.047210218000032)",Unfall 252096 (2023) Kat:3, Licht: 0,252096,3,3,5,01,15,6,1,0,1,1,0,0,0,0
"POINT (13.811165688000074 51.009210962000054)",Unfall 252104 (2023) Kat:3, Licht: 0,252104,3,1,0,01,15,5,1,0,1,0,0,0,0,0
"POINT (13.797893604000024 51.047522222000055)",Unfall 252115 (2023) Kat:3, Licht: 1,252115,3,4,6,01,07,4,1,1,1,0,1,0,0,0
"POINT (13.779166595000049 51.039682665000043)",Unfall 252116 (2023) Kat:3, Licht: 0,252116,3,3,5,01,16,4,0,0,1,1,0,0,0,0
"POINT (13.802660761000027 51.054534386000057)",Unfall 252117 (2023) Kat:3, Licht: 0,252117,3,6,2,01,15,4,0,0,0,1,0,0,0,0
"POINT (13.697125594000056 51.043544150000059)",Unfall 252124 (2023) Kat:3, Licht: 1,252124,3,4,6,01,18,3,1,1,0,1,1,0,0,0
"POINT (13.792687887000056 51.037228152000068)",Unfall 252125 (2023) Kat:3, Licht: 0,252125,3,6,3,01,16,3,1,0,1,1,0,0,0,0
"POINT (13.806181743000025 51.038267662000067)",Unfall 252126 (2023) Kat:3, Licht: 2,252126,3,2,3,01,21,3,1,2,0,1,0,1,0,0
"POINT (13.811571029000049 50.997888137000075)",Unfall 252127 (2023) Kat:2, Licht: 0,252127,2,7,0,02,15,5,1,0,1,0,0,0,0,0
"POINT (13.787111111000058 51.015812926000081)",Unfall 252128 (2023) Kat:2, Licht: 0,252128,2,2,6,01,10,3,1,0,0,1,1,0,0,0
"POINT (13.732228169000052 51.056512887000054)",Unfall 252129 (2023) Kat:3, Licht: 0,252129,3,2,3,01,08,3,0,0,1,1,0,0,0,0
"POINT (13.701133230000039 51.042424929000049)",Unfall 252130 (2023) Kat:3, Licht: 1,252130,3,3,5,01,16,3,1,1,0,1,0,0,0,0
"POINT (13.679079762000072 51.044721078000066)",Unfall 252131 (2023) Kat:3, Licht: 0,252131,3,7,0,01,10,3,1,0,0,1,0,0,0,1
"POINT (13.697712805000037 51.006608795000034)",Unfall 252136 (2023) Kat:3, Licht: 0,252136,3,1,1,01,07,2,2,0,0,1,0,0,0,1
"POINT (13.727893712000025 51.081722925000065)",Unfall 252137 (2023) Kat:3, Licht: 0,252137,3,5,1,01,07,2,1,0,1,1,0,0,0,0
"POINT (13.759873175000052 51.027386200000080)",Unfall 252138 (2023) Kat:3, Licht: 0,252138,3,4,0,01,12,2,0,0,0,0,1,0,0,1
"POINT (13.808252750000065 51.006046533000074)",Unfall 252141 (2023) Kat:3, Licht: 2,252141,3,3,5,01,21,1,1,2,0,1,0,0,0,0
"POINT (13.778082538000035 51.036898635000057)",Unfall 252145 (2023) Kat:3, Licht: 2,252145,3,6,2,01,20,7,1,2,0,1,0,0,0,0
"POINT (13.746785194000040 51.038313336000044)",Unfall 252153 (2023) Kat:3, Licht: 0,252153,3,6,2,01,14,6,1,0,0,1,0,0,0,0
"POINT (13.750420258000077 51.071439630000043)",Unfall 252154 (2023) Kat:3, Licht: 2,252154,3,1,0,01,00,6,0,2,1,0,0,0,0,0
"POINT (13.778582936000078 51.042640513000038)",Unfall 252155 (2023) Kat:3, Licht: 0,252155,3,3,5,01,12,6,1,0,1,1,0,0,0,0
"POINT (13.792828613000040 51.059367769000062)",Unfall 252156 (2023) Kat:3, Licht: 0,252156,3,3,5,01,13,6,1,0,0,1,0,0,0,0
"POINT (13.803636163000021 51.002347528000030)",Unfall 252168 (2023) Kat:2, Licht: 0,252168,2,4,6,01,15,5,0,0,0,1,1,0,0,0
"POINT (13.750483745000054 51.073645437000039)",Unfall 252169 (2023) Kat:3, Licht: 0,252169,3,1,0,01,08,5,2,0,1,0,0,0,0,0
"POINT (13.788589242000057 51.042336742000032)",Unfall 252170 (2023) Kat:3, Licht: 0,252170,3,2,6,01,07,5,2,0,0,1,1,0,0,0
"POINT (13.746448850000036 51.115450246000080)",Unfall 252171 (2023) Kat:3, Licht: 2,252171,3,3,5,01,19,5,1,2,0,1,0,0,0,0
"POINT (13.831388423000021 50.999612841000044)",Unfall 252172 (2023) Kat:3, Licht: 0,252172,3,2,5,01,11,5,1,0,0,1,0,0,0,0
"POINT (13.771336880000035 51.060329235000040)",Unfall 252181 (2023) Kat:3, Licht: 0,252181,3,3,5,01,12,4,1,0,0,1,0,0,0,0
"POINT (13.812165175000075 51.019955884000069)",Unfall 252182 (2023) Kat:3, Licht: 0,252182,3,1,0,01,09,4,1,0,1,0,0,0,0,0
"POINT (13.719268623000062 51.054172662000042)",Unfall 252183 (2023) Kat:3, Licht: 0,252183,3,4,6,01,15,4,1,0,0,1,1,0,0,0
"POINT (13.697374482000043 51.074036436000029)",Unfall 252185 (2023) Kat:3, Licht: 1,252185,3,1,0,01,07,4,1,1,1,0,0,0,0,0
"POINT (13.746099926000056 51.080617528000062)",Unfall 252193 (2023) Kat:3, Licht: 0,252193,3,5,1,01,13,3,0,0,0,1,0,0,0,0
"POINT (13.714448954000034 51.027518641000029)",Unfall 252201 (2023) Kat:3, Licht: 2,252201,3,3,5,01,18,2,1,2,1,1,0,0,0,0
"POINT (13.785143600000026 51.031354924000027)",Unfall 252202 (2023) Kat:2, Licht: 0,252202,2,7,5,01,11,2,0,0,0,1,0,0,0,1
"POINT (13.834701904000042 51.064177856000072)",Unfall 252212 (2023) Kat:3, Licht: 2,252212,3,7,2,01,21,1,0,2,0,1,0,0,0,1
"POINT (13.819204843000023 51.021638317000054)",Unfall 252218 (2023) Kat:3, Licht: 2,252218,3,6,4,01,18,7,1,2,0,1,0,0,0,1
"POINT (13.737366735000023 51.054160404000072)",Unfall 252220 (2023) Kat:2, Licht: 2,252220,2,4,6,01,21,7,1,2,0,0,1,1,0,0
"POINT (13.699940649000041 51.042555864000065)",Unfall 252222 (2023) Kat:3, Licht: 2,252222,3,5,1,01,18,7,1,2,1,0,0,0,0,1
"POINT (13.708611155000028 51.047023486000057)",Unfall 252233 (2023) Kat:3, Licht: 0,252233,3,3,5,01,07,6,0,0,0,1,0,0,0,1
"POINT (13.757644991000063 51.018936973000052)",Unfall 252234 (2023) Kat:3, Licht: 0,252234,3,1,0,01,16,6,0,0,1,0,0,0,0,0
"POINT (13.701255570000058 51.093055733000028)",Unfall 252248 (2023) Kat:3, Licht: 2,252248,3,3,5,01,07,5,0,2,1,1,0,0,0,0
"POINT (13.692012584000054 51.046253575000037)",Unfall 252249 (2023) Kat:3, Licht: 0,252249,3,1,0,01,13,5,1,0,1,0,0,0,0,0
"POINT (13.765825345000053 51.022277661000032)",Unfall 252250 (2023) Kat:3, Licht: 2,252250,3,2,6,01,06,5,0,2,0,1,1,0,0,0
"POINT (13.778615066000043 51.132432081000047)",Unfall 252251 (2023) Kat:3, Licht: 0,252251,3,7,5,01,10,5,0,0,0,0,0,0,0,1
"POINT (13.748883209000041 51.044549039000060)",Unfall 252252 (2023) Kat:3, Licht: 0,252252,3,3,0,01,15,5,0,0,1,1,0,0,0,0
"POINT (13.770617095000034 51.029987018000043)",Unfall 252253 (2023) Kat:3, Licht: 0,252253,3,3,5,01,14,5,1,0,1,1,0,0,0,0
"POINT (13.828623398000047 51.003208207000057)",Unfall 252254 (2023) Kat:2, Licht: 2,252254,2,1,0,01,05,5,1,2,1,0,0,0,0,0
"POINT (13.799000812000031 51.043649267000035)",Unfall 252260 (2023) Kat:3, Licht: 2,252260,3,3,5,01,16,4,1,2,0,1,0,0,0,0
"POINT (13.761752851000040 51.010885423000047)",Unfall 252261 (2023) Kat:2, Licht: 0,252261,2,7,1,01,15,4,1,0,0,1,0,0,0,0
"POINT (13.808252767000056 51.050912559000039)",Unfall 252262 (2023) Kat:3, Licht: 2,252262,3,2,6,01,17,4,1,2,0,1,1,0,0,0
"POINT (13.797392028000047 51.024229348000063)",Unfall 252263 (2023) Kat:3, Licht: 2,252263,3,2,6,01,17,4,1,2,0,1,1,0,0,0
"POINT (13.761620132000076 51.031705180000074)",Unfall 252264 (2023) Kat:3, Licht: 2,252264,3,3,5,01,16,4,1,2,0,0,0,0,0,1
"POINT (13.796502911000061 51.028109946000029)",Unfall 252265 (2023) Kat:3, Licht: 0,252265,3,2,5,01,14,4,0,0,1,1,0,0,0,0
"POINT (13.748719307000044 51.048252532000049)",Unfall 252266 (2023) Kat:3, Licht: 2,252266,3,3,5,01,17,4,1,2,1,1,0,0,0,0
"POINT (13.774722130000043 51.049772452000070)",Unfall 252267 (2023) Kat:3, Licht: 2,252267,3,3,5,01,05,4,0,2,1,1,0,0,0,0
"POINT (13.677808299000048 51.058321729000056)",Unfall 252268 (2023) Kat:3, Licht: 2,252268,3,4,6,01,07,4,0,2,1,0,1,0,0,0
"POINT (13.786671682000076 51.043340363000027)",Unfall 252270 (2023) Kat:3, Licht: 2,252270,3,1,0,03,19,1,1,2,1,0,0,0,0,0
"POINT (13.714837775000035 51.051573907000034)",Unfall 252275 (2023) Kat:3, Licht: 1,252275,3,2,5,01,16,3,0,1,1,1,0,0,0,0
"POINT (13.779485322000028 51.058909284000038)",Unfall 252276 (2023) Kat:3, Licht: 0,252276,3,1,0,01,08,3,1,0,1,0,0,0,0,0
"POINT (13.788474153000038 51.041401596000071)",Unfall 252277 (2023) Kat:3, Licht: 2,252277,3,2,5,01,17,3,0,2,1,1,0,0,0,0
"POINT (13.717567521000035 51.077995182000052)",Unfall 252279 (2023) Kat:3, Licht: 0,252279,3,3,5,01,08,3,1,0,1,1,0,0,0,0
"POINT (13.766461837000065 51.056449803000078)",Unfall 252292 (2023) Kat:2, Licht: 0,252292,2,3,0,01,07,2,1,0,1,0,0,0,0,1
"POINT (13.808032520000040 51.011407828000074)",Unfall 252293 (2023) Kat:3, Licht: 0,252293,3,6,2,01,15,2,1,0,0,1,0,0,0,0
"POINT (13.806415984000068 51.052134456000033)",Unfall 252296 (2023) Kat:3, Licht: 0,252296,3,6,0,01,13,1,0,0,1,1,0,0,0,0
"POINT (13.808912474000067 51.151082984000027)",Unfall 252297 (2023) Kat:3, Licht: 2,252297,3,3,5,01,07,1,1,2,1,1,0,0,0,0
"POINT (13.712794712000061 51.080710737000061)",Unfall 252301 (2023) Kat:3, Licht: 0,252301,3,4,0,01,11,7,0,0,0,0,1,1,0,0
"POINT (13.675504993000061 51.041943408000066)",Unfall 252302 (2023) Kat:3, Licht: 0,252302,3,3,0,01,14,7,0,0,1,1,0,0,0,0
"POINT (13.686680217000060 51.057373161000044)",Unfall 252303 (2023) Kat:3, Licht: 0,252303,3,6,2,01,12,7,0,0,0,1,0,0,0,0
"POINT (13.724980599000048 51.084598061000065)",Unfall 252318 (2023) Kat:3, Licht: 1,252318,3,7,0,01,19,6,0,1,1,0,0,0,0,0
"POINT (13.808713584000031 51.036738902000081)",Unfall 252319 (2023) Kat:3, Licht: 1,252319,3,4,6,01,16,6,1,1,0,1,1,0,0,0
"POINT (13.733412080000051 51.046446202000027)",Unfall 252321 (2023) Kat:3, Licht: 0,252321,3,2,5,01,15,6,1,0,1,1,0,0,0,0
"POINT (13.806041436000044 51.039398668000047)",Unfall 252322 (2023) Kat:3, Licht: 0,252322,3,3,5,01,13,6,0,0,1,1,0,0,0,0
"POINT (13.761661966000077 51.051967408000053)",Unfall 252323 (2023) Kat:2, Licht: 1,252323,2,3,0,01,16,6,1,1,1,0,0,0,0,1
"POINT (13.809324977000074 51.016235404000042)",Unfall 252324 (2023) Kat:2, Licht: 0,252324,2,2,5,01,08,6,1,0,1,1,0,0,0,0
"POINT (13.743734536000034 51.023565185000052)",Unfall 252333 (2023) Kat:3, Licht: 0,252333,3,1,0,01,09,5,1,0,1,0,0,0,0,0
"POINT (13.731677812000044 51.088786579000043)",Unfall 252334 (2023) Kat:3, Licht: 0,252334,3,4,6,01,15,5,1,0,0,1,1,0,0,0
"POINT (13.808269806000055 51.052685241000063)",Unfall 252335 (2023) Kat:2, Licht: 0,252335,2,7,6,01,14,5,1,0,0,0,1,0,0,1
"POINT (13.787680319000060 51.035955053000066)",Unfall 252336 (2023) Kat:3, Licht: 2,252336,3,3,5,01,06,5,0,2,0,1,0,1,0,0
"POINT (13.710337256000059 51.045033173000036)",Unfall 252348 (2023) Kat:3, Licht: 0,252348,3,5,3,01,09,4,0,0,0,1,0,0,0,1
"POINT (13.774229494000053 51.032808781000028)",Unfall 252349 (2023) Kat:3, Licht: 0,252349,3,3,5,01,08,4,0,0,1,1,0,0,0,0
"POINT (13.818611826000051 51.014407801000061)",Unfall 252365 (2023) Kat:3, Licht: 2,252365,3,6,4,01,07,3,1,2,1,0,0,0,0,0
"POINT (13.730968692000033 51.042280135000055)",Unfall 252366 (2023) Kat:3, Licht: 0,252366,3,1,8,01,08,3,0,0,0,1,0,0,0,0
"POINT (13.731907489000037 51.025208091000081)",Unfall 252367 (2023) Kat:3, Licht: 1,252367,3,2,5,01,16,3,0,1,1,1,0,0,0,0
"POINT (13.737015821000057 51.037722400000064)",Unfall 252377 (2023) Kat:3, Licht: 0,252377,3,3,5,01,15,2,0,0,1,1,0,0,0,0
"POINT (13.723554436000029 51.052812377000066)",Unfall 252381 (2023) Kat:3, Licht: 2,252381,3,1,6,01,05,1,0,2,0,1,1,0,0,0
"POINT (13.816214495000054 51.051793311000040)",Unfall 252382 (2023) Kat:3, Licht: 0,252382,3,1,0,01,14,1,0,0,0,1,0,0,0,0
"POINT (13.808725638000055 51.027862408000033)",Unfall 252397 (2023) Kat:3, Licht: 2,252397,3,7,4,01,07,4,1,2,0,1,0,0,0,1
"POINT (13.770148601000074 51.045189254000036)",Unfall 252461 (2023) Kat:3, Licht: 2,252461,3,3,5,02,05,3,0,2,1,1,0,0,0,0
"POINT (13.694614007000041 51.081922952000070)",Unfall 252523 (2023) Kat:3, Licht: 1,252523,3,4,0,03,17,5,0,1,0,0,1,0,0,1
"POINT (13.732467290000045 51.050978766000071)",Unfall 252669 (2023) Kat:3, Licht: 0,252669,3,2,0,02,10,3,0,0,0,1,0,0,0,1
"POINT (13.683280883000066 51.036411754000028)",Unfall 252696 (2023) Kat:3, Licht: 0,252696,3,6,2,02,08,2,1,0,0,1,0,0,0,0
"POINT (13.713239830000077 51.057020810000040)",Unfall 252722 (2023) Kat:3, Licht: 1,252722,3,1,0,06,20,5,0,1,1,0,0,0,0,0
"POINT (13.688091596000049 51.024326613000028)",Unfall 252723 (2023) Kat:3, Licht: 0,252723,3,6,2,06,16,5,0,0,0,1,0,0,0,0
"POINT (13.788422028000070 50.990298210000049)",Unfall 252724 (2023) Kat:2, Licht: 1,252724,2,4,6,06,20,5,0,1,0,0,1,0,0,1
"POINT (13.737361670000041 51.033142932000032)",Unfall 252725 (2023) Kat:3, Licht: 0,252725,3,2,5,06,07,5,0,0,1,1,0,0,0,0
"POINT (13.691338984000026 51.011738893000029)",Unfall 252726 (2023) Kat:3, Licht: 0,252726,3,4,6,06,08,5,0,0,0,1,1,0,0,0
"POINT (13.797386049000067 51.024223325000037)",Unfall 252727 (2023) Kat:3, Licht: 0,252727,3,2,5,06,08,5,0,0,1,1,0,0,0,0
"POINT (13.762155501000052 51.046689953000055)",Unfall 252728 (2023) Kat:2, Licht: 0,252728,2,3,5,06,17,5,0,0,1,0,0,0,0,1
"POINT (13.800830253000072 51.027811532000044)",Unfall 252729 (2023) Kat:3, Licht: 0,252729,3,7,0,06,06,5,0,0,0,1,0,1,0,0
"POINT (13.733308043000022 51.051073214000041)",Unfall 252730 (2023) Kat:3, Licht: 0,252730,3,7,0,06,07,5,0,0,1,0,0,0,0,0
"POINT (13.740268737000065 51.053735431000064)",Unfall 252731 (2023) Kat:3, Licht: 0,252731,3,6,2,06,07,5,0,0,0,1,0,0,0,1
"POINT (13.708897423000053 51.047231986000043)",Unfall 252732 (2023) Kat:3, Licht: 0,252732,3,2,6,06,21,5,0,0,0,1,1,0,0,0
"POINT (13.732755510000061 51.033579736000036)",Unfall 252751 (2023) Kat:2, Licht: 0,252751,2,1,0,05,16,4,0,0,1,0,0,0,0,0
"POINT (13.764650220000021 51.039642424000078)",Unfall 252752 (2023) Kat:2, Licht: 0,252752,2,6,2,05,12,4,0,0,1,0,0,0,0,0
"POINT (13.808941001000051 51.047339584000042)",Unfall 252753 (2023) Kat:3, Licht: 0,252753,3,3,5,05,16,4,0,0,1,1,0,0,0,0
"POINT (13.777717885000072 51.052900525000041)",Unfall 252754 (2023) Kat:3, Licht: 0,252754,3,1,0,05,13,4,0,0,1,0,0,0,0,0
"POINT (13.791303014000050 51.013341010000033)",Unfall 252755 (2023) Kat:2, Licht: 0,252755,2,2,5,05,11,4,0,0,0,1,0,0,0,0
"POINT (13.744484764000049 51.066299542000081)",Unfall 252756 (2023) Kat:3, Licht: 0,252756,3,2,5,05,14,4,0,0,1,1,0,0,0,0
"POINT (13.798989717000040 51.041854940000064)",Unfall 252757 (2023) Kat:3, Licht: 0,252757,3,3,5,05,16,4,0,0,0,1,0,0,0,0
"POINT (13.710866813000052 51.048682644000053)",Unfall 252768 (2023) Kat:2, Licht: 1,252768,2,2,5,05,07,3,0,1,1,1,0,0,0,0
"POINT (13.672208107000074 51.083988457000032)",Unfall 252769 (2023) Kat:3, Licht: 0,252769,3,3,5,05,07,3,0,0,1,0,0,0,0,1
"POINT (13.779484120000063 51.058909189000076)",Unfall 252770 (2023) Kat:3, Licht: 0,252770,3,1,0,05,15,3,0,0,1,0,0,0,0,0
"POINT (13.805862089000073 51.039475206000077)",Unfall 252771 (2023) Kat:3, Licht: 0,252771,3,2,5,05,14,3,0,0,1,1,0,0,0,0
"POINT (13.802476311000078 51.001261683000052)",Unfall 252772 (2023) Kat:3, Licht: 0,252772,3,6,2,05,07,3,0,0,0,1,0,0,0,0
"POINT (13.782568131000062 51.035362912000039)",Unfall 252773 (2023) Kat:3, Licht: 0,252773,3,1,0,05,09,3,0,0,0,0,0,0,0,1
"POINT (13.737893018000022 51.047325307000051)",Unfall 252774 (2023) Kat:3, Licht: 0,252774,3,4,0,05,14,3,0,0,0,0,1,0,0,1
"POINT (13.677547584000024 51.052412920000052)",Unfall 252791 (2023) Kat:3, Licht: 0,252791,3,7,0,05,18,2,0,0,0,0,0,0,0,1
"POINT (13.710658163000062 51.024090064000063)",Unfall 252793 (2023) Kat:2, Licht: 0,252793,2,1,0,05,09,2,0,0,1,0,0,0,0,0
"POINT (13.809577486000023 51.012399478000077)",Unfall 252798 (2023) Kat:3, Licht: 0,252798,3,1,0,05,18,1,0,0,1,0,0,0,0,0
"POINT (13.843396987000062 51.127581504000034)",Unfall 252799 (2023) Kat:3, Licht: 2,252799,3,7,0,05,22,1,0,2,1,0,0,0,0,0
"POINT (13.758063836000076 51.052321624000058)",Unfall 252800 (2023) Kat:3, Licht: 0,252800,3,7,0,05,17,1,0,0,1,0,0,0,0,0
"POINT (13.749737660000051 51.057121495000047)",Unfall 252801 (2023) Kat:2, Licht: 0,252801,2,7,0,05,12,1,0,0,1,0,0,0,0,0
"POINT (13.706899512000064 51.065963363000037)",Unfall 252802 (2023) Kat:3, Licht: 0,252802,3,1,0,06,18,5,0,0,1,0,0,0,0,0
"POINT (13.689172415000030 51.037612949000049)",Unfall 252809 (2023) Kat:3, Licht: 0,252809,3,6,0,05,08,7,0,0,1,1,0,0,0,0
"POINT (13.754324947000043 51.066236896000078)",Unfall 252810 (2023) Kat:3, Licht: 0,252810,3,5,0,05,19,7,0,0,1,1,0,0,0,0
"POINT (13.796380777000024 51.050085540000055)",Unfall 252811 (2023) Kat:3, Licht: 0,252811,3,3,5,05,17,7,0,0,1,1,0,0,0,0
"POINT (13.738608513000031 51.039526296000076)",Unfall 252812 (2023) Kat:3, Licht: 0,252812,3,6,1,05,17,7,0,0,0,1,0,0,0,0
"POINT (13.720836179000059 51.084448633000079)",Unfall 252830 (2023) Kat:2, Licht: 0,252830,2,6,2,05,13,6,0,0,1,1,0,0,0,0
"POINT (13.810045111000022 51.007793957000047)",Unfall 252831 (2023) Kat:3, Licht: 0,252831,3,3,3,05,14,6,0,0,0,1,0,1,0,0
"POINT (13.765645376000066 51.073322219000033)",Unfall 252832 (2023) Kat:3, Licht: 0,252832,3,3,5,05,14,6,0,0,1,1,0,0,0,0
"POINT (13.812020633000031 51.036976112000048)",Unfall 252833 (2023) Kat:3, Licht: 0,252833,3,3,5,05,07,6,0,0,1,1,0,0,0,0
"POINT (13.746241209000061 51.036724733000028)",Unfall 252834 (2023) Kat:3, Licht: 0,252834,3,3,5,05,12,6,0,0,0,1,0,0,0,1
"POINT (13.806220903000053 51.052136175000044)",Unfall 252835 (2023) Kat:3, Licht: 1,252835,3,1,0,05,05,6,0,1,1,0,0,0,0,0
"POINT (13.810437606000050 51.048148336000054)",Unfall 252836 (2023) Kat:3, Licht: 0,252836,3,3,0,05,20,6,0,0,0,1,0,0,0,1
"POINT (13.800908878000030 51.054552453000042)",Unfall 252855 (2023) Kat:3, Licht: 0,252855,3,5,1,05,10,5,0,0,0,1,0,0,0,0
"POINT (13.755750190000072 51.047323227000049)",Unfall 252856 (2023) Kat:3, Licht: 0,252856,3,2,6,05,15,5,0,0,0,1,1,0,0,0
"POINT (13.831941383000071 51.027272086000039)",Unfall 252870 (2023) Kat:3, Licht: 0,252870,3,3,5,05,16,4,0,0,0,1,0,1,0,0
"POINT (13.806208825000056 51.041580001000057)",Unfall 252882 (2023) Kat:3, Licht: 0,252882,3,2,3,05,13,3,0,0,0,1,0,0,0,0
"POINT (13.738032641000075 51.054368799000031)",Unfall 252897 (2023) Kat:3, Licht: 0,252897,3,2,4,05,07,2,0,0,1,0,0,0,0,0
"POINT (13.740813236000065 51.047224523000068)",Unfall 252898 (2023) Kat:3, Licht: 0,252898,3,3,5,05,12,2,0,0,1,1,0,0,0,0
"POINT (13.713895101000048 51.027623964000043)",Unfall 252899 (2023) Kat:3, Licht: 0,252899,3,6,2,05,16,2,0,0,1,1,0,0,0,0
"POINT (13.786520294000070 51.126809498000057)",Unfall 252907 (2023) Kat:3, Licht: 2,252907,3,7,8,05,22,1,0,2,1,0,0,0,0,0
"POINT (13.808035902000029 51.058678903000043)",Unfall 252908 (2023) Kat:3, Licht: 0,252908,3,6,6,05,16,1,0,0,1,0,1,0,0,0
"POINT (13.740799113000037 51.047232568000027)",Unfall 252909 (2023) Kat:3, Licht: 0,252909,3,3,5,05,12,1,0,0,0,1,0,0,0,1
"POINT (13.856100402000038 51.005267754000045)",Unfall 252910 (2023) Kat:3, Licht: 0,252910,3,3,5,05,14,1,0,0,0,1,0,1,0,0
"POINT (13.693957469000054 51.043886566000026)",Unfall 252916 (2023) Kat:3, Licht: 0,252916,3,1,0,05,10,7,0,0,1,0,0,0,0,0
"POINT (13.803232971000057 51.021734138000056)",Unfall 252917 (2023) Kat:3, Licht: 0,252917,3,3,5,05,16,7,0,0,1,1,0,0,0,0
"POINT (13.793497158000037 51.032438297000056)",Unfall 252918 (2023) Kat:3, Licht: 0,252918,3,1,0,05,18,7,0,0,1,0,0,0,0,0
"POINT (13.727038211000036 51.061450217000072)",Unfall 252925 (2023) Kat:3, Licht: 2,252925,3,1,0,05,23,6,0,2,1,0,0,0,0,0
"POINT (13.746173718000023 51.038560089000043)",Unfall 252926 (2023) Kat:3, Licht: 2,252926,3,1,0,05,00,6,0,2,1,0,0,0,0,0