WKT,Name,OBJECTID,UKATEGORIE,UTYP1,UART,UMONAT,USTUNDE,UWOCHENTAG,STRZUSTAND,ULICHTVERH,ISTRAD,ISTPKW,ISTFUSS,ISTKRAD,ISTGKFZ,ISTSONSTIG
"POINT (13.809052085000076 51.036569285000041)",Unfall 252927 (2023) Kat:2, Licht: 1,252927,2,3,5,05,20,6,0,1,1,1,0,0,0,0
"POINT (13.830977364000034 51.009914074000051)",Unfall 252928 (2023) Kat:3, Licht: 0,252928,3,2,5,05,14,6,0,0,1,1,0,0,0,1
"POINT (13.766825679000021 51.041843875000040)",Unfall 252950 (2023) Kat:2, Licht: 0,252950,2,4,6,05,11,5,0,0,1,0,1,0,0,0
"POINT (13.702310422000039 51.043914898000025)",Unfall 252964 (2023) Kat:3, Licht: 0,252964,3,1,8,05,13,4,0,0,1,0,0,0,0,0
"POINT (13.795526388000042 51.145698299000060)",Unfall 252965 (2023) Kat:3, Licht: 0,252965,3,6,2,05,13,4,0,0,1,1,0,0,0,0
"POINT (13.749881040000048 51.074979113000040)",Unfall 252966 (2023) Kat:3, Licht: 0,252966,3,3,5,05,17,4,0,0,1,1,0,0,0,0
"POINT (13.698581080000054 51.074349542000050)",Unfall 252967 (2023) Kat:3, Licht: 0,252967,3,3,5,05,09,4,0,0,1,1,0,0,0,0
"POINT (13.717676448000077 51.048711931000071)",Unfall 252968 (2023) Kat:2, Licht: 0,252968,2,3,3,05,13,4,0,0,1,1,0,0,0,0
"POINT (13.661504158000071 51.058866554000076)",Unfall 252969 (2023) Kat:2, Licht: 0,252969,2,3,5,05,15,4,0,0,0,1,0,1,0,0
"POINT (13.734424500000046 51.088372260000028)",Unfall 252981 (2023) Kat:2, Licht: 0,252981,2,6,3,05,11,3,0,0,1,1,0,0,0,0
"POINT (13.646024664000038 51.040630479000072)",Unfall 252982 (2023) Kat:3, Licht: 0,252982,3,6,1,05,10,3,0,0,0,1,0,0,0,0
"POINT (13.635470322000060 51.084939567000049)",Unfall 252983 (2023) Kat:3, Licht: 0,252983,3,3,1,05,16,3,0,0,1,1,0,0,0,0
"POINT (13.837321760000066 51.025226217000068)",Unfall 252984 (2023) Kat:3, Licht: 0,252984,3,2,2,05,08,3,0,0,1,1,0,0,0,0
"POINT (13.747875835000059 51.028802744000075)",Unfall 252985 (2023) Kat:3, Licht: 0,252985,3,3,5,05,20,3,0,0,1,1,0,0,0,0
"POINT (13.751280410000049 51.042542956000034)",Unfall 252986 (2023) Kat:3, Licht: 0,252986,3,3,5,05,12,3,0,0,1,0,0,0,0,1
"POINT (13.782365656000025 51.043645456000036)",Unfall 252987 (2023) Kat:2, Licht: 0,252987,2,4,6,05,07,3,0,0,0,0,1,0,0,1
"POINT (13.783878553000022 51.053509348000034)",Unfall 252988 (2023) Kat:3, Licht: 0,252988,3,1,0,05,17,3,0,0,1,0,0,0,0,0
"POINT (13.709129382000071 51.047404262000043)",Unfall 253006 (2023) Kat:3, Licht: 0,253006,3,1,0,05,18,2,1,0,0,0,0,1,0,0
"POINT (13.811786936000033 51.020394170000031)",Unfall 253007 (2023) Kat:3, Licht: 0,253007,3,1,0,05,08,2,1,0,1,0,0,0,0,0
"POINT (13.783029317000057 51.009291899000061)",Unfall 253008 (2023) Kat:3, Licht: 0,253008,3,1,0,05,09,2,0,0,1,0,0,0,0,0
"POINT (13.756171164000023 51.060294806000059)",Unfall 253009 (2023) Kat:3, Licht: 0,253009,3,1,0,05,09,2,0,0,1,0,0,0,0,0
"POINT (13.775864719000026 51.117341176000082)",Unfall 253010 (2023) Kat:3, Licht: 0,253010,3,4,0,05,15,2,0,0,0,0,1,0,0,1
"POINT (13.690815125000029 51.043759673000068)",Unfall 253019 (2023) Kat:2, Licht: 2,253019,2,7,0,05,03,1,0,2,0,0,0,0,0,1
"POINT (13.773085865000041 51.033790652000050)",Unfall 253020 (2023) Kat:3, Licht: 0,253020,3,7,0,05,19,1,0,0,1,0,0,0,0,0
"POINT (13.707363795000049 51.078830936000031)",Unfall 253031 (2023) Kat:3, Licht: 0,253031,3,6,2,05,15,7,1,0,1,1,0,0,0,0
"POINT (13.795456028000046 51.042847271000028)",Unfall 253032 (2023) Kat:3, Licht: 0,253032,3,2,5,05,11,7,0,0,0,1,0,0,0,0
"POINT (13.776773031000062 51.051896001000046)",Unfall 253033 (2023) Kat:3, Licht: 0,253033,3,6,3,05,15,7,0,0,1,0,0,0,0,0
"POINT (13.775593944000036 51.045371381000052)",Unfall 253034 (2023) Kat:3, Licht: 2,253034,3,3,5,05,21,7,0,2,0,1,0,0,0,0
"POINT (13.704468890000044 51.024727431000031)",Unfall 253045 (2023) Kat:3, Licht: 0,253045,3,1,4,05,12,6,0,0,1,1,0,0,0,0
"POINT (13.785901529000057 51.050709771000072)",Unfall 253047 (2023) Kat:3, Licht: 0,253047,3,3,5,05,12,6,0,0,1,1,0,0,0,0
"POINT (13.712592795000035 51.057238227000028)",Unfall 253048 (2023) Kat:3, Licht: 0,253048,3,3,5,05,08,6,0,0,0,1,0,0,0,0
"POINT (13.696868830000028 51.082049344000040)",Unfall 253049 (2023) Kat:3, Licht: 0,253049,3,3,0,05,14,6,0,0,0,1,0,0,0,1
"POINT (13.860811026000022 51.009114416000045)",Unfall 253051 (2023) Kat:3, Licht: 0,253051,3,6,2,05,17,1,0,0,1,0,0,0,0,0
"POINT (13.689305613000045 51.014876900000047)",Unfall 253059 (2023) Kat:3, Licht: 0,253059,3,1,0,05,11,5,0,0,1,0,0,0,0,0
"POINT (13.825163485000076 51.000655687000062)",Unfall 253060 (2023) Kat:3, Licht: 0,253060,3,3,5,05,07,5,0,0,1,1,0,0,0,0
"POINT (13.796045681000066 51.139338245000033)",Unfall 253061 (2023) Kat:3, Licht: 0,253061,3,7,8,05,10,5,0,0,1,0,0,0,0,0
"POINT (13.803461529000060 51.021824184000081)",Unfall 253062 (2023) Kat:3, Licht: 0,253062,3,3,5,05,11,5,0,0,1,1,0,0,0,0
"POINT (13.656896794000033 51.058281125000065)",Unfall 253065 (2023) Kat:2, Licht: 0,253065,2,2,5,05,15,5,0,0,0,1,0,1,0,0
"POINT (13.769773097000041 51.042144556000039)",Unfall 253066 (2023) Kat:3, Licht: 0,253066,3,4,0,05,07,5,0,0,1,0,1,0,0,0
"POINT (13.712341119000030 51.077533771000049)",Unfall 253082 (2023) Kat:3, Licht: 0,253082,3,6,4,05,14,4,0,0,0,1,0,1,0,0
"POINT (13.761050338000075 51.068225569000049)",Unfall 253083 (2023) Kat:3, Licht: 0,253083,3,2,0,05,18,4,0,0,1,1,0,0,0,0
"POINT (13.751903449000054 51.070356668000045)",Unfall 253084 (2023) Kat:3, Licht: 1,253084,3,4,6,05,20,4,0,1,1,0,1,0,0,0
"POINT (13.688695866000046 51.057832273000031)",Unfall 253085 (2023) Kat:3, Licht: 0,253085,3,6,2,05,12,4,0,0,0,1,0,0,1,0
"POINT (13.769020411000042 51.052644554000040)",Unfall 253086 (2023) Kat:3, Licht: 0,253086,3,1,0,05,16,4,0,0,1,0,0,0,0,0
"POINT (13.690508703000035 51.014624968000078)",Unfall 253087 (2023) Kat:3, Licht: 2,253087,3,1,8,05,23,4,0,2,1,0,0,0,0,0
"POINT (13.702265462000071 51.045858024000040)",Unfall 253088 (2023) Kat:3, Licht: 0,253088,3,2,4,05,13,4,0,0,1,1,0,0,0,0
"POINT (13.697204142000032 51.043582197000035)",Unfall 253101 (2023) Kat:3, Licht: 0,253101,3,4,6,05,12,3,0,0,1,0,1,0,0,0
"POINT (13.814296356000057 51.054275328000074)",Unfall 253102 (2023) Kat:2, Licht: 0,253102,2,3,5,05,17,3,0,0,1,1,0,0,0,0
"POINT (13.723726936000048 51.117943861000072)",Unfall 253103 (2023) Kat:3, Licht: 0,253103,3,3,5,05,09,3,0,0,0,1,0,0,0,0
"POINT (13.792564902000038 51.047676020000040)",Unfall 253104 (2023) Kat:3, Licht: 0,253104,3,3,5,05,17,3,0,0,1,1,0,0,0,0
"POINT (13.755917609000051 51.055871033000074)",Unfall 253105 (2023) Kat:3, Licht: 0,253105,3,2,5,05,19,3,0,0,1,1,0,0,0,0
"POINT (13.723641147000023 51.036321558000054)",Unfall 253107 (2023) Kat:3, Licht: 0,253107,3,3,5,05,20,3,0,0,0,1,0,0,0,1
"POINT (13.762088267000024 51.051840163000065)",Unfall 253126 (2023) Kat:3, Licht: 0,253126,3,5,1,05,15,4,0,0,0,1,0,0,0,0
"POINT (13.717720458000031 51.094758237000065)",Unfall 253133 (2023) Kat:3, Licht: 0,253133,3,3,5,05,16,2,0,0,0,1,0,0,0,0
"POINT (13.774663256000053 51.033285248000027)",Unfall 253134 (2023) Kat:3, Licht: 0,253134,3,2,2,05,06,2,0,0,0,1,0,0,0,0
"POINT (13.775899166000045 51.032754303000047)",Unfall 253135 (2023) Kat:3, Licht: 0,253135,3,2,5,05,16,2,0,0,1,1,0,0,0,0
"POINT (13.763757369000075 51.051686624000070)",Unfall 253137 (2023) Kat:3, Licht: 0,253137,3,2,5,05,07,2,0,0,1,1,0,0,0,0
"POINT (13.679694960000063 51.052458857000033)",Unfall 253156 (2023) Kat:3, Licht: 0,253156,3,1,0,05,19,7,0,0,0,0,0,1,0,0
"POINT (13.774377694000066 51.022663949000048)",Unfall 253157 (2023) Kat:3, Licht: 0,253157,3,4,6,05,13,7,0,0,1,0,1,0,0,0
"POINT (13.835155806000046 51.029162820000067)",Unfall 253165 (2023) Kat:3, Licht: 0,253165,3,7,5,05,14,6,0,0,1,1,0,0,0,0
"POINT (13.745405935000065 51.062513721000073)",Unfall 253166 (2023) Kat:3, Licht: 0,253166,3,3,5,05,10,6,0,0,0,1,0,1,0,0
"POINT (13.675733061000074 51.064152119000028)",Unfall 253167 (2023) Kat:3, Licht: 0,253167,3,5,1,05,08,6,0,0,1,1,0,0,0,0
"POINT (13.702447407000022 51.090477853000039)",Unfall 253171 (2023) Kat:3, Licht: 2,253171,3,1,0,05,21,6,0,2,1,0,0,0,0,0
"POINT (13.669824723000033 51.033303408000052)",Unfall 253187 (2023) Kat:3, Licht: 0,253187,3,4,6,05,14,1,0,0,1,0,1,0,0,0
"POINT (13.722816014000045 51.055498795000062)",Unfall 253188 (2023) Kat:3, Licht: 0,253188,3,3,0,05,09,5,0,0,0,0,0,0,1,1
"POINT (13.691882174000057 51.049808139000049)",Unfall 253189 (2023) Kat:3, Licht: 0,253189,3,1,0,05,15,5,0,0,1,0,0,0,0,0
"POINT (13.825893508000036 51.025226259000078)",Unfall 253190 (2023) Kat:3, Licht: 0,253190,3,3,5,05,11,5,0,0,1,0,0,0,0,0
"POINT (13.777421467000067 51.060153240000034)",Unfall 253191 (2023) Kat:3, Licht: 0,253191,3,6,2,05,06,5,0,0,0,1,0,0,0,0
"POINT (13.841865556000073 51.002340552000078)",Unfall 253193 (2023) Kat:3, Licht: 0,253193,3,3,0,05,12,1,0,0,1,0,0,0,0,1
"POINT (13.759842437000032 51.027420004000078)",Unfall 253210 (2023) Kat:3, Licht: 0,253210,3,4,6,05,14,4,0,0,0,1,1,0,0,0
"POINT (13.651643513000067 51.039276603000076)",Unfall 253211 (2023) Kat:2, Licht: 0,253211,2,3,1,05,18,6,0,0,0,1,0,1,0,0
"POINT (13.759040500000026 51.027938229000029)",Unfall 253212 (2023) Kat:3, Licht: 0,253212,3,2,0,05,10,4,0,0,0,0,0,0,0,1
"POINT (13.821669336000070 51.059338601000036)",Unfall 253213 (2023) Kat:2, Licht: 0,253213,2,1,0,05,16,4,1,0,1,0,0,0,0,0
"POINT (13.789442197000028 51.042326334000052)",Unfall 253214 (2023) Kat:3, Licht: 0,253214,3,5,2,05,19,4,0,0,1,1,0,0,0,0
"POINT (13.799289667000039 51.026266818000067)",Unfall 253215 (2023) Kat:3, Licht: 0,253215,3,3,5,05,06,4,0,0,1,1,0,0,0,0
"POINT (13.691624499000056 51.044395730000076)",Unfall 253216 (2023) Kat:3, Licht: 0,253216,3,3,5,05,11,4,0,0,1,1,0,0,0,0
"POINT (13.741749122000044 51.013184096000032)",Unfall 253217 (2023) Kat:3, Licht: 0,253217,3,2,5,05,08,4,0,0,0,1,0,1,0,0
"POINT (13.694580720000033 51.049691934000066)",Unfall 253227 (2023) Kat:3, Licht: 0,253227,3,4,6,05,12,3,0,0,1,0,1,0,0,0
"POINT (13.657751677000022 51.083558630000027)",Unfall 253228 (2023) Kat:3, Licht: 0,253228,3,1,1,05,05,3,0,0,1,1,0,0,0,0
"POINT (13.793294606000075 51.010447514000077)",Unfall 253229 (2023) Kat:3, Licht: 1,253229,3,1,1,05,05,3,0,1,1,1,0,0,0,0
"POINT (13.737535794000053 51.051913302000060)",Unfall 253230 (2023) Kat:3, Licht: 0,253230,3,7,5,05,08,3,0,0,1,0,0,0,1,0
"POINT (13.692652624000061 51.085684831000037)",Unfall 253240 (2023) Kat:3, Licht: 0,253240,3,3,5,05,14,2,0,0,1,1,0,0,0,0
"POINT (13.730020309000054 51.088035958000034)",Unfall 253241 (2023) Kat:3, Licht: 2,253241,3,1,1,05,22,2,1,2,1,1,0,0,0,0
"POINT (13.792394711000043 51.031369665000057)",Unfall 253243 (2023) Kat:3, Licht: 0,253243,3,2,2,05,17,6,0,0,1,1,0,0,0,0
"POINT (13.720073118000073 51.054741594000063)",Unfall 253250 (2023) Kat:3, Licht: 0,253250,3,3,5,04,17,1,0,0,0,1,0,0,0,0
"POINT (13.737342280000064 51.053903060000039)",Unfall 253258 (2023) Kat:3, Licht: 0,253258,3,1,0,04,09,7,0,0,1,0,0,0,0,0
"POINT (13.680797501000029 51.038156445000027)",Unfall 253261 (2023) Kat:3, Licht: 0,253261,3,7,0,05,14,1,0,0,0,0,0,1,0,0
"POINT (13.706027624000058 51.020331784000064)",Unfall 253274 (2023) Kat:3, Licht: 2,253274,3,1,8,04,22,6,0,2,1,0,0,0,0,0
"POINT (13.783611691000033 51.034339963000036)",Unfall 253275 (2023) Kat:3, Licht: 2,253275,3,4,6,04,21,6,0,2,0,1,1,0,0,0
"POINT (13.788574906000065 51.042416207000031)",Unfall 253290 (2023) Kat:3, Licht: 2,253290,3,2,2,04,20,5,0,2,1,1,0,0,0,0
"POINT (13.697810315000027 51.032659377000073)",Unfall 253291 (2023) Kat:3, Licht: 0,253291,3,2,5,04,14,5,0,0,1,1,0,0,0,0
"POINT (13.729455968000025 51.045706779000056)",Unfall 253293 (2023) Kat:3, Licht: 0,253293,3,2,5,04,16,5,0,0,1,1,0,0,0,0
"POINT (13.772706085000038 51.050890239000069)",Unfall 253294 (2023) Kat:3, Licht: 0,253294,3,7,5,04,07,5,0,0,0,0,0,1,0,1
"POINT (13.750180015000069 51.068202186000065)",Unfall 253309 (2023) Kat:3, Licht: 0,253309,3,1,0,04,16,4,0,0,0,0,0,1,0,0
"POINT (13.801770200000021 51.029018780000058)",Unfall 253310 (2023) Kat:3, Licht: 0,253310,3,2,3,04,13,4,0,0,1,1,0,0,0,0
"POINT (13.808355487000028 51.045277041000077)",Unfall 253311 (2023) Kat:3, Licht: 0,253311,3,2,4,04,10,4,0,0,1,1,0,0,0,0
"POINT (13.746530238000048 51.072095768000054)",Unfall 253319 (2023) Kat:3, Licht: 0,253319,3,7,2,04,09,3,0,0,0,1,0,0,0,0
"POINT (13.787512802000037 51.059064215000035)",Unfall 253320 (2023) Kat:3, Licht: 0,253320,3,2,5,04,17,3,0,0,1,1,0,0,0,0
"POINT (13.775159816000041 51.038292335000051)",Unfall 253321 (2023) Kat:2, Licht: 0,253321,2,3,5,04,14,3,0,0,0,1,0,0,0,1
"POINT (13.637474216000044 51.091662472000053)",Unfall 253322 (2023) Kat:2, Licht: 0,253322,2,1,0,04,15,3,0,0,1,0,0,0,0,0
"POINT (13.697131942000055 51.080519201000072)",Unfall 253331 (2023) Kat:3, Licht: 2,253331,3,7,0,05,21,7,0,2,0,0,0,1,0,0
"POINT (13.779004070000042 51.037851147000026)",Unfall 253332 (2023) Kat:3, Licht: 2,253332,3,1,0,04,20,2,0,2,1,0,0,0,0,0
"POINT (13.709960507000062 51.096174920000067)",Unfall 253333 (2023) Kat:3, Licht: 0,253333,3,5,1,04,16,2,0,0,1,1,0,0,0,0
"POINT (13.757842536000055 51.075867677000076)",Unfall 253334 (2023) Kat:3, Licht: 0,253334,3,3,5,04,08,2,0,0,1,1,0,0,0,0
"POINT (13.803713065000068 51.053704330000073)",Unfall 253335 (2023) Kat:3, Licht: 2,253335,3,4,6,04,21,2,0,2,0,0,1,1,0,0
"POINT (13.701932514000077 51.079099653000071)",Unfall 253347 (2023) Kat:3, Licht: 0,253347,3,3,5,04,17,1,0,0,1,1,0,0,0,0
"POINT (13.721029955000063 51.077402048000067)",Unfall 253348 (2023) Kat:3, Licht: 0,253348,3,1,0,04,11,1,0,0,1,0,0,0,0,0
"POINT (13.754724006000060 51.057002526000076)",Unfall 253361 (2023) Kat:3, Licht: 0,253361,3,1,9,04,19,7,0,0,1,0,0,0,0,0
"POINT (13.752468108000073 51.060676317000059)",Unfall 253362 (2023) Kat:2, Licht: 0,253362,2,1,0,04,10,7,0,0,1,0,0,0,0,0
"POINT (13.716230163000034 51.052175081000030)",Unfall 253376 (2023) Kat:3, Licht: 0,253376,3,1,8,04,07,6,0,0,1,0,0,0,0,0
"POINT (13.675554025000054 51.064235056000030)",Unfall 253377 (2023) Kat:3, Licht: 0,253377,3,6,2,04,16,6,0,0,1,1,0,0,0,0
"POINT (13.714968869000074 51.027372912000033)",Unfall 253378 (2023) Kat:3, Licht: 0,253378,3,7,0,04,11,6,0,0,1,0,1,0,0,0
"POINT (13.841773735000061 51.002249215000063)",Unfall 253379 (2023) Kat:3, Licht: 0,253379,3,2,6,04,17,6,0,0,0,1,1,0,0,0
"POINT (13.763840614000060 51.122693476000052)",Unfall 253380 (2023) Kat:3, Licht: 0,253380,3,1,0,04,17,6,0,0,0,0,0,0,0,1
"POINT (13.884432203000074 51.056763596000053)",Unfall 253381 (2023) Kat:3, Licht: 0,253381,3,1,0,04,07,6,0,0,1,0,0,0,0,0
"POINT (13.800119513000027 51.044605044000036)",Unfall 253382 (2023) Kat:2, Licht: 0,253382,2,3,5,04,14,6,0,0,0,1,0,0,0,0
"POINT (13.792543698000031 51.037309214000061)",Unfall 253383 (2023) Kat:3, Licht: 0,253383,3,3,5,04,07,6,0,0,1,1,0,0,0,0
"POINT (13.728814846000034 51.019673222000051)",Unfall 253385 (2023) Kat:3, Licht: 0,253385,3,3,6,04,13,6,0,0,0,1,1,0,0,0
"POINT (13.701069282000049 51.042420966000066)",Unfall 253396 (2023) Kat:3, Licht: 0,253396,3,4,6,04,07,5,0,0,0,1,1,0,0,0
"POINT (13.841908802000034 51.019307480000066)",Unfall 253397 (2023) Kat:3, Licht: 0,253397,3,7,6,04,07,5,0,0,1,0,1,0,0,0
"POINT (13.838466984000036 51.001683893000063)",Unfall 253398 (2023) Kat:3, Licht: 0,253398,3,1,9,04,19,5,0,0,0,1,0,0,0,0
"POINT (13.724306963000060 51.054019275000030)",Unfall 253399 (2023) Kat:3, Licht: 0,253399,3,3,5,04,07,5,1,0,1,1,0,0,0,0
"POINT (13.860023288000036 51.009016743000075)",Unfall 253413 (2023) Kat:2, Licht: 0,253413,2,2,5,05,16,1,0,0,0,1,0,1,0,0
"POINT (13.709933125000077 51.044936816000074)",Unfall 253422 (2023) Kat:3, Licht: 0,253422,3,1,0,04,09,4,0,0,1,0,0,0,0,0
"POINT (13.721376209000027 51.047244338000041)",Unfall 253424 (2023) Kat:3, Licht: 0,253424,3,6,1,04,08,4,0,0,0,1,0,1,0,0
"POINT (13.787884738000059 51.048245748000056)",Unfall 253425 (2023) Kat:3, Licht: 0,253425,3,3,5,04,19,4,0,0,1,0,0,0,0,0
"POINT (13.701420643000063 51.047052623000070)",Unfall 253442 (2023) Kat:3, Licht: 0,253442,3,1,0,04,16,3,1,0,1,0,0,0,0,0
"POINT (13.796411465000062 51.046112240000070)",Unfall 253443 (2023) Kat:3, Licht: 0,253443,3,3,5,04,12,3,1,0,1,1,0,0,0,0
"POINT (13.774663236000038 51.033285225000043)",Unfall 253444 (2023) Kat:3, Licht: 0,253444,3,2,5,04,17,3,0,0,1,1,0,0,0,0
"POINT (13.758899740000061 51.071223017000079)",Unfall 253446 (2023) Kat:3, Licht: 0,253446,3,1,0,04,15,3,1,0,1,0,0,0,0,0
"POINT (13.755189733000066 51.055544683000051)",Unfall 253447 (2023) Kat:3, Licht: 0,253447,3,3,5,04,10,3,0,0,1,1,0,0,0,0
"POINT (13.837439273000030 51.024913979000075)",Unfall 253458 (2023) Kat:2, Licht: 0,253458,2,1,0,04,10,2,1,0,1,0,0,0,0,0
"POINT (13.865215845000023 51.013087105000068)",Unfall 253459 (2023) Kat:3, Licht: 2,253459,3,7,7,04,05,2,1,2,0,0,1,1,0,0
"POINT (13.795457415000044 51.042904722000060)",Unfall 253460 (2023) Kat:3, Licht: 0,253460,3,2,3,04,17,2,0,0,1,1,0,0,0,0
"POINT (13.728804774000025 51.076381888000071)",Unfall 253461 (2023) Kat:3, Licht: 0,253461,3,3,0,04,16,2,0,0,1,1,0,0,0,0
"POINT (13.760407944000065 51.026761575000080)",Unfall 253465 (2023) Kat:2, Licht: 2,253465,2,1,0,04,22,1,1,2,1,0,0,0,0,0
"POINT (13.700401640000052 51.088097824000045)",Unfall 253472 (2023) Kat:3, Licht: 0,253472,3,1,1,04,09,7,1,0,0,1,0,1,0,0
"POINT (13.730439344000047 51.053071563000060)",Unfall 253473 (2023) Kat:3, Licht: 2,253473,3,7,0,04,20,7,0,2,0,1,0,1,0,0
"POINT (13.779745619000039 51.053088163000041)",Unfall 253486 (2023) Kat:3, Licht: 0,253486,3,1,0,04,13,6,1,0,1,0,0,0,0,0
"POINT (13.774722116000078 51.049816565000071)",Unfall 253487 (2023) Kat:3, Licht: 0,253487,3,3,5,04,07,6,1,0,1,1,0,0,0,0
"POINT (13.750533445000030 51.047565457000076)",Unfall 253488 (2023) Kat:1, Licht: 0,253488,1,4,6,04,11,6,1,0,0,0,1,0,0,1
"POINT (13.745420725000031 51.068144973000074)",Unfall 253489 (2023) Kat:3, Licht: 0,253489,3,2,2,04,15,6,1,0,1,1,0,0,0,0
"POINT (13.707406567000021 51.078835334000075)",Unfall 253494 (2023) Kat:3, Licht: 0,253494,3,3,5,04,11,5,0,0,1,0,0,0,0,0
"POINT (13.732404045000067 51.050932771000078)",Unfall 253504 (2023) Kat:2, Licht: 1,253504,2,3,5,04,19,4,0,1,1,1,0,0,0,0
"POINT (13.777751421000062 51.052883340000051)",Unfall 253505 (2023) Kat:3, Licht: 0,253505,3,2,4,04,14,4,0,0,0,1,0,0,0,0
"POINT (13.787915753000050 51.048273453000036)",Unfall 253506 (2023) Kat:3, Licht: 0,253506,3,3,5,04,08,4,0,0,0,1,0,0,0,0
"POINT (13.690535775000058 51.042603486000075)",Unfall 253512 (2023) Kat:3, Licht: 0,253512,3,6,3,04,12,3,0,0,1,1,0,0,0,0
"POINT (13.690738276000047 51.053491104000045)",Unfall 253513 (2023) Kat:3, Licht: 0,253513,3,1,8,04,07,3,1,0,1,0,0,0,0,0
"POINT (13.792356937000022 51.053779846000054)",Unfall 253514 (2023) Kat:3, Licht: 0,253514,3,3,5,04,14,3,0,0,0,1,0,0,0,0
"POINT (13.758414689000062 51.053857870000058)",Unfall 253515 (2023) Kat:3, Licht: 0,253515,3,1,4,04,14,3,1,0,0,1,0,0,0,0
"POINT (13.772730148000051 51.046490861000052)",Unfall 253516 (2023) Kat:3, Licht: 0,253516,3,1,0,04,12,3,1,0,1,0,0,0,0,0
"POINT (13.803251718000070 51.021745278000026)",Unfall 253517 (2023) Kat:3, Licht: 0,253517,3,3,5,04,08,3,1,0,1,1,0,0,0,0
"POINT (13.713687720000053 51.094393192000041)",Unfall 253525 (2023) Kat:3, Licht: 0,253525,3,3,5,04,10,2,0,0,0,1,0,0,0,0
"POINT (13.797647234000067 51.042287516000044)",Unfall 253526 (2023) Kat:3, Licht: 0,253526,3,2,5,04,12,2,0,0,1,1,0,0,0,0
"POINT (13.794094372000075 51.013085097000044)",Unfall 253530 (2023) Kat:3, Licht: 0,253530,3,3,0,04,18,1,0,0,0,1,0,0,0,1
"POINT (13.743540241000062 51.088249769000072)",Unfall 253532 (2023) Kat:3, Licht: 2,253532,3,7,1,04,00,1,0,2,0,1,0,0,1,0
"POINT (13.692037356000071 51.049040697000066)",Unfall 253538 (2023) Kat:3, Licht: 2,253538,3,2,5,04,22,6,0,2,0,1,0,0,0,0
"POINT (13.726630057000023 51.052754021000055)",Unfall 253541 (2023) Kat:3, Licht: 0,253541,3,4,0,04,16,7,0,0,0,0,1,0,0,1
"POINT (13.760320691000061 51.026868718000060)",Unfall 253558 (2023) Kat:3, Licht: 0,253558,3,1,0,04,17,5,0,0,1,0,0,0,0,0
"POINT (13.812685726000041 51.035279024000033)",Unfall 253559 (2023) Kat:3, Licht: 0,253559,3,3,5,04,13,5,0,0,1,1,0,0,0,0
"POINT (13.797419516000048 51.042387645000076)",Unfall 253560 (2023) Kat:3, Licht: 0,253560,3,6,3,04,13,5,0,0,1,1,0,0,0,0
"POINT (13.791329522000069 51.046741785000052)",Unfall 253561 (2023) Kat:3, Licht: 0,253561,3,3,5,04,09,5,0,0,1,0,0,0,0,0
"POINT (13.778474471000038 51.020530006000058)",Unfall 253562 (2023) Kat:2, Licht: 0,253562,2,2,8,04,12,5,0,0,0,1,0,1,0,0
"POINT (13.787857042000041 51.027893691000031)",Unfall 253565 (2023) Kat:3, Licht: 0,253565,3,2,3,06,15,5,0,0,1,0,0,0,0,1
"POINT (13.753650712000024 51.077309185000047)",Unfall 253578 (2023) Kat:3, Licht: 0,253578,3,6,0,04,15,4,0,0,0,0,0,0,0,1
"POINT (13.756591631000049 51.055128925000076)",Unfall 253591 (2023) Kat:3, Licht: 0,253591,3,2,5,04,17,3,0,0,1,1,0,0,0,0
"POINT (13.779799646000072 51.041079324000066)",Unfall 253592 (2023) Kat:3, Licht: 0,253592,3,7,6,04,09,3,0,0,0,0,1,0,0,1
"POINT (13.777113329000031 51.060969655000065)",Unfall 253594 (2023) Kat:2, Licht: 0,253594,2,1,0,04,08,3,0,0,1,0,0,0,0,0
"POINT (13.778801096000052 51.068525636000061)",Unfall 253595 (2023) Kat:3, Licht: 0,253595,3,7,6,04,14,3,0,0,0,1,1,0,0,0
"POINT (13.718238107000047 51.093214711000030)",Unfall 253596 (2023) Kat:3, Licht: 2,253596,3,1,0,04,05,3,0,2,1,0,0,0,0,0
"POINT (13.740423633000034 51.049906043000078)",Unfall 253611 (2023) Kat:3, Licht: 0,253611,3,4,6,04,16,2,0,0,1,0,1,0,0,0
"POINT (13.765504870000029 51.073256749000052)",Unfall 253612 (2023) Kat:3, Licht: 0,253612,3,2,5,04,07,2,0,0,1,0,0,0,0,0
"POINT (13.788826884000059 51.033583417000045)",Unfall 253614 (2023) Kat:3, Licht: 0,253614,3,3,5,04,11,2,0,0,1,0,0,0,0,1
"POINT (13.711368833000051 51.117321664000031)",Unfall 253632 (2023) Kat:3, Licht: 0,253632,3,3,5,04,14,7,1,0,0,1,0,0,0,0
"POINT (13.690832842000077 51.069394815000067)",Unfall 253633 (2023) Kat:2, Licht: 0,253633,2,1,0,04,18,7,0,0,1,0,0,0,0,0
"POINT (13.775837405000061 51.045298620000040)",Unfall 253646 (2023) Kat:3, Licht: 0,253646,3,6,0,03,10,6,1,0,0,1,0,0,0,1