WKT,Name,OBJECTID,UKATEGORIE,UTYP1,UART,UMONAT,USTUNDE,UWOCHENTAG,STRZUSTAND,ULICHTVERH,ISTRAD,ISTPKW,ISTFUSS,ISTKRAD,ISTGKFZ,ISTSONSTIG
"POINT (13.692358730000024 51.049033392000069)",Unfall 254372 (2023) Kat:3, Licht: 0,254372,3,1,0,07,13,5,0,0,0,0,0,1,0,0
"POINT (13.763204663000067 51.027104850000057)",Unfall 254373 (2023) Kat:3, Licht: 0,254373,3,1,0,07,11,5,0,0,0,0,0,1,0,0
"POINT (13.714549497000064 51.027560763000054)",Unfall 254374 (2023) Kat:3, Licht: 0,254374,3,6,2,07,15,5,0,0,1,0,0,0,0,1
"POINT (13.757283994000034 51.049725673000069)",Unfall 254375 (2023) Kat:3, Licht: 0,254375,3,1,0,07,10,5,0,0,1,0,0,0,0,0
"POINT (13.787837983000031 51.048249883000040)",Unfall 254376 (2023) Kat:3, Licht: 0,254376,3,3,5,07,17,5,0,0,1,1,0,0,0,0
"POINT (13.718780350000031 51.087852921000035)",Unfall 254377 (2023) Kat:3, Licht: 0,254377,3,3,5,07,16,5,0,0,1,1,0,0,0,0
"POINT (13.740189292000025 51.053715634000071)",Unfall 254378 (2023) Kat:3, Licht: 0,254378,3,3,5,07,18,5,0,0,1,1,0,0,0,0
"POINT (13.748464381000076 51.053541757000062)",Unfall 254379 (2023) Kat:2, Licht: 0,254379,2,2,5,07,14,5,0,0,1,1,0,0,0,0
"POINT (13.749574797000037 51.033904324000048)",Unfall 254396 (2023) Kat:3, Licht: 0,254396,3,6,0,07,07,4,0,0,1,0,0,0,1,0
"POINT (13.780495154000050 51.116155140000046)",Unfall 254397 (2023) Kat:3, Licht: 0,254397,3,3,5,07,19,4,0,0,1,1,0,0,0,0
"POINT (13.792556198000057 51.055298948000029)",Unfall 254398 (2023) Kat:3, Licht: 0,254398,3,1,0,07,18,4,0,0,1,0,0,0,0,0
"POINT (13.826564426000061 50.998285304000035)",Unfall 254399 (2023) Kat:3, Licht: 0,254399,3,3,5,07,11,4,0,0,1,0,0,0,0,1
"POINT (13.707984142000043 51.042928072000052)",Unfall 254411 (2023) Kat:3, Licht: 0,254411,3,6,2,07,08,3,0,0,1,1,0,0,0,0
"POINT (13.713740722000068 51.052112754000063)",Unfall 254412 (2023) Kat:3, Licht: 0,254412,3,2,2,07,10,3,0,0,0,1,0,0,0,0
"POINT (13.703867115000037 51.044259022000062)",Unfall 254413 (2023) Kat:2, Licht: 0,254413,2,1,0,07,08,3,0,0,1,0,0,0,0,0
"POINT (13.729698229000064 51.075059294000027)",Unfall 254414 (2023) Kat:2, Licht: 0,254414,2,1,0,07,19,3,0,0,1,0,0,0,0,0
"POINT (13.711704029000032 51.082235679000064)",Unfall 254415 (2023) Kat:2, Licht: 0,254415,2,7,2,07,13,2,0,0,0,1,0,0,0,0
"POINT (13.662263042000063 51.092095070000028)",Unfall 254433 (2023) Kat:2, Licht: 0,254433,2,7,0,07,16,2,0,0,1,0,0,0,0,0
"POINT (13.725118493000025 51.028219456000045)",Unfall 254434 (2023) Kat:3, Licht: 0,254434,3,3,0,07,16,2,0,0,1,1,0,0,0,0
"POINT (13.830049052000049 51.010290577000035)",Unfall 254435 (2023) Kat:3, Licht: 0,254435,3,2,5,07,16,2,0,0,1,1,0,0,0,0
"POINT (13.724023569000053 51.031036931000074)",Unfall 254436 (2023) Kat:3, Licht: 0,254436,3,6,2,07,08,2,0,0,1,1,0,0,0,0
"POINT (13.744138043000078 51.077610688000050)",Unfall 254437 (2023) Kat:3, Licht: 0,254437,3,1,1,07,20,2,0,0,1,1,0,0,0,0
"POINT (13.726376366000068 51.027170062000039)",Unfall 254438 (2023) Kat:2, Licht: 0,254438,2,5,1,07,15,2,0,0,0,1,0,0,0,0
"POINT (13.714382843000067 51.056643796000060)",Unfall 254439 (2023) Kat:3, Licht: 0,254439,3,4,6,07,19,2,0,0,0,1,1,0,0,0
"POINT (13.837431372000026 51.024875851000047)",Unfall 254450 (2023) Kat:3, Licht: 0,254450,3,1,0,07,07,1,1,0,1,0,0,0,0,0
"POINT (13.754088957000022 51.066839284000082)",Unfall 254451 (2023) Kat:3, Licht: 0,254451,3,1,0,07,06,1,0,0,1,0,0,0,0,0
"POINT (13.741896662000045 51.121328291000054)",Unfall 254452 (2023) Kat:3, Licht: 2,254452,3,6,4,07,01,1,0,2,1,0,0,0,0,0
"POINT (13.764303833000042 51.067315395000037)",Unfall 254453 (2023) Kat:3, Licht: 0,254453,3,1,8,07,14,1,0,0,0,1,0,0,0,0
"POINT (13.741338013000075 51.053388592000033)",Unfall 254454 (2023) Kat:3, Licht: 0,254454,3,1,0,07,11,1,0,0,1,0,0,0,0,0
"POINT (13.840316890000054 51.095455744000049)",Unfall 254455 (2023) Kat:2, Licht: 0,254455,2,1,8,07,09,1,1,0,1,0,0,0,0,0
"POINT (13.832387582000024 51.057149905000074)",Unfall 254468 (2023) Kat:3, Licht: 0,254468,3,6,4,07,11,7,0,0,0,1,0,0,0,1
"POINT (13.741919502000030 51.048845855000081)",Unfall 254469 (2023) Kat:3, Licht: 2,254469,3,7,0,07,23,7,1,2,0,0,0,0,0,1
"POINT (13.749219862000075 51.062501054000052)",Unfall 254470 (2023) Kat:3, Licht: 0,254470,3,5,0,07,10,7,0,0,1,1,0,0,0,0
"POINT (13.746924095000054 51.063444979000053)",Unfall 254485 (2023) Kat:2, Licht: 0,254485,2,4,6,08,17,4,1,0,0,1,1,0,0,0
"POINT (13.673528459000067 51.064468550000072)",Unfall 254489 (2023) Kat:3, Licht: 0,254489,3,2,6,06,12,6,0,0,1,0,1,0,0,0
"POINT (13.745313585000076 51.027107334000050)",Unfall 254490 (2023) Kat:3, Licht: 0,254490,3,1,0,06,17,6,1,0,1,0,0,0,0,0
"POINT (13.761546981000038 51.054760802000033)",Unfall 254491 (2023) Kat:3, Licht: 0,254491,3,3,6,06,08,6,0,0,0,0,1,0,0,1
"POINT (13.807998875000067 51.051130494000063)",Unfall 254492 (2023) Kat:3, Licht: 1,254492,3,1,0,06,20,6,1,1,1,0,0,0,0,0
"POINT (13.705402596000056 51.034299751000049)",Unfall 254511 (2023) Kat:3, Licht: 0,254511,3,2,5,06,08,5,0,0,1,1,0,0,0,0
"POINT (13.706320707000032 51.018033107000065)",Unfall 254512 (2023) Kat:3, Licht: 0,254512,3,3,5,06,16,5,0,0,0,1,0,0,0,0
"POINT (13.755804856000054 51.056011749000049)",Unfall 254513 (2023) Kat:3, Licht: 0,254513,3,1,0,06,10,5,0,0,1,0,0,0,0,0
"POINT (13.724607200000037 51.057512549000080)",Unfall 254514 (2023) Kat:3, Licht: 0,254514,3,7,0,06,10,5,0,0,1,0,0,0,0,0
"POINT (13.707136444000071 51.029279562000056)",Unfall 254515 (2023) Kat:3, Licht: 0,254515,3,7,2,06,15,5,0,0,1,1,0,0,0,0
"POINT (13.794644229000028 51.049389764000068)",Unfall 254535 (2023) Kat:3, Licht: 0,254535,3,2,3,06,16,4,0,0,1,1,0,0,0,0
"POINT (13.806111967000049 51.025206917000048)",Unfall 254536 (2023) Kat:3, Licht: 0,254536,3,6,3,06,15,4,0,0,1,1,0,0,0,0
"POINT (13.746145745000035 51.038572078000072)",Unfall 254537 (2023) Kat:3, Licht: 0,254537,3,6,2,06,14,4,0,0,0,1,0,0,0,0
"POINT (13.833596608000050 51.127831980000053)",Unfall 254538 (2023) Kat:3, Licht: 1,254538,3,1,8,06,21,4,0,1,0,0,0,1,0,0
"POINT (13.696409949000042 51.052580246000048)",Unfall 254539 (2023) Kat:3, Licht: 0,254539,3,5,1,06,14,4,0,0,1,1,0,0,0,0
"POINT (13.750924528000041 51.066215415000045)",Unfall 254558 (2023) Kat:3, Licht: 0,254558,3,7,0,06,20,5,0,0,1,0,0,0,0,0
"POINT (13.728679295000063 51.019664304000059)",Unfall 254563 (2023) Kat:3, Licht: 0,254563,3,7,1,06,07,3,0,0,0,1,0,0,0,0
"POINT (13.709890621000056 51.028635626000039)",Unfall 254564 (2023) Kat:3, Licht: 0,254564,3,3,5,06,14,3,0,0,1,1,0,0,0,0
"POINT (13.771154188000025 51.029764586000056)",Unfall 254565 (2023) Kat:3, Licht: 2,254565,3,7,1,06,21,3,1,2,0,1,0,0,0,0
"POINT (13.692250131000037 51.048175138000033)",Unfall 254566 (2023) Kat:3, Licht: 0,254566,3,3,5,06,07,3,0,0,0,1,0,0,0,0
"POINT (13.822258221000027 50.997773373000030)",Unfall 254567 (2023) Kat:3, Licht: 0,254567,3,3,5,06,14,3,0,0,1,1,0,0,0,0
"POINT (13.681758647000038 51.061228570000026)",Unfall 254568 (2023) Kat:3, Licht: 0,254568,3,1,0,06,19,3,0,0,1,0,0,0,0,0
"POINT (13.833417424000061 51.014520426000047)",Unfall 254586 (2023) Kat:3, Licht: 1,254586,3,1,0,06,20,2,1,1,1,0,0,0,0,0
"POINT (13.752957661000039 51.024328438000055)",Unfall 254587 (2023) Kat:3, Licht: 0,254587,3,7,5,06,10,2,0,0,0,1,0,0,0,0
"POINT (13.721392213000058 51.088974003000033)",Unfall 254588 (2023) Kat:3, Licht: 0,254588,3,3,5,06,14,2,0,0,1,1,0,0,0,0
"POINT (13.804928881000023 51.032417289000080)",Unfall 254589 (2023) Kat:3, Licht: 0,254589,3,7,0,06,07,2,0,0,1,0,0,0,0,0
"POINT (13.746087158000023 51.049132855000039)",Unfall 254590 (2023) Kat:3, Licht: 0,254590,3,6,3,06,15,2,0,0,1,1,0,0,0,0
"POINT (13.772022231000051 51.047083943000075)",Unfall 254591 (2023) Kat:3, Licht: 0,254591,3,6,2,06,16,2,0,0,0,1,0,0,0,0
"POINT (13.745044389000043 51.037095695000062)",Unfall 254592 (2023) Kat:3, Licht: 0,254592,3,6,3,06,09,2,0,0,0,1,0,0,0,0
"POINT (13.806612273000042 51.026715055000068)",Unfall 254593 (2023) Kat:2, Licht: 0,254593,2,7,6,06,13,2,0,0,1,0,1,0,0,0
"POINT (13.825267481000026 51.003336339000043)",Unfall 254607 (2023) Kat:3, Licht: 0,254607,3,1,0,06,13,1,0,0,1,0,0,0,0,0
"POINT (13.730015578000064 51.076552070000048)",Unfall 254608 (2023) Kat:3, Licht: 0,254608,3,1,0,06,15,1,0,0,1,0,0,0,0,0
"POINT (13.721969443000035 51.086681144000067)",Unfall 254637 (2023) Kat:3, Licht: 0,254637,3,1,0,06,06,6,1,0,1,0,0,0,0,0
"POINT (13.708647705000033 51.047050108000064)",Unfall 254638 (2023) Kat:3, Licht: 0,254638,3,3,5,06,08,6,0,0,0,1,0,0,0,0
"POINT (13.783106118000035 51.070789758000046)",Unfall 254639 (2023) Kat:3, Licht: 0,254639,3,1,0,06,13,6,0,0,1,0,0,0,0,0
"POINT (13.696889176000070 51.044416017000060)",Unfall 254640 (2023) Kat:2, Licht: 0,254640,2,3,5,06,15,6,0,0,1,1,0,0,0,0
"POINT (13.790930852000031 51.021386184000050)",Unfall 254656 (2023) Kat:3, Licht: 0,254656,3,1,0,07,12,5,1,0,0,0,0,0,0,1
"POINT (13.727146620000042 51.076892174000079)",Unfall 254660 (2023) Kat:3, Licht: 0,254660,3,6,5,06,07,5,0,0,1,1,0,0,0,0
"POINT (13.786672775000056 51.043340332000071)",Unfall 254661 (2023) Kat:3, Licht: 0,254661,3,1,0,06,18,5,0,0,1,0,0,0,0,0
"POINT (13.777421467000067 51.060153240000034)",Unfall 254662 (2023) Kat:3, Licht: 0,254662,3,6,2,06,15,5,0,0,0,1,0,0,0,0
"POINT (13.701933902000064 51.079089651000061)",Unfall 254668 (2023) Kat:3, Licht: 0,254668,3,3,5,07,19,4,0,0,1,1,0,0,0,0
"POINT (13.761097224000025 51.068185006000078)",Unfall 254679 (2023) Kat:3, Licht: 0,254679,3,3,0,06,14,4,0,0,1,1,0,0,0,0
"POINT (13.749119668000048 51.052549556000031)",Unfall 254680 (2023) Kat:3, Licht: 0,254680,3,3,5,06,09,4,0,0,1,1,0,0,0,0
"POINT (13.795425914000077 51.042875509000055)",Unfall 254681 (2023) Kat:2, Licht: 0,254681,2,2,4,07,11,1,0,0,1,0,0,0,0,1
"POINT (13.723210834000042 51.049900885000056)",Unfall 254682 (2023) Kat:3, Licht: 0,254682,3,2,5,06,18,4,0,0,0,1,0,0,0,1
"POINT (13.783499097000060 51.034986511000056)",Unfall 254684 (2023) Kat:3, Licht: 0,254684,3,4,6,06,12,4,0,0,0,1,1,0,0,0
"POINT (13.791868516000022 51.006777880000072)",Unfall 254704 (2023) Kat:3, Licht: 0,254704,3,7,6,06,15,3,0,0,0,0,1,0,0,1
"POINT (13.748086408000063 51.057445818000076)",Unfall 254705 (2023) Kat:3, Licht: 0,254705,3,1,0,06,19,3,0,0,1,0,0,0,0,0
"POINT (13.748935080000024 51.069727909000051)",Unfall 254706 (2023) Kat:3, Licht: 0,254706,3,5,1,06,08,3,0,0,1,1,0,0,0,0
"POINT (13.764110960000039 51.053134008000029)",Unfall 254707 (2023) Kat:2, Licht: 0,254707,2,4,6,06,13,3,0,0,0,1,1,0,0,0
"POINT (13.741879725000047 51.032243137000080)",Unfall 254726 (2023) Kat:3, Licht: 0,254726,3,3,5,06,16,2,0,0,0,1,0,0,0,0
"POINT (13.829606660000024 51.008478980000064)",Unfall 254727 (2023) Kat:3, Licht: 0,254727,3,1,0,06,08,2,0,0,1,0,0,0,0,0
"POINT (13.755294161000052 51.065986306000070)",Unfall 254728 (2023) Kat:3, Licht: 0,254728,3,5,0,06,19,2,0,0,1,1,0,0,0,0
"POINT (13.777714598000045 51.055280027000038)",Unfall 254729 (2023) Kat:3, Licht: 0,254729,3,6,3,06,08,2,0,0,0,1,0,0,0,0
"POINT (13.766298271000039 51.041566912000064)",Unfall 254743 (2023) Kat:1, Licht: 0,254743,1,4,6,06,17,1,0,0,0,0,1,0,0,1
"POINT (13.814929120000045 51.043669481000052)",Unfall 254753 (2023) Kat:3, Licht: 0,254753,3,1,0,06,14,7,1,0,1,0,0,0,0,0
"POINT (13.733416320000060 51.055491234000044)",Unfall 254754 (2023) Kat:2, Licht: 0,254754,2,4,6,06,09,7,0,0,0,1,1,0,0,0
"POINT (13.758050842000046 51.052286753000033)",Unfall 254755 (2023) Kat:3, Licht: 0,254755,3,3,5,06,10,3,0,0,1,1,0,0,0,0
"POINT (13.772699199000044 51.046503592000079)",Unfall 254756 (2023) Kat:3, Licht: 1,254756,3,1,0,06,05,7,0,1,1,0,0,0,0,0
"POINT (13.734141767000040 51.036457742000039)",Unfall 254757 (2023) Kat:3, Licht: 0,254757,3,3,5,06,15,7,0,0,1,1,0,0,0,0
"POINT (13.729452693000042 51.045709794000061)",Unfall 254758 (2023) Kat:3, Licht: 0,254758,3,2,5,06,10,7,0,0,1,1,0,0,0,0
"POINT (13.829111435000073 51.001038515000062)",Unfall 254770 (2023) Kat:2, Licht: 0,254770,2,1,0,07,12,3,0,0,1,0,0,0,0,0
"POINT (13.813962472000071 51.047127139000054)",Unfall 254773 (2023) Kat:3, Licht: 0,254773,3,7,7,06,07,6,0,0,1,0,0,0,0,0
"POINT (13.770929608000074 51.039973662000079)",Unfall 254774 (2023) Kat:3, Licht: 0,254774,3,6,2,06,16,6,1,0,0,1,0,0,0,0
"POINT (13.727426165000054 51.052460354000061)",Unfall 254775 (2023) Kat:3, Licht: 0,254775,3,1,0,06,11,6,0,0,0,0,0,1,0,0
"POINT (13.790549724000073 51.053796640000030)",Unfall 254776 (2023) Kat:3, Licht: 0,254776,3,1,0,06,16,6,1,0,1,0,0,0,0,0
"POINT (13.765106360000061 51.066526527000065)",Unfall 254777 (2023) Kat:3, Licht: 0,254777,3,2,5,07,10,3,0,0,0,1,0,1,0,0
"POINT (13.736149061000049 51.049813540000059)",Unfall 254778 (2023) Kat:3, Licht: 0,254778,3,3,5,06,06,6,0,0,1,1,0,0,0,0
"POINT (13.720998272000031 51.054444994000050)",Unfall 254779 (2023) Kat:2, Licht: 0,254779,2,6,2,06,09,6,0,0,0,1,0,0,0,1
"POINT (13.750835705000043 51.042076964000046)",Unfall 254780 (2023) Kat:3, Licht: 0,254780,3,4,6,06,17,6,1,0,0,1,1,0,0,0
"POINT (13.751304346000040 51.022977431000072)",Unfall 254806 (2023) Kat:3, Licht: 0,254806,3,1,0,06,15,5,1,0,1,0,0,0,0,0
"POINT (13.722437926000055 51.035258068000076)",Unfall 254807 (2023) Kat:3, Licht: 0,254807,3,3,5,06,11,5,0,0,0,1,0,0,0,0
"POINT (13.739031735000026 51.050281457000040)",Unfall 254808 (2023) Kat:3, Licht: 0,254808,3,2,5,06,14,5,0,0,1,1,0,0,0,0
"POINT (13.737044125000068 51.063011591000077)",Unfall 254825 (2023) Kat:2, Licht: 0,254825,2,2,5,07,17,3,0,0,1,0,0,0,0,1
"POINT (13.729489272000023 51.076352294000060)",Unfall 254828 (2023) Kat:3, Licht: 0,254828,3,3,5,06,15,4,0,0,1,1,0,0,0,0
"POINT (13.793785646000060 51.006900671000039)",Unfall 254829 (2023) Kat:3, Licht: 0,254829,3,3,5,06,18,4,0,0,1,1,0,0,0,0
"POINT (13.782834180000066 51.122334552000041)",Unfall 254830 (2023) Kat:3, Licht: 0,254830,3,3,5,06,08,4,0,0,1,1,0,0,0,0
"POINT (13.755946183000049 51.055882690000033)",Unfall 254832 (2023) Kat:2, Licht: 0,254832,2,2,5,06,18,4,0,0,1,1,0,0,0,0
"POINT (13.748101905000055 51.036120834000030)",Unfall 254833 (2023) Kat:3, Licht: 0,254833,3,1,0,06,06,4,0,0,0,0,0,1,0,0
"POINT (13.775802242000054 51.050802555000075)",Unfall 254841 (2023) Kat:3, Licht: 0,254841,3,2,4,06,07,2,0,0,1,1,0,0,0,0
"POINT (13.659393136000062 51.044771626000056)",Unfall 254854 (2023) Kat:3, Licht: 0,254854,3,6,3,06,19,3,0,0,1,1,0,0,0,0
"POINT (13.688150226000062 51.056365354000036)",Unfall 254855 (2023) Kat:3, Licht: 0,254855,3,1,0,06,13,3,0,0,1,0,0,0,0,0
"POINT (13.736936284000024 51.049046704000034)",Unfall 254856 (2023) Kat:3, Licht: 2,254856,3,1,0,06,00,3,0,2,1,0,0,0,0,0
"POINT (13.729324253000073 51.045873580000034)",Unfall 254857 (2023) Kat:3, Licht: 0,254857,3,2,2,06,18,3,0,0,0,1,0,0,0,0
"POINT (13.779296836000071 51.060864663000075)",Unfall 254858 (2023) Kat:2, Licht: 0,254858,2,3,5,06,19,3,0,0,1,1,0,0,0,0
"POINT (13.724242061000041 51.030727642000045)",Unfall 254859 (2023) Kat:2, Licht: 0,254859,2,3,5,06,08,3,0,0,1,1,0,0,0,0
"POINT (13.789502110000058 51.006317368000055)",Unfall 254860 (2023) Kat:2, Licht: 0,254860,2,7,6,06,14,3,1,0,1,0,1,0,0,0
"POINT (13.847611939000046 51.007845312000029)",Unfall 254862 (2023) Kat:3, Licht: 2,254862,3,1,0,07,22,7,0,2,1,0,0,0,0,0
"POINT (13.834522012000036 51.122100915000033)",Unfall 254879 (2023) Kat:2, Licht: 0,254879,2,3,5,08,08,2,1,0,1,1,0,0,0,0
"POINT (13.796721918000060 50.988758859000029)",Unfall 254880 (2023) Kat:2, Licht: 0,254880,2,1,0,06,16,2,0,0,1,0,0,0,0,0
"POINT (13.762294275000045 51.024448692000078)",Unfall 254881 (2023) Kat:3, Licht: 0,254881,3,1,0,06,06,2,0,0,1,0,0,0,0,0
"POINT (13.752252114000044 51.058879527000045)",Unfall 254882 (2023) Kat:3, Licht: 0,254882,3,3,4,06,08,2,0,0,1,0,0,0,0,0
"POINT (13.747273747000065 51.071975321000082)",Unfall 254883 (2023) Kat:3, Licht: 0,254883,3,4,6,06,11,2,0,0,0,1,1,0,0,0
"POINT (13.772276231000035 51.050885860000051)",Unfall 254884 (2023) Kat:3, Licht: 0,254884,3,3,0,06,17,2,0,0,1,1,0,0,0,0
"POINT (13.751348581000059 51.042426455000054)",Unfall 254885 (2023) Kat:3, Licht: 2,254885,3,1,0,06,22,2,0,2,1,0,0,0,0,0
"POINT (13.771992744000045 51.057598053000049)",Unfall 254886 (2023) Kat:3, Licht: 0,254886,3,5,3,06,16,2,0,0,1,1,0,0,0,0
"POINT (13.765553129000068 51.048361433000082)",Unfall 254887 (2023) Kat:3, Licht: 0,254887,3,3,5,06,12,2,0,0,1,1,0,0,0,0
"POINT (13.748838197000055 51.081118614000047)",Unfall 254888 (2023) Kat:3, Licht: 0,254888,3,5,1,06,06,2,0,0,0,1,0,1,0,0
"POINT (13.811172637000027 51.013314575000038)",Unfall 254889 (2023) Kat:2, Licht: 0,254889,2,1,8,06,14,2,0,0,0,1,0,0,0,0
"POINT (13.675766329000055 51.049088327000050)",Unfall 254901 (2023) Kat:3, Licht: 0,254901,3,7,6,06,18,1,0,0,0,1,1,0,0,0
"POINT (13.781544631000031 51.053263131000051)",Unfall 254903 (2023) Kat:3, Licht: 0,254903,3,3,5,06,09,1,0,0,0,1,0,0,0,0
"POINT (13.814355253000031 51.014829740000039)",Unfall 254920 (2023) Kat:3, Licht: 0,254920,3,1,0,07,07,1,1,0,0,0,0,0,0,1
"POINT (13.746546275000071 51.038417372000026)",Unfall 254923 (2023) Kat:3, Licht: 0,254923,3,2,5,06,15,7,0,0,0,1,0,0,0,0
"POINT (13.731262838000077 51.053415652000069)",Unfall 254924 (2023) Kat:3, Licht: 0,254924,3,1,0,06,19,7,0,0,1,0,0,0,0,0
"POINT (13.740649813000061 51.048591708000060)",Unfall 254926 (2023) Kat:3, Licht: 0,254926,3,1,0,06,16,7,0,0,1,0,0,0,0,0
"POINT (13.732158443000060 51.118236844000080)",Unfall 254927 (2023) Kat:3, Licht: 0,254927,3,3,5,06,13,7,0,0,1,1,0,0,0,0
"POINT (13.766813234000040 51.074695690000055)",Unfall 254929 (2023) Kat:3, Licht: 2,254929,3,6,6,06,22,7,0,2,1,0,1,0,0,0
"POINT (13.712339622000059 51.079315231000066)",Unfall 254930 (2023) Kat:3, Licht: 0,254930,3,3,5,06,18,7,0,0,0,1,0,0,0,1
"POINT (13.711351989000036 51.090221442000029)",Unfall 254944 (2023) Kat:2, Licht: 0,254944,2,5,1,06,17,6,0,0,1,1,0,0,0,0
"POINT (13.686876487000063 51.083797785000058)",Unfall 254945 (2023) Kat:3, Licht: 0,254945,3,6,1,06,14,6,0,0,0,1,0,0,0,0
"POINT (13.739786291000030 51.032654933000060)",Unfall 254946 (2023) Kat:3, Licht: 0,254946,3,7,1,06,11,6,0,0,0,1,0,0,0,0
"POINT (13.772788929000058 51.127800257000047)",Unfall 254947 (2023) Kat:3, Licht: 0,254947,3,3,5,06,14,6,0,0,1,1,0,0,0,0
"POINT (13.808355347000031 51.045276822000062)",Unfall 254948 (2023) Kat:3, Licht: 0,254948,3,3,0,06,16,6,0,0,1,0,0,0,0,1
"POINT (13.777641608000067 51.052793396000027)",Unfall 254953 (2023) Kat:3, Licht: 0,254953,3,7,3,06,07,4,0,0,1,1,0,0,0,0
"POINT (13.757980948000068 51.032891221000057)",Unfall 254967 (2023) Kat:3, Licht: 0,254967,3,3,5,06,15,5,0,0,0,1,0,0,0,0
"POINT (13.761138008000046 51.031046854000067)",Unfall 254968 (2023) Kat:3, Licht: 0,254968,3,4,6,06,08,5,1,0,0,0,1,0,0,1
"POINT (13.754790670000034 51.067829621000044)",Unfall 254969 (2023) Kat:3, Licht: 0,254969,3,1,0,06,07,5,1,0,1,0,0,0,0,0
"POINT (13.698133868000070 51.064315654000040)",Unfall 254985 (2023) Kat:2, Licht: 0,254985,2,6,0,06,09,4,0,0,1,0,0,0,0,0
"POINT (13.678144689000021 51.042222007000078)",Unfall 254986 (2023) Kat:3, Licht: 0,254986,3,3,5,06,15,4,0,0,0,1,0,0,0,0
"POINT (13.778939282000067 51.031583753000064)",Unfall 254987 (2023) Kat:3, Licht: 0,254987,3,3,5,06,14,4,0,0,1,1,0,0,0,0
"POINT (13.788994723000030 51.050981284000045)",Unfall 255000 (2023) Kat:3, Licht: 0,255000,3,3,5,07,19,5,1,0,1,0,0,0,0,0
"POINT (13.801109038000050 51.033842935000052)",Unfall 255001 (2023) Kat:2, Licht: 0,255001,2,6,0,07,13,6,0,0,0,1,0,0,0,1
"POINT (13.727062839000041 51.076688279000052)",Unfall 255006 (2023) Kat:3, Licht: 0,255006,3,7,0,06,09,3,1,0,0,0,0,1,1,0
"POINT (13.722711807000053 51.014033977000054)",Unfall 255007 (2023) Kat:3, Licht: 0,255007,3,6,1,06,09,3,1,0,0,1,0,0,0,0
"POINT (13.793958141000076 51.028624996000076)",Unfall 255008 (2023) Kat:3, Licht: 1,255008,3,6,0,06,19,3,1,1,1,0,0,0,1,0
"POINT (13.739252437000061 51.060106857000051)",Unfall 255009 (2023) Kat:3, Licht: 0,255009,3,1,0,06,09,3,1,0,1,0,0,0,0,0
"POINT (13.773802590000059 51.068029678000073)",Unfall 255010 (2023) Kat:3, Licht: 0,255010,3,4,6,06,08,3,1,0,0,1,1,0,0,0
"POINT (13.756515252000042 51.055311382000070)",Unfall 255011 (2023) Kat:3, Licht: 0,255011,3,6,3,06,18,3,0,0,1,0,0,0,0,0
"POINT (13.795081582000023 51.028393560000040)",Unfall 255012 (2023) Kat:3, Licht: 0,255012,3,7,0,06,12,3,1,0,1,0,0,0,0,0
"POINT (13.778595508000024 51.042637307000064)",Unfall 255031 (2023) Kat:3, Licht: 0,255031,3,3,5,07,16,3,0,0,1,1,0,0,0,0
"POINT (13.705525667000074 51.078534022000042)",Unfall 255035 (2023) Kat:3, Licht: 0,255035,3,7,0,06,12,2,0,0,1,0,0,0,0,0
"POINT (13.760674803000029 51.049196879000078)",Unfall 255036 (2023) Kat:3, Licht: 0,255036,3,2,5,06,15,2,0,0,1,1,0,0,0,0
"POINT (13.723436937000031 51.056546645000026)",Unfall 255037 (2023) Kat:3, Licht: 0,255037,3,2,3,08,08,3,0,0,1,0,0,0,0,1
"POINT (13.798441116000049 51.043870850000076)",Unfall 255038 (2023) Kat:3, Licht: 0,255038,3,5,1,06,08,2,0,0,1,1,0,0,0,0
"POINT (13.734290299000065 51.048286968000070)",Unfall 255039 (2023) Kat:3, Licht: 0,255039,3,1,0,06,17,2,0,0,1,0,0,0,0,0
"POINT (13.751645770000039 51.042892194000046)",Unfall 255040 (2023) Kat:2, Licht: 0,255040,2,2,3,06,07,2,0,0,1,1,0,0,0,0
"POINT (13.735172731000034 51.050547768000058)",Unfall 255041 (2023) Kat:3, Licht: 0,255041,3,5,3,06,14,2,0,0,1,1,0,0,0,0
"POINT (13.603579254000067 51.037806598000031)",Unfall 255044 (2023) Kat:2, Licht: 0,255044,2,1,0,07,16,5,0,0,1,0,0,0,0,0
"POINT (13.745446448000052 51.048965053000074)",Unfall 255050 (2023) Kat:2, Licht: 0,255050,2,3,0,07,15,6,0,0,1,0,0,1,0,0
"POINT (13.767419309000047 51.051292821000061)",Unfall 255062 (2023) Kat:3, Licht: 0,255062,3,7,3,08,13,3,0,0,0,1,0,0,0,0
"POINT (13.759009937000030 51.053719501000046)",Unfall 255064 (2023) Kat:3, Licht: 2,255064,3,1,0,06,21,3,1,2,1,0,0,0,0,0
"POINT (13.729534418000071 51.043074850000039)",Unfall 255071 (2023) Kat:3, Licht: 0,255071,3,7,2,08,17,5,0,0,0,1,0,0,0,0
"POINT (13.728079563000051 51.085041790000048)",Unfall 255078 (2023) Kat:2, Licht: 0,255078,2,7,0,06,17,7,0,0,1,0,0,0,0,0
"POINT (13.700901505000047 51.036516226000060)",Unfall 255079 (2023) Kat:3, Licht: 0,255079,3,3,5,06,18,7,0,0,0,1,0,0,0,0