WKT,Name,OBJECTID,UKATEGORIE,UTYP1,UART,UMONAT,USTUNDE,UWOCHENTAG,STRZUSTAND,ULICHTVERH,ISTRAD,ISTPKW,ISTFUSS,ISTKRAD,ISTGKFZ,ISTSONSTIG
"POINT (13.839761937000048 51.025808757000050)",Unfall 255080 (2023) Kat:2, Licht: 0,255080,2,7,7,06,16,7,0,0,1,0,0,0,0,0
"POINT (13.836264933000052 51.000045580000062)",Unfall 255081 (2023) Kat:3, Licht: 0,255081,3,3,0,06,18,7,0,0,0,1,0,1,0,0
"POINT (13.738565904000041 51.048422194000068)",Unfall 255082 (2023) Kat:3, Licht: 2,255082,3,7,0,06,00,7,0,2,1,0,0,0,0,0
"POINT (13.783591984000054 51.036470526000073)",Unfall 255083 (2023) Kat:3, Licht: 0,255083,3,7,0,06,17,7,0,0,1,0,0,0,0,0
"POINT (13.602083486000026 51.091827690000059)",Unfall 255084 (2023) Kat:3, Licht: 0,255084,3,1,0,06,16,7,0,0,1,0,0,0,0,0
"POINT (13.683639848000041 51.057135829000060)",Unfall 255085 (2023) Kat:3, Licht: 0,255085,3,3,5,06,11,7,0,0,1,1,0,0,0,0
"POINT (13.721612154000070 51.077396299000043)",Unfall 255087 (2023) Kat:3, Licht: 0,255087,3,1,0,06,15,7,0,0,1,0,0,0,0,0
"POINT (13.770589698000038 51.120639077000078)",Unfall 255104 (2023) Kat:3, Licht: 0,255104,3,7,0,07,15,2,0,0,1,0,0,0,0,0
"POINT (13.703864213000031 51.044260793000035)",Unfall 255107 (2023) Kat:3, Licht: 0,255107,3,1,0,06,12,6,0,0,1,0,0,0,0,0
"POINT (13.765435199000024 51.065604948000043)",Unfall 255109 (2023) Kat:3, Licht: 0,255109,3,4,6,06,06,6,0,0,0,1,1,0,0,0
"POINT (13.720081207000021 51.033171991000074)",Unfall 255110 (2023) Kat:3, Licht: 0,255110,3,1,1,06,11,3,1,0,0,1,0,1,0,0
"POINT (13.751379238000027 51.067016173000070)",Unfall 255111 (2023) Kat:3, Licht: 0,255111,3,7,6,06,11,6,0,0,0,0,1,0,0,1
"POINT (13.775649465000072 51.069785702000047)",Unfall 255113 (2023) Kat:3, Licht: 1,255113,3,2,5,06,21,6,0,1,1,1,0,0,0,0
"POINT (13.761066150000033 51.030962657000032)",Unfall 255114 (2023) Kat:3, Licht: 0,255114,3,7,6,06,14,6,0,0,1,0,1,0,0,0
"POINT (13.669169440000076 51.040882015000079)",Unfall 255115 (2023) Kat:2, Licht: 0,255115,2,7,0,06,09,6,0,0,0,0,0,0,0,1
"POINT (13.924989615000072 51.041514429000074)",Unfall 255122 (2023) Kat:2, Licht: 0,255122,2,7,0,10,11,3,0,0,1,0,0,0,0,0
"POINT (13.780098986000041 51.019678605000081)",Unfall 255123 (2023) Kat:3, Licht: 2,255123,3,4,6,10,19,3,1,2,0,1,1,0,0,0
"POINT (13.840893856000037 51.038188144000060)",Unfall 255124 (2023) Kat:2, Licht: 0,255124,2,7,0,10,16,3,0,0,1,0,0,0,0,0
"POINT (13.792923894000069 51.043097894000027)",Unfall 255125 (2023) Kat:3, Licht: 2,255125,3,7,0,10,01,3,0,2,0,0,0,0,0,1
"POINT (13.732678566000061 51.034091143000069)",Unfall 255139 (2023) Kat:3, Licht: 0,255139,3,5,1,10,16,2,0,0,0,1,0,0,0,0
"POINT (13.741408093000075 51.071711577000031)",Unfall 255140 (2023) Kat:3, Licht: 0,255140,3,2,6,10,07,2,0,0,0,1,1,0,0,0
"POINT (13.766458071000045 51.124823063000065)",Unfall 255141 (2023) Kat:3, Licht: 0,255141,3,7,6,10,12,2,0,0,0,1,1,0,0,0
"POINT (13.768790084000045 51.162588136000068)",Unfall 255142 (2023) Kat:3, Licht: 0,255142,3,1,0,10,13,2,0,0,1,0,0,0,0,0
"POINT (13.761699109000062 51.031707386000051)",Unfall 255143 (2023) Kat:3, Licht: 0,255143,3,3,5,10,11,2,0,0,1,1,0,0,0,0
"POINT (13.826130224000053 51.011981815000070)",Unfall 255144 (2023) Kat:2, Licht: 0,255144,2,7,0,10,11,2,0,0,0,0,0,0,0,1
"POINT (13.837221539000041 51.006547587000057)",Unfall 255154 (2023) Kat:3, Licht: 0,255154,3,3,5,09,10,7,0,0,1,1,0,0,0,0
"POINT (13.848142509000070 51.007899999000074)",Unfall 255155 (2023) Kat:3, Licht: 0,255155,3,1,0,09,13,7,0,0,1,0,0,0,0,0
"POINT (13.756624976000069 51.055075921000082)",Unfall 255156 (2023) Kat:2, Licht: 2,255156,2,1,8,09,03,7,0,2,1,0,0,0,0,0
"POINT (13.725009250000028 51.076990339000076)",Unfall 255157 (2023) Kat:3, Licht: 0,255157,3,3,5,09,15,7,0,0,0,1,0,1,0,0
"POINT (13.745788637000032 51.062259936000032)",Unfall 255165 (2023) Kat:3, Licht: 2,255165,3,3,0,09,19,7,0,2,1,0,0,0,0,1
"POINT (13.748578039000051 51.071699573000046)",Unfall 255172 (2023) Kat:3, Licht: 0,255172,3,3,5,09,16,6,0,0,1,0,0,0,0,0
"POINT (13.767341441000042 51.036062585000082)",Unfall 255173 (2023) Kat:3, Licht: 0,255173,3,7,2,09,08,6,0,0,1,0,0,0,0,0
"POINT (13.812826484000027 51.059952322000072)",Unfall 255175 (2023) Kat:2, Licht: 0,255175,2,7,0,09,14,6,0,0,1,0,0,0,0,0
"POINT (13.692232617000059 51.063160916000072)",Unfall 255190 (2023) Kat:3, Licht: 0,255190,3,6,4,09,18,5,0,0,1,0,0,0,0,0
"POINT (13.710080465000033 51.078964470000074)",Unfall 255191 (2023) Kat:3, Licht: 0,255191,3,5,1,09,15,5,0,0,0,1,0,1,0,0
"POINT (13.670026826000026 51.059604003000061)",Unfall 255192 (2023) Kat:3, Licht: 0,255192,3,1,8,09,07,5,0,0,1,0,0,0,0,0
"POINT (13.768906938000043 51.025539437000077)",Unfall 255193 (2023) Kat:3, Licht: 2,255193,3,3,5,09,19,5,0,2,1,1,0,0,0,0
"POINT (13.724250105000067 51.030730423000080)",Unfall 255194 (2023) Kat:3, Licht: 0,255194,3,3,5,09,13,5,0,0,0,1,0,0,0,1
"POINT (13.755027236000046 51.055472882000061)",Unfall 255195 (2023) Kat:3, Licht: 0,255195,3,2,3,09,09,5,0,0,1,1,0,0,0,0
"POINT (13.690425829000048 51.054336240000055)",Unfall 255207 (2023) Kat:3, Licht: 0,255207,3,2,5,09,13,4,0,0,1,1,0,0,0,0
"POINT (13.829746459000035 51.000635804000069)",Unfall 255208 (2023) Kat:3, Licht: 2,255208,3,2,0,09,21,4,0,2,0,1,0,1,0,0
"POINT (13.783193696000069 51.009361629000068)",Unfall 255209 (2023) Kat:3, Licht: 0,255209,3,6,6,09,07,4,0,0,0,1,1,0,0,0
"POINT (13.770941087000040 51.047215971000071)",Unfall 255210 (2023) Kat:3, Licht: 0,255210,3,6,2,09,14,4,0,0,0,1,0,0,0,0
"POINT (13.691326203000074 51.052146205000042)",Unfall 255211 (2023) Kat:3, Licht: 0,255211,3,3,5,09,14,4,0,0,0,1,0,0,0,0
"POINT (13.691904440000030 51.049810536000052)",Unfall 255212 (2023) Kat:3, Licht: 0,255212,3,2,5,09,11,4,0,0,1,1,0,0,0,0
"POINT (13.737000446000025 51.087501679000070)",Unfall 255213 (2023) Kat:3, Licht: 0,255213,3,6,3,09,15,4,0,0,1,1,0,0,0,0
"POINT (13.695299182000042 51.077905527000041)",Unfall 255231 (2023) Kat:3, Licht: 0,255231,3,3,5,09,18,3,0,0,0,1,0,0,0,0
"POINT (13.787856945000044 51.027893589000030)",Unfall 255232 (2023) Kat:3, Licht: 0,255232,3,2,3,09,16,3,0,0,1,1,0,0,0,0
"POINT (13.788955053000052 51.012143476000062)",Unfall 255233 (2023) Kat:3, Licht: 0,255233,3,2,5,09,07,3,0,0,1,1,0,0,0,0
"POINT (13.854633147000072 51.032400120000034)",Unfall 255234 (2023) Kat:3, Licht: 0,255234,3,1,0,09,13,3,1,0,1,0,0,0,0,0
"POINT (13.851600825000048 50.997946944000034)",Unfall 255251 (2023) Kat:3, Licht: 0,255251,3,7,4,09,16,2,0,0,1,1,0,0,0,0
"POINT (13.756675067000060 51.069573218000073)",Unfall 255252 (2023) Kat:3, Licht: 0,255252,3,4,6,09,15,2,0,0,0,1,1,0,0,0
"POINT (13.778976978000060 51.044519565000030)",Unfall 255253 (2023) Kat:3, Licht: 0,255253,3,4,6,09,14,2,0,0,1,0,1,0,0,0
"POINT (13.803227487000072 51.021690979000027)",Unfall 255254 (2023) Kat:3, Licht: 0,255254,3,2,5,09,07,2,0,0,1,1,0,0,0,0
"POINT (13.775205416000063 51.038383736000071)",Unfall 255265 (2023) Kat:3, Licht: 0,255265,3,3,5,09,17,1,0,0,0,1,0,1,0,0
"POINT (13.731146619000071 51.019719770000052)",Unfall 255266 (2023) Kat:2, Licht: 0,255266,2,7,8,09,18,1,0,0,0,0,0,1,0,0
"POINT (13.744966285000032 51.067301984000039)",Unfall 255274 (2023) Kat:3, Licht: 1,255274,3,1,0,09,06,7,0,1,1,0,0,0,0,0
"POINT (13.792726698000024 51.059384619000070)",Unfall 255275 (2023) Kat:3, Licht: 0,255275,3,6,2,09,14,7,0,0,0,1,0,0,0,0
"POINT (13.747969064000074 51.048282123000035)",Unfall 255277 (2023) Kat:2, Licht: 2,255277,2,4,6,10,21,3,1,2,0,0,1,0,0,1
"POINT (13.700942836000024 51.043518891000076)",Unfall 255292 (2023) Kat:3, Licht: 0,255292,3,6,2,09,12,6,1,0,0,1,0,0,0,0
"POINT (13.828019752000046 51.063347597000075)",Unfall 255293 (2023) Kat:3, Licht: 0,255293,3,6,4,09,08,6,1,0,1,1,0,0,0,0
"POINT (13.737383104000060 51.062698814000044)",Unfall 255294 (2023) Kat:3, Licht: 0,255294,3,1,2,09,14,6,1,0,0,1,0,1,0,0
"POINT (13.776866118000044 51.047966516000031)",Unfall 255295 (2023) Kat:3, Licht: 0,255295,3,3,5,09,08,6,1,0,0,1,0,0,0,0
"POINT (13.813802545000044 51.015048088000071)",Unfall 255296 (2023) Kat:3, Licht: 0,255296,3,3,5,09,14,6,0,0,1,0,0,0,0,0
"POINT (13.698490926000034 51.074274149000075)",Unfall 255309 (2023) Kat:3, Licht: 0,255309,3,2,3,09,16,5,0,0,1,1,0,0,0,0
"POINT (13.749781087000031 51.061764567000068)",Unfall 255310 (2023) Kat:3, Licht: 0,255310,3,3,5,09,14,5,0,0,1,0,0,0,1,0
"POINT (13.737974595000026 51.034300463000079)",Unfall 255311 (2023) Kat:2, Licht: 0,255311,2,5,1,09,08,5,0,0,1,1,0,0,0,0
"POINT (13.727952711000057 51.076525429000071)",Unfall 255312 (2023) Kat:3, Licht: 0,255312,3,1,0,09,12,5,0,0,1,0,0,0,0,0
"POINT (13.839272104000031 51.021993935000069)",Unfall 255326 (2023) Kat:3, Licht: 0,255326,3,3,5,09,09,4,0,0,1,1,0,0,0,0
"POINT (13.753821989000073 51.066367110000044)",Unfall 255327 (2023) Kat:3, Licht: 2,255327,3,1,0,09,20,4,0,2,1,0,0,0,0,0
"POINT (13.770781221000050 51.039814854000042)",Unfall 255328 (2023) Kat:3, Licht: 0,255328,3,3,5,09,10,4,0,0,0,1,0,0,0,0
"POINT (13.808685869000044 51.037995855000077)",Unfall 255329 (2023) Kat:3, Licht: 0,255329,3,2,5,09,11,4,0,0,1,1,0,0,0,0
"POINT (13.742851063000046 51.028310919000035)",Unfall 255345 (2023) Kat:3, Licht: 0,255345,3,3,5,09,08,3,0,0,1,1,0,0,0,0
"POINT (13.788283113000034 51.035977373000037)",Unfall 255346 (2023) Kat:3, Licht: 0,255346,3,3,5,09,10,3,0,0,1,1,0,0,0,0
"POINT (13.805845148000060 51.040861389000042)",Unfall 255347 (2023) Kat:3, Licht: 0,255347,3,2,2,09,13,3,0,0,0,1,0,0,0,0
"POINT (13.774466836000045 51.033082992000061)",Unfall 255348 (2023) Kat:3, Licht: 1,255348,3,2,5,09,05,3,0,1,1,1,0,0,0,0
"POINT (13.713632929000028 51.050647523000066)",Unfall 255349 (2023) Kat:3, Licht: 2,255349,3,3,0,09,19,3,0,2,1,0,0,0,0,1
"POINT (13.722666423000021 51.055578357000059)",Unfall 255350 (2023) Kat:3, Licht: 0,255350,3,4,6,09,09,3,0,0,0,0,1,0,0,1
"POINT (13.722535628000060 51.035274370000081)",Unfall 255351 (2023) Kat:2, Licht: 0,255351,2,3,5,09,07,3,0,0,0,1,0,1,0,0
"POINT (13.708944880000047 51.047266875000048)",Unfall 255366 (2023) Kat:3, Licht: 0,255366,3,3,5,09,14,2,0,0,0,1,0,0,0,0
"POINT (13.697591855000042 51.087629913000058)",Unfall 255367 (2023) Kat:3, Licht: 0,255367,3,6,2,09,17,2,0,0,0,1,0,0,0,0
"POINT (13.803690488000029 51.008702840000069)",Unfall 255368 (2023) Kat:3, Licht: 0,255368,3,1,0,09,12,2,0,0,1,0,0,0,0,0
"POINT (13.822046995000051 50.997412978000057)",Unfall 255369 (2023) Kat:3, Licht: 0,255369,3,2,2,09,14,2,0,0,0,1,0,1,0,0
"POINT (13.784266391000074 51.069449809000048)",Unfall 255370 (2023) Kat:2, Licht: 0,255370,2,1,0,09,15,2,0,0,0,1,0,0,0,0
"POINT (13.773651266000059 51.118291391000071)",Unfall 255371 (2023) Kat:2, Licht: 0,255371,2,2,5,09,09,2,0,0,1,1,0,0,0,0
"POINT (13.695744590000061 51.087410383000076)",Unfall 255372 (2023) Kat:2, Licht: 0,255372,2,3,5,09,12,2,0,0,1,1,0,0,0,0
"POINT (13.650817044000064 51.039366042000040)",Unfall 255373 (2023) Kat:3, Licht: 0,255373,3,3,5,09,09,2,0,0,1,1,0,0,0,0
"POINT (13.780440396000074 51.030967367000073)",Unfall 255374 (2023) Kat:3, Licht: 2,255374,3,3,5,09,21,2,1,2,0,1,0,0,0,0
"POINT (13.807176436000077 51.036009577000073)",Unfall 255375 (2023) Kat:3, Licht: 0,255375,3,4,6,09,17,2,0,0,0,1,1,0,0,0
"POINT (13.787656341000059 51.035955458000046)",Unfall 255386 (2023) Kat:3, Licht: 0,255386,3,3,2,09,17,1,0,0,0,1,0,1,0,0
"POINT (13.834729122000056 51.027700770000081)",Unfall 255402 (2023) Kat:3, Licht: 0,255402,3,3,0,09,13,7,0,0,0,1,0,0,0,1
"POINT (13.728789258000063 51.019671539000058)",Unfall 255424 (2023) Kat:3, Licht: 0,255424,3,2,6,09,09,6,0,0,0,1,1,0,0,0
"POINT (13.749230848000025 51.057652452000070)",Unfall 255443 (2023) Kat:3, Licht: 0,255443,3,1,0,09,13,5,0,0,1,0,0,0,0,0
"POINT (13.780796312000064 51.058713316000080)",Unfall 255444 (2023) Kat:3, Licht: 0,255444,3,7,0,09,07,5,1,0,0,0,0,0,0,1
"POINT (13.795324378000032 51.041849053000078)",Unfall 255445 (2023) Kat:3, Licht: 0,255445,3,5,1,09,11,5,0,0,0,1,0,0,0,0
"POINT (13.782041104000029 51.030359870000041)",Unfall 255446 (2023) Kat:3, Licht: 0,255446,3,2,5,09,14,5,0,0,1,1,0,0,0,0
"POINT (13.760837983000044 51.081998509000073)",Unfall 255447 (2023) Kat:2, Licht: 2,255447,2,1,0,09,22,5,0,2,1,0,0,0,0,0
"POINT (13.797333696000067 51.012619797000070)",Unfall 255464 (2023) Kat:2, Licht: 2,255464,2,4,6,09,22,4,1,2,0,1,1,0,0,0
"POINT (13.758177389000025 51.054094682000027)",Unfall 255465 (2023) Kat:3, Licht: 0,255465,3,7,0,09,08,4,0,0,1,0,0,0,0,0
"POINT (13.740928550000035 51.047277857000040)",Unfall 255466 (2023) Kat:3, Licht: 0,255466,3,6,2,09,09,4,0,0,0,1,0,0,0,0
"POINT (13.715040159000068 51.047809911000058)",Unfall 255467 (2023) Kat:3, Licht: 0,255467,3,1,0,09,07,4,1,0,1,0,0,0,0,0
"POINT (13.780965936000030 51.031514993000030)",Unfall 255468 (2023) Kat:3, Licht: 0,255468,3,6,2,09,14,4,0,0,0,1,0,0,0,1
"POINT (13.741151945000070 51.019315841000036)",Unfall 255469 (2023) Kat:2, Licht: 2,255469,2,4,6,09,22,4,1,2,0,1,1,0,0,0
"POINT (13.831333726000025 51.030839422000042)",Unfall 255488 (2023) Kat:3, Licht: 0,255488,3,7,0,10,11,2,0,0,1,0,0,0,0,0
"POINT (13.705869482000026 51.027497188000041)",Unfall 255489 (2023) Kat:3, Licht: 2,255489,3,5,1,09,04,3,0,2,0,1,0,0,0,0
"POINT (13.751755676000073 51.059473704000027)",Unfall 255490 (2023) Kat:3, Licht: 0,255490,3,7,6,09,09,3,0,0,1,0,1,0,0,0
"POINT (13.757266481000045 51.049728743000060)",Unfall 255491 (2023) Kat:3, Licht: 0,255491,3,1,0,09,17,3,0,0,1,0,0,0,0,0
"POINT (13.683542968000040 51.070266474000050)",Unfall 255492 (2023) Kat:3, Licht: 0,255492,3,7,1,09,15,3,0,0,0,1,0,0,0,1
"POINT (13.720497211000065 51.054822887000057)",Unfall 255493 (2023) Kat:3, Licht: 0,255493,3,2,2,09,12,3,0,0,0,1,0,0,0,0
"POINT (13.707202091000056 51.082175391000078)",Unfall 255508 (2023) Kat:3, Licht: 0,255508,3,5,0,09,13,2,0,0,0,1,0,0,0,1
"POINT (13.708402755000066 51.040908279000064)",Unfall 255509 (2023) Kat:3, Licht: 0,255509,3,6,4,09,17,2,0,0,1,0,0,0,0,0
"POINT (13.760674894000033 51.049197137000078)",Unfall 255510 (2023) Kat:3, Licht: 0,255510,3,2,5,09,07,2,0,0,1,1,0,0,0,0
"POINT (13.746474584000055 51.038444516000027)",Unfall 255511 (2023) Kat:3, Licht: 0,255511,3,3,5,09,07,2,0,0,1,1,0,0,0,0
"POINT (13.785993631000053 51.058716641000046)",Unfall 255512 (2023) Kat:3, Licht: 0,255512,3,3,5,09,13,2,0,0,0,1,0,0,0,0
"POINT (13.725534216000028 51.019446350000067)",Unfall 255513 (2023) Kat:3, Licht: 0,255513,3,6,1,09,14,2,0,0,0,1,0,0,0,0
"POINT (13.838088281000068 51.000832654000078)",Unfall 255514 (2023) Kat:2, Licht: 0,255514,2,4,6,09,12,2,0,0,0,1,1,0,0,0
"POINT (13.822765363000030 51.004842353000072)",Unfall 255528 (2023) Kat:3, Licht: 0,255528,3,3,5,09,12,1,0,0,0,1,0,0,0,0
"POINT (13.755421466000030 51.062577413000042)",Unfall 255529 (2023) Kat:3, Licht: 2,255529,3,7,0,09,00,1,0,2,1,1,0,0,0,0
"POINT (13.696143894000045 51.077262763000078)",Unfall 255530 (2023) Kat:3, Licht: 0,255530,3,7,3,09,12,1,0,0,0,1,0,0,0,0
"POINT (13.827498678000040 51.011440113000049)",Unfall 255564 (2023) Kat:3, Licht: 0,255564,3,4,6,09,15,6,0,0,1,0,1,0,0,0
"POINT (13.848880813000051 51.003764308000029)",Unfall 255565 (2023) Kat:3, Licht: 0,255565,3,6,0,09,10,6,0,0,1,0,0,0,0,0
"POINT (13.757935200000077 51.032867557000031)",Unfall 255566 (2023) Kat:3, Licht: 0,255566,3,3,5,09,15,6,0,0,1,1,0,0,0,0
"POINT (13.781449953000049 51.052507655000056)",Unfall 255567 (2023) Kat:2, Licht: 0,255567,2,6,3,09,06,6,0,0,1,0,0,1,0,0
"POINT (13.682469305000041 51.060083974000065)",Unfall 255568 (2023) Kat:3, Licht: 0,255568,3,4,6,09,15,6,0,0,0,1,1,0,0,0
"POINT (13.774456180000072 51.033251071000052)",Unfall 255586 (2023) Kat:3, Licht: 0,255586,3,2,3,09,14,5,0,0,1,0,0,0,0,0
"POINT (13.775080180000032 51.069911166000054)",Unfall 255587 (2023) Kat:3, Licht: 0,255587,3,1,0,09,15,5,0,0,1,0,0,0,0,0
"POINT (13.832915511000067 51.050883121000027)",Unfall 255588 (2023) Kat:3, Licht: 2,255588,3,7,0,09,22,5,0,2,1,0,0,0,0,0
"POINT (13.817132813000057 51.034463626000047)",Unfall 255589 (2023) Kat:3, Licht: 0,255589,3,7,1,09,17,5,0,0,1,1,0,0,0,0
"POINT (13.726587206000033 51.056934336000040)",Unfall 255590 (2023) Kat:3, Licht: 0,255590,3,1,0,09,14,5,0,0,1,0,0,0,0,0
"POINT (13.681005831000050 51.042317402000037)",Unfall 255591 (2023) Kat:3, Licht: 0,255591,3,2,5,09,08,5,0,0,1,1,0,0,0,0
"POINT (13.724170437000055 51.057163719000073)",Unfall 255605 (2023) Kat:3, Licht: 1,255605,3,2,5,09,19,4,0,1,1,1,0,0,0,0
"POINT (13.798626575000071 51.012445763000073)",Unfall 255606 (2023) Kat:3, Licht: 0,255606,3,2,5,09,17,4,0,0,1,1,0,0,0,0
"POINT (13.790951648000032 51.029644744000052)",Unfall 255607 (2023) Kat:3, Licht: 2,255607,3,7,0,09,20,4,0,2,0,0,0,1,0,0
"POINT (13.765947500000038 51.041706105000060)",Unfall 255608 (2023) Kat:3, Licht: 0,255608,3,6,3,09,06,4,0,0,0,1,0,0,0,0
"POINT (13.766195713000059 51.015717035000080)",Unfall 255609 (2023) Kat:2, Licht: 0,255609,2,1,0,09,16,4,0,0,1,0,0,0,0,0
"POINT (13.746243417000073 51.069214816000056)",Unfall 255610 (2023) Kat:3, Licht: 0,255610,3,5,1,09,17,3,0,0,1,1,0,0,0,0
"POINT (13.757963916000051 51.052259510000056)",Unfall 255611 (2023) Kat:3, Licht: 0,255611,3,3,5,09,06,4,0,0,1,1,0,0,0,0
"POINT (13.789557005000063 51.065743596000061)",Unfall 255612 (2023) Kat:2, Licht: 2,255612,2,1,0,09,01,4,0,2,1,0,0,0,0,0
"POINT (13.808332097000061 51.010925956000051)",Unfall 255636 (2023) Kat:3, Licht: 0,255636,3,6,2,09,07,3,0,0,0,1,0,0,0,1
"POINT (13.771432171000072 51.030074284000079)",Unfall 255637 (2023) Kat:3, Licht: 0,255637,3,6,2,09,14,3,0,0,0,1,0,0,0,0
"POINT (13.788655468000059 51.043276980000030)",Unfall 255638 (2023) Kat:3, Licht: 0,255638,3,2,5,09,10,3,0,0,1,1,0,0,0,0
"POINT (13.746079620000046 51.059649819000072)",Unfall 255639 (2023) Kat:2, Licht: 0,255639,2,2,5,09,10,3,0,0,0,1,0,0,0,1
"POINT (13.782741141000031 51.043551754000077)",Unfall 255670 (2023) Kat:3, Licht: 0,255670,3,6,2,09,16,2,0,0,0,1,0,1,0,0
"POINT (13.707582688000059 51.078341986000055)",Unfall 255671 (2023) Kat:3, Licht: 0,255671,3,6,4,09,08,2,0,0,1,1,0,0,0,0
"POINT (13.784538582000039 51.069441898000036)",Unfall 255692 (2023) Kat:3, Licht: 2,255692,3,1,0,09,00,7,1,2,1,0,0,0,0,0
"POINT (13.797720971000047 51.051999116000047)",Unfall 255693 (2023) Kat:3, Licht: 2,255693,3,1,0,09,02,7,1,2,1,0,0,0,0,0
"POINT (13.721404757000073 51.049527257000079)",Unfall 255694 (2023) Kat:3, Licht: 2,255694,3,7,0,09,21,7,0,2,0,0,0,0,0,1
"POINT (13.714396266000051 51.056639224000037)",Unfall 255695 (2023) Kat:2, Licht: 0,255695,2,4,6,09,11,7,0,0,0,1,1,0,0,0
"POINT (13.712181790000045 51.057373706000078)",Unfall 255696 (2023) Kat:3, Licht: 2,255696,3,6,2,09,22,7,0,2,0,1,0,0,0,0
"POINT (13.803365980000024 51.040762633000043)",Unfall 255708 (2023) Kat:3, Licht: 1,255708,3,5,1,09,18,6,1,1,1,1,0,0,0,0
"POINT (13.702128883000057 51.077934106000043)",Unfall 255710 (2023) Kat:3, Licht: 2,255710,3,2,5,09,20,6,1,2,0,1,0,0,0,1
"POINT (13.737948593000056 51.090024746000040)",Unfall 255711 (2023) Kat:3, Licht: 0,255711,3,1,0,09,18,6,1,0,0,0,0,1,0,0
"POINT (13.783068393000065 51.043425505000073)",Unfall 255712 (2023) Kat:2, Licht: 0,255712,2,4,6,09,07,6,0,0,0,1,1,0,0,0
"POINT (13.702043769000056 51.078306535000081)",Unfall 255715 (2023) Kat:3, Licht: 0,255715,3,7,0,09,11,5,0,0,0,0,0,1,0,0
"POINT (13.777499762000048 51.056042423000065)",Unfall 255720 (2023) Kat:3, Licht: 0,255720,3,3,5,09,06,5,0,0,1,1,0,0,0,0
"POINT (13.740665697000054 51.070629027000052)",Unfall 255723 (2023) Kat:3, Licht: 0,255723,3,5,1,08,16,5,0,0,0,1,0,0,0,0
"POINT (13.752997601000061 51.058572022000078)",Unfall 255724 (2023) Kat:3, Licht: 0,255724,3,6,2,08,14,5,0,0,0,1,0,0,0,0
"POINT (13.798472409000055 51.023706668000045)",Unfall 255725 (2023) Kat:3, Licht: 0,255725,3,6,2,08,17,5,1,0,0,1,0,0,0,1
"POINT (13.690378427000041 51.053768961000060)",Unfall 255739 (2023) Kat:3, Licht: 0,255739,3,3,5,08,16,4,0,0,0,1,0,0,0,0
"POINT (13.728654514000027 51.076407202000041)",Unfall 255740 (2023) Kat:3, Licht: 0,255740,3,7,0,08,16,4,0,0,1,0,0,0,0,0
"POINT (13.746245239000075 51.058464768000078)",Unfall 255741 (2023) Kat:3, Licht: 0,255741,3,6,2,08,08,4,0,0,0,1,0,0,0,0
"POINT (13.712423435000062 51.033986539000068)",Unfall 255742 (2023) Kat:3, Licht: 0,255742,3,3,5,08,10,4,0,0,1,1,0,0,0,0
"POINT (13.772741889000031 51.033926204000068)",Unfall 255744 (2023) Kat:3, Licht: 0,255744,3,1,0,08,09,4,0,0,1,0,0,0,0,0
"POINT (13.804803090000064 51.039852977000066)",Unfall 255766 (2023) Kat:2, Licht: 0,255766,2,4,6,08,12,3,1,0,0,1,1,0,0,0
"POINT (13.830265355000051 51.010205537000047)",Unfall 255767 (2023) Kat:3, Licht: 0,255767,3,3,5,08,11,3,1,0,0,1,0,0,0,1
"POINT (13.712423694000051 51.033986783000046)",Unfall 255768 (2023) Kat:3, Licht: 0,255768,3,3,5,09,10,4,0,0,1,1,0,0,0,0
"POINT (13.677988103000075 51.057797021000056)",Unfall 255775 (2023) Kat:3, Licht: 0,255775,3,7,6,08,07,2,0,0,0,1,1,0,0,0
"POINT (13.752669794000042 51.058739801000058)",Unfall 255776 (2023) Kat:3, Licht: 0,255776,3,6,2,08,14,2,1,0,0,1,0,0,0,0
"POINT (13.761742178000077 51.031758656000079)",Unfall 255777 (2023) Kat:2, Licht: 0,255777,2,1,0,08,13,2,1,0,0,0,0,1,0,0
"POINT (13.737179684000068 51.053854401000081)",Unfall 255778 (2023) Kat:3, Licht: 1,255778,3,1,0,08,21,2,1,1,1,0,0,0,0,0
"POINT (13.803317767000067 51.053918944000031)",Unfall 255779 (2023) Kat:3, Licht: 0,255779,3,3,5,08,15,2,1,0,0,1,0,0,0,0
"POINT (13.758262881000064 51.053895202000035)",Unfall 255780 (2023) Kat:3, Licht: 0,255780,3,1,4,08,16,2,1,0,0,1,0,0,0,1
"POINT (13.815922890000024 51.012309056000049)",Unfall 255781 (2023) Kat:3, Licht: 0,255781,3,3,5,08,08,2,0,0,1,1,0,0,0,0
"POINT (13.760342024000067 51.026842521000049)",Unfall 255794 (2023) Kat:3, Licht: 0,255794,3,1,0,08,16,1,1,0,1,0,0,0,0,0
"POINT (13.746571332000030 51.068165478000026)",Unfall 255795 (2023) Kat:3, Licht: 2,255795,3,5,1,08,00,1,1,2,1,1,0,0,0,0
"POINT (13.793299564000051 51.005521687000055)",Unfall 255796 (2023) Kat:2, Licht: 0,255796,2,3,5,08,13,1,0,0,1,1,0,0,0,0