WKT,Name,OBJECTID,UKATEGORIE,UTYP1,UART,UMONAT,USTUNDE,UWOCHENTAG,STRZUSTAND,ULICHTVERH,ISTRAD,ISTPKW,ISTFUSS,ISTKRAD,ISTGKFZ,ISTSONSTIG
"POINT (13.746153297000035 51.059797674000038)",Unfall 255808 (2023) Kat:3, Licht: 2,255808,3,4,6,08,23,7,1,2,0,1,1,0,0,0
"POINT (13.811806400000023 51.020235218000039)",Unfall 255809 (2023) Kat:2, Licht: 0,255809,2,1,0,08,17,7,0,0,1,0,0,0,0,0
"POINT (13.690613162000034 51.053812407000066)",Unfall 255810 (2023) Kat:3, Licht: 0,255810,3,1,0,08,13,7,0,0,1,0,0,0,0,0
"POINT (13.781668704000026 51.052678685000046)",Unfall 255811 (2023) Kat:3, Licht: 0,255811,3,2,4,08,10,7,0,0,1,0,0,0,0,0
"POINT (13.863913886000034 51.011092958000063)",Unfall 255812 (2023) Kat:3, Licht: 0,255812,3,7,1,09,18,4,0,0,0,1,0,0,0,0
"POINT (13.776082315000053 51.039178054000047)",Unfall 255832 (2023) Kat:3, Licht: 0,255832,3,3,5,08,09,6,0,0,1,1,0,0,0,0
"POINT (13.712010507000059 51.045879078000041)",Unfall 255833 (2023) Kat:3, Licht: 2,255833,3,6,0,08,23,6,0,2,1,1,0,0,0,0
"POINT (13.746176138000067 51.059497812000075)",Unfall 255834 (2023) Kat:3, Licht: 2,255834,3,7,0,08,21,6,0,2,1,0,0,0,0,0
"POINT (13.755473163000033 51.068828323000048)",Unfall 255848 (2023) Kat:3, Licht: 0,255848,3,3,3,09,14,6,0,0,1,0,0,0,0,0
"POINT (13.810972754000034 51.013628206000078)",Unfall 255852 (2023) Kat:3, Licht: 0,255852,3,3,5,08,06,5,0,0,1,0,0,0,0,0
"POINT (13.789719136000031 51.013679465000052)",Unfall 255853 (2023) Kat:3, Licht: 0,255853,3,1,0,08,13,5,0,0,0,0,0,0,0,1
"POINT (13.766511773000047 51.047052295000071)",Unfall 255854 (2023) Kat:3, Licht: 0,255854,3,5,0,08,09,5,0,0,0,1,0,0,0,1
"POINT (13.751299245000041 51.066566250000051)",Unfall 255855 (2023) Kat:3, Licht: 0,255855,3,7,0,08,16,5,0,0,1,0,0,0,0,0
"POINT (13.807509143000061 51.034965983000063)",Unfall 255856 (2023) Kat:3, Licht: 0,255856,3,3,5,08,17,5,0,0,1,1,0,0,0,0
"POINT (13.774709081000026 51.049803394000037)",Unfall 255857 (2023) Kat:3, Licht: 0,255857,3,3,5,08,08,5,0,0,1,1,0,0,0,0
"POINT (13.794276818000071 51.053579910000053)",Unfall 255858 (2023) Kat:3, Licht: 0,255858,3,3,5,08,07,5,0,0,0,1,0,1,0,0
"POINT (13.757224388000054 51.049736122000070)",Unfall 255859 (2023) Kat:3, Licht: 0,255859,3,2,5,08,17,5,0,0,1,1,0,0,0,0
"POINT (13.778975021000065 51.034997714000042)",Unfall 255861 (2023) Kat:3, Licht: 0,255861,3,1,0,08,07,5,0,0,0,0,0,1,0,0
"POINT (13.797690459000023 51.042328782000027)",Unfall 255871 (2023) Kat:3, Licht: 0,255871,3,2,4,09,15,3,0,0,1,1,0,0,0,0
"POINT (13.690358715000059 51.049194224000075)",Unfall 255876 (2023) Kat:3, Licht: 0,255876,3,3,5,09,07,3,0,0,1,1,0,0,0,0
"POINT (13.671022391000065 51.044326823000063)",Unfall 255879 (2023) Kat:2, Licht: 0,255879,2,1,0,09,17,4,0,0,1,0,0,0,0,0
"POINT (13.794652668000026 51.059030232000055)",Unfall 255891 (2023) Kat:3, Licht: 0,255891,3,7,0,08,16,4,0,0,1,0,0,0,0,0
"POINT (13.802404783000043 51.047724082000059)",Unfall 255892 (2023) Kat:3, Licht: 0,255892,3,3,1,08,08,4,0,0,1,0,0,0,0,0
"POINT (13.738139608000040 51.053881865000051)",Unfall 255893 (2023) Kat:3, Licht: 2,255893,3,1,0,08,20,4,0,2,1,0,0,0,0,0
"POINT (13.811324510000077 51.019785765000051)",Unfall 255894 (2023) Kat:2, Licht: 2,255894,2,1,0,08,22,4,0,2,1,0,0,0,0,0
"POINT (13.697082118000026 51.049090011000033)",Unfall 255895 (2023) Kat:3, Licht: 0,255895,3,3,5,08,18,4,0,0,0,1,0,0,0,1
"POINT (13.672897214000045 51.052881270000057)",Unfall 255896 (2023) Kat:3, Licht: 0,255896,3,1,8,08,10,4,0,0,0,1,0,0,0,0
"POINT (13.733250997000027 51.034572176000040)",Unfall 255897 (2023) Kat:3, Licht: 0,255897,3,1,0,08,15,4,0,0,1,0,0,0,0,0
"POINT (13.710837985000069 51.079175309000050)",Unfall 255922 (2023) Kat:3, Licht: 0,255922,3,3,5,08,15,3,0,0,1,1,0,0,0,0
"POINT (13.786919691000037 51.015815201000066)",Unfall 255923 (2023) Kat:3, Licht: 0,255923,3,1,0,08,14,3,0,0,1,0,0,0,0,0
"POINT (13.884565658000042 51.064606260000062)",Unfall 255924 (2023) Kat:3, Licht: 0,255924,3,6,3,08,08,3,0,0,0,1,0,0,0,0
"POINT (13.712644912000030 51.046264259000054)",Unfall 255925 (2023) Kat:3, Licht: 0,255925,3,2,1,08,18,3,0,0,0,1,0,0,0,0
"POINT (13.674760393000042 51.041656212000078)",Unfall 255952 (2023) Kat:3, Licht: 0,255952,3,6,3,08,09,2,0,0,1,1,0,0,0,0
"POINT (13.718049128000075 51.018817347000038)",Unfall 255953 (2023) Kat:3, Licht: 0,255953,3,7,2,08,07,2,0,0,0,1,0,0,0,0
"POINT (13.743807764000053 51.087981537000076)",Unfall 255954 (2023) Kat:3, Licht: 0,255954,3,7,1,08,09,2,0,0,0,1,0,0,0,0
"POINT (13.785325723000028 51.035946630000069)",Unfall 255955 (2023) Kat:3, Licht: 0,255955,3,3,5,08,16,2,0,0,1,1,0,0,0,0
"POINT (13.726087090000021 51.049675373000071)",Unfall 255956 (2023) Kat:3, Licht: 0,255956,3,5,0,08,17,2,0,0,0,1,0,0,0,0
"POINT (13.693067561000078 51.081770974000051)",Unfall 255957 (2023) Kat:3, Licht: 0,255957,3,2,4,08,06,2,0,0,0,1,0,0,0,0
"POINT (13.739186324000059 51.047016316000054)",Unfall 255958 (2023) Kat:3, Licht: 0,255958,3,3,0,08,17,2,0,0,1,1,0,0,0,0
"POINT (13.807456890000026 51.052369277000082)",Unfall 255959 (2023) Kat:2, Licht: 0,255959,2,7,0,08,11,2,0,0,1,0,0,0,0,0
"POINT (13.682988573000046 51.059753427000032)",Unfall 255971 (2023) Kat:3, Licht: 0,255971,3,1,0,08,19,1,1,0,1,0,0,0,0,0
"POINT (13.735212061000027 51.019124916000067)",Unfall 255974 (2023) Kat:2, Licht: 0,255974,2,1,0,08,19,1,0,0,1,0,0,0,0,0
"POINT (13.796444456000074 51.012006155000051)",Unfall 255975 (2023) Kat:3, Licht: 1,255975,3,7,0,08,20,1,0,1,1,0,0,0,0,0
"POINT (13.698504705000062 51.074235818000034)",Unfall 255976 (2023) Kat:2, Licht: 0,255976,2,3,5,08,12,1,0,0,1,1,0,0,0,0
"POINT (13.753869281000050 51.066472916000066)",Unfall 255991 (2023) Kat:3, Licht: 2,255991,3,7,0,08,03,7,0,2,0,0,0,0,0,1
"POINT (13.783109409000076 51.042554488000064)",Unfall 255992 (2023) Kat:3, Licht: 0,255992,3,7,0,08,09,7,0,0,1,0,0,0,0,0
"POINT (13.815608276000034 51.042654227000071)",Unfall 255993 (2023) Kat:3, Licht: 0,255993,3,1,0,08,15,7,0,0,0,0,0,0,0,1
"POINT (13.837480645000028 51.024820859000044)",Unfall 255995 (2023) Kat:2, Licht: 0,255995,2,4,6,08,09,7,0,0,0,0,1,0,0,1
"POINT (13.778879655000026 51.054039265000029)",Unfall 256011 (2023) Kat:3, Licht: 0,256011,3,5,1,08,07,6,0,0,0,1,0,0,0,0
"POINT (13.828162058000032 50.998830861000044)",Unfall 256012 (2023) Kat:3, Licht: 0,256012,3,3,5,08,14,6,0,0,0,1,0,1,0,0
"POINT (13.862738151000030 51.001951182000028)",Unfall 256027 (2023) Kat:3, Licht: 0,256027,3,3,5,08,08,5,0,0,1,0,0,0,0,0
"POINT (13.800407588000041 51.024103752000030)",Unfall 256028 (2023) Kat:3, Licht: 0,256028,3,3,5,08,11,5,0,0,1,1,0,0,0,0
"POINT (13.825145562000046 51.060874310000031)",Unfall 256029 (2023) Kat:3, Licht: 0,256029,3,1,0,08,18,5,0,0,0,0,0,1,0,0
"POINT (13.741809365000051 51.116927884000063)",Unfall 256030 (2023) Kat:3, Licht: 0,256030,3,3,5,08,13,5,0,0,0,1,0,0,0,1
"POINT (13.681784839000045 51.086634732000050)",Unfall 256031 (2023) Kat:3, Licht: 0,256031,3,6,2,08,09,5,0,0,0,1,0,0,0,0
"POINT (13.681713367000043 51.086676510000075)",Unfall 256032 (2023) Kat:3, Licht: 0,256032,3,6,2,08,09,5,0,0,0,1,0,0,0,0
"POINT (13.737024699000074 51.050516947000062)",Unfall 256042 (2023) Kat:2, Licht: 0,256042,2,4,0,09,15,4,0,0,1,0,1,0,0,1
"POINT (13.745500636000031 51.068292060000033)",Unfall 256045 (2023) Kat:2, Licht: 0,256045,2,3,5,08,11,4,0,0,1,1,0,0,0,0
"POINT (13.747830410000063 51.053490442000054)",Unfall 256046 (2023) Kat:3, Licht: 0,256046,3,2,5,08,15,4,0,0,1,1,0,0,0,0
"POINT (13.805956916000071 51.031939720000082)",Unfall 256047 (2023) Kat:3, Licht: 0,256047,3,5,1,08,10,4,0,0,0,1,0,0,0,0
"POINT (13.769664753000029 51.055922703000078)",Unfall 256048 (2023) Kat:3, Licht: 2,256048,3,7,1,08,21,4,0,2,0,1,1,0,0,0
"POINT (13.780301882000060 51.042217324000035)",Unfall 256050 (2023) Kat:3, Licht: 0,256050,3,3,5,08,07,4,0,0,1,1,0,0,0,0
"POINT (13.763302623000072 51.062913803000072)",Unfall 256055 (2023) Kat:3, Licht: 0,256055,3,6,2,09,11,1,0,0,0,1,0,0,0,0
"POINT (13.718957999000054 51.046686290000082)",Unfall 256063 (2023) Kat:3, Licht: 0,256063,3,7,0,08,16,3,0,0,1,0,0,0,0,0
"POINT (13.805067935000068 51.052765733000058)",Unfall 256064 (2023) Kat:3, Licht: 0,256064,3,1,0,08,16,3,0,0,1,0,0,0,0,0
"POINT (13.777426134000052 51.060022110000034)",Unfall 256065 (2023) Kat:3, Licht: 0,256065,3,6,2,08,06,3,0,0,0,1,0,0,0,0
"POINT (13.826401189000023 51.004676210000071)",Unfall 256066 (2023) Kat:3, Licht: 0,256066,3,2,5,08,06,3,0,0,1,1,0,0,0,0
"POINT (13.683190901000046 51.025285671000063)",Unfall 256082 (2023) Kat:3, Licht: 0,256082,3,1,9,08,19,2,0,0,1,0,0,0,0,0
"POINT (13.704239346000065 51.094452111000066)",Unfall 256083 (2023) Kat:3, Licht: 0,256083,3,7,1,08,17,2,0,0,1,1,0,0,0,0
"POINT (13.844924533000039 51.008021016000043)",Unfall 256084 (2023) Kat:2, Licht: 0,256084,2,1,7,08,14,2,0,0,1,0,0,0,0,0
"POINT (13.768874213000061 51.056937361000053)",Unfall 256085 (2023) Kat:3, Licht: 2,256085,3,1,0,08,20,2,0,2,1,0,0,0,0,0
"POINT (13.771138654000026 51.046139971000059)",Unfall 256086 (2023) Kat:3, Licht: 2,256086,3,1,0,08,21,2,0,2,1,0,0,0,0,0
"POINT (13.758058256000027 51.052306651000038)",Unfall 256087 (2023) Kat:3, Licht: 0,256087,3,3,5,08,11,2,0,0,0,1,0,1,0,0
"POINT (13.814547181000023 51.044289558000060)",Unfall 256096 (2023) Kat:2, Licht: 0,256096,2,1,8,08,14,1,0,0,0,0,0,1,0,0
"POINT (13.874266905000070 50.991650736000054)",Unfall 256113 (2023) Kat:2, Licht: 0,256113,2,3,5,08,17,7,0,0,1,0,0,0,0,0
"POINT (13.830190886000025 51.031794218000073)",Unfall 256114 (2023) Kat:3, Licht: 0,256114,3,1,0,08,14,7,0,0,1,0,0,0,0,0
"POINT (13.708467488000053 51.046918848000075)",Unfall 256134 (2023) Kat:3, Licht: 0,256134,3,2,5,08,17,6,0,0,1,0,0,0,0,1
"POINT (13.660908510000070 51.092813389000071)",Unfall 256135 (2023) Kat:3, Licht: 0,256135,3,7,0,08,06,6,0,0,1,0,0,0,0,0
"POINT (13.842486996000048 51.021293660000026)",Unfall 256136 (2023) Kat:2, Licht: 0,256136,2,1,0,08,15,6,0,0,1,0,0,0,0,0
"POINT (13.842487324000047 51.021293269000068)",Unfall 256137 (2023) Kat:3, Licht: 0,256137,3,7,7,08,16,6,0,0,1,0,0,0,0,0
"POINT (13.699787000000072 51.017175255000041)",Unfall 256138 (2023) Kat:3, Licht: 0,256138,3,7,6,08,09,6,0,0,0,1,1,0,0,0
"POINT (13.714556652000056 51.030793079000034)",Unfall 256140 (2023) Kat:3, Licht: 0,256140,3,3,5,08,12,6,0,0,0,1,0,0,0,0
"POINT (13.714284452000072 51.027956003000043)",Unfall 256141 (2023) Kat:3, Licht: 0,256141,3,3,5,08,11,6,0,0,0,1,0,0,0,0
"POINT (13.827250381000056 51.053642572000058)",Unfall 256142 (2023) Kat:3, Licht: 0,256142,3,7,5,08,07,6,0,0,0,1,0,0,0,0
"POINT (13.788722298000039 51.043581955000036)",Unfall 256143 (2023) Kat:3, Licht: 0,256143,3,2,5,08,13,6,0,0,1,0,0,0,1,0
"POINT (13.756578429000058 51.055098709000049)",Unfall 256144 (2023) Kat:3, Licht: 0,256144,3,3,5,08,10,6,0,0,1,1,0,0,0,0
"POINT (13.780975383000055 51.019189964000077)",Unfall 256145 (2023) Kat:3, Licht: 0,256145,3,2,5,08,09,6,0,0,0,1,0,0,0,0
"POINT (13.799035570000058 51.043635506000044)",Unfall 256146 (2023) Kat:2, Licht: 0,256146,2,3,5,08,17,6,0,0,0,1,0,1,0,0
"POINT (13.711348215000044 51.045479047000072)",Unfall 256161 (2023) Kat:3, Licht: 0,256161,3,7,0,08,08,5,0,0,0,0,0,1,0,1
"POINT (13.701733310000066 51.038197620000062)",Unfall 256162 (2023) Kat:3, Licht: 0,256162,3,3,5,08,11,5,0,0,0,1,0,0,0,0
"POINT (13.695697743000039 51.077285125000060)",Unfall 256176 (2023) Kat:3, Licht: 0,256176,3,7,1,08,15,4,0,0,0,1,0,0,0,0
"POINT (13.821293302000072 51.003098929000032)",Unfall 256177 (2023) Kat:2, Licht: 0,256177,2,1,0,08,16,4,0,0,1,0,0,0,0,0
"POINT (13.752230716000042 51.054484260000038)",Unfall 256178 (2023) Kat:3, Licht: 0,256178,3,2,2,08,18,4,0,0,0,1,0,0,0,0
"POINT (13.776083514000049 51.039177581000047)",Unfall 256179 (2023) Kat:3, Licht: 0,256179,3,3,5,08,17,4,0,0,0,1,0,0,0,0
"POINT (13.788288056000056 51.030525606000026)",Unfall 256180 (2023) Kat:3, Licht: 0,256180,3,2,2,08,17,4,0,0,0,1,0,0,0,1
"POINT (13.690083985000058 51.042561571000078)",Unfall 256193 (2023) Kat:3, Licht: 0,256193,3,1,0,08,16,3,0,0,1,0,0,0,0,0
"POINT (13.746278915000062 51.053398712000046)",Unfall 256194 (2023) Kat:3, Licht: 0,256194,3,6,6,08,18,3,0,0,1,0,1,0,0,0
"POINT (13.792208189000064 51.039208449000057)",Unfall 256218 (2023) Kat:3, Licht: 0,256218,3,3,5,12,12,7,0,0,0,1,0,0,0,0
"POINT (13.681582102000050 51.086753239000075)",Unfall 256224 (2023) Kat:3, Licht: 0,256224,3,1,0,12,11,6,1,0,1,0,0,0,0,0
"POINT (13.827551154000048 51.024352885000042)",Unfall 256237 (2023) Kat:3, Licht: 0,256237,3,7,1,12,16,4,0,0,1,0,0,0,0,1
"POINT (13.744780747000050 51.037171966000074)",Unfall 256238 (2023) Kat:3, Licht: 2,256238,3,3,5,12,16,4,0,2,0,1,0,0,0,0
"POINT (13.705482815000039 51.010525148000056)",Unfall 256239 (2023) Kat:3, Licht: 2,256239,3,1,0,12,16,4,1,2,1,0,0,0,0,0
"POINT (13.795115030000034 51.042881090000037)",Unfall 256240 (2023) Kat:3, Licht: 0,256240,3,6,2,12,11,4,0,0,0,1,0,0,0,0
"POINT (13.733522815000072 51.046901539000032)",Unfall 256246 (2023) Kat:3, Licht: 2,256246,3,6,3,12,19,3,0,2,0,1,0,0,0,0
"POINT (13.716239316000042 51.041819432000068)",Unfall 256249 (2023) Kat:2, Licht: 2,256249,2,7,0,12,00,2,0,2,0,1,1,0,0,0
"POINT (13.779720743000041 51.049201427000071)",Unfall 256256 (2023) Kat:3, Licht: 2,256256,3,1,0,12,16,7,1,2,1,0,0,0,0,0
"POINT (13.757996006000042 51.075815861000081)",Unfall 256272 (2023) Kat:3, Licht: 0,256272,3,3,5,12,12,6,0,0,0,1,0,0,0,1
"POINT (13.798151169000050 51.045414327000060)",Unfall 256273 (2023) Kat:3, Licht: 2,256273,3,3,5,12,17,6,1,2,0,1,0,0,0,0
"POINT (13.769028750000075 51.124069978000080)",Unfall 256274 (2023) Kat:3, Licht: 2,256274,3,2,5,12,22,6,1,2,0,1,0,0,0,0
"POINT (13.708940191000067 51.047242679000078)",Unfall 256287 (2023) Kat:2, Licht: 0,256287,2,3,5,12,13,5,1,0,0,1,0,0,0,1
"POINT (13.752122553000049 51.061862833000077)",Unfall 256299 (2023) Kat:2, Licht: 2,256299,2,1,0,12,18,4,1,2,1,0,0,0,0,0
"POINT (13.752032242000041 51.062175009000043)",Unfall 256300 (2023) Kat:3, Licht: 2,256300,3,7,0,12,18,4,1,2,1,0,0,0,0,0
"POINT (13.732261326000071 51.050488994000034)",Unfall 256301 (2023) Kat:3, Licht: 2,256301,3,2,2,12,19,4,1,2,1,1,0,0,0,0
"POINT (13.707744735000063 51.046457062000059)",Unfall 256307 (2023) Kat:3, Licht: 2,256307,3,6,3,12,19,3,1,2,0,1,0,0,0,1
"POINT (13.780872565000038 51.019284893000076)",Unfall 256308 (2023) Kat:3, Licht: 0,256308,3,7,6,12,10,3,0,0,0,1,1,0,0,0
"POINT (13.788762611000038 51.043274116000077)",Unfall 256309 (2023) Kat:3, Licht: 2,256309,3,2,6,12,18,3,1,2,0,1,1,0,0,0
"POINT (13.780785941000033 51.059011289000068)",Unfall 256310 (2023) Kat:3, Licht: 2,256310,3,2,0,12,17,3,1,2,1,0,0,0,0,1
"POINT (13.796824969000056 51.041485205000072)",Unfall 256311 (2023) Kat:3, Licht: 1,256311,3,3,5,12,07,3,0,1,1,1,0,0,0,0
"POINT (13.749769915000059 51.061759590000065)",Unfall 256312 (2023) Kat:3, Licht: 2,256312,3,4,6,12,19,3,1,2,0,1,1,0,0,0
"POINT (13.771399386000041 51.011181701000055)",Unfall 256313 (2023) Kat:3, Licht: 0,256313,3,1,0,12,10,3,0,0,1,0,0,0,0,0
"POINT (13.737813480000057 51.033051868000030)",Unfall 256331 (2023) Kat:3, Licht: 0,256331,3,6,6,12,07,2,0,0,1,0,1,0,0,0
"POINT (13.795067753000069 51.014407841000036)",Unfall 256332 (2023) Kat:3, Licht: 0,256332,3,1,0,12,10,2,1,0,1,0,0,0,0,0
"POINT (13.754979843000058 51.064434000000062)",Unfall 256333 (2023) Kat:3, Licht: 0,256333,3,1,0,12,09,2,0,0,1,0,0,0,0,0
"POINT (13.749190583000029 51.035774518000039)",Unfall 256334 (2023) Kat:3, Licht: 2,256334,3,1,8,12,05,2,2,2,0,1,0,0,0,0
"POINT (13.741247110000074 51.052558792000070)",Unfall 256335 (2023) Kat:3, Licht: 0,256335,3,7,6,12,11,2,0,0,1,0,1,0,0,0
"POINT (13.729261159000032 51.045880497000041)",Unfall 256336 (2023) Kat:3, Licht: 2,256336,3,2,5,12,18,2,0,2,1,1,0,0,0,0
"POINT (13.750777239000058 51.047305722000033)",Unfall 256337 (2023) Kat:2, Licht: 2,256337,2,2,5,12,18,2,0,2,0,1,0,0,0,0
"POINT (13.848243273000037 51.013365517000068)",Unfall 256345 (2023) Kat:3, Licht: 0,256345,3,1,9,12,13,1,0,0,0,1,0,0,0,0
"POINT (13.721990327000071 51.086718140000073)",Unfall 256350 (2023) Kat:3, Licht: 1,256350,3,7,0,12,16,7,0,1,0,1,0,0,0,0
"POINT (13.708879750000051 51.089732358000049)",Unfall 256351 (2023) Kat:3, Licht: 1,256351,3,7,8,12,16,7,0,1,0,1,0,0,0,0
"POINT (13.716253593000033 51.080711899000050)",Unfall 256352 (2023) Kat:3, Licht: 1,256352,3,7,4,12,16,7,0,1,0,1,0,0,0,0
"POINT (13.808815559000038 51.047536180000066)",Unfall 256363 (2023) Kat:3, Licht: 0,256363,3,1,0,12,14,6,1,0,1,0,0,0,0,0
"POINT (13.736615773000040 51.047253328000068)",Unfall 256364 (2023) Kat:3, Licht: 0,256364,3,6,6,12,11,6,1,0,1,0,1,0,0,0
"POINT (13.723899488000029 51.058020818000045)",Unfall 256375 (2023) Kat:3, Licht: 0,256375,3,6,2,12,11,5,1,0,1,1,0,0,0,0
"POINT (13.722630929000047 51.056282625000051)",Unfall 256376 (2023) Kat:3, Licht: 2,256376,3,6,2,12,21,5,1,2,0,1,0,0,0,0
"POINT (13.789804021000066 51.031912112000043)",Unfall 256377 (2023) Kat:3, Licht: 0,256377,3,1,1,12,08,5,1,0,0,1,0,0,0,0
"POINT (13.781065527000067 51.019183997000027)",Unfall 256378 (2023) Kat:3, Licht: 2,256378,3,1,0,12,21,5,1,2,0,1,0,0,0,0
"POINT (13.729578150000066 51.045782944000052)",Unfall 256379 (2023) Kat:3, Licht: 2,256379,3,2,6,12,20,5,1,2,0,1,1,0,0,0
"POINT (13.766462076000039 51.041880335000030)",Unfall 256380 (2023) Kat:2, Licht: 0,256380,2,7,6,12,10,5,1,0,0,0,1,0,0,1
"POINT (13.787029583000049 51.043330061000063)",Unfall 256390 (2023) Kat:3, Licht: 2,256390,3,4,6,12,16,4,1,2,0,1,1,0,0,0
"POINT (13.804968607000035 51.032461617000081)",Unfall 256391 (2023) Kat:3, Licht: 0,256391,3,1,0,12,08,4,1,0,0,1,0,0,0,0
"POINT (13.786508497000057 51.060198099000047)",Unfall 256403 (2023) Kat:3, Licht: 0,256403,3,6,2,12,12,3,0,0,0,1,0,0,0,1
"POINT (13.781564019000029 51.032166697000036)",Unfall 256404 (2023) Kat:3, Licht: 2,256404,3,3,5,12,06,3,1,2,1,0,0,0,0,1
"POINT (13.740084022000076 51.038627009000038)",Unfall 256405 (2023) Kat:3, Licht: 2,256405,3,4,6,12,06,3,0,2,0,1,1,0,0,0
"POINT (13.709340553000061 51.081609257000082)",Unfall 256406 (2023) Kat:3, Licht: 2,256406,3,3,5,12,19,3,1,2,0,1,0,0,0,0
"POINT (13.803476126000021 51.040311813000073)",Unfall 256407 (2023) Kat:3, Licht: 0,256407,3,4,6,12,12,3,0,0,0,0,1,0,0,1
"POINT (13.740162298000030 51.062786532000075)",Unfall 256417 (2023) Kat:3, Licht: 0,256417,3,7,8,12,12,2,1,0,0,1,0,0,0,0
"POINT (13.772146712000051 51.068649345000040)",Unfall 256418 (2023) Kat:3, Licht: 2,256418,3,2,5,12,19,2,1,2,0,1,0,1,0,0
"POINT (13.785118437000051 51.031366650000052)",Unfall 256419 (2023) Kat:2, Licht: 2,256419,2,1,0,12,17,2,1,2,1,0,0,0,0,0
"POINT (13.800555571000075 51.027277751000042)",Unfall 256420 (2023) Kat:3, Licht: 1,256420,3,4,6,12,07,2,1,1,0,0,1,0,0,1
"POINT (13.729274523000072 51.045870666000042)",Unfall 256446 (2023) Kat:3, Licht: 2,256446,3,3,5,12,21,6,1,2,0,1,0,0,0,0
"POINT (13.751647391000063 51.047234521000064)",Unfall 256447 (2023) Kat:3, Licht: 0,256447,3,3,5,12,14,7,1,0,1,1,0,0,0,0
"POINT (13.785171280000043 51.031342764000044)",Unfall 256448 (2023) Kat:3, Licht: 2,256448,3,2,5,12,16,6,1,2,0,1,0,0,0,1
"POINT (13.757583254000053 51.055493585000079)",Unfall 256449 (2023) Kat:3, Licht: 0,256449,3,2,5,12,09,6,0,0,0,1,0,0,0,0
"POINT (13.782457627000042 51.030151479000040)",Unfall 256450 (2023) Kat:3, Licht: 0,256450,3,7,0,12,11,6,0,0,1,0,0,0,0,0
"POINT (13.715933964000044 51.027178405000029)",Unfall 256462 (2023) Kat:3, Licht: 1,256462,3,3,5,12,16,5,1,1,1,1,0,0,0,0
"POINT (13.771952713000076 51.039319514000056)",Unfall 256463 (2023) Kat:3, Licht: 2,256463,3,6,2,12,18,5,0,2,0,1,0,0,0,0
"POINT (13.779731292000065 51.040934907000064)",Unfall 256464 (2023) Kat:3, Licht: 2,256464,3,3,5,12,18,5,1,2,0,1,0,1,0,0
"POINT (13.762508770000068 51.054592786000057)",Unfall 256465 (2023) Kat:3, Licht: 2,256465,3,1,1,12,23,5,1,2,0,1,0,0,0,1
"POINT (13.736941301000059 51.087522401000058)",Unfall 256472 (2023) Kat:3, Licht: 2,256472,3,1,8,12,16,4,1,2,1,0,0,0,0,0
"POINT (13.798631445000069 51.012460168000075)",Unfall 256473 (2023) Kat:3, Licht: 0,256473,3,2,4,12,14,4,1,0,0,1,0,0,0,0
"POINT (13.785594063000076 51.127099879000070)",Unfall 256481 (2023) Kat:2, Licht: 2,256481,2,3,5,12,22,3,0,2,1,1,0,0,0,0
"POINT (13.817796811000051 51.040203500000075)",Unfall 256482 (2023) Kat:3, Licht: 0,256482,3,1,1,12,14,3,1,0,0,1,0,0,0,1
"POINT (13.703501797000058 51.032363721000081)",Unfall 256494 (2023) Kat:3, Licht: 2,256494,3,1,0,12,19,2,2,2,1,0,0,0,0,0
"POINT (13.732998847000033 51.034071209000047)",Unfall 256495 (2023) Kat:3, Licht: 0,256495,3,1,0,12,13,2,1,0,0,0,0,0,0,1
"POINT (13.776218122000046 51.045203901000036)",Unfall 256496 (2023) Kat:3, Licht: 0,256496,3,6,3,12,15,2,0,0,1,1,0,0,0,0
"POINT (13.708649738000076 51.047051589000034)",Unfall 256501 (2023) Kat:3, Licht: 2,256501,3,7,5,12,05,7,2,2,1,1,0,0,0,0
"POINT (13.788652449000040 51.043277088000082)",Unfall 256508 (2023) Kat:3, Licht: 2,256508,3,3,5,12,16,6,1,2,1,1,0,0,0,0
"POINT (13.719718779000061 51.081144067000082)",Unfall 256517 (2023) Kat:3, Licht: 0,256517,3,6,3,11,15,5,1,0,0,0,0,0,0,1
"POINT (13.777193586000067 51.060126726000078)",Unfall 256518 (2023) Kat:3, Licht: 2,256518,3,6,2,11,18,5,1,2,0,1,0,0,0,0
"POINT (13.769156324000051 51.091983994000032)",Unfall 256523 (2023) Kat:3, Licht: 0,256523,3,7,1,11,14,4,1,0,1,1,0,0,0,0
"POINT (13.739927649000037 51.052128192000055)",Unfall 256524 (2023) Kat:2, Licht: 0,256524,2,7,6,11,12,4,0,0,0,0,1,0,0,1
"POINT (13.792266373000075 51.053437195000072)",Unfall 256525 (2023) Kat:3, Licht: 0,256525,3,1,0,11,08,4,2,0,1,0,0,0,0,0
"POINT (13.753749481000057 51.066386361000070)",Unfall 256526 (2023) Kat:3, Licht: 2,256526,3,4,0,12,17,4,1,2,0,0,1,1,0,0
"POINT (13.775892197000076 51.034544469000082)",Unfall 256536 (2023) Kat:3, Licht: 2,256536,3,1,0,11,19,3,1,2,1,0,0,0,0,0
"POINT (13.700767052000060 51.046645667000064)",Unfall 256550 (2023) Kat:3, Licht: 0,256550,3,4,6,11,07,2,1,0,1,0,1,0,0,0