WKT,Name,OBJECTID,UKATEGORIE,UTYP1,UART,UMONAT,USTUNDE,UWOCHENTAG,STRZUSTAND,ULICHTVERH,ISTRAD,ISTPKW,ISTFUSS,ISTKRAD,ISTGKFZ,ISTSONSTIG
"POINT (13.840555490000042 51.008618905000048)",Unfall 256551 (2023) Kat:3, Licht: 0,256551,3,3,5,11,07,2,1,0,1,1,0,0,0,0
"POINT (13.752326016000040 51.061482002000048)",Unfall 256558 (2023) Kat:3, Licht: 2,256558,3,3,5,11,18,1,0,2,0,1,0,0,0,1
"POINT (13.671154853000075 51.053604102000065)",Unfall 256559 (2023) Kat:3, Licht: 0,256559,3,1,1,11,15,1,1,0,0,1,0,0,0,0
"POINT (13.741401501000041 51.071711430000050)",Unfall 256563 (2023) Kat:3, Licht: 2,256563,3,7,0,11,16,7,2,2,0,0,0,1,0,0
"POINT (13.774183950000065 51.070214940000028)",Unfall 256564 (2023) Kat:3, Licht: 0,256564,3,7,2,11,10,7,1,0,0,1,0,0,0,0
"POINT (13.796623513000043 51.035650458000077)",Unfall 256565 (2023) Kat:3, Licht: 2,256565,3,1,9,11,17,7,1,2,1,0,0,0,0,0
"POINT (13.755920812000056 51.055872340000064)",Unfall 256566 (2023) Kat:3, Licht: 0,256566,3,2,5,11,15,7,1,0,1,1,0,0,0,0
"POINT (13.769660440000052 51.024866900000063)",Unfall 256575 (2023) Kat:3, Licht: 0,256575,3,6,0,11,10,6,1,0,0,1,0,0,0,1
"POINT (13.810133543000063 51.012560795000070)",Unfall 256576 (2023) Kat:3, Licht: 1,256576,3,2,3,11,16,6,1,1,1,1,0,0,0,0
"POINT (13.741665400000045 51.049736611000071)",Unfall 256577 (2023) Kat:2, Licht: 1,256577,2,4,6,11,17,6,1,1,0,0,1,0,0,1
"POINT (13.708944494000036 51.047266589000060)",Unfall 256578 (2023) Kat:2, Licht: 0,256578,2,3,5,11,11,6,1,0,0,1,0,0,0,1
"POINT (13.707246734000023 51.053108557000030)",Unfall 256592 (2023) Kat:3, Licht: 0,256592,3,1,8,11,13,5,0,0,0,0,0,0,1,0
"POINT (13.741915078000034 51.053513005000070)",Unfall 256593 (2023) Kat:3, Licht: 0,256593,3,7,3,11,10,5,0,0,1,1,0,0,0,0
"POINT (13.771033082000031 51.040084601000046)",Unfall 256594 (2023) Kat:3, Licht: 0,256594,3,3,5,11,15,5,0,0,1,1,0,0,0,0
"POINT (13.741285669000035 51.053561653000031)",Unfall 256598 (2023) Kat:3, Licht: 0,256598,3,1,4,11,11,4,0,0,0,1,0,0,0,0
"POINT (13.718552256000066 51.028959786000030)",Unfall 256607 (2023) Kat:3, Licht: 2,256607,3,2,3,11,17,3,1,2,0,1,0,0,0,1
"POINT (13.780393038000057 51.030973697000036)",Unfall 256621 (2023) Kat:3, Licht: 0,256621,3,3,5,11,14,2,1,0,0,1,0,0,0,1
"POINT (13.738724772000069 51.047032735000073)",Unfall 256622 (2023) Kat:3, Licht: 0,256622,3,7,6,11,12,2,1,0,0,1,1,0,0,0
"POINT (13.751536914000042 51.047210756000027)",Unfall 256623 (2023) Kat:2, Licht: 2,256623,2,3,5,11,20,2,1,2,1,1,0,0,0,0
"POINT (13.801262790000067 51.022600200000056)",Unfall 256631 (2023) Kat:3, Licht: 0,256631,3,1,0,11,10,7,1,0,1,0,0,0,0,0
"POINT (13.696085709000045 51.087457885000049)",Unfall 256632 (2023) Kat:3, Licht: 0,256632,3,3,5,11,13,7,0,0,0,1,0,0,0,0
"POINT (13.716437011000039 51.040473833000078)",Unfall 256639 (2023) Kat:3, Licht: 0,256639,3,7,6,11,10,6,0,0,0,1,1,0,0,0
"POINT (13.854220766000026 51.008478810000042)",Unfall 256658 (2023) Kat:2, Licht: 0,256658,2,3,0,11,15,5,1,0,0,1,0,0,0,1
"POINT (13.778066206000062 51.070267292000040)",Unfall 256659 (2023) Kat:3, Licht: 0,256659,3,6,4,11,14,5,0,0,1,0,0,0,0,0
"POINT (13.749119685000039 51.052549495000051)",Unfall 256660 (2023) Kat:3, Licht: 2,256660,3,3,5,11,06,5,1,2,1,1,0,0,0,0
"POINT (13.804970831000048 51.025689167000053)",Unfall 256661 (2023) Kat:3, Licht: 2,256661,3,4,6,11,19,5,1,2,0,1,1,0,0,0
"POINT (13.729463867000050 51.087166745000047)",Unfall 256662 (2023) Kat:2, Licht: 2,256662,2,4,6,11,21,5,1,2,0,0,1,0,0,1
"POINT (13.804929972000025 51.052867598000034)",Unfall 256677 (2023) Kat:3, Licht: 0,256677,3,4,6,11,13,4,1,0,1,0,1,0,0,0
"POINT (13.827957521000030 51.026561861000062)",Unfall 256678 (2023) Kat:2, Licht: 2,256678,2,4,6,11,06,4,1,2,0,1,1,0,0,0
"POINT (13.773359355000025 51.038763186000040)",Unfall 256679 (2023) Kat:1, Licht: 0,256679,1,7,0,11,14,4,1,0,1,0,0,0,0,0
"POINT (13.766641473000050 51.041806205000057)",Unfall 256691 (2023) Kat:2, Licht: 1,256691,2,2,6,12,16,6,1,1,0,1,1,0,0,0
"POINT (13.805580719000034 51.052424742000028)",Unfall 256695 (2023) Kat:3, Licht: 0,256695,3,6,2,11,15,3,0,0,0,1,0,0,0,0
"POINT (13.785325831000023 51.035946508000052)",Unfall 256696 (2023) Kat:3, Licht: 2,256696,3,3,5,11,22,3,1,2,1,1,0,0,0,0
"POINT (13.763757506000047 51.051686609000058)",Unfall 256697 (2023) Kat:3, Licht: 0,256697,3,2,5,11,07,3,0,0,1,1,0,0,0,0
"POINT (13.751300069000024 51.066567022000072)",Unfall 256706 (2023) Kat:3, Licht: 0,256706,3,1,0,11,09,2,0,0,1,0,0,0,0,0
"POINT (13.786423294000031 51.028559089000055)",Unfall 256707 (2023) Kat:2, Licht: 0,256707,2,2,0,11,15,2,1,0,1,1,0,0,0,0
"POINT (13.777427443000022 51.057958001000031)",Unfall 256708 (2023) Kat:3, Licht: 0,256708,3,6,2,11,15,2,1,0,1,1,0,0,0,0
"POINT (13.745901029000038 51.059630140000081)",Unfall 256709 (2023) Kat:3, Licht: 2,256709,3,3,5,11,18,2,1,2,0,1,0,0,0,1
"POINT (13.784914862000051 51.134181573000035)",Unfall 256719 (2023) Kat:3, Licht: 0,256719,3,1,0,11,08,1,1,0,1,0,0,0,0,0
"POINT (13.783076981000022 51.043451325000035)",Unfall 256720 (2023) Kat:3, Licht: 2,256720,3,3,5,11,17,1,1,2,1,1,0,0,0,0
"POINT (13.694012358000066 51.028501214000073)",Unfall 256725 (2023) Kat:3, Licht: 0,256725,3,7,1,11,14,7,1,0,0,1,0,0,0,0
"POINT (13.723329579000051 51.077334717000042)",Unfall 256726 (2023) Kat:3, Licht: 2,256726,3,2,2,11,17,7,1,2,1,1,0,0,0,0
"POINT (13.788229562000026 51.016810175000046)",Unfall 256727 (2023) Kat:3, Licht: 2,256727,3,3,5,11,17,7,1,2,0,1,0,0,0,1
"POINT (13.803668031000029 50.983064540000044)",Unfall 256728 (2023) Kat:3, Licht: 0,256728,3,7,0,11,10,7,0,0,1,0,0,0,0,0
"POINT (13.733725123000056 51.043405259000053)",Unfall 256729 (2023) Kat:3, Licht: 1,256729,3,7,6,11,16,7,1,1,0,1,1,0,0,0
"POINT (13.748910504000037 51.037459589000036)",Unfall 256730 (2023) Kat:3, Licht: 0,256730,3,6,2,11,14,7,1,0,0,1,0,0,0,0
"POINT (13.751047728000060 51.031160729000078)",Unfall 256746 (2023) Kat:3, Licht: 0,256746,3,4,6,11,12,6,1,0,1,0,1,0,0,0
"POINT (13.831506390000072 51.026853202000041)",Unfall 256747 (2023) Kat:3, Licht: 0,256747,3,6,2,11,15,6,0,0,0,1,0,1,0,0
"POINT (13.765828788000022 51.065720711000040)",Unfall 256748 (2023) Kat:2, Licht: 0,256748,2,2,5,11,15,6,0,0,1,1,0,0,0,0
"POINT (13.707932040000060 51.021109617000036)",Unfall 256761 (2023) Kat:3, Licht: 0,256761,3,6,2,11,07,5,0,0,1,1,0,0,0,0
"POINT (13.823754330000043 51.012818691000064)",Unfall 256762 (2023) Kat:3, Licht: 2,256762,3,2,3,11,22,5,1,2,1,1,0,0,0,0
"POINT (13.806153016000053 51.038366612000061)",Unfall 256763 (2023) Kat:3, Licht: 2,256763,3,5,1,11,20,5,1,2,1,1,0,0,0,0
"POINT (13.783652478000022 51.043428787000039)",Unfall 256764 (2023) Kat:2, Licht: 2,256764,2,7,3,11,17,5,0,2,0,1,0,0,0,1
"POINT (13.785325431000047 51.035946962000025)",Unfall 256765 (2023) Kat:3, Licht: 0,256765,3,3,5,11,08,5,0,0,1,1,0,0,0,0
"POINT (13.707594604000064 51.046477812000035)",Unfall 256781 (2023) Kat:3, Licht: 0,256781,3,2,3,11,07,4,0,0,1,1,0,0,0,0
"POINT (13.735062274000029 51.019131006000066)",Unfall 256782 (2023) Kat:3, Licht: 2,256782,3,7,9,11,18,4,0,2,0,1,0,0,0,0
"POINT (13.729919375000065 51.019725443000027)",Unfall 256783 (2023) Kat:3, Licht: 0,256783,3,6,0,11,08,4,0,0,0,1,0,0,0,1
"POINT (13.677958694000040 51.057884215000058)",Unfall 256787 (2023) Kat:3, Licht: 0,256787,3,3,1,11,07,5,0,0,0,1,0,0,0,0
"POINT (13.727703312000074 51.015260932000047)",Unfall 256795 (2023) Kat:3, Licht: 0,256795,3,7,8,11,12,5,0,0,0,1,0,0,0,0
"POINT (13.706152728000063 51.046413473000030)",Unfall 256800 (2023) Kat:3, Licht: 0,256800,3,3,5,11,11,3,0,0,0,1,0,0,0,0
"POINT (13.716104913000038 51.018701508000049)",Unfall 256801 (2023) Kat:3, Licht: 0,256801,3,6,3,11,12,3,0,0,1,1,0,0,0,0
"POINT (13.805766554000058 51.011548047000076)",Unfall 256802 (2023) Kat:3, Licht: 1,256802,3,6,3,11,07,3,0,1,1,1,0,0,0,0
"POINT (13.732501173000060 51.050976764000040)",Unfall 256807 (2023) Kat:3, Licht: 1,256807,3,7,3,12,16,3,1,1,0,1,0,0,0,0
"POINT (13.789918218000025 51.118962700000054)",Unfall 256808 (2023) Kat:3, Licht: 0,256808,3,6,0,11,15,2,0,0,1,1,0,0,0,0
"POINT (13.751536027000043 51.047211070000060)",Unfall 256809 (2023) Kat:3, Licht: 0,256809,3,3,5,11,15,2,0,0,1,1,0,0,0,0
"POINT (13.775753060000056 51.050858562000030)",Unfall 256810 (2023) Kat:3, Licht: 0,256810,3,2,5,11,12,2,0,0,1,1,0,0,0,0
"POINT (13.741319780000026 51.084260036000046)",Unfall 256811 (2023) Kat:3, Licht: 0,256811,3,7,0,12,07,4,2,0,1,0,0,0,0,0
"POINT (13.702472769000053 51.011306549000039)",Unfall 256812 (2023) Kat:3, Licht: 0,256812,3,3,5,11,14,2,0,0,0,1,0,0,0,0
"POINT (13.760587632000068 51.030329288000075)",Unfall 256813 (2023) Kat:3, Licht: 2,256813,3,3,0,11,17,2,0,2,0,1,0,0,0,1
"POINT (13.747284724000053 51.057282293000071)",Unfall 256830 (2023) Kat:3, Licht: 0,256830,3,1,0,11,14,7,0,0,1,0,0,0,0,0
"POINT (13.712736878000044 51.046287446000065)",Unfall 256831 (2023) Kat:3, Licht: 2,256831,3,3,5,11,17,7,0,2,0,1,0,0,0,0
"POINT (13.792806577000022 51.059349968000049)",Unfall 256832 (2023) Kat:3, Licht: 0,256832,3,3,5,11,14,5,0,0,0,1,0,0,0,0
"POINT (13.797786009000049 51.135273597000037)",Unfall 256833 (2023) Kat:3, Licht: 0,256833,3,1,0,11,12,7,0,0,1,0,0,0,0,0
"POINT (13.809621857000025 51.049557634000053)",Unfall 256834 (2023) Kat:2, Licht: 2,256834,2,2,2,11,22,7,0,2,0,0,0,1,0,1
"POINT (13.804929242000071 51.011698418000037)",Unfall 256847 (2023) Kat:3, Licht: 0,256847,3,1,0,11,07,6,1,0,1,0,0,0,0,0
"POINT (13.735006066000039 51.019139149000068)",Unfall 256848 (2023) Kat:3, Licht: 0,256848,3,2,3,11,14,6,0,0,1,1,0,0,0,0
"POINT (13.730559742000025 51.054325672000061)",Unfall 256849 (2023) Kat:3, Licht: 0,256849,3,3,5,11,15,6,0,0,1,1,0,0,0,0
"POINT (13.877214403000039 51.034671815000081)",Unfall 256850 (2023) Kat:3, Licht: 0,256850,3,1,0,11,09,6,1,0,0,1,0,1,0,0
"POINT (13.694642740000063 51.050734655000042)",Unfall 256851 (2023) Kat:3, Licht: 1,256851,3,6,3,11,06,6,1,1,1,0,0,0,0,1
"POINT (13.726672956000073 51.075567189000026)",Unfall 256864 (2023) Kat:3, Licht: 0,256864,3,5,1,11,07,5,0,0,1,1,0,0,0,0
"POINT (13.720864973000062 51.059024537000028)",Unfall 256865 (2023) Kat:3, Licht: 2,256865,3,4,6,11,17,5,1,2,0,1,1,0,0,0
"POINT (13.720753743000046 51.026888345000032)",Unfall 256867 (2023) Kat:2, Licht: 2,256867,2,1,0,11,19,5,1,2,1,0,0,0,0,0
"POINT (13.750680347000070 51.058180247000053)",Unfall 256869 (2023) Kat:3, Licht: 2,256869,3,3,5,11,17,5,1,2,0,1,0,0,0,0
"POINT (13.820225963000041 51.050413250000076)",Unfall 256870 (2023) Kat:3, Licht: 0,256870,3,1,1,11,10,5,0,0,1,1,0,0,0,0
"POINT (13.699768654000025 51.045149211000080)",Unfall 256871 (2023) Kat:2, Licht: 0,256871,2,7,6,11,08,5,0,0,0,0,1,0,0,1
"POINT (13.726050085000054 51.058690213000034)",Unfall 256884 (2023) Kat:2, Licht: 0,256884,2,2,3,11,07,4,0,0,1,1,0,0,0,0
"POINT (13.737025228000050 51.064147812000044)",Unfall 256885 (2023) Kat:3, Licht: 0,256885,3,6,5,11,15,4,0,0,1,0,0,0,0,0
"POINT (13.746632408000039 51.053399062000040)",Unfall 256886 (2023) Kat:2, Licht: 2,256886,2,2,5,11,17,4,0,2,1,0,0,0,0,0
"POINT (13.749339918000032 51.047986641000080)",Unfall 256887 (2023) Kat:3, Licht: 0,256887,3,4,6,11,16,4,0,0,0,0,1,0,0,1
"POINT (13.740304506000030 51.036679640000045)",Unfall 256888 (2023) Kat:3, Licht: 2,256888,3,5,1,11,21,4,0,2,1,1,0,0,0,0
"POINT (13.769438742000034 51.047720800000036)",Unfall 256889 (2023) Kat:3, Licht: 0,256889,3,7,3,11,11,4,0,0,1,1,0,0,0,0
"POINT (13.801443192000022 51.000823342000047)",Unfall 256890 (2023) Kat:2, Licht: 0,256890,2,7,6,11,15,4,0,0,0,1,1,0,0,0
"POINT (13.702013713000042 51.036333150000075)",Unfall 256900 (2023) Kat:3, Licht: 2,256900,3,1,1,10,06,3,1,2,1,1,0,0,0,0
"POINT (13.748772926000072 51.069546372000048)",Unfall 256917 (2023) Kat:3, Licht: 0,256917,3,7,0,10,14,1,0,0,1,0,0,0,0,0
"POINT (13.583830637000062 51.053169390000050)",Unfall 256931 (2023) Kat:3, Licht: 0,256931,3,1,9,10,11,7,1,0,0,1,0,0,0,0
"POINT (13.757065192000027 51.049559333000047)",Unfall 256933 (2023) Kat:3, Licht: 0,256933,3,6,3,10,16,7,0,0,0,1,0,1,0,0
"POINT (13.788362035000034 51.037802553000063)",Unfall 256934 (2023) Kat:3, Licht: 2,256934,3,1,1,10,02,7,1,2,1,1,0,0,0,0
"POINT (13.832174656000063 51.057073110000033)",Unfall 256935 (2023) Kat:3, Licht: 0,256935,3,6,4,10,07,7,1,0,1,1,0,0,0,0
"POINT (13.693606608000039 51.044742116000066)",Unfall 256953 (2023) Kat:3, Licht: 0,256953,3,7,0,10,14,6,1,0,1,1,0,0,0,0
"POINT (13.764442212000063 51.042303408000066)",Unfall 256954 (2023) Kat:3, Licht: 0,256954,3,1,0,10,13,6,1,0,0,0,0,1,0,0
"POINT (13.750965040000040 51.066253348000032)",Unfall 256955 (2023) Kat:3, Licht: 0,256955,3,6,4,10,12,6,1,0,1,1,0,0,0,0
"POINT (13.761097019000033 51.068184672000029)",Unfall 256956 (2023) Kat:3, Licht: 0,256956,3,3,5,10,08,6,1,0,1,1,0,0,0,0
"POINT (13.743906580000044 51.060894068000039)",Unfall 256957 (2023) Kat:3, Licht: 0,256957,3,1,0,10,08,6,1,0,1,0,0,0,0,0
"POINT (13.789883311000040 51.034696695000036)",Unfall 256959 (2023) Kat:3, Licht: 0,256959,3,5,1,10,12,6,1,0,1,1,0,0,0,0
"POINT (13.803285169000048 51.053939274000072)",Unfall 256960 (2023) Kat:3, Licht: 1,256960,3,7,0,10,17,6,1,1,1,0,0,0,0,0
"POINT (13.797443980000025 51.024281703000042)",Unfall 256961 (2023) Kat:3, Licht: 2,256961,3,6,2,10,19,6,1,2,0,1,0,0,0,0
"POINT (13.788024780000057 51.043299184000034)",Unfall 256962 (2023) Kat:3, Licht: 0,256962,3,6,2,10,12,6,1,0,0,1,0,0,0,0
"POINT (13.756592095000030 51.055127566000067)",Unfall 256963 (2023) Kat:3, Licht: 1,256963,3,2,5,10,17,6,1,1,1,1,0,0,0,0
"POINT (13.790618080000058 51.021103444000062)",Unfall 256964 (2023) Kat:3, Licht: 1,256964,3,6,3,10,07,6,0,1,0,1,0,0,0,1
"POINT (13.741380432000028 51.073321968000073)",Unfall 256965 (2023) Kat:3, Licht: 2,256965,3,6,3,10,20,6,1,2,1,0,0,1,0,0
"POINT (13.701913786000034 51.074446125000065)",Unfall 256988 (2023) Kat:3, Licht: 0,256988,3,2,3,10,07,5,1,0,1,1,0,0,0,0
"POINT (13.639351366000028 51.095263980000027)",Unfall 256989 (2023) Kat:3, Licht: 0,256989,3,1,0,10,15,5,1,0,1,0,0,0,0,0
"POINT (13.815765002000035 51.009047172000066)",Unfall 256990 (2023) Kat:3, Licht: 0,256990,3,4,6,10,13,5,0,0,1,0,1,0,0,0
"POINT (13.800510145000032 51.027410575000033)",Unfall 256992 (2023) Kat:3, Licht: 1,256992,3,3,5,10,18,5,0,1,1,1,0,0,0,0
"POINT (13.704776194000033 51.046325310000043)",Unfall 256993 (2023) Kat:3, Licht: 2,256993,3,3,5,10,22,5,0,2,1,1,0,0,0,0
"POINT (13.693987276000030 51.048421020000035)",Unfall 257012 (2023) Kat:3, Licht: 1,257012,3,3,5,10,07,4,1,1,1,1,0,0,0,0
"POINT (13.827538527000058 51.025156568000057)",Unfall 257014 (2023) Kat:3, Licht: 0,257014,3,5,1,10,15,4,0,0,1,1,0,0,0,0
"POINT (13.792938436000043 51.043096502000026)",Unfall 257015 (2023) Kat:3, Licht: 0,257015,3,3,5,10,16,4,0,0,0,1,0,0,0,0
"POINT (13.769760882000071 51.071840890000033)",Unfall 257027 (2023) Kat:3, Licht: 0,257027,3,6,3,12,15,5,1,0,0,1,0,0,1,0
"POINT (13.686304441000061 51.042492482000057)",Unfall 257036 (2023) Kat:3, Licht: 1,257036,3,2,3,10,17,3,1,1,0,1,0,0,0,1
"POINT (13.789746811000043 51.045274567000035)",Unfall 257037 (2023) Kat:3, Licht: 2,257037,3,3,5,10,21,3,1,2,0,1,0,0,0,0
"POINT (13.723681189000047 51.052701679000052)",Unfall 257038 (2023) Kat:3, Licht: 0,257038,3,2,6,10,10,3,0,0,0,1,1,0,0,0
"POINT (13.737286332000053 51.047290771000064)",Unfall 257039 (2023) Kat:3, Licht: 0,257039,3,4,0,10,14,3,0,0,0,0,1,0,0,1
"POINT (13.721155515000078 51.054389141000058)",Unfall 257063 (2023) Kat:3, Licht: 2,257063,3,6,3,10,20,2,0,2,1,1,0,0,0,0
"POINT (13.718883933000029 51.059665730000063)",Unfall 257064 (2023) Kat:3, Licht: 0,257064,3,6,2,10,09,2,0,0,1,1,0,0,0,0
"POINT (13.684300629000063 51.058771872000079)",Unfall 257066 (2023) Kat:3, Licht: 0,257066,3,2,5,10,15,2,0,0,0,1,0,0,0,0
"POINT (13.799566213000048 51.039321448000067)",Unfall 257068 (2023) Kat:3, Licht: 0,257068,3,7,6,10,10,2,0,0,0,1,1,0,0,0
"POINT (13.803227976000073 51.021690559000035)",Unfall 257069 (2023) Kat:3, Licht: 0,257069,3,2,5,10,14,2,0,0,1,1,0,0,0,0
"POINT (13.796222393000050 51.007436510000048)",Unfall 257070 (2023) Kat:3, Licht: 0,257070,3,2,5,10,10,2,0,0,0,1,0,0,0,0
"POINT (13.748465057000033 51.053540841000029)",Unfall 257071 (2023) Kat:3, Licht: 0,257071,3,2,2,10,14,2,0,0,1,1,0,0,0,0
"POINT (13.799174266000023 51.052920796000080)",Unfall 257072 (2023) Kat:3, Licht: 0,257072,3,7,7,10,16,2,0,0,1,0,0,0,0,0
"POINT (13.732271383000068 51.050489836000054)",Unfall 257073 (2023) Kat:3, Licht: 2,257073,3,2,5,10,20,2,0,2,1,1,0,0,0,0
"POINT (13.763697043000036 51.058752766000055)",Unfall 257079 (2023) Kat:3, Licht: 1,257079,3,3,5,10,18,1,1,1,1,1,0,0,0,0
"POINT (13.823726699000076 51.012848862000055)",Unfall 257090 (2023) Kat:3, Licht: 2,257090,3,3,5,10,05,7,1,2,0,1,0,0,0,0
"POINT (13.750115385000072 51.042919575000042)",Unfall 257091 (2023) Kat:3, Licht: 0,257091,3,5,0,10,10,7,0,0,1,1,0,0,0,0
"POINT (13.803979458000072 51.026028511000050)",Unfall 257092 (2023) Kat:2, Licht: 0,257092,2,1,0,10,13,6,1,0,1,0,0,0,0,0
"POINT (13.830853379000075 51.028363031000026)",Unfall 257108 (2023) Kat:3, Licht: 0,257108,3,1,0,10,16,6,1,0,1,0,0,0,0,0
"POINT (13.804648066000027 50.996251614000073)",Unfall 257109 (2023) Kat:3, Licht: 0,257109,3,6,3,10,17,6,0,0,1,1,0,0,0,0
"POINT (13.744571348000022 51.037105011000051)",Unfall 257110 (2023) Kat:3, Licht: 0,257110,3,2,0,10,14,6,1,0,0,1,0,1,0,0
"POINT (13.783478232000050 51.046349213000042)",Unfall 257111 (2023) Kat:3, Licht: 0,257111,3,1,1,10,17,6,1,0,0,1,1,0,0,0
"POINT (13.733798549000028 51.050893326000050)",Unfall 257112 (2023) Kat:3, Licht: 0,257112,3,4,5,10,11,6,1,0,0,1,1,0,0,0
"POINT (13.751329434000070 51.042435164000040)",Unfall 257113 (2023) Kat:3, Licht: 0,257113,3,1,0,10,14,6,1,0,1,0,0,0,0,0
"POINT (13.707543097000041 51.078848748000041)",Unfall 257114 (2023) Kat:3, Licht: 0,257114,3,4,6,10,14,6,1,0,0,1,1,0,0,0
"POINT (13.843723843000078 51.001572768000074)",Unfall 257121 (2023) Kat:3, Licht: 0,257121,3,6,2,10,13,6,1,0,0,1,0,0,0,1
"POINT (13.729765153000073 51.074905837000074)",Unfall 257132 (2023) Kat:3, Licht: 0,257132,3,7,0,10,15,5,0,0,1,0,0,0,0,0
"POINT (13.683241182000074 51.056170108000060)",Unfall 257133 (2023) Kat:3, Licht: 0,257133,3,6,2,10,16,5,0,0,0,1,0,1,0,0
"POINT (13.697409949000075 51.064120387000060)",Unfall 257142 (2023) Kat:3, Licht: 0,257142,3,6,4,10,17,4,0,0,1,0,0,0,0,0
"POINT (13.718780350000031 51.087852921000035)",Unfall 257143 (2023) Kat:3, Licht: 0,257143,3,3,5,10,16,4,0,0,1,0,0,0,0,1
"POINT (13.755381269000054 51.063638218000051)",Unfall 257160 (2023) Kat:3, Licht: 2,257160,3,3,5,11,18,4,0,2,1,1,0,0,0,0
"POINT (13.810030155000049 51.012624995000067)",Unfall 257164 (2023) Kat:3, Licht: 0,257164,3,2,5,10,13,3,0,0,1,1,0,0,0,0
"POINT (13.833884215000069 51.028459616000077)",Unfall 257165 (2023) Kat:2, Licht: 0,257165,2,3,5,10,14,3,0,0,0,1,0,1,0,0
"POINT (13.724179757000059 51.030912954000030)",Unfall 257166 (2023) Kat:3, Licht: 1,257166,3,2,5,10,18,3,0,1,0,1,0,0,0,1
"POINT (13.757962008000050 51.052259629000048)",Unfall 257167 (2023) Kat:3, Licht: 0,257167,3,3,5,10,09,3,0,0,1,1,0,0,0,0
"POINT (13.813599934000024 51.036119517000031)",Unfall 257185 (2023) Kat:3, Licht: 0,257185,3,2,5,10,08,2,0,0,1,1,0,0,0,0
"POINT (13.712287461000074 51.058582330000036)",Unfall 257186 (2023) Kat:3, Licht: 0,257186,3,7,6,10,16,2,1,0,1,0,1,0,0,0
"POINT (13.682021841000051 51.060932279000042)",Unfall 257196 (2023) Kat:3, Licht: 0,257196,3,1,0,10,16,1,1,0,0,0,0,1,0,0
"POINT (13.731881235000060 51.056879931000026)",Unfall 257197 (2023) Kat:3, Licht: 0,257197,3,2,4,10,10,1,0,0,0,1,0,0,0,0
"POINT (13.808363468000039 51.050821084000063)",Unfall 257198 (2023) Kat:3, Licht: 0,257198,3,6,2,10,09,1,0,0,0,1,0,0,0,0
"POINT (13.757937567000056 51.032869839000057)",Unfall 257201 (2023) Kat:3, Licht: 0,257201,3,3,5,10,08,7,0,0,1,1,0,0,0,0
"POINT (13.769612703000064 51.049439969000048)",Unfall 257202 (2023) Kat:2, Licht: 2,257202,2,1,0,10,20,7,0,2,0,0,0,0,0,1
"POINT (13.732537645000036 51.052066599000057)",Unfall 257203 (2023) Kat:3, Licht: 2,257203,3,7,3,10,01,7,0,2,0,1,0,1,0,0
"POINT (13.718490541000051 51.023513430000037)",Unfall 257220 (2023) Kat:3, Licht: 2,257220,3,7,0,10,21,6,0,2,1,0,0,0,0,0
"POINT (13.773564230000034 51.048733641000069)",Unfall 257221 (2023) Kat:3, Licht: 0,257221,3,3,5,11,07,4,0,0,1,0,0,0,0,1
"POINT (13.777199395000025 51.060057832000041)",Unfall 257222 (2023) Kat:3, Licht: 2,257222,3,3,5,10,05,6,0,2,1,1,0,0,0,0
"POINT (13.787367783000036 51.071402634000037)",Unfall 257223 (2023) Kat:3, Licht: 0,257223,3,3,0,10,09,6,0,0,0,1,0,0,0,1
"POINT (13.728388600000073 51.060976048000043)",Unfall 257239 (2023) Kat:3, Licht: 0,257239,3,3,5,10,17,5,0,0,1,1,0,0,0,0
"POINT (13.751894683000046 51.071016217000079)",Unfall 257240 (2023) Kat:2, Licht: 2,257240,2,4,0,10,18,5,0,2,1,0,1,0,0,0
"POINT (13.765436023000063 51.073279839000065)",Unfall 257241 (2023) Kat:3, Licht: 0,257241,3,6,2,10,17,5,0,0,0,1,0,1,0,0
"POINT (13.711957046000066 51.080991775000030)",Unfall 257260 (2023) Kat:3, Licht: 0,257260,3,3,5,10,12,4,0,0,1,1,0,0,0,0
"POINT (13.690852535000033 51.053225149000070)",Unfall 257261 (2023) Kat:2, Licht: 0,257261,2,1,0,10,12,4,0,0,1,0,0,0,0,0
"POINT (13.721620304000055 51.029304980000063)",Unfall 257262 (2023) Kat:3, Licht: 0,257262,3,7,0,10,12,4,0,0,1,0,0,0,0,0
"POINT (13.754073514000027 51.066816596000081)",Unfall 257263 (2023) Kat:3, Licht: 1,257263,3,1,6,10,19,4,0,1,0,0,1,0,0,1
"POINT (13.788702580000063 51.043318686000077)",Unfall 257264 (2023) Kat:3, Licht: 0,257264,3,2,5,10,16,4,0,0,1,1,0,0,0,0
"POINT (13.769616925000037 51.051086398000052)",Unfall 257265 (2023) Kat:3, Licht: 0,257265,3,3,5,10,15,4,0,0,0,1,0,0,0,0
"POINT (13.752351120000071 51.054524091000076)",Unfall 257266 (2023) Kat:3, Licht: 2,257266,3,6,2,10,19,4,0,2,0,1,0,0,0,0
"POINT (13.757219417000044 51.049736994000057)",Unfall 257267 (2023) Kat:2, Licht: 0,257267,2,4,6,10,15,4,0,0,0,1,1,0,0,0