WKT,Name,OBJECTID,UKATEGORIE,UTYP1,UART,UMONAT,USTUNDE,UWOCHENTAG,STRZUSTAND,ULICHTVERH,ISTRAD,ISTPKW,ISTFUSS,ISTKRAD,ISTGKFZ,ISTSONSTIG
"POINT (13.806380903000047 51.037761866000039)",Unfall 257268 (2023) Kat:3, Licht: 0,257268,3,6,0,10,11,4,0,0,1,0,0,0,0,1
"POINT (13.820497583000076 51.037496374000057)",Unfall 257276 (2023) Kat:3, Licht: 2,257276,3,1,8,10,18,6,1,2,0,1,0,0,0,0
"POINT (13.783718302000068 51.029669960000035)",Unfall 257279 (2023) Kat:2, Licht: 1,257279,2,2,3,10,07,3,1,1,1,1,0,0,0,0
"POINT (13.737305761000073 51.040445149000050)",Unfall 257280 (2023) Kat:3, Licht: 1,257280,3,1,0,10,06,3,1,1,0,0,0,1,0,0
"POINT (13.792806881000047 51.059351107000055)",Unfall 257281 (2023) Kat:3, Licht: 0,257281,3,3,5,10,12,3,0,0,0,1,0,1,0,0
"POINT (13.810404575000064 51.048200066000049)",Unfall 257282 (2023) Kat:3, Licht: 2,257282,3,2,6,10,06,3,1,2,0,1,1,0,0,0
"POINT (13.736327737000067 51.047238026000059)",Unfall 257284 (2023) Kat:2, Licht: 0,257284,2,3,5,10,14,3,0,0,0,0,0,0,0,1
"POINT (13.748322522000024 51.051338952000037)",Unfall 257289 (2023) Kat:3, Licht: 0,257289,3,6,3,12,14,4,0,0,0,1,0,0,0,0
"POINT (13.690799928000047 51.053347604000066)",Unfall 257307 (2023) Kat:3, Licht: 0,257307,3,7,0,10,17,2,1,0,1,0,0,0,0,0
"POINT (13.711433127000078 51.079230767000070)",Unfall 257308 (2023) Kat:3, Licht: 0,257308,3,7,0,10,09,2,1,0,1,0,0,0,0,0
"POINT (13.831558142000063 51.030386870000029)",Unfall 257309 (2023) Kat:3, Licht: 0,257309,3,7,0,10,09,2,1,0,1,0,0,0,0,0
"POINT (13.775013122000075 51.033579694000082)",Unfall 257310 (2023) Kat:3, Licht: 2,257310,3,3,5,10,07,2,1,2,1,1,0,0,0,0
"POINT (13.737937763000048 51.053926628000056)",Unfall 257318 (2023) Kat:3, Licht: 0,257318,3,7,0,10,11,1,1,0,1,0,0,0,0,0
"POINT (13.766738100000055 51.041761012000052)",Unfall 257328 (2023) Kat:3, Licht: 2,257328,3,3,5,10,23,7,0,2,0,1,0,0,0,0
"POINT (13.788086011000075 51.060022336000031)",Unfall 257329 (2023) Kat:3, Licht: 0,257329,3,6,2,10,12,7,0,0,0,1,0,0,0,0
"POINT (13.792410765000056 51.031365334000043)",Unfall 257330 (2023) Kat:3, Licht: 0,257330,3,3,5,10,12,7,0,0,1,1,0,0,0,0
"POINT (13.696085239000070 51.087457819000065)",Unfall 257331 (2023) Kat:3, Licht: 0,257331,3,3,5,10,15,7,0,0,0,1,0,0,0,0
"POINT (13.744097621000037 51.060810327000070)",Unfall 257340 (2023) Kat:3, Licht: 0,257340,3,3,5,10,08,6,0,0,1,1,0,0,0,0
"POINT (13.747329593000075 51.036370509000051)",Unfall 257341 (2023) Kat:3, Licht: 0,257341,3,3,5,10,15,6,0,0,1,1,0,0,0,0
"POINT (13.782353737000051 51.047647173000030)",Unfall 257345 (2023) Kat:3, Licht: 0,257345,3,3,0,10,09,5,0,0,0,1,0,1,0,0
"POINT (13.690188580000040 51.042566788000045)",Unfall 257351 (2023) Kat:3, Licht: 0,257351,3,1,0,10,14,5,0,0,1,0,0,0,0,0
"POINT (13.778429332000030 51.070269426000038)",Unfall 257352 (2023) Kat:3, Licht: 0,257352,3,3,5,10,16,5,0,0,1,1,0,0,0,0
"POINT (13.780019861000028 51.017065355000057)",Unfall 257363 (2023) Kat:3, Licht: 0,257363,3,4,6,10,15,4,0,0,0,1,1,0,0,0
"POINT (13.719889802000068 51.079169982000053)",Unfall 257364 (2023) Kat:3, Licht: 0,257364,3,6,6,10,13,4,0,0,1,0,1,0,0,0
"POINT (13.729458940000029 51.067683436000038)",Unfall 268624 (2023) Kat:3, Licht: 2,268624,3,6,6,01,18,5,0,2,1,0,1,0,0,0
"POINT (13.719092898000042 51.075699867000026)",Unfall 268634 (2023) Kat:3, Licht: 0,268634,3,6,0,03,18,5,0,0,1,0,1,0,0,0
"POINT (13.835347727000055 51.033091981000041)",Unfall 268635 (2023) Kat:2, Licht: 0,268635,2,6,4,03,07,4,0,0,1,0,1,0,0,0
"POINT (13.741308582000045 51.056266670000070)",Unfall 268636 (2023) Kat:2, Licht: 0,268636,2,7,7,04,13,7,0,0,1,0,1,0,0,0
"POINT (13.746778789000075 51.055914051000059)",Unfall 268644 (2023) Kat:3, Licht: 0,268644,3,7,6,04,13,1,0,0,1,0,1,0,0,0
"POINT (13.771057330000076 51.065217371000074)",Unfall 268645 (2023) Kat:2, Licht: 0,268645,2,6,6,04,14,1,0,0,1,0,1,0,0,0
"POINT (13.873153602000059 50.999407068000039)",Unfall 268648 (2023) Kat:3, Licht: 0,268648,3,7,0,04,13,6,0,0,1,0,0,0,0,0
"POINT (13.838065539000070 51.029306768000026)",Unfall 268650 (2023) Kat:3, Licht: 0,268650,3,6,6,04,15,7,0,0,1,0,1,0,0,0
"POINT (13.801524381000036 51.061839526000028)",Unfall 268653 (2023) Kat:3, Licht: 0,268653,3,6,9,05,16,2,0,0,1,0,0,0,0,0
"POINT (13.837294781000026 51.031052525000064)",Unfall 268654 (2023) Kat:3, Licht: 0,268654,3,6,6,05,12,2,0,0,1,0,1,0,0,0
"POINT (13.835522770000068 51.079282724000052)",Unfall 268662 (2023) Kat:3, Licht: 2,268662,3,7,7,05,23,4,0,2,1,0,0,0,0,0
"POINT (13.804406746000041 51.131634767000037)",Unfall 268667 (2023) Kat:3, Licht: 0,268667,3,1,8,05,19,5,0,0,1,0,0,0,0,0
"POINT (13.729711395000038 51.067516768000075)",Unfall 268668 (2023) Kat:3, Licht: 0,268668,3,2,5,05,11,5,0,0,1,0,0,0,0,0
"POINT (13.737935483000058 51.057425281000064)",Unfall 268670 (2023) Kat:3, Licht: 0,268670,3,6,4,05,11,6,0,0,1,0,0,0,0,0
"POINT (13.825952794000045 51.036868371000025)",Unfall 268673 (2023) Kat:2, Licht: 0,268673,2,6,6,05,15,6,0,0,1,0,1,0,0,0
"POINT (13.816912687000070 51.042776673000049)",Unfall 268680 (2023) Kat:3, Licht: 0,268680,3,6,6,05,17,2,0,0,1,0,1,0,0,0
"POINT (13.798815947000037 51.062713212000062)",Unfall 268683 (2023) Kat:2, Licht: 0,268683,2,1,8,05,06,4,0,0,1,0,0,0,0,0
"POINT (13.754130083000064 51.021205193000071)",Unfall 268684 (2023) Kat:3, Licht: 0,268684,3,7,0,05,12,4,0,0,1,0,0,0,0,0
"POINT (13.842018506000045 51.001864170000033)",Unfall 268689 (2023) Kat:3, Licht: 0,268689,3,3,5,06,14,7,0,0,1,1,0,0,0,0
"POINT (13.690056442000071 51.063398685000038)",Unfall 268695 (2023) Kat:2, Licht: 0,268695,2,6,3,06,17,4,0,0,1,0,0,0,0,0
"POINT (13.805586409000057 51.060020124000062)",Unfall 268696 (2023) Kat:2, Licht: 2,268696,2,7,0,06,22,4,0,2,1,0,0,0,0,0
"POINT (13.718573634000052 51.076049909000062)",Unfall 268704 (2023) Kat:3, Licht: 0,268704,3,1,8,06,09,1,0,0,1,0,0,0,0,0
"POINT (13.802124755000023 51.061677867000071)",Unfall 268706 (2023) Kat:3, Licht: 0,268706,3,1,0,06,15,2,0,0,1,0,0,0,0,0
"POINT (13.767391285000031 51.061468579000064)",Unfall 268708 (2023) Kat:2, Licht: 0,268708,2,4,6,06,16,3,0,0,1,0,1,0,0,0
"POINT (13.773049737000065 51.032077540000046)",Unfall 268714 (2023) Kat:3, Licht: 2,268714,3,7,0,07,22,7,1,2,1,0,0,0,0,0
"POINT (13.817168767000055 51.024706509000055)",Unfall 268719 (2023) Kat:3, Licht: 0,268719,3,6,6,07,17,2,0,0,1,0,1,0,0,0
"POINT (13.727984139000057 51.068155174000026)",Unfall 268720 (2023) Kat:2, Licht: 2,268720,2,6,6,07,20,4,0,2,1,0,1,0,0,0
"POINT (13.756239469000036 51.056598214000076)",Unfall 268722 (2023) Kat:3, Licht: 0,268722,3,6,4,07,15,5,0,0,1,0,0,0,0,0
"POINT (13.720771892000073 51.074228288000029)",Unfall 268727 (2023) Kat:2, Licht: 0,268727,2,1,0,07,18,7,0,0,1,0,0,0,0,0
"POINT (13.843191087000037 51.102527943000041)",Unfall 268728 (2023) Kat:2, Licht: 0,268728,2,1,9,07,07,7,0,0,1,0,0,0,0,0
"POINT (13.862679723000042 51.008540877000030)",Unfall 268732 (2023) Kat:2, Licht: 0,268732,2,6,6,07,19,5,0,0,1,0,1,0,0,0
"POINT (13.644403213000032 51.047947537000027)",Unfall 268736 (2023) Kat:2, Licht: 0,268736,2,1,0,07,08,3,0,0,1,0,0,0,0,0
"POINT (13.721853982000027 51.072890737000080)",Unfall 268737 (2023) Kat:3, Licht: 0,268737,3,6,6,07,17,3,0,0,1,0,1,0,0,0
"POINT (13.788352479000025 51.032090195000080)",Unfall 268740 (2023) Kat:3, Licht: 0,268740,3,7,5,07,10,4,0,0,1,0,0,0,0,0
"POINT (13.683079827000029 51.062964825000051)",Unfall 268741 (2023) Kat:3, Licht: 0,268741,3,7,8,07,10,4,0,0,1,0,0,0,0,0
"POINT (13.701065012000072 51.065374764000069)",Unfall 268757 (2023) Kat:2, Licht: 0,268757,2,6,3,08,17,7,0,0,1,0,0,0,0,0
"POINT (13.725269874000048 51.070213955000042)",Unfall 268760 (2023) Kat:2, Licht: 0,268760,2,6,4,08,17,7,0,0,1,0,0,0,0,0
"POINT (13.867878067000049 51.004370079000068)",Unfall 268762 (2023) Kat:2, Licht: 0,268762,2,3,5,08,09,1,0,0,1,0,0,0,0,0
"POINT (13.741050889000064 51.056285681000077)",Unfall 268768 (2023) Kat:2, Licht: 0,268768,2,7,4,08,14,3,0,0,1,0,0,0,1,0
"POINT (13.733742285000062 51.057357431000071)",Unfall 268769 (2023) Kat:3, Licht: 0,268769,3,7,0,08,14,4,0,0,1,0,0,0,0,0
"POINT (13.756499635000068 51.059713191000071)",Unfall 268772 (2023) Kat:3, Licht: 0,268772,3,6,3,08,15,1,0,0,1,0,0,0,0,0
"POINT (13.720525012000053 51.074519509000027)",Unfall 268774 (2023) Kat:2, Licht: 2,268774,2,1,8,08,23,2,0,2,1,0,0,0,0,0
"POINT (13.658324101000062 51.089400173000058)",Unfall 268777 (2023) Kat:2, Licht: 2,268777,2,7,7,08,23,4,0,2,1,0,0,0,0,0
"POINT (13.707461853000041 51.020477878000065)",Unfall 268778 (2023) Kat:3, Licht: 0,268778,3,1,0,08,14,1,1,0,1,0,0,0,0,0
"POINT (13.770284277000030 51.065103631000056)",Unfall 268779 (2023) Kat:3, Licht: 0,268779,3,6,6,08,09,5,0,0,1,0,1,0,0,0
"POINT (13.806746171000043 51.055224119000059)",Unfall 268780 (2023) Kat:3, Licht: 0,268780,3,6,6,08,18,5,0,0,1,0,1,0,0,0
"POINT (13.776635762000069 51.035970375000034)",Unfall 268787 (2023) Kat:3, Licht: 1,268787,3,1,0,09,17,6,0,1,1,0,0,0,0,0
"POINT (13.840653640000028 51.041832874000079)",Unfall 268788 (2023) Kat:3, Licht: 0,268788,3,7,7,09,07,6,0,0,1,0,0,0,0,0
"POINT (13.795356617000039 51.099948984000036)",Unfall 268792 (2023) Kat:2, Licht: 0,268792,2,6,3,09,12,7,0,0,1,0,0,0,0,0
"POINT (13.668595950000054 51.076226736000081)",Unfall 268801 (2023) Kat:3, Licht: 0,268801,3,7,7,09,14,2,0,0,1,0,1,0,0,0
"POINT (13.836740035000048 51.031847821000042)",Unfall 268803 (2023) Kat:2, Licht: 0,268803,2,6,6,09,13,4,0,0,1,0,1,0,0,0
"POINT (13.835348075000070 51.033091750000040)",Unfall 268805 (2023) Kat:3, Licht: 0,268805,3,4,6,09,14,1,0,0,1,0,1,0,0,0
"POINT (13.835845729000027 51.032742717000076)",Unfall 268806 (2023) Kat:3, Licht: 0,268806,3,6,6,09,15,1,0,0,1,0,1,0,0,0
"POINT (13.732376937000026 51.065155888000049)",Unfall 268807 (2023) Kat:2, Licht: 2,268807,2,1,0,09,20,3,0,2,1,0,0,0,0,0
"POINT (13.682250590000024 51.063138667000032)",Unfall 268808 (2023) Kat:3, Licht: 0,268808,3,7,0,09,11,3,0,0,1,0,0,0,0,0
"POINT (13.623161663000076 51.089916210000069)",Unfall 268809 (2023) Kat:3, Licht: 2,268809,3,7,0,09,19,5,0,2,1,1,0,0,0,0
"POINT (13.715612731000022 51.077331458000060)",Unfall 268810 (2023) Kat:3, Licht: 0,268810,3,6,2,09,16,6,0,0,1,0,0,0,0,0
"POINT (13.794447222000031 51.061467699000048)",Unfall 268815 (2023) Kat:3, Licht: 0,268815,3,6,4,10,15,4,0,0,1,0,0,0,0,0
"POINT (13.732356182000046 51.064194558000054)",Unfall 268817 (2023) Kat:3, Licht: 1,268817,3,6,4,10,18,3,0,1,1,0,0,0,0,0
"POINT (13.728923065000060 51.060690104000059)",Unfall 268827 (2023) Kat:3, Licht: 1,268827,3,4,6,10,16,7,0,1,1,0,1,0,0,0
"POINT (13.719253837000053 51.051161906000061)",Unfall 268831 (2023) Kat:3, Licht: 0,268831,3,6,4,11,07,4,1,0,1,0,0,0,0,1
"POINT (13.773597482000071 51.065867945000036)",Unfall 268832 (2023) Kat:2, Licht: 2,268832,2,7,7,11,18,5,0,2,1,0,1,0,0,0
"POINT (13.774270257000069 51.066002667000078)",Unfall 268836 (2023) Kat:3, Licht: 1,268836,3,6,6,12,06,3,0,1,1,0,1,0,0,0
"POINT (13.732865585000070 51.042287500000043)",Unfall 268838 (2023) Kat:3, Licht: 2,268838,3,7,6,12,20,7,0,2,1,0,1,0,0,0
"POINT (13.747588867000047 51.051789433000067)",Unfall 129446 (2024) Kat:3, Licht: 2,129446,3,3,5,03,20,6,1,2,1,1,0,0,0,0
"POINT (13.721743255000035 51.047111865000034)",Unfall 129447 (2024) Kat:3, Licht: 0,129447,3,6,1,03,08,6,1,0,0,1,0,0,0,0
"POINT (13.717745781000076 51.022196864000080)",Unfall 129461 (2024) Kat:2, Licht: 1,129461,2,4,6,02,16,5,0,1,0,1,1,0,0,0
"POINT (13.695205495000039 51.017120668000075)",Unfall 129473 (2024) Kat:3, Licht: 1,129473,3,7,9,02,06,4,0,1,0,1,0,0,1,0
"POINT (13.768349399000044 50.992476620000048)",Unfall 129474 (2024) Kat:3, Licht: 0,129474,3,7,2,02,07,4,0,0,0,1,0,0,0,0
"POINT (13.747519344000068 51.051646988000073)",Unfall 129476 (2024) Kat:3, Licht: 2,129476,3,7,5,02,04,4,1,2,0,1,0,0,0,0
"POINT (13.752974837000068 51.073889051000037)",Unfall 129490 (2024) Kat:3, Licht: 0,129490,3,3,5,02,13,3,0,0,1,1,0,0,0,0
"POINT (13.828777227000046 51.058545008000067)",Unfall 129491 (2024) Kat:3, Licht: 1,129491,3,2,5,02,06,3,0,1,1,1,0,0,0,0
"POINT (13.906469673000061 51.089644907000036)",Unfall 129499 (2024) Kat:2, Licht: 2,129499,2,1,9,02,20,2,0,2,0,1,0,0,0,0
"POINT (13.772522902000048 51.114482219000081)",Unfall 129505 (2024) Kat:2, Licht: 0,129505,2,4,6,02,15,2,0,0,1,0,1,0,0,0
"POINT (13.869804884000075 51.061328587000048)",Unfall 129510 (2024) Kat:3, Licht: 0,129510,3,6,2,02,15,1,0,0,0,1,0,0,0,0
"POINT (13.839756663000060 51.126039579000064)",Unfall 129517 (2024) Kat:3, Licht: 0,129517,3,3,5,02,11,7,0,0,1,1,0,0,0,0
"POINT (13.688036309000040 51.021880741000075)",Unfall 129534 (2024) Kat:3, Licht: 2,129534,3,6,3,02,19,5,0,2,0,1,0,0,1,0
"POINT (13.747014791000026 51.063701452000032)",Unfall 129535 (2024) Kat:3, Licht: 0,129535,3,3,5,02,13,5,0,0,1,1,0,0,0,0
"POINT (13.718974769000056 51.096634998000070)",Unfall 129541 (2024) Kat:3, Licht: 0,129541,3,2,5,02,15,4,0,0,1,1,0,0,0,0
"POINT (13.763968219000049 51.087597199000072)",Unfall 129547 (2024) Kat:3, Licht: 2,129547,3,6,3,02,17,3,0,2,1,0,0,0,0,0
"POINT (13.745807837000029 51.028402958000072)",Unfall 129549 (2024) Kat:1, Licht: 2,129549,1,4,6,02,17,3,0,2,0,0,1,0,0,1
"POINT (13.756876107000039 51.025430434000043)",Unfall 129550 (2024) Kat:2, Licht: 0,129550,2,2,5,02,14,3,0,0,1,1,0,0,0,0
"POINT (13.874885384000038 51.006052687000079)",Unfall 129564 (2024) Kat:3, Licht: 0,129564,3,5,1,02,14,1,0,0,1,1,0,0,0,0
"POINT (13.718974706000040 51.096635215000049)",Unfall 129565 (2024) Kat:3, Licht: 2,129565,3,2,5,02,17,1,0,2,1,1,0,0,0,0
"POINT (13.816812489000029 50.987132743000075)",Unfall 129566 (2024) Kat:2, Licht: 0,129566,2,3,5,02,11,1,0,0,0,1,0,0,0,0
"POINT (13.886162494000075 51.062019213000042)",Unfall 129598 (2024) Kat:3, Licht: 1,129598,3,7,2,02,06,5,1,1,0,1,0,0,0,0
"POINT (13.946069052000041 51.035560319000069)",Unfall 129609 (2024) Kat:2, Licht: 1,129609,2,1,4,02,17,4,0,1,0,1,0,0,0,0
"POINT (13.743028495000033 51.028693035000060)",Unfall 129617 (2024) Kat:3, Licht: 0,129617,3,3,5,02,13,3,0,0,1,0,0,0,0,1
"POINT (13.720468975000074 51.049522003000050)",Unfall 129630 (2024) Kat:3, Licht: 2,129630,3,6,2,02,21,2,0,2,0,1,0,0,0,0
"POINT (13.668364113000052 51.072930582000026)",Unfall 129635 (2024) Kat:3, Licht: 0,129635,3,1,4,02,15,1,1,0,0,1,0,0,0,0
"POINT (13.682920674000059 51.061825308000039)",Unfall 129640 (2024) Kat:3, Licht: 1,129640,3,3,5,02,16,7,0,1,0,1,0,0,0,1
"POINT (13.681403975000023 51.061843088000046)",Unfall 129641 (2024) Kat:3, Licht: 0,129641,3,6,3,02,12,7,0,0,0,1,0,0,0,0
"POINT (13.678681247000043 51.063248187000056)",Unfall 129654 (2024) Kat:3, Licht: 0,129654,3,2,5,02,09,6,1,0,0,1,0,0,0,0
"POINT (13.747773122000069 51.068100906000041)",Unfall 129655 (2024) Kat:3, Licht: 0,129655,3,2,6,02,07,6,1,0,0,1,1,0,0,0
"POINT (13.746430119000024 51.121847288000026)",Unfall 129657 (2024) Kat:2, Licht: 0,129657,2,1,8,02,15,6,0,0,0,1,0,0,1,0
"POINT (13.633006869000042 51.038005220000059)",Unfall 129666 (2024) Kat:3, Licht: 0,129666,3,6,2,02,13,5,1,0,0,1,0,0,0,0
"POINT (13.752972230000069 51.073886138000034)",Unfall 129667 (2024) Kat:3, Licht: 2,129667,3,3,5,02,19,5,1,2,0,1,0,0,0,1
"POINT (13.731461287000059 51.027316428000063)",Unfall 129668 (2024) Kat:3, Licht: 1,129668,3,6,3,02,07,5,1,1,0,1,0,0,0,1
"POINT (13.747018396000044 51.063700486000073)",Unfall 129695 (2024) Kat:3, Licht: 0,129695,3,3,5,02,15,2,0,0,1,1,0,0,0,0
"POINT (13.889945415000057 51.056759288000080)",Unfall 129696 (2024) Kat:3, Licht: 0,129696,3,7,0,02,07,2,0,0,1,0,0,0,0,0
"POINT (13.823305276000042 51.085327534000044)",Unfall 129697 (2024) Kat:3, Licht: 2,129697,3,6,6,02,18,2,0,2,0,1,1,0,0,0
"POINT (13.863119719000053 51.103616181000064)",Unfall 129708 (2024) Kat:3, Licht: 1,129708,3,1,9,02,16,1,1,1,0,1,0,0,0,0
"POINT (13.811275928000043 51.064321427000039)",Unfall 129709 (2024) Kat:2, Licht: 2,129709,2,1,0,02,03,1,1,2,1,0,0,0,0,0
"POINT (13.730179918000033 51.059119751000026)",Unfall 129720 (2024) Kat:3, Licht: 0,129720,3,1,0,02,16,7,1,0,1,0,0,0,0,0
"POINT (13.746682684000064 51.050543894000043)",Unfall 129731 (2024) Kat:3, Licht: 0,129731,3,6,2,02,09,6,0,0,0,1,0,0,0,0
"POINT (13.826400173000025 51.040783057000056)",Unfall 129732 (2024) Kat:3, Licht: 0,129732,3,5,1,02,11,6,0,0,0,1,0,0,0,0
"POINT (13.723589238000045 51.089280659000053)",Unfall 129738 (2024) Kat:3, Licht: 0,129738,3,4,6,02,15,5,0,0,0,1,1,0,0,0
"POINT (13.721435386000053 51.034374340000056)",Unfall 129739 (2024) Kat:3, Licht: 2,129739,3,3,5,02,06,5,1,2,1,1,0,0,0,0
"POINT (13.701491697000051 51.030819614000052)",Unfall 129749 (2024) Kat:3, Licht: 1,129749,3,6,2,01,16,4,0,1,0,1,0,0,0,1
"POINT (13.858891937000067 51.060848614000065)",Unfall 129750 (2024) Kat:2, Licht: 1,129750,2,7,4,01,16,4,0,1,0,1,0,0,0,1
"POINT (13.886146172000053 51.061985298000081)",Unfall 129751 (2024) Kat:3, Licht: 0,129751,3,2,2,01,10,4,0,0,0,1,0,0,0,0
"POINT (13.731369630000074 51.027607541000066)",Unfall 129752 (2024) Kat:2, Licht: 0,129752,2,6,3,01,16,4,1,0,0,0,0,1,0,1
"POINT (13.889473214000077 51.077108020000026)",Unfall 129755 (2024) Kat:3, Licht: 0,129755,3,5,4,01,09,3,0,0,0,1,0,0,0,0
"POINT (13.724934944000040 51.043951784000058)",Unfall 129758 (2024) Kat:3, Licht: 0,129758,3,3,5,01,16,3,0,0,1,1,0,0,0,0
"POINT (13.656138643000077 51.081026917000031)",Unfall 129771 (2024) Kat:3, Licht: 0,129771,3,6,2,01,08,2,0,0,0,1,0,0,0,0
"POINT (13.819349246000058 51.064334391000045)",Unfall 129778 (2024) Kat:2, Licht: 2,129778,2,1,1,01,03,1,0,2,1,1,0,0,0,0
"POINT (13.737006005000069 51.063146487000040)",Unfall 129779 (2024) Kat:3, Licht: 0,129779,3,2,5,01,16,1,0,0,1,1,0,0,0,0
"POINT (13.733384563000072 51.038964976000045)",Unfall 129785 (2024) Kat:2, Licht: 0,129785,2,2,3,01,14,7,0,0,1,0,0,0,0,1
"POINT (13.748173902000076 51.063468090000072)",Unfall 129794 (2024) Kat:3, Licht: 0,129794,3,6,2,01,14,5,0,0,0,1,0,0,0,0
"POINT (13.764224888000058 51.088386131000050)",Unfall 129795 (2024) Kat:2, Licht: 2,129795,2,6,3,01,17,5,0,2,1,0,0,0,0,0
"POINT (13.715438346000042 51.099332988000072)",Unfall 129803 (2024) Kat:3, Licht: 0,129803,3,6,2,01,08,4,1,0,0,1,0,0,0,0
"POINT (13.762451051000028 51.085032689000059)",Unfall 129804 (2024) Kat:3, Licht: 0,129804,3,3,5,01,15,4,1,0,0,1,0,1,0,0
"POINT (13.746527502000049 51.057390599000030)",Unfall 129826 (2024) Kat:3, Licht: 2,129826,3,2,6,01,19,2,1,2,0,0,1,0,0,1
"POINT (13.948971080000035 51.036406179000039)",Unfall 129827 (2024) Kat:2, Licht: 2,129827,2,5,1,01,18,2,1,2,0,1,0,0,0,1
"POINT (13.726169796000022 51.086339017000057)",Unfall 129834 (2024) Kat:3, Licht: 2,129834,3,2,0,01,19,1,0,2,0,1,0,0,0,1
"POINT (13.770395968000059 51.102449892000038)",Unfall 129867 (2024) Kat:3, Licht: 0,129867,3,6,2,01,16,6,1,0,0,1,0,0,0,1
"POINT (13.725076793000028 51.009164706000035)",Unfall 129868 (2024) Kat:3, Licht: 0,129868,3,6,2,01,09,6,1,0,0,1,0,0,0,0
"POINT (13.745996448000028 51.028510970000070)",Unfall 129871 (2024) Kat:2, Licht: 0,129871,2,6,2,01,15,6,2,0,0,1,0,0,0,0
"POINT (13.730256366000049 51.082256686000051)",Unfall 129895 (2024) Kat:3, Licht: 0,129895,3,1,2,01,14,5,2,0,0,1,0,0,0,0
"POINT (13.640486720000069 51.034943078000026)",Unfall 129896 (2024) Kat:3, Licht: 2,129896,3,1,8,01,05,5,2,2,0,0,0,0,1,0
"POINT (13.652771375000043 51.082432207000068)",Unfall 129897 (2024) Kat:3, Licht: 0,129897,3,6,2,01,14,5,2,0,0,1,0,0,0,1
"POINT (13.725951675000033 51.104131369000072)",Unfall 129908 (2024) Kat:3, Licht: 2,129908,3,1,3,01,19,4,2,2,0,1,0,0,1,1
"POINT (13.703703233000056 51.041303488000040)",Unfall 129922 (2024) Kat:3, Licht: 2,129922,3,1,0,01,05,3,2,2,0,1,0,0,0,0
"POINT (13.733124147000069 51.076343766000036)",Unfall 129924 (2024) Kat:3, Licht: 2,129924,3,3,5,01,21,3,0,2,1,1,0,0,0,0
"POINT (13.849900250000076 51.061800797000046)",Unfall 129940 (2024) Kat:2, Licht: 2,129940,2,7,9,01,02,2,0,2,0,0,0,0,0,1
"POINT (13.713344247000066 51.129877896000039)",Unfall 129950 (2024) Kat:3, Licht: 0,129950,3,6,2,02,07,5,0,0,0,1,0,1,0,0
"POINT (13.767400628000075 51.020440560000054)",Unfall 129953 (2024) Kat:3, Licht: 2,129953,3,1,4,01,03,7,1,2,0,1,0,0,0,0
"POINT (13.730035857000075 51.030566209000028)",Unfall 129971 (2024) Kat:2, Licht: 0,129971,2,3,0,01,09,5,0,0,1,0,0,0,0,1
"POINT (13.738277877000030 51.063919074000069)",Unfall 129983 (2024) Kat:3, Licht: 1,129983,3,2,5,01,18,4,0,1,1,1,0,0,0,0
"POINT (13.763694743000030 51.087119431000076)",Unfall 129984 (2024) Kat:3, Licht: 2,129984,3,2,4,01,06,4,1,2,0,1,0,0,0,0
"POINT (13.751959149000072 51.062977088000082)",Unfall 129985 (2024) Kat:3, Licht: 0,129985,3,6,3,01,11,4,0,0,0,1,0,0,0,1
"POINT (13.746690777000026 51.051373628000078)",Unfall 130003 (2024) Kat:3, Licht: 0,130003,3,3,5,01,10,3,0,0,0,1,0,0,0,0
"POINT (13.766178065000076 51.065242006000062)",Unfall 130004 (2024) Kat:3, Licht: 0,130004,3,2,5,01,09,3,0,0,1,1,0,0,0,0
"POINT (13.760141259000022 51.023301883000045)",Unfall 130015 (2024) Kat:3, Licht: 2,130015,3,2,5,01,17,2,1,2,1,1,0,0,0,0
"POINT (13.798605675000033 51.142483350000077)",Unfall 130016 (2024) Kat:3, Licht: 0,130016,3,6,2,01,07,2,0,0,0,1,0,0,0,0
"POINT (13.745627408000075 51.049298084000043)",Unfall 130017 (2024) Kat:2, Licht: 0,130017,2,6,3,01,14,2,0,0,1,0,0,0,1,0
"POINT (13.745820351000077 51.124227435000080)",Unfall 130035 (2024) Kat:3, Licht: 0,130035,3,3,5,01,15,6,0,0,0,1,0,0,0,0
"POINT (13.746523591000027 51.057392448000030)",Unfall 130047 (2024) Kat:3, Licht: 0,130047,3,2,6,01,15,5,0,0,0,1,1,0,0,0
"POINT (13.691912255000034 51.084365932000026)",Unfall 130073 (2024) Kat:3, Licht: 2,130073,3,3,5,01,18,2,1,2,0,1,0,0,0,0
"POINT (13.720694630000025 51.049306366000053)",Unfall 130278 (2024) Kat:3, Licht: 2,130278,3,2,5,01,18,4,0,2,1,1,0,0,0,0
"POINT (13.714552376000029 51.079560000000072)",Unfall 130284 (2024) Kat:3, Licht: 0,130284,3,4,6,03,09,6,0,0,0,1,1,0,0,0
"POINT (13.678681247000043 51.063248187000056)",Unfall 130361 (2024) Kat:2, Licht: 0,130361,2,5,2,02,12,6,0,0,0,1,0,0,0,0
"POINT (13.607927641000060 51.045824859000049)",Unfall 130418 (2024) Kat:2, Licht: 2,130418,2,6,3,01,06,4,0,2,0,1,0,0,1,0