WKT,Name,OBJECTID,UKATEGORIE,UTYP1,UART,UMONAT,USTUNDE,UWOCHENTAG,STRZUSTAND,ULICHTVERH,ISTRAD,ISTPKW,ISTFUSS,ISTKRAD,ISTGKFZ,ISTSONSTIG
"POINT (13.606770205000032 51.091757132000055)",Unfall 130420 (2024) Kat:3, Licht: 2,130420,3,3,3,01,18,3,0,2,0,1,0,0,0,0
"POINT (13.740214689000027 51.064653117000034)",Unfall 130734 (2024) Kat:3, Licht: 2,130734,3,2,6,02,22,6,1,2,0,1,1,0,0,0
"POINT (13.703371370000070 51.042141042000026)",Unfall 131071 (2024) Kat:3, Licht: 0,131071,3,2,3,01,07,3,0,0,1,1,0,0,0,0
"POINT (13.693658963000075 51.043009170000062)",Unfall 131130 (2024) Kat:3, Licht: 2,131130,3,1,0,02,19,5,1,2,1,0,0,0,0,0
"POINT (13.680820387000040 51.020975683000074)",Unfall 131243 (2024) Kat:3, Licht: 0,131243,3,1,4,01,16,7,0,0,0,1,0,0,0,0
"POINT (13.874679496000056 51.060556794000036)",Unfall 131248 (2024) Kat:3, Licht: 1,131248,3,6,8,01,07,3,2,1,1,1,0,0,0,0
"POINT (13.689665756000068 51.069328942000027)",Unfall 131456 (2024) Kat:3, Licht: 2,131456,3,6,2,02,19,5,0,2,0,1,0,0,0,0
"POINT (13.707421830000044 51.058466934000080)",Unfall 131471 (2024) Kat:3, Licht: 2,131471,3,6,2,03,19,6,1,2,0,1,0,0,0,0
"POINT (13.715718264000031 51.036909888000082)",Unfall 131603 (2024) Kat:3, Licht: 0,131603,3,3,5,02,13,4,0,0,0,1,0,0,0,0
"POINT (13.738681782000072 51.068560565000041)",Unfall 131606 (2024) Kat:2, Licht: 0,131606,2,7,3,02,14,4,0,0,0,1,0,0,0,1
"POINT (13.730669451000040 51.030465687000060)",Unfall 131787 (2024) Kat:3, Licht: 0,131787,3,3,5,01,13,4,0,0,1,0,0,0,0,1
"POINT (13.745916157000067 51.028525997000031)",Unfall 132066 (2024) Kat:2, Licht: 0,132066,2,3,5,01,11,3,0,0,0,1,0,0,0,0
"POINT (13.728754303000073 51.083741913000040)",Unfall 132250 (2024) Kat:2, Licht: 0,132250,2,7,0,02,16,2,0,0,1,0,0,0,0,0
"POINT (13.832855874000074 51.059343471000034)",Unfall 132262 (2024) Kat:3, Licht: 0,132262,3,1,0,03,07,6,1,0,0,0,0,1,0,0
"POINT (13.666970229000071 51.023284970000077)",Unfall 132315 (2024) Kat:3, Licht: 0,132315,3,3,5,01,13,1,0,0,0,1,0,0,0,0
"POINT (13.740635780000048 51.057928974000049)",Unfall 132343 (2024) Kat:3, Licht: 2,132343,3,4,0,02,18,3,1,2,0,0,1,0,0,1
"POINT (13.746200457000043 51.063913762000027)",Unfall 132655 (2024) Kat:3, Licht: 2,132655,3,7,0,10,21,6,0,2,1,0,0,0,0,0
"POINT (13.744327120000037 51.057262741000045)",Unfall 132669 (2024) Kat:3, Licht: 0,132669,3,6,3,10,08,4,0,0,0,1,1,0,0,0
"POINT (13.690138000000047 51.076166752000063)",Unfall 132687 (2024) Kat:3, Licht: 1,132687,3,7,9,10,18,2,1,1,0,1,0,0,0,0
"POINT (13.711756119000029 51.082865759000072)",Unfall 132688 (2024) Kat:3, Licht: 2,132688,3,1,0,10,17,2,1,2,0,0,0,1,0,0
"POINT (13.722179034000021 51.054063971000062)",Unfall 132689 (2024) Kat:3, Licht: 2,132689,3,3,5,10,19,2,1,2,0,1,0,0,0,0
"POINT (13.750076858000057 51.063199982000071)",Unfall 132691 (2024) Kat:2, Licht: 0,132691,2,1,9,10,07,2,0,0,0,0,0,0,0,1
"POINT (13.906802343000038 51.033575025000061)",Unfall 132716 (2024) Kat:3, Licht: 0,132716,3,3,0,10,12,6,0,0,0,1,0,0,0,1
"POINT (13.836826495000025 51.089050687000054)",Unfall 132719 (2024) Kat:3, Licht: 0,132719,3,1,9,10,10,6,1,0,0,1,0,0,1,0
"POINT (13.611830554000051 51.064348874000075)",Unfall 132720 (2024) Kat:3, Licht: 2,132720,3,7,8,10,02,6,1,2,0,0,0,0,0,1
"POINT (13.881140926000057 51.006530991000034)",Unfall 132746 (2024) Kat:3, Licht: 1,132746,3,6,3,10,06,4,1,1,1,1,0,0,0,0
"POINT (13.722187781000059 51.054073773000027)",Unfall 132747 (2024) Kat:3, Licht: 2,132747,3,2,5,10,21,4,1,2,0,1,0,0,0,0
"POINT (13.869885634000070 51.048217446000081)",Unfall 132749 (2024) Kat:3, Licht: 0,132749,3,2,5,10,15,4,1,0,0,1,0,1,0,0
"POINT (13.728040247000024 51.112967227000070)",Unfall 132773 (2024) Kat:3, Licht: 0,132773,3,6,2,09,08,2,0,0,0,1,0,0,0,0
"POINT (13.688256389000060 51.083328380000069)",Unfall 132784 (2024) Kat:3, Licht: 0,132784,3,6,6,09,14,1,0,0,0,1,1,0,0,0
"POINT (13.727462603000049 51.084980054000027)",Unfall 132802 (2024) Kat:2, Licht: 1,132802,2,4,6,09,06,6,0,1,1,0,1,0,0,0
"POINT (13.746800988000075 51.063758680000035)",Unfall 132803 (2024) Kat:3, Licht: 1,132803,3,7,4,09,19,6,0,1,0,0,0,0,0,1
"POINT (13.689626538000027 51.068836454000063)",Unfall 132813 (2024) Kat:3, Licht: 0,132813,3,2,5,09,15,5,0,0,1,1,0,0,0,0
"POINT (13.735424870000031 51.101475836000077)",Unfall 132814 (2024) Kat:3, Licht: 0,132814,3,1,0,09,12,5,1,0,0,0,0,1,0,0
"POINT (13.724956533000068 51.073102999000071)",Unfall 132815 (2024) Kat:3, Licht: 0,132815,3,6,2,09,07,5,1,0,0,1,0,0,0,1
"POINT (13.730314736000025 51.031714933000046)",Unfall 132831 (2024) Kat:3, Licht: 0,132831,3,7,0,09,12,4,0,0,1,0,0,0,0,0
"POINT (13.795924220000074 50.996164054000076)",Unfall 132832 (2024) Kat:3, Licht: 2,132832,3,7,0,09,21,4,0,2,0,0,0,1,0,0
"POINT (13.878468446000056 51.059959756000069)",Unfall 132833 (2024) Kat:3, Licht: 0,132833,3,3,5,09,07,4,0,0,1,1,0,0,0,0
"POINT (13.816648086000043 51.054672386000050)",Unfall 132853 (2024) Kat:3, Licht: 0,132853,3,1,0,09,17,3,1,0,1,0,0,0,0,0
"POINT (13.725949484000068 51.104130698000063)",Unfall 132867 (2024) Kat:3, Licht: 0,132867,3,6,2,09,13,2,0,0,0,0,0,0,1,1
"POINT (13.741376355000057 51.057877756000039)",Unfall 132868 (2024) Kat:3, Licht: 0,132868,3,6,4,09,15,2,0,0,1,0,0,0,0,0
"POINT (13.741941653000026 51.064682373000039)",Unfall 132869 (2024) Kat:2, Licht: 0,132869,2,4,6,09,09,2,0,0,0,0,1,0,0,1
"POINT (13.614938468000048 51.064898773000039)",Unfall 132884 (2024) Kat:3, Licht: 1,132884,3,1,9,09,18,1,0,1,0,0,0,1,0,0
"POINT (13.812958284000047 51.063709760000052)",Unfall 132892 (2024) Kat:2, Licht: 0,132892,2,7,0,09,18,7,0,0,1,0,0,0,0,0
"POINT (13.740157893000060 51.064632158000052)",Unfall 132893 (2024) Kat:3, Licht: 2,132893,3,6,1,09,23,7,0,2,0,1,0,0,0,0
"POINT (13.692234658000075 51.022584921000032)",Unfall 132902 (2024) Kat:3, Licht: 2,132902,3,6,2,09,19,6,0,2,0,1,0,0,0,0
"POINT (13.725842488000069 51.032408516000032)",Unfall 132908 (2024) Kat:3, Licht: 0,132908,3,2,5,09,15,5,0,0,1,1,0,0,0,0
"POINT (13.701974389000043 51.032427299000062)",Unfall 132930 (2024) Kat:3, Licht: 0,132930,3,1,0,09,13,4,0,0,1,0,0,0,0,0
"POINT (13.729690718000029 51.070133231000057)",Unfall 132931 (2024) Kat:3, Licht: 2,132931,3,7,0,09,20,4,0,2,1,0,0,0,0,0
"POINT (13.752967528000056 51.073880886000040)",Unfall 132932 (2024) Kat:3, Licht: 0,132932,3,3,5,09,08,4,0,0,0,1,0,1,0,0
"POINT (13.738525856000024 51.059623124000041)",Unfall 132934 (2024) Kat:3, Licht: 0,132934,3,7,0,09,07,4,0,0,1,0,0,0,0,0
"POINT (13.824336582000058 51.057890804000067)",Unfall 132950 (2024) Kat:3, Licht: 0,132950,3,3,5,09,18,3,0,0,1,1,0,0,0,0
"POINT (13.775271870000040 51.110389999000063)",Unfall 132951 (2024) Kat:3, Licht: 0,132951,3,2,0,09,14,3,0,0,1,0,0,0,0,1
"POINT (13.681407236000041 51.061843010000075)",Unfall 132962 (2024) Kat:3, Licht: 0,132962,3,6,1,09,17,2,1,0,0,1,0,0,0,0
"POINT (13.773801845000037 51.113032413000042)",Unfall 132963 (2024) Kat:3, Licht: 0,132963,3,3,5,09,09,2,1,0,0,1,0,0,0,0
"POINT (13.728806799000040 51.083691086000044)",Unfall 132964 (2024) Kat:2, Licht: 0,132964,2,2,6,09,16,2,0,0,0,1,1,0,0,0
"POINT (13.718004157000053 51.076979862000030)",Unfall 132974 (2024) Kat:3, Licht: 2,132974,3,1,7,09,03,7,1,2,0,1,0,0,0,0
"POINT (13.731244987000025 51.024844382000026)",Unfall 133003 (2024) Kat:3, Licht: 0,133003,3,3,5,09,14,5,0,0,1,0,0,0,0,1
"POINT (13.720457757000077 51.051200859000062)",Unfall 133004 (2024) Kat:3, Licht: 0,133004,3,2,0,09,07,5,1,0,1,1,0,0,0,0
"POINT (13.746924780000029 51.051691785000060)",Unfall 133007 (2024) Kat:3, Licht: 0,133007,3,2,5,09,16,5,0,0,1,0,0,0,0,0
"POINT (13.741254484000024 51.057651676000035)",Unfall 133023 (2024) Kat:3, Licht: 0,133023,3,2,5,09,17,4,1,0,1,1,0,0,0,0
"POINT (13.736602186000027 51.094665906000046)",Unfall 133041 (2024) Kat:3, Licht: 0,133041,3,6,2,09,07,3,1,0,0,1,0,0,0,0
"POINT (13.733588080000061 51.039498097000035)",Unfall 133042 (2024) Kat:3, Licht: 0,133042,3,1,0,09,18,3,0,0,1,0,0,0,0,0
"POINT (13.692837657000041 51.081880695000052)",Unfall 133044 (2024) Kat:2, Licht: 0,133044,2,3,5,09,16,3,0,0,1,0,0,0,0,1
"POINT (13.892191595000043 51.067454122000072)",Unfall 133045 (2024) Kat:3, Licht: 0,133045,3,2,5,09,14,3,0,0,0,1,0,0,0,0
"POINT (13.684775833000060 51.062130195000066)",Unfall 133046 (2024) Kat:1, Licht: 2,133046,1,1,4,09,05,3,1,2,0,1,0,1,0,0
"POINT (13.863142530000061 51.014209759000039)",Unfall 133056 (2024) Kat:3, Licht: 0,133056,3,6,2,10,12,4,0,0,0,1,0,1,0,0
"POINT (13.648695195000073 51.042506923000076)",Unfall 133059 (2024) Kat:3, Licht: 0,133059,3,3,3,09,07,2,1,0,0,1,0,0,1,0
"POINT (13.708838123000021 51.084351374000050)",Unfall 133071 (2024) Kat:3, Licht: 0,133071,3,1,7,09,17,1,0,0,1,0,0,0,0,0
"POINT (13.747061127000052 51.063689049000061)",Unfall 133072 (2024) Kat:3, Licht: 0,133072,3,3,5,09,14,1,0,0,1,1,0,0,0,0
"POINT (13.645977632000040 51.084898732000056)",Unfall 133088 (2024) Kat:3, Licht: 0,133088,3,3,5,09,11,7,0,0,1,1,0,0,0,0
"POINT (13.688721542000053 51.083040319000077)",Unfall 133099 (2024) Kat:3, Licht: 0,133099,3,2,5,09,16,6,0,0,1,1,0,0,0,0
"POINT (13.793601433000049 51.129180095000038)",Unfall 133144 (2024) Kat:3, Licht: 0,133144,3,3,5,09,18,3,0,0,1,1,0,0,0,0
"POINT (13.818070640000030 51.052428469000063)",Unfall 133145 (2024) Kat:3, Licht: 0,133145,3,3,5,09,19,3,0,0,1,1,0,0,0,0
"POINT (13.612016255000071 51.044549466000035)",Unfall 133180 (2024) Kat:2, Licht: 0,133180,2,1,0,09,11,1,0,0,1,0,0,0,0,0
"POINT (13.743208707000065 51.064542667000069)",Unfall 133206 (2024) Kat:3, Licht: 0,133206,3,4,0,08,14,7,0,0,1,0,1,0,0,0
"POINT (13.733170595000047 51.038944087000061)",Unfall 133222 (2024) Kat:3, Licht: 0,133222,3,2,6,08,17,6,0,0,0,1,1,0,0,0
"POINT (13.755636072000073 51.076730628000064)",Unfall 133224 (2024) Kat:3, Licht: 0,133224,3,3,5,08,15,6,0,0,1,1,0,0,0,0
"POINT (13.680570289000059 51.062050361000047)",Unfall 133243 (2024) Kat:3, Licht: 0,133243,3,6,3,08,19,5,0,0,1,0,0,0,0,0
"POINT (13.725277140000060 51.056468115000030)",Unfall 133254 (2024) Kat:3, Licht: 0,133254,3,1,0,08,17,4,0,0,1,0,0,0,0,0
"POINT (13.780340058000036 51.066830921000076)",Unfall 133257 (2024) Kat:2, Licht: 2,133257,2,1,0,08,01,4,0,2,1,0,0,0,0,0
"POINT (13.766592290000062 51.094106180000040)",Unfall 133259 (2024) Kat:3, Licht: 0,133259,3,3,5,09,13,5,0,0,0,0,0,0,1,1
"POINT (13.727812012000072 51.058313389000034)",Unfall 133273 (2024) Kat:3, Licht: 0,133273,3,6,2,10,16,7,0,0,0,1,0,0,0,0
"POINT (13.607779527000048 51.044513591000054)",Unfall 133276 (2024) Kat:2, Licht: 0,133276,2,7,0,08,17,6,0,0,0,1,0,0,0,0
"POINT (13.793782672000077 51.001807505000045)",Unfall 133279 (2024) Kat:3, Licht: 0,133279,3,2,5,08,15,3,0,0,1,1,0,0,0,0
"POINT (13.674453490000076 51.067211415000031)",Unfall 133280 (2024) Kat:3, Licht: 0,133280,3,2,5,08,15,3,0,0,0,1,0,0,0,0
"POINT (13.803315192000071 50.995714503000045)",Unfall 133305 (2024) Kat:3, Licht: 0,133305,3,6,2,08,11,2,0,0,0,1,0,0,0,0
"POINT (13.775496092000026 51.150241576000042)",Unfall 133325 (2024) Kat:3, Licht: 2,133325,3,6,2,10,23,6,0,2,0,1,0,0,0,0
"POINT (13.719946489000051 51.076165387000060)",Unfall 133356 (2024) Kat:3, Licht: 0,133356,3,2,5,08,07,5,0,0,0,1,0,0,0,1
"POINT (13.735410871000056 51.101557100000036)",Unfall 133375 (2024) Kat:3, Licht: 0,133375,3,6,2,08,07,4,1,0,0,1,0,0,0,0
"POINT (13.763557868000078 51.120604934000028)",Unfall 133396 (2024) Kat:3, Licht: 0,133396,3,2,5,08,10,3,0,0,1,0,0,0,1,0
"POINT (13.721530216000076 51.047216671000058)",Unfall 133397 (2024) Kat:3, Licht: 0,133397,3,2,4,08,09,3,0,0,1,1,0,0,0,0
"POINT (13.703989426000021 51.018008406000035)",Unfall 133412 (2024) Kat:3, Licht: 0,133412,3,3,5,08,15,2,0,0,1,1,0,0,0,0
"POINT (13.733391915000027 51.038974267000071)",Unfall 133432 (2024) Kat:3, Licht: 0,133432,3,7,0,08,11,1,0,0,1,0,0,0,0,0
"POINT (13.689682724000022 51.069469966000042)",Unfall 133433 (2024) Kat:3, Licht: 0,133433,3,2,5,08,15,1,1,0,1,1,0,0,0,0
"POINT (13.737031107000064 51.042857954000056)",Unfall 133481 (2024) Kat:3, Licht: 0,133481,3,1,0,08,15,5,0,0,1,0,0,0,0,0
"POINT (13.777756970000041 51.012922465000031)",Unfall 133482 (2024) Kat:3, Licht: 0,133482,3,7,0,08,16,6,0,0,1,0,0,0,0,0
"POINT (13.726083308000057 51.057057075000046)",Unfall 133483 (2024) Kat:3, Licht: 0,133483,3,1,0,08,06,5,0,0,1,0,0,0,0,0
"POINT (13.720692268000050 51.049311803000080)",Unfall 133484 (2024) Kat:3, Licht: 1,133484,3,2,5,08,19,5,0,1,0,1,0,0,0,1
"POINT (13.851052094000067 51.061640230000080)",Unfall 133501 (2024) Kat:2, Licht: 2,133501,2,3,5,08,21,4,0,2,0,1,0,1,0,0
"POINT (13.710046975000068 51.058069109000030)",Unfall 133516 (2024) Kat:3, Licht: 0,133516,3,2,5,08,08,3,0,0,0,1,0,0,0,0
"POINT (13.738290125000049 51.063923874000068)",Unfall 133518 (2024) Kat:3, Licht: 0,133518,3,2,5,08,17,3,0,0,1,1,0,0,0,0
"POINT (13.815421892000074 51.054065726000033)",Unfall 133542 (2024) Kat:3, Licht: 1,133542,3,6,3,08,21,2,0,1,1,1,0,0,0,0
"POINT (13.729637198000034 51.070180448000031)",Unfall 133543 (2024) Kat:3, Licht: 0,133543,3,3,5,08,16,2,0,0,1,1,0,0,0,0
"POINT (13.727272700000071 51.057933416000026)",Unfall 133549 (2024) Kat:3, Licht: 0,133549,3,6,3,09,13,5,0,0,0,0,0,1,0,1
"POINT (13.727650920000031 51.084793081000043)",Unfall 133558 (2024) Kat:2, Licht: 2,133558,2,1,8,08,02,1,0,2,1,0,0,0,0,0
"POINT (13.760417389000054 51.082087945000069)",Unfall 133570 (2024) Kat:3, Licht: 0,133570,3,2,5,08,18,7,0,0,0,1,0,0,0,1
"POINT (13.730656136000050 51.030290251000054)",Unfall 133590 (2024) Kat:3, Licht: 0,133590,3,6,1,08,16,6,0,0,0,1,0,0,0,0
"POINT (13.734416571000054 51.065509362000057)",Unfall 133591 (2024) Kat:3, Licht: 0,133591,3,7,2,08,08,6,0,0,0,1,0,0,0,1
"POINT (13.643827004000059 51.085621052000079)",Unfall 133594 (2024) Kat:3, Licht: 0,133594,3,1,7,08,13,2,0,0,1,0,0,0,0,0
"POINT (13.746959452000056 51.063716264000050)",Unfall 133601 (2024) Kat:3, Licht: 2,133601,3,1,0,08,21,5,0,2,1,0,0,0,0,0
"POINT (13.820178173000045 51.064093521000075)",Unfall 133619 (2024) Kat:3, Licht: 0,133619,3,6,2,08,08,4,0,0,0,1,0,0,0,0
"POINT (13.738506806000032 51.044238424000071)",Unfall 133620 (2024) Kat:2, Licht: 0,133620,2,4,6,08,09,4,0,0,0,1,1,0,0,0
"POINT (13.621377227000039 51.089158338000061)",Unfall 133635 (2024) Kat:3, Licht: 0,133635,3,1,6,08,19,3,0,0,0,0,1,1,0,0
"POINT (13.662420213000075 51.049431047000041)",Unfall 133637 (2024) Kat:3, Licht: 0,133637,3,6,2,08,18,3,0,0,0,1,0,0,0,0
"POINT (13.678173345000062 51.049343797000063)",Unfall 133638 (2024) Kat:3, Licht: 0,133638,3,2,5,08,09,3,0,0,1,1,0,0,0,0
"POINT (13.761579908000044 51.022532359000081)",Unfall 133639 (2024) Kat:3, Licht: 0,133639,3,3,5,08,12,3,0,0,1,1,0,0,0,0
"POINT (13.718594084000074 51.076713298000072)",Unfall 133656 (2024) Kat:3, Licht: 0,133656,3,3,5,08,14,2,0,0,0,1,0,0,0,1
"POINT (13.766578944000059 51.020718633000058)",Unfall 133667 (2024) Kat:3, Licht: 0,133667,3,1,4,08,18,1,1,0,0,1,0,0,0,0
"POINT (13.718729833000054 51.097280349000073)",Unfall 133674 (2024) Kat:2, Licht: 0,133674,2,6,3,08,08,5,0,0,1,1,0,0,0,0
"POINT (13.726476438000077 51.044225763000043)",Unfall 133691 (2024) Kat:2, Licht: 2,133691,2,4,6,09,06,5,0,2,1,0,1,0,0,0
"POINT (13.699832750000041 51.043675618000066)",Unfall 133694 (2024) Kat:3, Licht: 1,133694,3,3,5,08,06,4,0,1,1,1,0,0,0,0
"POINT (13.719414051000058 51.040247563000037)",Unfall 133719 (2024) Kat:3, Licht: 0,133719,3,3,5,09,16,3,0,0,1,1,0,0,0,0
"POINT (13.761323159000028 51.083410643000036)",Unfall 133734 (2024) Kat:3, Licht: 0,133734,3,3,5,08,15,5,0,0,1,1,0,0,0,0
"POINT (13.610395378000021 51.037557264000043)",Unfall 133735 (2024) Kat:3, Licht: 0,133735,3,6,2,08,13,5,0,0,0,1,0,0,0,0
"POINT (13.746849194000049 51.063745777000065)",Unfall 133749 (2024) Kat:3, Licht: 0,133749,3,3,5,07,19,4,0,0,0,1,0,0,0,1
"POINT (13.817072922000023 51.056235633000028)",Unfall 133750 (2024) Kat:3, Licht: 0,133750,3,5,1,07,08,4,0,0,1,1,0,0,0,0
"POINT (13.752972754000041 51.073886724000033)",Unfall 133752 (2024) Kat:2, Licht: 2,133752,2,3,5,07,03,4,0,2,1,0,0,0,0,1
"POINT (13.707445414000063 51.084426959000041)",Unfall 133774 (2024) Kat:2, Licht: 0,133774,2,1,0,07,17,3,0,0,1,0,0,0,0,0
"POINT (13.820204882000041 51.049911141000052)",Unfall 133775 (2024) Kat:3, Licht: 0,133775,3,1,1,07,11,3,0,0,1,1,0,0,0,0
"POINT (13.743476646000033 51.047616355000059)",Unfall 133776 (2024) Kat:3, Licht: 0,133776,3,2,5,07,15,3,0,0,1,1,0,0,0,0
"POINT (13.854868248000059 51.061880386000041)",Unfall 133777 (2024) Kat:3, Licht: 0,133777,3,3,5,07,14,3,0,0,0,1,0,1,0,0
"POINT (13.731794457000035 51.025270447000082)",Unfall 133794 (2024) Kat:3, Licht: 0,133794,3,2,5,07,07,2,0,0,1,1,0,0,0,0
"POINT (13.691511680000076 51.085527716000058)",Unfall 133824 (2024) Kat:2, Licht: 0,133824,2,1,9,07,17,7,0,0,0,0,0,1,0,0
"POINT (13.728157416000045 51.043347884000070)",Unfall 133841 (2024) Kat:3, Licht: 0,133841,3,1,0,09,06,3,1,0,1,0,0,0,0,0
"POINT (13.739053505000072 51.073977763000073)",Unfall 133846 (2024) Kat:3, Licht: 0,133846,3,4,6,07,18,6,0,0,0,1,1,0,0,0
"POINT (13.682740198000033 51.036581469000055)",Unfall 133847 (2024) Kat:3, Licht: 1,133847,3,1,8,07,21,6,0,1,1,0,0,0,0,0
"POINT (13.747682948000033 51.125607169000034)",Unfall 133849 (2024) Kat:3, Licht: 0,133849,3,6,3,07,10,6,0,0,0,1,0,0,1,0
"POINT (13.788173544000074 51.005718433000027)",Unfall 133852 (2024) Kat:3, Licht: 0,133852,3,3,5,10,14,1,0,0,1,1,0,0,0,0
"POINT (13.766576795000049 51.094086724000078)",Unfall 133860 (2024) Kat:3, Licht: 0,133860,3,3,5,07,08,5,0,0,0,1,0,0,0,1
"POINT (13.840951423000035 51.129458455000076)",Unfall 133864 (2024) Kat:2, Licht: 0,133864,2,4,6,07,16,5,0,0,0,1,1,0,0,0
"POINT (13.727926907000040 51.113254875000052)",Unfall 133875 (2024) Kat:3, Licht: 0,133875,3,2,5,07,17,2,0,0,1,1,0,0,0,0
"POINT (13.705021594000073 51.036751801000037)",Unfall 133884 (2024) Kat:3, Licht: 0,133884,3,3,5,07,12,4,0,0,1,1,0,0,0,0
"POINT (13.743705405000071 51.057411047000073)",Unfall 133894 (2024) Kat:3, Licht: 0,133894,3,6,6,07,12,3,0,0,1,0,1,0,0,0
"POINT (13.708857278000039 51.084350615000062)",Unfall 133897 (2024) Kat:3, Licht: 0,133897,3,1,0,07,19,3,1,0,1,1,0,0,0,0
"POINT (13.722248182000044 51.054127485000038)",Unfall 133898 (2024) Kat:3, Licht: 1,133898,3,6,2,09,18,4,0,1,0,1,0,0,0,0
"POINT (13.860427084000037 51.015813914000034)",Unfall 133942 (2024) Kat:3, Licht: 0,133942,3,1,0,07,13,7,0,0,1,0,0,0,0,0
"POINT (13.712255262000042 51.100865585000065)",Unfall 133960 (2024) Kat:3, Licht: 0,133960,3,6,3,09,06,4,0,0,0,1,0,1,0,0
"POINT (13.701385292000055 51.043761803000052)",Unfall 133966 (2024) Kat:3, Licht: 0,133966,3,1,7,07,19,6,0,0,1,0,0,0,0,0
"POINT (13.738672677000068 51.044363894000071)",Unfall 133989 (2024) Kat:3, Licht: 0,133989,3,6,2,07,14,5,0,0,0,1,0,0,0,0
"POINT (13.742120091000061 51.064665230000060)",Unfall 134049 (2024) Kat:3, Licht: 1,134049,3,3,5,07,20,2,0,1,1,0,0,0,0,0
"POINT (13.935584326000026 51.046353426000053)",Unfall 134050 (2024) Kat:2, Licht: 0,134050,2,7,4,07,16,2,0,0,0,1,0,0,0,0
"POINT (13.747498336000035 51.051617267000040)",Unfall 134051 (2024) Kat:3, Licht: 0,134051,3,3,5,07,10,2,0,0,1,1,0,0,0,0
"POINT (13.834904612000059 51.058671064000066)",Unfall 134061 (2024) Kat:2, Licht: 0,134061,2,1,0,07,11,1,0,0,1,0,0,0,0,0
"POINT (13.822362291000047 51.063525281000068)",Unfall 134063 (2024) Kat:3, Licht: 0,134063,3,7,0,07,13,1,0,0,1,1,0,0,0,0
"POINT (13.877776175000065 51.108680498000069)",Unfall 134064 (2024) Kat:2, Licht: 0,134064,2,6,2,07,17,1,0,0,0,1,0,0,0,0
"POINT (13.768886258000066 51.099487229000033)",Unfall 134066 (2024) Kat:3, Licht: 0,134066,3,3,5,09,11,2,0,0,0,1,0,0,0,1
"POINT (13.874593194000056 51.013533516000052)",Unfall 134085 (2024) Kat:2, Licht: 0,134085,2,7,8,07,17,7,0,0,1,0,0,0,0,0
"POINT (13.772826163000047 51.107749136000052)",Unfall 134086 (2024) Kat:2, Licht: 1,134086,2,4,6,07,20,7,0,1,0,0,1,0,0,1
"POINT (13.799924925000028 50.998450147000028)",Unfall 134098 (2024) Kat:3, Licht: 0,134098,3,6,2,08,11,2,0,0,0,1,0,0,1,0
"POINT (13.717002644000047 51.077391225000042)",Unfall 134102 (2024) Kat:3, Licht: 2,134102,3,1,0,08,00,5,0,2,1,0,0,0,0,0
"POINT (13.884908000000053 51.060950921000028)",Unfall 134126 (2024) Kat:3, Licht: 0,134126,3,3,5,07,16,5,0,0,0,1,0,0,0,0
"POINT (13.755996205000031 51.117899810000040)",Unfall 134128 (2024) Kat:3, Licht: 0,134128,3,3,5,07,19,5,0,0,1,1,0,0,0,0
"POINT (13.729402709000055 51.070375441000067)",Unfall 134129 (2024) Kat:3, Licht: 0,134129,3,3,5,07,15,5,0,0,0,1,0,0,0,1
"POINT (13.681610976000059 51.075837957000033)",Unfall 134130 (2024) Kat:2, Licht: 0,134130,2,5,2,07,08,5,0,0,0,1,0,0,0,0
"POINT (13.603503129000046 51.037119547000032)",Unfall 134131 (2024) Kat:3, Licht: 0,134131,3,6,1,07,10,5,0,0,0,1,0,0,1,0
"POINT (13.746842922000042 51.051580488000070)",Unfall 134150 (2024) Kat:3, Licht: 0,134150,3,2,2,07,17,4,0,0,0,1,0,0,0,1
"POINT (13.730779916000074 51.058379714000068)",Unfall 134151 (2024) Kat:3, Licht: 0,134151,3,2,5,07,06,4,0,0,1,0,0,0,0,1
"POINT (13.805160646000047 51.150902211000073)",Unfall 134175 (2024) Kat:3, Licht: 0,134175,3,3,5,07,09,3,0,0,1,1,0,0,0,0
"POINT (13.714390825000066 51.079765796000061)",Unfall 134193 (2024) Kat:2, Licht: 0,134193,2,1,0,08,11,3,0,0,1,0,0,0,0,0
"POINT (13.606231132000062 51.092124706000050)",Unfall 134206 (2024) Kat:3, Licht: 0,134206,3,6,2,07,16,1,0,0,0,1,0,0,0,0
"POINT (13.605624296000030 51.058777720000080)",Unfall 134207 (2024) Kat:3, Licht: 0,134207,3,6,2,07,11,1,0,0,0,1,0,0,0,0
"POINT (13.607773179000048 51.043122407000055)",Unfall 134208 (2024) Kat:2, Licht: 0,134208,2,1,9,07,12,1,0,0,0,1,0,1,0,0
"POINT (13.736218741000073 51.042337862000068)",Unfall 134228 (2024) Kat:2, Licht: 0,134228,2,5,3,07,19,7,0,0,0,1,0,0,0,0
"POINT (13.822756067000057 51.046012736000080)",Unfall 134229 (2024) Kat:3, Licht: 0,134229,3,3,3,07,12,7,0,0,1,0,0,0,0,0
"POINT (13.768354996000028 51.014995295000062)",Unfall 134242 (2024) Kat:3, Licht: 0,134242,3,7,6,10,07,4,1,0,0,0,1,0,0,1