WKT,Name,OBJECTID,UKATEGORIE,UTYP1,UART,UMONAT,USTUNDE,UWOCHENTAG,STRZUSTAND,ULICHTVERH,ISTRAD,ISTPKW,ISTFUSS,ISTKRAD,ISTGKFZ,ISTSONSTIG
"POINT (13.795367317000057 51.120556921000059)",Unfall 134247 (2024) Kat:3, Licht: 0,134247,3,4,6,07,15,6,0,0,1,0,1,0,0,0
"POINT (13.728508791000024 51.060120107000046)",Unfall 134250 (2024) Kat:3, Licht: 0,134250,3,2,5,07,15,6,0,0,0,1,0,0,0,0
"POINT (13.629061714000045 51.088384429000030)",Unfall 134253 (2024) Kat:3, Licht: 0,134253,3,2,2,09,07,2,0,0,1,1,0,0,0,0
"POINT (13.774040997000043 51.013875674000076)",Unfall 134266 (2024) Kat:3, Licht: 0,134266,3,2,2,07,06,5,0,0,0,1,0,0,0,0
"POINT (13.730191446000049 51.059108577000075)",Unfall 134267 (2024) Kat:3, Licht: 0,134267,3,1,0,07,17,5,1,0,1,0,0,0,0,0
"POINT (13.696580699000037 51.043341989000055)",Unfall 134289 (2024) Kat:3, Licht: 2,134289,3,1,0,07,00,4,0,2,1,0,0,0,0,0
"POINT (13.705824004000021 51.061561900000072)",Unfall 134304 (2024) Kat:3, Licht: 0,134304,3,3,5,07,15,3,0,0,1,1,0,0,0,0
"POINT (13.715833128000043 51.062867604000076)",Unfall 134320 (2024) Kat:3, Licht: 0,134320,3,2,5,07,15,2,0,0,0,1,0,0,0,1
"POINT (13.768306515000063 51.019800139000040)",Unfall 134341 (2024) Kat:3, Licht: 2,134341,3,1,0,06,02,1,0,2,1,0,0,0,0,0
"POINT (13.852186498000037 51.061884611000039)",Unfall 134342 (2024) Kat:3, Licht: 0,134342,3,3,5,06,18,1,1,0,0,1,0,1,0,0
"POINT (13.726804366000067 51.057588354000075)",Unfall 134343 (2024) Kat:3, Licht: 2,134343,3,1,0,06,23,1,1,2,1,0,0,0,0,0
"POINT (13.740301316000057 51.064685083000029)",Unfall 134364 (2024) Kat:3, Licht: 2,134364,3,2,4,09,19,3,0,2,0,1,0,0,0,0
"POINT (13.632575709000037 51.039420065000058)",Unfall 134376 (2024) Kat:3, Licht: 0,134376,3,6,2,06,19,6,0,0,0,1,0,0,0,0
"POINT (13.766956968000045 51.020634276000067)",Unfall 134377 (2024) Kat:3, Licht: 2,134377,3,6,3,06,21,6,0,2,1,0,0,0,0,0
"POINT (13.715028774000075 51.078878898000028)",Unfall 134379 (2024) Kat:3, Licht: 0,134379,3,3,5,06,20,6,0,0,1,1,0,0,0,0
"POINT (13.737712582000029 51.061531703000071)",Unfall 134392 (2024) Kat:3, Licht: 0,134392,3,3,5,09,13,4,0,0,0,0,0,0,1,1
"POINT (13.800099701000022 51.145460881000076)",Unfall 134403 (2024) Kat:3, Licht: 0,134403,3,6,2,06,11,5,0,0,0,1,0,0,0,0
"POINT (13.693169264000062 51.081658687000072)",Unfall 134404 (2024) Kat:3, Licht: 0,134404,3,3,5,06,13,5,0,0,1,0,0,1,0,0
"POINT (13.768257271000039 51.015701439000054)",Unfall 134407 (2024) Kat:2, Licht: 0,134407,2,3,5,06,06,5,0,0,1,0,0,0,0,1
"POINT (13.737530763000052 51.087220316000071)",Unfall 134427 (2024) Kat:3, Licht: 0,134427,3,6,3,06,08,4,0,0,1,1,0,0,0,0
"POINT (13.741338773000052 51.064737036000054)",Unfall 134428 (2024) Kat:3, Licht: 1,134428,3,7,0,06,03,4,0,1,0,0,0,1,0,0
"POINT (13.797996391000027 51.140405365000049)",Unfall 134445 (2024) Kat:3, Licht: 0,134445,3,6,3,07,15,5,0,0,1,1,0,0,0,0
"POINT (13.666355465000038 51.075542306000045)",Unfall 134446 (2024) Kat:3, Licht: 0,134446,3,2,5,06,17,3,0,0,1,1,0,0,0,0
"POINT (13.856081774000074 51.061453477000043)",Unfall 134448 (2024) Kat:3, Licht: 0,134448,3,1,0,06,16,3,0,0,1,0,0,0,0,0
"POINT (13.749019170000054 51.130019224000080)",Unfall 134449 (2024) Kat:3, Licht: 0,134449,3,6,3,06,08,3,0,0,0,1,0,0,1,0
"POINT (13.704453337000075 51.050806388000069)",Unfall 134451 (2024) Kat:3, Licht: 0,134451,3,3,5,06,05,3,0,0,1,0,0,1,0,0
"POINT (13.788594048000050 51.067105365000032)",Unfall 134454 (2024) Kat:3, Licht: 2,134454,3,1,8,06,23,3,0,2,1,0,0,0,0,0
"POINT (13.801965847000076 51.078318374000048)",Unfall 134500 (2024) Kat:2, Licht: 2,134500,2,1,9,06,01,1,0,2,0,1,0,0,0,0
"POINT (13.788455295000063 51.005398851000052)",Unfall 134539 (2024) Kat:3, Licht: 0,134539,3,6,1,06,15,6,0,0,0,1,0,0,0,0
"POINT (13.749018929000044 51.130018432000043)",Unfall 134542 (2024) Kat:3, Licht: 0,134542,3,6,3,07,08,4,0,0,0,1,0,0,1,0
"POINT (13.733751161000043 51.039713120000044)",Unfall 134548 (2024) Kat:3, Licht: 0,134548,3,6,2,08,17,2,0,0,0,1,0,1,0,0
"POINT (13.720129819000022 51.076088483000035)",Unfall 134552 (2024) Kat:3, Licht: 0,134552,3,1,0,09,18,3,0,0,1,0,0,0,0,0
"POINT (13.704413575000046 51.035697814000059)",Unfall 134554 (2024) Kat:3, Licht: 0,134554,3,7,0,07,17,2,0,0,1,0,0,0,0,0
"POINT (13.603254728000024 51.037131609000028)",Unfall 134563 (2024) Kat:3, Licht: 0,134563,3,6,2,06,07,5,0,0,0,1,0,0,0,0
"POINT (13.713652141000068 51.080669408000063)",Unfall 134564 (2024) Kat:3, Licht: 0,134564,3,2,5,06,17,5,0,0,1,1,0,0,0,0
"POINT (13.700904408000042 51.043763023000054)",Unfall 134565 (2024) Kat:3, Licht: 0,134565,3,2,5,06,08,5,0,0,0,1,0,0,0,1
"POINT (13.730149458000028 51.030515674000071)",Unfall 134566 (2024) Kat:3, Licht: 2,134566,3,3,5,06,22,5,0,2,1,1,0,0,0,0
"POINT (13.623893834000057 51.089049035000073)",Unfall 134575 (2024) Kat:3, Licht: 0,134575,3,3,5,07,10,7,0,0,0,1,0,0,0,0
"POINT (13.744772687000022 51.064249256000039)",Unfall 134580 (2024) Kat:3, Licht: 0,134580,3,6,3,06,17,4,1,0,0,1,0,0,0,1
"POINT (13.645233818000065 51.071184017000064)",Unfall 134581 (2024) Kat:3, Licht: 0,134581,3,1,9,06,15,4,1,0,0,1,0,0,0,0
"POINT (13.749020078000058 51.130022188000055)",Unfall 134582 (2024) Kat:3, Licht: 0,134582,3,6,3,06,14,4,0,0,0,1,0,0,1,0
"POINT (13.734653185000070 51.074113561000047)",Unfall 134584 (2024) Kat:3, Licht: 0,134584,3,1,0,06,18,4,1,0,0,0,0,1,0,0
"POINT (13.629337777000046 51.088336261000052)",Unfall 134609 (2024) Kat:3, Licht: 0,134609,3,6,1,06,08,3,0,0,0,1,0,0,0,0
"POINT (13.746007238000061 51.028508950000059)",Unfall 134611 (2024) Kat:2, Licht: 0,134611,2,1,0,06,15,3,0,0,1,0,0,0,0,0
"POINT (13.796914454000046 51.065983414000073)",Unfall 134615 (2024) Kat:3, Licht: 0,134615,3,6,2,06,12,3,0,0,0,1,0,0,0,0
"POINT (13.728006261000075 51.071211101000074)",Unfall 134637 (2024) Kat:3, Licht: 0,134637,3,6,2,06,09,2,0,0,0,1,0,0,0,0
"POINT (13.794752725000023 51.132327615000065)",Unfall 134639 (2024) Kat:3, Licht: 0,134639,3,6,6,06,16,2,0,0,1,0,1,0,0,0
"POINT (13.881695082000022 50.994717904000026)",Unfall 134641 (2024) Kat:3, Licht: 1,134641,3,3,5,06,20,2,0,1,1,0,0,0,0,0
"POINT (13.703437954000037 51.088565929000026)",Unfall 134676 (2024) Kat:3, Licht: 0,134676,3,7,0,06,15,6,0,0,0,0,0,1,0,0
"POINT (13.715793474000066 51.037023522000027)",Unfall 134677 (2024) Kat:3, Licht: 0,134677,3,2,3,06,09,6,0,0,1,1,0,0,0,0
"POINT (13.758930200000066 51.079955243000029)",Unfall 134678 (2024) Kat:3, Licht: 0,134678,3,6,2,06,15,6,0,0,0,1,0,0,0,1
"POINT (13.693350185000043 51.011552248000044)",Unfall 134679 (2024) Kat:2, Licht: 0,134679,2,4,6,06,18,6,0,0,0,1,1,0,0,0
"POINT (13.689553642000021 51.067961377000074)",Unfall 134680 (2024) Kat:3, Licht: 0,134680,3,7,0,06,12,6,0,0,1,0,0,0,0,0
"POINT (13.718663757000058 51.039404082000033)",Unfall 134703 (2024) Kat:3, Licht: 0,134703,3,6,2,06,12,5,0,0,0,1,0,0,0,0
"POINT (13.709831136000048 51.057763115000057)",Unfall 134723 (2024) Kat:3, Licht: 0,134723,3,7,0,06,07,4,0,0,1,0,0,0,0,0
"POINT (13.694193499000050 51.043080644000042)",Unfall 134732 (2024) Kat:2, Licht: 0,134732,2,1,0,09,16,3,0,0,1,0,0,0,0,0
"POINT (13.732653587000073 51.029570258000035)",Unfall 134735 (2024) Kat:3, Licht: 0,134735,3,3,5,06,11,3,0,0,1,1,0,0,0,0
"POINT (13.755572172000029 51.076674415000070)",Unfall 134755 (2024) Kat:3, Licht: 0,134755,3,6,2,09,13,3,0,0,0,1,0,0,0,0
"POINT (13.768457291000061 51.019610100000079)",Unfall 134758 (2024) Kat:3, Licht: 0,134758,3,6,2,06,14,2,0,0,0,1,0,0,0,1
"POINT (13.706096882000054 51.046409517000029)",Unfall 134793 (2024) Kat:3, Licht: 2,134793,3,6,3,09,21,2,1,2,1,1,0,0,0,0
"POINT (13.809331607000047 51.152817560000074)",Unfall 134811 (2024) Kat:3, Licht: 0,134811,3,1,0,06,15,7,0,0,1,0,0,0,0,0
"POINT (13.805638831000067 50.993405372000041)",Unfall 134816 (2024) Kat:3, Licht: 0,134816,3,1,0,06,11,7,0,0,1,0,0,0,0,0
"POINT (13.748607928000069 51.128712617000076)",Unfall 134823 (2024) Kat:3, Licht: 0,134823,3,6,3,08,09,6,0,0,0,1,0,0,1,0
"POINT (13.678085750000037 51.049452490000078)",Unfall 134833 (2024) Kat:3, Licht: 2,134833,3,3,5,06,23,6,0,2,0,1,0,0,0,0
"POINT (13.720351526000059 51.051166775000070)",Unfall 134837 (2024) Kat:2, Licht: 1,134837,2,3,5,06,17,6,0,1,1,0,0,0,0,1
"POINT (13.704533533000074 51.040020968000078)",Unfall 134861 (2024) Kat:2, Licht: 1,134861,2,3,5,09,19,7,0,1,1,1,0,0,0,0
"POINT (13.793601370000033 51.129179986000054)",Unfall 134866 (2024) Kat:3, Licht: 0,134866,3,3,5,06,14,2,0,0,1,1,0,0,0,0
"POINT (13.707339777000072 51.051636474000077)",Unfall 134871 (2024) Kat:2, Licht: 0,134871,2,6,0,06,15,5,0,0,1,0,0,0,0,0
"POINT (13.707000674000028 51.041404216000046)",Unfall 134872 (2024) Kat:3, Licht: 0,134872,3,3,5,06,14,5,0,0,1,1,0,0,0,0
"POINT (13.727466624000044 51.084976062000067)",Unfall 134874 (2024) Kat:2, Licht: 0,134874,2,2,6,06,10,5,0,0,0,1,1,0,0,0
"POINT (13.721461931000022 51.091932361000033)",Unfall 134891 (2024) Kat:3, Licht: 0,134891,3,7,9,06,19,4,0,0,0,0,1,0,0,1
"POINT (13.689632592000066 51.068925260000071)",Unfall 134892 (2024) Kat:3, Licht: 0,134892,3,2,5,06,10,4,0,0,1,1,0,0,0,0
"POINT (13.826963910000075 51.062239418000047)",Unfall 134895 (2024) Kat:3, Licht: 0,134895,3,1,0,06,13,4,0,0,1,0,0,0,0,0
"POINT (13.839488527000071 51.062217509000050)",Unfall 134896 (2024) Kat:2, Licht: 0,134896,2,3,5,06,19,4,0,0,0,1,0,1,0,0
"POINT (13.791788189000044 51.125509660000034)",Unfall 134897 (2024) Kat:3, Licht: 2,134897,3,1,9,06,02,4,0,2,0,1,0,0,0,0
"POINT (13.755060584000034 51.062929592000046)",Unfall 134918 (2024) Kat:3, Licht: 0,134918,3,2,6,06,14,3,0,0,0,1,1,0,0,0
"POINT (13.729423043000054 51.083094439000035)",Unfall 134937 (2024) Kat:2, Licht: 0,134937,2,3,0,06,16,2,0,0,1,0,0,0,0,0
"POINT (13.733801033000077 51.061441761000026)",Unfall 134938 (2024) Kat:3, Licht: 0,134938,3,7,7,06,09,2,0,0,1,0,0,0,0,0
"POINT (13.702453478000052 51.090466946000049)",Unfall 134940 (2024) Kat:3, Licht: 0,134940,3,6,4,06,18,2,0,0,1,0,0,0,0,0
"POINT (13.668366559000049 51.072925730000065)",Unfall 134977 (2024) Kat:3, Licht: 1,134977,3,1,0,06,20,7,1,1,0,0,0,1,0,0
"POINT (13.724935116000040 51.043951718000073)",Unfall 134992 (2024) Kat:3, Licht: 0,134992,3,3,5,05,18,6,0,0,1,0,0,1,0,0
"POINT (13.740329574000043 51.110841695000033)",Unfall 135017 (2024) Kat:3, Licht: 0,135017,3,6,3,09,07,3,0,0,0,1,0,0,1,0
"POINT (13.765348523000057 51.021011841000075)",Unfall 135018 (2024) Kat:3, Licht: 0,135018,3,6,3,09,16,3,0,0,0,0,0,1,1,0
"POINT (13.787783592000039 51.116694328000051)",Unfall 135022 (2024) Kat:2, Licht: 0,135022,2,1,0,05,09,5,0,0,1,0,0,0,0,0
"POINT (13.765966360000050 51.006809792000070)",Unfall 135023 (2024) Kat:3, Licht: 0,135023,3,7,4,05,10,5,0,0,0,1,0,0,0,0
"POINT (13.769030468000039 51.117005492000033)",Unfall 135026 (2024) Kat:2, Licht: 2,135026,2,5,2,05,22,5,0,2,1,1,0,0,0,0
"POINT (13.823386705000075 51.057640057000071)",Unfall 135057 (2024) Kat:3, Licht: 0,135057,3,7,0,05,17,4,1,0,0,0,0,1,0,0
"POINT (13.783843241000056 51.009667535000062)",Unfall 135061 (2024) Kat:3, Licht: 0,135061,3,3,5,07,18,4,0,0,1,0,0,0,0,0
"POINT (13.690782183000067 51.061546118000081)",Unfall 135083 (2024) Kat:3, Licht: 0,135083,3,6,2,05,10,3,1,0,0,1,0,0,0,0
"POINT (13.755518920000043 51.076625682000042)",Unfall 135084 (2024) Kat:3, Licht: 0,135084,3,1,0,05,13,3,1,0,0,0,0,1,0,0
"POINT (13.721514777000039 51.091874193000081)",Unfall 135103 (2024) Kat:2, Licht: 0,135103,2,6,3,05,18,2,0,0,1,1,0,0,0,0
"POINT (13.723362607000070 51.055013222000071)",Unfall 135106 (2024) Kat:3, Licht: 0,135106,3,6,2,05,15,2,0,0,0,1,0,0,0,0
"POINT (13.826868120000029 51.058190246000038)",Unfall 135120 (2024) Kat:3, Licht: 0,135120,3,2,0,08,19,3,0,0,1,1,0,0,0,0
"POINT (13.696826589000068 51.043367475000082)",Unfall 135124 (2024) Kat:3, Licht: 0,135124,3,1,0,05,14,1,0,0,1,0,0,0,0,0
"POINT (13.806299612000032 50.992826981000064)",Unfall 135142 (2024) Kat:3, Licht: 0,135142,3,6,2,05,16,7,0,0,0,1,0,0,0,0
"POINT (13.717822772000034 51.102153645000044)",Unfall 135144 (2024) Kat:2, Licht: 0,135144,2,7,3,05,06,7,0,0,0,1,0,0,1,0
"POINT (13.739308570000048 51.073864541000034)",Unfall 135145 (2024) Kat:3, Licht: 0,135145,3,6,2,05,11,7,0,0,0,1,0,0,0,0
"POINT (13.795133355000075 51.000858804000075)",Unfall 135158 (2024) Kat:2, Licht: 0,135158,2,1,0,09,08,2,1,0,0,0,0,1,0,0
"POINT (13.762439084000050 51.085014815000079)",Unfall 135170 (2024) Kat:3, Licht: 0,135170,3,2,5,05,14,6,1,0,1,0,0,0,0,1
"POINT (13.836337435000075 51.088243750000061)",Unfall 135176 (2024) Kat:3, Licht: 1,135176,3,1,8,08,19,5,0,1,0,0,0,1,0,0
"POINT (13.723467904000074 51.089459305000048)",Unfall 135177 (2024) Kat:3, Licht: 0,135177,3,7,0,07,16,7,0,0,1,0,0,0,0,0
"POINT (13.773972837000031 51.066898773000048)",Unfall 135198 (2024) Kat:3, Licht: 0,135198,3,7,0,05,16,5,0,0,0,1,0,0,0,1
"POINT (13.737088257000039 51.063191190000055)",Unfall 135200 (2024) Kat:3, Licht: 2,135200,3,7,7,05,01,5,0,2,1,0,0,0,0,0
"POINT (13.731059747000074 51.034410677000039)",Unfall 135225 (2024) Kat:3, Licht: 0,135225,3,3,5,06,10,7,1,0,0,1,0,0,0,0
"POINT (13.773959446000049 51.066896307000036)",Unfall 135231 (2024) Kat:3, Licht: 0,135231,3,2,1,05,14,4,0,0,0,1,0,0,0,0
"POINT (13.852191129000062 51.061885681000035)",Unfall 135232 (2024) Kat:3, Licht: 0,135232,3,1,2,05,15,4,1,0,0,1,0,1,0,0
"POINT (13.680605407000030 51.062039088000063)",Unfall 135252 (2024) Kat:3, Licht: 0,135252,3,3,5,05,13,3,0,0,0,1,0,0,0,0
"POINT (13.756597498000076 51.077521693000051)",Unfall 135254 (2024) Kat:3, Licht: 0,135254,3,1,0,05,15,3,0,0,1,0,0,0,0,0
"POINT (13.729913656000065 51.060085895000043)",Unfall 135297 (2024) Kat:3, Licht: 0,135297,3,1,0,05,19,1,0,0,0,0,0,1,0,0
"POINT (13.703033351000045 51.089370877000079)",Unfall 135320 (2024) Kat:3, Licht: 0,135320,3,1,0,08,10,6,1,0,0,0,0,1,0,0
"POINT (13.781652585000074 51.011174136000079)",Unfall 135324 (2024) Kat:2, Licht: 0,135324,2,6,3,05,16,7,0,0,0,1,0,0,0,0
"POINT (13.742387820000033 51.064635091000071)",Unfall 135326 (2024) Kat:3, Licht: 0,135326,3,7,0,05,09,7,0,0,0,1,0,0,0,1
"POINT (13.745360359000074 51.049000274000036)",Unfall 135327 (2024) Kat:3, Licht: 0,135327,3,3,5,05,14,7,1,0,0,1,0,0,0,0
"POINT (13.806112804000065 50.992985678000082)",Unfall 135329 (2024) Kat:3, Licht: 0,135329,3,1,0,05,16,7,0,0,1,0,0,0,0,0
"POINT (13.807407828000066 50.992035586000043)",Unfall 135343 (2024) Kat:3, Licht: 0,135343,3,6,2,05,10,6,0,0,0,1,0,0,0,1
"POINT (13.714389354000048 51.079767378000042)",Unfall 135368 (2024) Kat:3, Licht: 0,135368,3,1,0,05,13,5,0,0,1,0,0,0,0,0
"POINT (13.746845127000029 51.064418615000079)",Unfall 135369 (2024) Kat:3, Licht: 0,135369,3,6,2,05,12,5,0,0,0,1,0,0,0,0
"POINT (13.697712380000041 51.059887363000030)",Unfall 135370 (2024) Kat:3, Licht: 0,135370,3,6,3,05,13,5,0,0,1,0,0,0,0,0
"POINT (13.719698283000071 51.094320687000049)",Unfall 135372 (2024) Kat:3, Licht: 0,135372,3,2,5,08,11,3,0,0,1,0,0,0,0,1
"POINT (13.745511718000046 51.049164359000031)",Unfall 135391 (2024) Kat:3, Licht: 0,135391,3,6,2,05,15,4,0,0,0,1,0,0,0,0
"POINT (13.736351792000050 51.063884702000053)",Unfall 135392 (2024) Kat:3, Licht: 0,135392,3,1,0,05,16,4,0,0,1,0,0,0,0,0
"POINT (13.750644257000033 51.071324966000077)",Unfall 135396 (2024) Kat:3, Licht: 0,135396,3,7,6,05,17,4,0,0,0,0,1,0,1,0
"POINT (13.747499839000056 51.051619393000067)",Unfall 135397 (2024) Kat:3, Licht: 2,135397,3,3,5,05,22,4,0,2,0,1,0,0,0,0
"POINT (13.729865557000039 51.082656942000028)",Unfall 135414 (2024) Kat:3, Licht: 0,135414,3,3,5,08,14,3,0,0,1,1,0,0,0,0
"POINT (13.726032726000028 51.057021385000041)",Unfall 135428 (2024) Kat:3, Licht: 0,135428,3,3,5,10,09,3,1,0,1,0,0,0,0,0
"POINT (13.822083630000066 51.063589447000027)",Unfall 135458 (2024) Kat:3, Licht: 0,135458,3,7,6,05,10,2,0,0,0,1,1,0,0,0
"POINT (13.748601948000044 51.171201482000072)",Unfall 135459 (2024) Kat:2, Licht: 0,135459,2,6,1,05,08,2,0,0,0,1,0,0,1,0
"POINT (13.761519896000038 51.022566051000069)",Unfall 135460 (2024) Kat:2, Licht: 0,135460,2,3,5,05,14,2,0,0,1,0,0,0,0,0
"POINT (13.685719505000066 51.021762792000061)",Unfall 135463 (2024) Kat:2, Licht: 2,135463,2,7,7,05,21,2,0,2,1,0,0,0,0,0
"POINT (13.839436324000076 51.058491775000050)",Unfall 135485 (2024) Kat:3, Licht: 0,135485,3,7,8,07,18,1,0,0,0,1,0,0,0,0
"POINT (13.718968719000031 51.076556914000037)",Unfall 135493 (2024) Kat:3, Licht: 0,135493,3,1,0,05,18,7,0,0,0,0,0,1,0,0
"POINT (13.690051715000038 51.074695350000070)",Unfall 135502 (2024) Kat:3, Licht: 1,135502,3,6,9,09,19,5,0,1,0,1,0,0,1,0
"POINT (13.672257937000040 51.050255717000027)",Unfall 135505 (2024) Kat:3, Licht: 0,135505,3,2,5,05,12,6,0,0,1,1,0,0,0,0
"POINT (13.715894773000059 51.077958467000030)",Unfall 135506 (2024) Kat:3, Licht: 2,135506,3,1,0,05,22,6,0,2,1,0,0,0,0,0
"POINT (13.735730365000052 51.099702484000034)",Unfall 135507 (2024) Kat:3, Licht: 0,135507,3,3,0,07,06,2,0,0,1,1,0,0,0,0
"POINT (13.740786326000034 51.058138508000070)",Unfall 135508 (2024) Kat:3, Licht: 0,135508,3,7,0,07,13,2,0,0,1,0,0,0,0,0
"POINT (13.712328446000072 51.039280847000043)",Unfall 135517 (2024) Kat:3, Licht: 2,135517,3,7,0,07,02,3,0,2,0,0,0,0,0,1
"POINT (13.725345034000043 51.087265177000063)",Unfall 135519 (2024) Kat:3, Licht: 0,135519,3,5,1,09,15,6,0,0,1,1,0,0,0,0
"POINT (13.707001753000043 51.041403764000052)",Unfall 135520 (2024) Kat:3, Licht: 0,135520,3,3,5,09,13,2,0,0,1,1,0,0,0,0
"POINT (13.739370025000028 51.079167011000038)",Unfall 135534 (2024) Kat:2, Licht: 0,135534,2,7,0,05,10,5,0,0,1,0,0,0,0,0
"POINT (13.767877238000040 51.017152696000039)",Unfall 135544 (2024) Kat:3, Licht: 0,135544,3,3,5,09,09,2,1,0,0,1,0,0,0,1
"POINT (13.614217817000053 51.038302186000067)",Unfall 135565 (2024) Kat:3, Licht: 0,135565,3,6,2,05,16,4,0,0,0,1,0,0,0,0
"POINT (13.727517134000038 51.084925926000039)",Unfall 135566 (2024) Kat:3, Licht: 0,135566,3,2,5,05,10,4,0,0,1,1,0,0,0,0
"POINT (13.731750261000059 51.126389947000064)",Unfall 135567 (2024) Kat:2, Licht: 0,135567,2,4,6,05,16,4,0,0,0,1,1,0,0,1
"POINT (13.727772778000030 51.084672054000066)",Unfall 135580 (2024) Kat:2, Licht: 0,135580,2,6,3,09,14,5,0,0,1,1,0,0,0,0
"POINT (13.761054174000037 51.063894108000056)",Unfall 135597 (2024) Kat:3, Licht: 0,135597,3,1,2,05,17,3,0,0,1,1,0,0,0,0
"POINT (13.761194232000037 51.083222498000055)",Unfall 135599 (2024) Kat:3, Licht: 0,135599,3,7,0,05,20,3,0,0,1,0,0,0,0,0
"POINT (13.644730139000046 51.085352229000080)",Unfall 135628 (2024) Kat:3, Licht: 0,135628,3,2,4,05,08,2,0,0,0,1,0,0,0,0
"POINT (13.720410538000067 51.049955469000054)",Unfall 135630 (2024) Kat:3, Licht: 0,135630,3,6,3,05,08,2,0,0,0,1,0,0,0,0
"POINT (13.733213257000045 51.039030571000069)",Unfall 135631 (2024) Kat:3, Licht: 0,135631,3,6,3,05,13,2,0,0,0,1,0,0,0,0
"POINT (13.743458028000077 51.047592665000082)",Unfall 135632 (2024) Kat:3, Licht: 0,135632,3,3,5,05,11,2,1,0,1,1,0,0,0,0
"POINT (13.764710895000064 51.119882167000071)",Unfall 135633 (2024) Kat:3, Licht: 0,135633,3,6,2,05,16,2,1,0,0,1,0,0,0,0
"POINT (13.766550615000028 51.094038663000049)",Unfall 135648 (2024) Kat:2, Licht: 0,135648,2,7,0,05,13,1,0,0,1,0,0,0,0,0
"POINT (13.789652253000042 51.067183793000027)",Unfall 135649 (2024) Kat:3, Licht: 0,135649,3,6,2,07,15,1,0,0,0,1,0,1,0,0
"POINT (13.776718955000035 51.111016581000058)",Unfall 135659 (2024) Kat:3, Licht: 0,135659,3,1,0,05,10,7,0,0,1,0,0,0,0,0
"POINT (13.822674101000075 51.063451330000078)",Unfall 135669 (2024) Kat:3, Licht: 0,135669,3,6,2,08,15,6,0,0,0,1,0,0,0,0
"POINT (13.734039955000071 51.074938061000069)",Unfall 135688 (2024) Kat:3, Licht: 0,135688,3,7,2,05,14,6,0,0,0,1,0,0,0,0
"POINT (13.842661982000038 51.126405570000031)",Unfall 135689 (2024) Kat:2, Licht: 0,135689,2,2,5,05,14,6,0,0,1,1,0,0,0,0
"POINT (13.724935887000072 51.043951417000073)",Unfall 135697 (2024) Kat:3, Licht: 0,135697,3,3,5,07,14,4,0,0,1,1,0,0,0,0
"POINT (13.690029792000075 51.063088226000048)",Unfall 135709 (2024) Kat:3, Licht: 0,135709,3,7,2,05,10,5,0,0,0,0,0,1,0,1
"POINT (13.821136027000023 51.063814934000050)",Unfall 135710 (2024) Kat:3, Licht: 0,135710,3,4,6,05,19,5,0,0,0,1,1,0,0,0
"POINT (13.720640915000047 51.075854475000028)",Unfall 135712 (2024) Kat:3, Licht: 2,135712,3,1,0,09,19,3,1,2,0,0,0,1,0,0
"POINT (13.729870382000058 51.082652126000028)",Unfall 135713 (2024) Kat:3, Licht: 0,135713,3,3,5,05,10,5,0,0,0,1,0,1,0,0
"POINT (13.705045651000034 51.044467752000060)",Unfall 135724 (2024) Kat:3, Licht: 0,135724,3,3,5,06,18,5,1,0,1,1,0,0,0,0
"POINT (13.738830822000068 51.028977767000072)",Unfall 135730 (2024) Kat:3, Licht: 0,135730,3,2,5,05,10,4,0,0,1,1,0,0,0,0
"POINT (13.693157775000032 51.081712856000081)",Unfall 135731 (2024) Kat:3, Licht: 0,135731,3,2,5,05,18,4,0,0,1,1,0,0,0,0
"POINT (13.724343001000022 51.055745320000028)",Unfall 135745 (2024) Kat:3, Licht: 2,135745,3,1,9,09,04,1,0,2,0,1,0,0,0,0
"POINT (13.728995570000052 51.059300940000071)",Unfall 135770 (2024) Kat:3, Licht: 0,135770,3,3,5,04,19,3,0,0,1,1,0,0,0,0
"POINT (13.611893615000042 51.044567398000027)",Unfall 135771 (2024) Kat:3, Licht: 0,135771,3,1,4,04,07,3,0,0,1,1,0,0,0,0
"POINT (13.753408315000058 51.158017258000029)",Unfall 135776 (2024) Kat:3, Licht: 0,135776,3,1,4,04,10,3,0,0,0,1,0,0,0,0
"POINT (13.758964486000025 51.080003533000081)",Unfall 135777 (2024) Kat:3, Licht: 0,135777,3,3,5,04,17,3,0,0,0,1,0,0,0,1
"POINT (13.764387915000043 51.120096974000035)",Unfall 135813 (2024) Kat:3, Licht: 0,135813,3,3,5,04,14,2,0,0,1,1,0,0,0,0
"POINT (13.735472053000024 51.073013999000068)",Unfall 135815 (2024) Kat:3, Licht: 0,135815,3,2,5,04,08,2,0,0,1,1,0,0,0,0
"POINT (13.777631674000077 51.012834797000039)",Unfall 135835 (2024) Kat:3, Licht: 0,135835,3,4,6,06,15,7,0,0,0,1,1,0,0,0
"POINT (13.768257271000039 51.015701439000054)",Unfall 135840 (2024) Kat:3, Licht: 0,135840,3,3,5,09,13,6,0,0,1,1,0,0,0,0
"POINT (13.702999661000035 51.089437945000043)",Unfall 135841 (2024) Kat:3, Licht: 0,135841,3,1,0,04,17,1,0,0,1,0,0,0,0,0