WKT,Name,OBJECTID,UKATEGORIE,UTYP1,UART,UMONAT,USTUNDE,UWOCHENTAG,STRZUSTAND,ULICHTVERH,ISTRAD,ISTPKW,ISTFUSS,ISTKRAD,ISTGKFZ,ISTSONSTIG
"POINT (13.749153228000068 51.130456850000030)",Unfall 137745 (2024) Kat:2, Licht: 2,137745,2,6,3,12,06,5,0,2,0,1,0,0,1,0
"POINT (13.742003893000060 51.064676729000041)",Unfall 137746 (2024) Kat:3, Licht: 2,137746,3,1,0,12,01,5,0,2,1,0,0,0,0,0
"POINT (13.765025266000066 51.091522288000078)",Unfall 137761 (2024) Kat:3, Licht: 0,137761,3,1,0,12,14,4,1,0,0,0,0,1,0,0
"POINT (13.742199295000034 51.064656315000036)",Unfall 137783 (2024) Kat:3, Licht: 0,137783,3,7,5,12,09,3,1,0,0,0,0,0,0,1
"POINT (13.761372648000076 51.083481379000034)",Unfall 137785 (2024) Kat:2, Licht: 0,137785,2,1,0,12,07,3,1,0,0,0,0,1,0,0
"POINT (13.863276387000042 51.103662912000061)",Unfall 137848 (2024) Kat:2, Licht: 0,137848,2,1,9,12,14,6,1,0,0,1,0,0,0,0
"POINT (13.758988143000067 51.080038174000038)",Unfall 137849 (2024) Kat:3, Licht: 0,137849,3,6,2,12,07,6,1,0,0,1,0,0,0,0
"POINT (13.662540453000076 51.049520835000067)",Unfall 137862 (2024) Kat:2, Licht: 2,137862,2,4,6,12,21,2,0,2,0,1,1,0,0,0
"POINT (13.736849472000074 51.029200475000039)",Unfall 137878 (2024) Kat:3, Licht: 2,137878,3,6,6,12,19,5,1,2,1,0,1,0,0,0
"POINT (13.742256109000039 51.112761886000044)",Unfall 137879 (2024) Kat:2, Licht: 2,137879,2,6,3,12,05,5,0,2,0,1,0,0,1,0
"POINT (13.702336373000037 51.043737532000080)",Unfall 137909 (2024) Kat:3, Licht: 0,137909,3,2,0,12,11,4,1,0,0,1,0,0,0,1
"POINT (13.768444436000038 51.008305591000067)",Unfall 137919 (2024) Kat:2, Licht: 2,137919,2,7,6,12,17,7,1,2,0,1,1,0,0,0
"POINT (13.695616706000067 51.043240082000068)",Unfall 137934 (2024) Kat:3, Licht: 0,137934,3,2,5,12,11,3,1,0,1,1,0,0,0,0
"POINT (13.777816771000062 51.012902803000031)",Unfall 137935 (2024) Kat:3, Licht: 0,137935,3,3,1,12,10,3,0,0,1,1,0,0,0,0
"POINT (13.732282249000036 51.060971337000069)",Unfall 137936 (2024) Kat:3, Licht: 2,137936,3,6,2,12,18,3,0,2,0,1,0,0,0,0
"POINT (13.819695825000053 51.056374204000065)",Unfall 137937 (2024) Kat:3, Licht: 0,137937,3,1,0,12,07,3,1,0,1,0,0,0,0,0
"POINT (13.890603963000046 51.064770491000047)",Unfall 137944 (2024) Kat:2, Licht: 1,137944,2,1,4,12,07,5,0,1,0,1,0,0,0,0
"POINT (13.762466518000053 51.085055792000048)",Unfall 137963 (2024) Kat:2, Licht: 2,137963,2,3,0,12,17,2,1,2,1,1,0,0,0,0
"POINT (13.830933720000075 51.061899109000080)",Unfall 137964 (2024) Kat:3, Licht: 2,137964,3,4,6,12,06,2,1,2,0,1,1,0,0,0
"POINT (13.668329028000073 51.073000183000033)",Unfall 137985 (2024) Kat:2, Licht: 2,137985,2,2,5,11,18,7,0,2,0,1,0,0,0,1
"POINT (13.699989749000054 51.096471249000047)",Unfall 137986 (2024) Kat:3, Licht: 2,137986,3,6,3,11,19,7,0,2,0,1,0,0,1,0
"POINT (13.678075277000062 51.049455090000038)",Unfall 138009 (2024) Kat:3, Licht: 1,138009,3,3,5,11,22,6,0,1,0,1,0,0,0,0
"POINT (13.746814888000074 51.063852417000078)",Unfall 138011 (2024) Kat:3, Licht: 0,138011,3,6,1,11,14,6,1,0,0,1,0,0,0,0
"POINT (13.756659672000069 51.063176505000058)",Unfall 138012 (2024) Kat:3, Licht: 0,138012,3,7,0,11,07,6,1,0,1,0,0,0,0,0
"POINT (13.878438407000033 51.059960462000049)",Unfall 138013 (2024) Kat:3, Licht: 0,138013,3,2,2,11,09,6,0,0,0,1,0,0,0,0
"POINT (13.747281182000052 51.123523590000048)",Unfall 138014 (2024) Kat:3, Licht: 2,138014,3,6,2,11,17,6,0,2,0,1,0,0,0,0
"POINT (13.762174826000034 51.120115927000029)",Unfall 138050 (2024) Kat:3, Licht: 2,138050,3,3,5,11,17,5,1,2,1,1,0,0,0,0
"POINT (13.703558990000033 51.043705500000044)",Unfall 138062 (2024) Kat:2, Licht: 0,138062,2,6,6,11,09,4,0,0,1,0,1,0,0,0
"POINT (13.741286407000075 51.057641966000062)",Unfall 138063 (2024) Kat:3, Licht: 2,138063,3,1,6,11,19,4,0,2,1,0,1,0,0,0
"POINT (13.729952026000035 51.082570651000026)",Unfall 138082 (2024) Kat:3, Licht: 2,138082,3,7,6,11,19,3,0,2,1,0,1,0,0,0
"POINT (13.724425849000056 51.033035649000055)",Unfall 138083 (2024) Kat:3, Licht: 0,138083,3,1,0,11,09,3,1,0,1,0,0,0,0,0
"POINT (13.690674307000052 51.078318342000046)",Unfall 138084 (2024) Kat:3, Licht: 2,138084,3,2,6,11,06,3,1,2,0,1,1,0,0,0
"POINT (13.706513066000070 51.028702047000081)",Unfall 138123 (2024) Kat:3, Licht: 0,138123,3,3,5,11,08,1,1,0,1,1,0,0,0,0
"POINT (13.835621805000073 51.125567115000081)",Unfall 138124 (2024) Kat:3, Licht: 2,138124,3,1,8,11,17,1,0,2,0,1,0,0,0,0
"POINT (13.863134996000042 51.103620738000075)",Unfall 138138 (2024) Kat:3, Licht: 0,138138,3,1,4,11,09,7,2,0,0,1,0,0,0,0
"POINT (13.819049964000044 51.051781223000035)",Unfall 138162 (2024) Kat:3, Licht: 0,138162,3,2,2,11,07,6,1,0,0,1,0,0,0,0
"POINT (13.610654315000033 51.037599634000060)",Unfall 138164 (2024) Kat:3, Licht: 0,138164,3,3,5,11,10,6,1,0,0,1,0,0,0,0
"POINT (13.784709275000068 51.008861021000030)",Unfall 138176 (2024) Kat:3, Licht: 2,138176,3,3,5,12,16,7,0,2,1,1,0,0,0,0
"POINT (13.719667574000027 51.094404447000045)",Unfall 138178 (2024) Kat:3, Licht: 0,138178,3,2,6,11,09,5,1,0,0,1,1,0,0,0
"POINT (13.735137117000022 51.061990457000036)",Unfall 138179 (2024) Kat:3, Licht: 2,138179,3,1,8,11,18,5,1,2,0,1,0,0,0,0
"POINT (13.693648491000033 51.012040476000038)",Unfall 138189 (2024) Kat:3, Licht: 0,138189,3,7,4,11,14,4,1,0,1,1,0,0,0,0
"POINT (13.751397464000036 51.063026930000035)",Unfall 138217 (2024) Kat:3, Licht: 0,138217,3,2,5,11,13,3,0,0,1,1,0,0,0,0
"POINT (13.734397992000027 51.065523566000081)",Unfall 138218 (2024) Kat:3, Licht: 2,138218,3,2,5,11,16,3,0,2,1,1,0,0,0,0
"POINT (13.610633010000072 51.037596117000078)",Unfall 138219 (2024) Kat:3, Licht: 2,138219,3,6,2,11,17,3,1,2,0,1,0,0,0,0
"POINT (13.816799115000038 50.987138595000033)",Unfall 138220 (2024) Kat:3, Licht: 0,138220,3,3,5,11,09,3,1,0,0,1,0,0,0,0
"POINT (13.792387834000067 51.127223676000028)",Unfall 138225 (2024) Kat:3, Licht: 2,138225,3,1,9,12,05,2,1,2,0,1,0,0,0,0
"POINT (13.604992069000048 51.062879461000080)",Unfall 138248 (2024) Kat:3, Licht: 2,138248,3,6,3,11,17,2,0,2,0,1,0,0,1,0
"POINT (13.720859496000060 51.092589110000063)",Unfall 138249 (2024) Kat:3, Licht: 2,138249,3,1,0,11,17,2,0,2,1,0,0,0,0,0
"POINT (13.738641319000067 51.068391370000029)",Unfall 138284 (2024) Kat:3, Licht: 2,138284,3,1,0,11,23,6,0,2,0,0,0,0,0,1
"POINT (13.782124558000078 51.113417219000041)",Unfall 138285 (2024) Kat:3, Licht: 0,138285,3,3,0,11,09,6,1,0,1,1,0,0,0,0
"POINT (13.711018153000055 51.100398629000040)",Unfall 138305 (2024) Kat:3, Licht: 2,138305,3,6,2,12,16,7,0,2,0,1,0,0,0,0
"POINT (13.653892803000076 51.067847508000057)",Unfall 138312 (2024) Kat:3, Licht: 0,138312,3,1,0,11,06,5,2,0,1,0,0,0,0,0
"POINT (13.802875720000031 50.986338864000061)",Unfall 138313 (2024) Kat:2, Licht: 0,138313,2,1,4,11,07,5,1,0,0,1,0,0,0,0
"POINT (13.728092028000049 51.043323854000050)",Unfall 138314 (2024) Kat:3, Licht: 0,138314,3,1,8,11,09,5,1,0,0,0,0,1,0,0
"POINT (13.605635545000041 51.093921907000038)",Unfall 138317 (2024) Kat:2, Licht: 1,138317,2,1,4,11,06,5,2,1,0,1,0,0,0,0
"POINT (13.762288563000027 51.120172471000046)",Unfall 138340 (2024) Kat:3, Licht: 2,138340,3,3,5,11,05,4,0,2,1,1,0,0,0,0
"POINT (13.803662211000074 50.995365827000057)",Unfall 138358 (2024) Kat:2, Licht: 2,138358,2,3,5,11,03,3,1,2,0,1,0,0,0,0
"POINT (13.747498153000038 51.051617006000072)",Unfall 138385 (2024) Kat:3, Licht: 2,138385,3,6,2,11,05,2,1,2,1,1,0,0,0,0
"POINT (13.738277877000030 51.063919074000069)",Unfall 138419 (2024) Kat:3, Licht: 0,138419,3,2,5,11,11,7,0,0,1,1,0,0,0,0
"POINT (13.689556575000040 51.069611057000031)",Unfall 138437 (2024) Kat:3, Licht: 0,138437,3,6,2,11,12,6,0,0,0,1,0,0,0,0
"POINT (13.596903391000069 51.062399916000061)",Unfall 138459 (2024) Kat:3, Licht: 0,138459,3,6,2,11,10,1,0,0,0,1,0,0,0,1
"POINT (13.728589691000025 51.070868741000027)",Unfall 138464 (2024) Kat:3, Licht: 1,138464,3,6,2,11,17,4,0,1,0,1,0,0,0,1
"POINT (13.727876623000043 51.060197131000052)",Unfall 138465 (2024) Kat:3, Licht: 2,138465,3,1,0,11,20,4,1,2,1,0,0,0,0,0
"POINT (13.770262352000032 51.102609274000031)",Unfall 138490 (2024) Kat:3, Licht: 0,138490,3,4,6,11,15,3,0,0,0,0,1,0,0,1
"POINT (13.799764877000030 50.998362758000042)",Unfall 138491 (2024) Kat:3, Licht: 0,138491,3,4,6,11,10,3,0,0,0,1,1,0,0,0
"POINT (13.721534248000069 51.047208283000032)",Unfall 138503 (2024) Kat:3, Licht: 0,138503,3,2,2,11,07,6,1,0,0,1,0,0,1,0
"POINT (13.860266623000030 51.043127397000035)",Unfall 138510 (2024) Kat:3, Licht: 0,138510,3,3,3,11,15,2,0,0,0,1,0,0,0,0
"POINT (13.707676701000025 51.058434252000040)",Unfall 138511 (2024) Kat:3, Licht: 1,138511,3,1,0,11,06,2,0,1,1,0,0,0,0,0
"POINT (13.854857085000049 51.061885160000031)",Unfall 138521 (2024) Kat:3, Licht: 0,138521,3,1,0,11,11,1,0,0,0,0,0,0,0,1
"POINT (13.721022332000075 51.048223662000055)",Unfall 138522 (2024) Kat:3, Licht: 2,138522,3,6,2,11,17,1,0,2,0,1,0,1,0,0
"POINT (13.712002916000074 51.102945726000030)",Unfall 138531 (2024) Kat:3, Licht: 0,138531,3,6,6,12,15,2,0,0,0,1,1,0,0,0
"POINT (13.876148547000071 51.060286076000068)",Unfall 138548 (2024) Kat:3, Licht: 0,138548,3,3,5,11,12,6,0,0,1,1,0,0,0,0
"POINT (13.866788146000033 51.134496234000039)",Unfall 138549 (2024) Kat:3, Licht: 0,138549,3,1,0,11,12,6,0,0,1,0,0,0,0,0
"POINT (13.734270629000036 51.040335607000031)",Unfall 138564 (2024) Kat:2, Licht: 2,138564,2,4,6,10,00,5,1,2,0,1,1,0,0,0
"POINT (13.705521571000077 51.045978668000032)",Unfall 138565 (2024) Kat:3, Licht: 0,138565,3,6,3,10,12,5,0,0,0,1,0,1,0,0
"POINT (13.660103171000060 51.049231539000061)",Unfall 138588 (2024) Kat:3, Licht: 2,138588,3,6,6,10,18,4,1,2,1,0,1,0,0,0
"POINT (13.703528038000059 51.034583229000077)",Unfall 138589 (2024) Kat:3, Licht: 2,138589,3,2,6,10,21,4,1,2,0,1,1,0,0,0
"POINT (13.714696050000043 51.079361528000049)",Unfall 138590 (2024) Kat:2, Licht: 2,138590,2,1,0,10,05,4,1,2,1,0,0,0,0,0
"POINT (13.734249621000060 51.029353557000036)",Unfall 138592 (2024) Kat:3, Licht: 0,138592,3,1,0,10,09,4,1,0,1,0,0,0,0,0
"POINT (13.863545569000053 51.065932821000047)",Unfall 138593 (2024) Kat:2, Licht: 0,138593,2,7,7,11,14,6,0,0,1,0,0,0,0,0
"POINT (13.693135796000035 51.081816795000066)",Unfall 138594 (2024) Kat:3, Licht: 0,138594,3,3,5,10,09,4,1,0,0,1,0,0,0,1
"POINT (13.739148632000024 51.065740076000054)",Unfall 138595 (2024) Kat:3, Licht: 1,138595,3,1,0,10,06,4,1,1,0,0,0,1,0,0
"POINT (13.724293542000055 51.043304604000070)",Unfall 138597 (2024) Kat:3, Licht: 0,138597,3,4,6,10,14,4,0,0,1,0,1,0,0,0
"POINT (13.690501842000060 51.061613511000076)",Unfall 138598 (2024) Kat:3, Licht: 0,138598,3,7,1,10,07,4,1,0,1,0,0,0,1,0
"POINT (13.615118969000036 51.038552907000053)",Unfall 138624 (2024) Kat:3, Licht: 2,138624,3,6,2,12,18,3,1,2,0,1,0,0,0,1
"POINT (13.710424884000076 51.021738279000033)",Unfall 138626 (2024) Kat:3, Licht: 0,138626,3,4,6,10,15,3,0,0,0,1,1,0,0,0
"POINT (13.683480963000022 51.076932882000051)",Unfall 138627 (2024) Kat:3, Licht: 0,138627,3,6,2,10,14,3,0,0,0,1,0,0,0,0
"POINT (13.744982697000069 51.117377610000062)",Unfall 138632 (2024) Kat:3, Licht: 2,138632,3,6,2,12,06,6,0,2,0,1,0,0,0,0
"POINT (13.690159345000041 51.073366252000028)",Unfall 138650 (2024) Kat:3, Licht: 1,138650,3,3,5,10,16,2,0,1,1,1,0,0,0,0
"POINT (13.844385565000039 51.061895480000032)",Unfall 138651 (2024) Kat:3, Licht: 0,138651,3,6,1,10,08,2,0,0,0,1,0,0,1,0
"POINT (13.749018292000073 51.130016358000034)",Unfall 138652 (2024) Kat:3, Licht: 0,138652,3,6,3,10,10,2,0,0,0,1,0,0,1,0
"POINT (13.800805571000069 51.166167852000058)",Unfall 138653 (2024) Kat:3, Licht: 0,138653,3,6,2,10,06,2,1,0,0,1,0,0,0,0
"POINT (13.681248891000052 51.061853336000070)",Unfall 138655 (2024) Kat:2, Licht: 1,138655,2,2,5,10,16,2,0,1,0,0,0,1,0,0
"POINT (13.799909876000072 50.998458607000032)",Unfall 138701 (2024) Kat:3, Licht: 0,138701,3,4,6,10,16,7,0,0,1,0,1,0,0,0
"POINT (13.732443682000053 51.061022017000028)",Unfall 138703 (2024) Kat:3, Licht: 0,138703,3,6,2,10,16,7,0,0,0,1,0,0,0,0
"POINT (13.719715040000040 51.035149015000059)",Unfall 138707 (2024) Kat:3, Licht: 0,138707,3,6,2,11,15,2,0,0,0,1,0,1,0,0
"POINT (13.768211072000042 51.019914122000046)",Unfall 138742 (2024) Kat:3, Licht: 0,138742,3,7,0,10,15,6,0,0,1,0,0,0,0,0
"POINT (13.798803690000057 51.065951955000060)",Unfall 138743 (2024) Kat:2, Licht: 2,138743,2,1,8,10,22,6,0,2,1,0,0,0,0,0
"POINT (13.702309109000055 51.043738245000043)",Unfall 138744 (2024) Kat:3, Licht: 2,138744,3,1,0,10,02,6,0,2,1,0,0,0,0,0
"POINT (13.662693766000075 51.049531458000047)",Unfall 138765 (2024) Kat:2, Licht: 0,138765,2,3,5,10,14,5,0,0,1,1,0,0,0,0
"POINT (13.746644682000067 51.057175884000060)",Unfall 138769 (2024) Kat:3, Licht: 0,138769,3,3,5,10,14,5,0,0,1,1,0,0,0,0
"POINT (13.740316928000027 51.064690844000040)",Unfall 138770 (2024) Kat:3, Licht: 0,138770,3,2,2,10,15,5,0,0,1,1,0,0,0,0
"POINT (13.720936472000062 51.041379241000072)",Unfall 138801 (2024) Kat:3, Licht: 0,138801,3,4,6,10,16,4,0,0,1,0,1,0,0,0
"POINT (13.741529370000023 51.064719755000056)",Unfall 138802 (2024) Kat:3, Licht: 0,138802,3,7,0,10,12,4,0,0,0,0,1,0,0,1
"POINT (13.670841238000037 51.071388687000081)",Unfall 138816 (2024) Kat:3, Licht: 0,138816,3,3,5,10,13,3,0,0,1,1,0,0,0,0
"POINT (13.710625780000044 51.083558762000052)",Unfall 138833 (2024) Kat:3, Licht: 0,138833,3,7,1,10,16,2,0,0,0,1,0,0,0,0
"POINT (13.719201503000022 51.076465652000081)",Unfall 138834 (2024) Kat:3, Licht: 0,138834,3,3,0,10,12,2,0,0,0,1,0,1,0,0
"POINT (13.693569974000070 51.108854820000033)",Unfall 138835 (2024) Kat:2, Licht: 0,138835,2,3,5,10,17,2,0,0,1,1,0,0,0,0
"POINT (13.777340842000058 51.111296114000027)",Unfall 138843 (2024) Kat:3, Licht: 2,138843,3,3,5,11,21,7,0,2,1,1,0,0,0,0
"POINT (13.697758481000051 51.043470839000065)",Unfall 138849 (2024) Kat:3, Licht: 0,138849,3,4,6,10,14,1,0,0,0,1,1,0,0,0
"POINT (13.671120716000075 51.016741469000067)",Unfall 138850 (2024) Kat:3, Licht: 0,138850,3,2,2,10,15,1,0,0,0,1,0,0,0,0
"POINT (13.692903101000070 51.080169501000057)",Unfall 138866 (2024) Kat:3, Licht: 2,138866,3,7,8,12,01,6,0,2,0,1,0,0,0,0
"POINT (13.760412957000028 51.082081831000039)",Unfall 138893 (2024) Kat:3, Licht: 0,138893,3,1,0,10,08,6,0,0,0,0,0,0,0,1
"POINT (13.729336609000029 51.059774398000059)",Unfall 138912 (2024) Kat:3, Licht: 0,138912,3,7,0,10,17,5,0,0,0,1,0,0,0,0
"POINT (13.739980233000040 51.045154841000056)",Unfall 138914 (2024) Kat:3, Licht: 2,138914,3,7,0,10,22,5,0,2,1,0,0,0,0,0
"POINT (13.729006322000032 51.059293320000052)",Unfall 138936 (2024) Kat:3, Licht: 0,138936,3,6,1,10,14,4,0,0,0,1,0,0,0,0
"POINT (13.723691242000029 51.055265841000050)",Unfall 138937 (2024) Kat:3, Licht: 0,138937,3,6,2,10,11,4,0,0,0,1,0,0,0,1
"POINT (13.771576160000052 51.015747565000026)",Unfall 138952 (2024) Kat:3, Licht: 1,138952,3,3,5,10,07,6,0,1,1,1,0,0,0,0
"POINT (13.828779406000024 51.058545113000037)",Unfall 138961 (2024) Kat:3, Licht: 0,138961,3,2,5,10,16,3,0,0,1,1,0,0,0,0
"POINT (13.611936549000063 51.064474886000028)",Unfall 138962 (2024) Kat:3, Licht: 0,138962,3,6,2,10,16,3,0,0,0,1,0,0,0,0
"POINT (13.805622146000076 50.993420566000054)",Unfall 138963 (2024) Kat:2, Licht: 0,138963,2,6,2,10,14,3,0,0,0,1,0,0,0,0
"POINT (13.692878895000035 51.081787733000056)",Unfall 138964 (2024) Kat:3, Licht: 0,138964,3,6,2,11,11,7,0,0,0,1,0,0,0,0
"POINT (13.721769367000036 51.034132240000076)",Unfall 138974 (2024) Kat:3, Licht: 0,138974,3,2,5,10,11,5,0,0,1,0,0,0,0,0
"POINT (13.733260254000072 51.039088101000061)",Unfall 138988 (2024) Kat:3, Licht: 0,138988,3,4,6,10,17,2,0,0,0,1,1,0,0,0
"POINT (13.723474043000067 51.055101804000060)",Unfall 138991 (2024) Kat:3, Licht: 0,138991,3,6,2,10,14,2,0,0,0,1,0,0,0,0
"POINT (13.729462026000022 51.020875331000070)",Unfall 139001 (2024) Kat:3, Licht: 2,139001,3,7,0,10,00,1,0,2,1,0,0,0,0,0
"POINT (13.797001311000031 51.075220448000039)",Unfall 139003 (2024) Kat:3, Licht: 1,139003,3,1,0,10,18,1,0,1,1,0,0,0,0,0
"POINT (13.786447731000067 51.068319785000028)",Unfall 139004 (2024) Kat:3, Licht: 0,139004,3,6,3,10,14,1,0,0,0,1,0,0,0,0
"POINT (13.741396238000050 51.023606579000045)",Unfall 249438 (2024) Kat:3, Licht: 0,249438,3,2,6,03,15,6,0,0,0,1,1,0,0,0
"POINT (13.765248380000060 51.046950673000026)",Unfall 249439 (2024) Kat:3, Licht: 0,249439,3,2,6,03,16,6,0,0,0,1,1,0,0,0
"POINT (13.785316861000069 51.035956659000078)",Unfall 249440 (2024) Kat:3, Licht: 0,249440,3,3,5,03,15,6,0,0,1,1,0,0,0,0
"POINT (13.809293385000046 51.028430831000037)",Unfall 249441 (2024) Kat:2, Licht: 0,249441,2,4,6,03,08,6,0,0,0,1,1,0,0,0
"POINT (13.741545117000044 51.043297297000038)",Unfall 249442 (2024) Kat:3, Licht: 0,249442,3,3,5,03,12,6,0,0,1,1,0,0,0,0
"POINT (13.749598933000073 51.033583502000056)",Unfall 249443 (2024) Kat:3, Licht: 0,249443,3,2,5,03,08,6,0,0,1,1,0,0,0,0
"POINT (13.754997102000061 51.045961712000064)",Unfall 249444 (2024) Kat:3, Licht: 2,249444,3,4,6,03,22,6,0,2,0,0,1,1,0,0
"POINT (13.690353414000072 51.049222832000055)",Unfall 249455 (2024) Kat:3, Licht: 0,249455,3,1,1,03,15,5,0,0,1,1,0,0,0,0
"POINT (13.789507525000033 51.125878677000060)",Unfall 249460 (2024) Kat:3, Licht: 0,249460,3,3,5,03,16,4,0,0,0,1,0,0,0,0
"POINT (13.761542613000074 51.052004147000048)",Unfall 249461 (2024) Kat:3, Licht: 0,249461,3,3,5,03,14,4,0,0,1,1,0,0,0,0
"POINT (13.822814863000076 51.032082102000061)",Unfall 249462 (2024) Kat:3, Licht: 0,249462,3,3,5,03,14,4,0,0,0,1,0,0,0,0
"POINT (13.761949383000058 51.081694612000035)",Unfall 249463 (2024) Kat:1, Licht: 0,249463,1,1,0,03,13,4,0,0,0,0,0,1,0,0
"POINT (13.761559145000035 51.117929891000074)",Unfall 249464 (2024) Kat:3, Licht: 0,249464,3,3,5,03,07,4,0,0,0,1,0,1,0,0
"POINT (13.758523217000061 51.054184109000062)",Unfall 249476 (2024) Kat:3, Licht: 0,249476,3,5,3,03,08,3,0,0,1,1,0,0,0,0
"POINT (13.741428118000044 51.073063510000054)",Unfall 249485 (2024) Kat:3, Licht: 0,249485,3,3,5,03,07,2,0,0,1,1,0,0,0,0
"POINT (13.786936065000077 51.069383120000055)",Unfall 249486 (2024) Kat:3, Licht: 0,249486,3,6,6,03,15,2,0,0,1,0,1,0,0,0
"POINT (13.777750923000042 51.052991757000029)",Unfall 249487 (2024) Kat:3, Licht: 0,249487,3,3,5,03,11,2,0,0,1,1,0,0,0,0
"POINT (13.724136209000051 51.030958852000026)",Unfall 249488 (2024) Kat:3, Licht: 0,249488,3,3,5,03,08,2,0,0,0,1,0,0,0,0
"POINT (13.742702640000061 51.047952968000061)",Unfall 249492 (2024) Kat:3, Licht: 0,249492,3,6,2,03,14,1,0,0,1,0,0,0,0,1
"POINT (13.774529030000053 51.033115960000032)",Unfall 249493 (2024) Kat:3, Licht: 1,249493,3,2,0,03,18,1,0,1,0,1,0,0,0,1
"POINT (13.801068971000063 51.048255646000030)",Unfall 249494 (2024) Kat:3, Licht: 0,249494,3,3,5,03,12,1,0,0,0,1,0,0,0,1
"POINT (13.769720325000037 51.044778840000049)",Unfall 249495 (2024) Kat:3, Licht: 0,249495,3,3,5,03,09,1,0,0,1,1,0,0,0,0
"POINT (13.680879600000026 51.088275469000052)",Unfall 249500 (2024) Kat:3, Licht: 0,249500,3,7,0,03,09,7,0,0,1,0,0,0,0,0
"POINT (13.697307049000074 51.086270276000050)",Unfall 249511 (2024) Kat:3, Licht: 0,249511,3,1,8,03,15,6,0,0,0,0,0,1,0,0
"POINT (13.775256418000026 51.032844819000047)",Unfall 249512 (2024) Kat:3, Licht: 1,249512,3,3,5,03,19,6,1,1,1,1,0,0,0,0
"POINT (13.810016139000027 51.048899450000079)",Unfall 249513 (2024) Kat:3, Licht: 2,249513,3,3,5,03,18,6,1,2,1,1,0,0,0,0
"POINT (13.761122607000061 51.050530010000045)",Unfall 249514 (2024) Kat:3, Licht: 0,249514,3,4,6,03,12,6,0,0,1,0,1,0,0,0
"POINT (13.728430339000056 51.043320791000042)",Unfall 249515 (2024) Kat:3, Licht: 0,249515,3,6,2,03,14,6,0,0,0,1,0,0,0,0
"POINT (13.715676143000053 51.036914320000051)",Unfall 249516 (2024) Kat:2, Licht: 0,249516,2,3,5,03,16,6,0,0,0,1,0,0,0,0
"POINT (13.777240531000075 51.070080268000027)",Unfall 249517 (2024) Kat:3, Licht: 0,249517,3,3,5,03,07,6,1,0,1,1,0,0,0,0
"POINT (13.741870558000073 51.071764467000037)",Unfall 249518 (2024) Kat:2, Licht: 0,249518,2,7,6,03,11,6,0,0,0,1,1,0,0,0
"POINT (13.718875285000024 51.093064148000053)",Unfall 249537 (2024) Kat:3, Licht: 0,249537,3,3,5,02,09,5,0,0,0,1,0,0,0,0
"POINT (13.840666714000065 51.050313973000073)",Unfall 249538 (2024) Kat:3, Licht: 0,249538,3,6,0,02,07,5,1,0,1,1,0,0,0,0
"POINT (13.806613307000077 51.039082035000035)",Unfall 249539 (2024) Kat:3, Licht: 0,249539,3,1,0,02,12,5,0,0,1,0,0,0,0,0
"POINT (13.722768088000066 51.056168354000079)",Unfall 249540 (2024) Kat:2, Licht: 2,249540,2,4,6,02,19,5,0,2,0,0,1,0,0,1
"POINT (13.802858233000052 51.030118504000029)",Unfall 249541 (2024) Kat:2, Licht: 0,249541,2,3,5,02,12,5,0,0,1,1,0,0,0,0
"POINT (13.795217512000022 51.007006917000069)",Unfall 249550 (2024) Kat:3, Licht: 0,249550,3,4,0,02,11,4,0,0,0,1,1,0,0,0
"POINT (13.825872501000049 51.012077290000036)",Unfall 249552 (2024) Kat:3, Licht: 0,249552,3,2,3,02,15,4,0,0,1,1,0,0,0,0
"POINT (13.725912632000075 51.035364782000045)",Unfall 249573 (2024) Kat:3, Licht: 0,249573,3,7,0,02,07,2,0,0,1,0,0,0,0,0
"POINT (13.708770920000063 51.030750891000082)",Unfall 249574 (2024) Kat:3, Licht: 0,249574,3,6,0,02,15,2,0,0,1,0,0,0,0,1
"POINT (13.747039790000031 51.075892760000045)",Unfall 249575 (2024) Kat:3, Licht: 0,249575,3,3,1,02,17,2,0,0,1,1,0,0,0,0
"POINT (13.728531549000024 51.089269754000043)",Unfall 249576 (2024) Kat:3, Licht: 0,249576,3,3,5,02,08,2,0,0,0,1,0,0,0,0
"POINT (13.857644268000058 51.010274890000062)",Unfall 249590 (2024) Kat:3, Licht: 2,249590,3,1,0,02,18,7,0,2,1,0,0,0,0,0
"POINT (13.810133543000063 51.012560795000070)",Unfall 249591 (2024) Kat:2, Licht: 0,249591,2,2,5,02,14,7,0,0,1,1,0,0,0,0
"POINT (13.728983369000048 51.093653441000072)",Unfall 249597 (2024) Kat:3, Licht: 0,249597,3,6,5,02,15,6,0,0,1,1,0,0,0,0
"POINT (13.718873531000042 51.014777565000031)",Unfall 249598 (2024) Kat:3, Licht: 0,249598,3,7,0,02,12,6,0,0,0,1,0,0,0,0
"POINT (13.755980929000032 51.054819306000070)",Unfall 249603 (2024) Kat:3, Licht: 0,249603,3,3,5,02,16,5,0,0,0,1,0,0,0,0
"POINT (13.723239950000050 51.049906908000025)",Unfall 249604 (2024) Kat:3, Licht: 0,249604,3,7,0,02,16,5,0,0,0,1,0,0,0,1