WKT,Name,OBJECTID,UKATEGORIE,UTYP1,UART,UMONAT,USTUNDE,UWOCHENTAG,STRZUSTAND,ULICHTVERH,ISTRAD,ISTPKW,ISTFUSS,ISTKRAD,ISTGKFZ,ISTSONSTIG
"POINT (13.708633872000064 51.051902704000042)",Unfall 249605 (2024) Kat:3, Licht: 0,249605,3,2,5,02,08,5,1,0,1,1,0,0,0,0
"POINT (13.837460129000021 51.024864070000035)",Unfall 249616 (2024) Kat:3, Licht: 0,249616,3,3,5,02,07,3,1,0,0,1,0,0,0,0
"POINT (13.735076665000065 51.033647288000054)",Unfall 249617 (2024) Kat:2, Licht: 0,249617,2,1,0,02,12,3,1,0,1,0,0,0,0,0
"POINT (13.701223709000033 51.041748052000059)",Unfall 249618 (2024) Kat:3, Licht: 0,249618,3,1,0,02,09,3,1,0,1,0,0,0,0,0
"POINT (13.714166680000062 51.079498116000082)",Unfall 249622 (2024) Kat:3, Licht: 0,249622,3,1,0,02,13,2,1,0,1,0,0,0,0,0
"POINT (13.744553027000052 51.037314142000071)",Unfall 249623 (2024) Kat:3, Licht: 1,249623,3,2,5,02,07,2,1,1,1,1,0,0,0,0
"POINT (13.704938928000047 51.033141798000031)",Unfall 249629 (2024) Kat:3, Licht: 0,249629,3,7,1,02,15,7,0,0,0,1,0,1,0,0
"POINT (13.678470223000033 51.047878524000055)",Unfall 249636 (2024) Kat:3, Licht: 0,249636,3,6,1,02,15,6,0,0,0,1,0,0,0,0
"POINT (13.779368620000071 51.060862997000072)",Unfall 249637 (2024) Kat:3, Licht: 2,249637,3,7,4,02,05,6,0,2,0,1,0,0,0,0
"POINT (13.787808469000026 51.060051813000030)",Unfall 249638 (2024) Kat:3, Licht: 1,249638,3,5,1,02,17,6,0,1,1,1,0,0,0,0
"POINT (13.802123308000034 51.003241236000065)",Unfall 249645 (2024) Kat:3, Licht: 2,249645,3,5,4,02,21,5,0,2,0,1,0,0,0,0
"POINT (13.750737277000042 51.047240260000081)",Unfall 249646 (2024) Kat:3, Licht: 0,249646,3,3,5,02,11,5,1,0,1,1,0,0,0,0
"POINT (13.718780350000031 51.087852921000035)",Unfall 249647 (2024) Kat:3, Licht: 1,249647,3,3,5,02,07,5,1,1,1,1,0,0,0,0
"POINT (13.758143614000062 51.052535721000027)",Unfall 249656 (2024) Kat:3, Licht: 0,249656,3,4,6,02,16,4,0,0,0,1,1,0,0,0
"POINT (13.753349811000021 51.058268641000041)",Unfall 249657 (2024) Kat:3, Licht: 0,249657,3,6,0,02,07,4,0,0,0,1,0,0,0,1
"POINT (13.775629606000052 51.045360440000081)",Unfall 249658 (2024) Kat:3, Licht: 0,249658,3,3,5,02,16,4,0,0,1,1,0,0,0,0
"POINT (13.761095557000033 51.030997010000078)",Unfall 249659 (2024) Kat:3, Licht: 0,249659,3,4,6,02,15,4,0,0,0,0,1,0,0,1
"POINT (13.716183418000071 51.065381168000044)",Unfall 249660 (2024) Kat:2, Licht: 2,249660,2,7,3,02,18,4,0,2,1,1,0,0,0,0
"POINT (13.749861609000050 51.032675074000053)",Unfall 249669 (2024) Kat:3, Licht: 0,249669,3,4,6,02,12,3,0,0,0,1,1,0,0,0
"POINT (13.712443693000068 51.034005568000055)",Unfall 249670 (2024) Kat:3, Licht: 0,249670,3,3,5,02,12,3,0,0,0,1,0,0,0,0
"POINT (13.808626618000062 51.027880448000076)",Unfall 249671 (2024) Kat:2, Licht: 0,249671,2,2,0,02,12,3,0,0,1,0,0,0,0,0
"POINT (13.755440591000024 51.050001901000030)",Unfall 249672 (2024) Kat:3, Licht: 2,249672,3,3,5,02,19,3,0,2,1,1,0,0,0,0
"POINT (13.756594888000052 51.055119383000033)",Unfall 249673 (2024) Kat:3, Licht: 0,249673,3,3,5,02,10,3,0,0,1,1,0,0,0,0
"POINT (13.829513868000049 51.017113934000065)",Unfall 249681 (2024) Kat:3, Licht: 0,249681,3,7,0,02,13,2,0,0,1,0,0,0,0,0
"POINT (13.711857163000047 51.112593529000037)",Unfall 249682 (2024) Kat:3, Licht: 0,249682,3,7,0,02,09,2,1,0,1,0,0,0,0,0
"POINT (13.783528505000049 51.043432423000070)",Unfall 249683 (2024) Kat:3, Licht: 0,249683,3,6,3,02,08,2,0,0,1,0,0,0,0,0
"POINT (13.750874060000058 51.031037733000062)",Unfall 249684 (2024) Kat:3, Licht: 2,249684,3,3,5,02,18,2,1,2,1,1,0,0,0,0
"POINT (13.700144120000061 51.084922447000054)",Unfall 249687 (2024) Kat:3, Licht: 0,249687,3,2,3,02,09,2,0,0,1,1,0,0,0,0
"POINT (13.791366057000062 51.046775327000034)",Unfall 249700 (2024) Kat:3, Licht: 2,249700,3,3,5,02,06,6,1,2,1,1,0,0,0,0
"POINT (13.677635159000033 51.058952634000036)",Unfall 249701 (2024) Kat:3, Licht: 0,249701,3,3,5,02,09,6,1,0,0,1,0,0,0,0
"POINT (13.803636537000045 51.040256249000038)",Unfall 249711 (2024) Kat:3, Licht: 1,249711,3,6,2,02,18,5,1,1,0,1,0,0,0,0
"POINT (13.754547088000038 51.045753874000070)",Unfall 249712 (2024) Kat:3, Licht: 1,249712,3,6,2,02,16,5,1,1,0,1,0,0,0,1
"POINT (13.773455931000058 51.118329694000067)",Unfall 249713 (2024) Kat:3, Licht: 0,249713,3,1,8,02,11,5,0,0,0,1,0,0,0,0
"POINT (13.826744596000026 51.033237577000079)",Unfall 249714 (2024) Kat:3, Licht: 2,249714,3,7,3,02,20,5,1,2,0,1,0,0,0,1
"POINT (13.791002675000072 51.037876514000061)",Unfall 249728 (2024) Kat:3, Licht: 1,249728,3,3,0,02,06,4,1,1,0,1,0,0,0,1
"POINT (13.798151637000046 51.045414134000055)",Unfall 249729 (2024) Kat:3, Licht: 2,249729,3,3,4,02,18,4,1,2,1,1,0,0,0,0
"POINT (13.720280892000062 51.018830876000038)",Unfall 249735 (2024) Kat:3, Licht: 0,249735,3,4,6,02,15,3,0,0,0,1,1,0,0,0
"POINT (13.791361898000048 51.037778815000081)",Unfall 249736 (2024) Kat:3, Licht: 0,249736,3,3,5,02,11,3,0,0,1,1,0,0,0,0
"POINT (13.676687386000026 51.060815931000036)",Unfall 249748 (2024) Kat:2, Licht: 0,249748,2,3,5,02,14,2,0,0,1,1,0,0,0,0
"POINT (13.700330740000027 51.044920338000054)",Unfall 249755 (2024) Kat:3, Licht: 2,249755,3,6,2,02,19,1,1,2,1,1,0,0,0,0
"POINT (13.748972718000061 51.062795472000062)",Unfall 249760 (2024) Kat:2, Licht: 2,249760,2,5,1,02,01,7,0,2,0,1,0,0,0,1
"POINT (13.725146497000026 51.050298840000039)",Unfall 249761 (2024) Kat:2, Licht: 2,249761,2,2,5,02,17,7,1,2,0,1,0,0,0,1
"POINT (13.745136549000051 51.067615063000062)",Unfall 249781 (2024) Kat:3, Licht: 2,249781,3,5,1,02,01,7,1,2,1,1,0,0,0,0
"POINT (13.777294180000069 51.058725470000070)",Unfall 249782 (2024) Kat:3, Licht: 0,249782,3,2,5,02,11,6,0,0,1,1,0,0,0,0
"POINT (13.759173456000042 51.028367853000077)",Unfall 249792 (2024) Kat:3, Licht: 1,249792,3,2,4,02,16,5,1,1,0,0,0,0,0,1
"POINT (13.728654937000044 51.019662865000043)",Unfall 249793 (2024) Kat:3, Licht: 0,249793,3,6,2,02,07,5,1,0,0,1,0,0,1,0
"POINT (13.814715299000056 51.009680584000080)",Unfall 249794 (2024) Kat:3, Licht: 0,249794,3,2,1,02,14,5,0,0,0,1,0,0,0,0
"POINT (13.760290374000022 51.081316438000044)",Unfall 249795 (2024) Kat:3, Licht: 0,249795,3,3,5,02,16,5,0,0,1,1,0,0,0,0
"POINT (13.741854952000040 51.023604130000081)",Unfall 249796 (2024) Kat:3, Licht: 2,249796,3,1,0,02,06,5,1,2,1,0,0,0,0,0
"POINT (13.807422525000050 51.043771148000076)",Unfall 249797 (2024) Kat:2, Licht: 0,249797,2,3,0,02,15,5,0,0,0,1,0,0,0,1
"POINT (13.774963540000044 51.038129856000069)",Unfall 249798 (2024) Kat:3, Licht: 2,249798,3,3,5,02,18,5,0,2,0,1,0,0,0,0
"POINT (13.722272259000022 51.030081056000029)",Unfall 249810 (2024) Kat:3, Licht: 2,249810,3,4,6,01,17,4,0,2,0,1,1,0,0,0
"POINT (13.801977571000066 51.055619835000073)",Unfall 249811 (2024) Kat:3, Licht: 0,249811,3,2,5,01,15,4,0,0,1,1,0,0,0,0
"POINT (13.775591743000064 51.045427115000052)",Unfall 249813 (2024) Kat:3, Licht: 0,249813,3,2,5,01,08,4,0,0,1,1,0,0,0,0
"POINT (13.749613540000041 51.033597968000038)",Unfall 249831 (2024) Kat:2, Licht: 0,249831,2,3,5,01,08,3,0,0,1,1,0,0,0,0
"POINT (13.753344729000048 51.050367098000038)",Unfall 249832 (2024) Kat:3, Licht: 0,249832,3,2,3,01,14,3,0,0,1,0,0,0,0,1
"POINT (13.779493035000030 51.060859837000066)",Unfall 249833 (2024) Kat:3, Licht: 0,249833,3,6,2,01,15,3,0,0,0,1,0,0,0,0
"POINT (13.802395190000027 51.029643248000070)",Unfall 249834 (2024) Kat:3, Licht: 2,249834,3,3,5,01,05,3,0,2,1,1,0,0,0,0
"POINT (13.757769608000046 51.051497265000080)",Unfall 249835 (2024) Kat:3, Licht: 0,249835,3,4,6,01,13,3,0,0,0,0,1,1,0,0
"POINT (13.703172377000044 51.036227099000030)",Unfall 249836 (2024) Kat:3, Licht: 0,249836,3,3,5,01,10,3,0,0,1,1,0,0,0,0
"POINT (13.702475970000023 51.011305344000050)",Unfall 249837 (2024) Kat:3, Licht: 0,249837,3,3,5,01,15,3,0,0,0,1,0,0,0,0
"POINT (13.624395746000062 51.084669911000049)",Unfall 249850 (2024) Kat:3, Licht: 0,249850,3,1,0,01,07,2,2,0,1,0,0,0,0,0
"POINT (13.648551921000035 51.056502960000046)",Unfall 249851 (2024) Kat:3, Licht: 0,249851,3,1,0,01,09,2,2,0,1,0,0,0,0,0
"POINT (13.786944272000028 51.015795886000035)",Unfall 249852 (2024) Kat:3, Licht: 0,249852,3,2,0,01,13,2,0,0,0,1,0,0,0,1
"POINT (13.782525371000077 51.033099902000060)",Unfall 249853 (2024) Kat:3, Licht: 0,249853,3,3,5,01,12,2,0,0,0,1,0,0,1,0
"POINT (13.774716574000024 51.049810965000063)",Unfall 249854 (2024) Kat:3, Licht: 2,249854,3,3,5,01,05,2,0,2,1,1,0,0,0,0
"POINT (13.737056191000022 51.037784750000071)",Unfall 249855 (2024) Kat:3, Licht: 0,249855,3,3,5,01,07,2,0,0,1,1,0,0,0,0
"POINT (13.780370620000042 51.042251081000074)",Unfall 249856 (2024) Kat:3, Licht: 2,249856,3,3,5,01,21,2,0,2,0,1,0,0,0,0
"POINT (13.648808625000072 51.091436282000075)",Unfall 249872 (2024) Kat:2, Licht: 0,249872,2,6,6,01,15,7,0,0,1,0,1,0,0,0
"POINT (13.705877316000056 51.027588174000073)",Unfall 249873 (2024) Kat:2, Licht: 2,249873,2,1,1,01,02,7,0,2,0,1,0,0,0,1
"POINT (13.700999721000073 51.082310386000074)",Unfall 249874 (2024) Kat:3, Licht: 0,249874,3,6,2,01,14,7,0,0,0,1,0,0,0,0
"POINT (13.770204973000034 51.028895560000080)",Unfall 249875 (2024) Kat:3, Licht: 2,249875,3,3,5,01,06,7,0,2,1,1,0,0,0,0
"POINT (13.673495672000058 51.040526650000061)",Unfall 249886 (2024) Kat:3, Licht: 2,249886,3,3,5,01,06,6,0,2,1,1,0,0,0,0
"POINT (13.788293444000033 51.000725691000071)",Unfall 249887 (2024) Kat:3, Licht: 0,249887,3,7,8,01,10,6,0,0,0,1,0,0,0,0
"POINT (13.656586300000072 51.058296435000045)",Unfall 249888 (2024) Kat:3, Licht: 0,249888,3,7,6,01,12,6,0,0,0,1,1,0,0,0
"POINT (13.736207957000033 51.053270039000040)",Unfall 249905 (2024) Kat:2, Licht: 2,249905,2,2,5,01,21,5,0,2,0,1,0,1,0,0
"POINT (13.708984142000077 51.047216133000063)",Unfall 249909 (2024) Kat:3, Licht: 2,249909,3,2,1,01,23,4,0,2,1,0,0,0,0,1
"POINT (13.748785010000063 51.035899992000054)",Unfall 249910 (2024) Kat:3, Licht: 2,249910,3,3,5,01,05,4,0,2,0,1,0,1,0,0
"POINT (13.700530081000068 51.024537339000062)",Unfall 249918 (2024) Kat:3, Licht: 0,249918,3,1,0,01,07,3,2,0,1,0,0,0,0,0
"POINT (13.750406423000072 51.079410948000032)",Unfall 249919 (2024) Kat:3, Licht: 0,249919,3,7,0,01,08,3,2,0,1,0,0,0,0,0
"POINT (13.745262984000021 51.113746659000071)",Unfall 249926 (2024) Kat:3, Licht: 0,249926,3,3,5,01,08,2,2,0,0,1,0,0,0,0
"POINT (13.766991490000066 51.042000758000029)",Unfall 249927 (2024) Kat:3, Licht: 2,249927,3,6,1,01,21,2,1,2,0,1,0,0,0,0
"POINT (13.729130931000043 51.036243033000062)",Unfall 249931 (2024) Kat:3, Licht: 0,249931,3,3,5,01,15,1,2,0,0,1,0,0,0,0
"POINT (13.757989040000041 51.032888595000031)",Unfall 249932 (2024) Kat:3, Licht: 0,249932,3,3,5,01,14,1,1,0,0,1,0,0,0,0
"POINT (13.757172834000073 51.049776965000035)",Unfall 249942 (2024) Kat:2, Licht: 0,249942,2,4,6,01,08,6,2,0,0,0,1,0,0,1
"POINT (13.762155501000052 51.046689953000055)",Unfall 249953 (2024) Kat:2, Licht: 0,249953,2,3,0,01,15,5,1,0,0,1,0,0,0,1
"POINT (13.770485211000050 51.045529064000050)",Unfall 249964 (2024) Kat:3, Licht: 2,249964,3,1,8,01,01,4,1,2,1,0,0,0,0,0
"POINT (13.724138938000067 51.030956022000055)",Unfall 249966 (2024) Kat:3, Licht: 0,249966,3,3,5,01,15,4,1,0,0,1,0,0,0,0
"POINT (13.682807882000077 51.051888250000047)",Unfall 249981 (2024) Kat:2, Licht: 0,249981,2,4,6,01,12,3,1,0,1,0,1,0,0,0
"POINT (13.754895122000050 51.060826964000057)",Unfall 249982 (2024) Kat:3, Licht: 0,249982,3,1,0,01,07,3,2,0,1,0,0,0,0,0
"POINT (13.743542185000024 51.040210421000040)",Unfall 249983 (2024) Kat:2, Licht: 2,249983,2,4,6,01,17,3,1,2,0,1,1,0,0,0
"POINT (13.787390723000044 51.027345374000049)",Unfall 249984 (2024) Kat:3, Licht: 0,249984,3,1,4,01,08,3,2,0,0,1,0,0,0,0
"POINT (13.730583882000076 51.079843347000065)",Unfall 249992 (2024) Kat:3, Licht: 2,249992,3,6,3,01,19,2,2,2,1,0,0,0,0,1
"POINT (13.730917799000053 51.091347215000042)",Unfall 249993 (2024) Kat:3, Licht: 2,249993,3,4,6,01,18,2,2,2,1,0,1,0,0,0
"POINT (13.781551685000068 51.053234025000052)",Unfall 249994 (2024) Kat:3, Licht: 2,249994,3,2,5,01,16,2,2,2,1,1,0,0,0,0
"POINT (13.782948773000044 51.116032533000066)",Unfall 249995 (2024) Kat:3, Licht: 0,249995,3,3,5,01,12,2,1,0,1,1,0,0,0,0
"POINT (13.763017967000053 51.107169004000070)",Unfall 250003 (2024) Kat:3, Licht: 0,250003,3,1,8,03,06,3,0,0,1,0,0,0,0,0
"POINT (13.696916427000076 51.082066227000041)",Unfall 250016 (2024) Kat:3, Licht: 1,250016,3,7,1,01,06,6,1,1,1,1,0,0,0,0
"POINT (13.738798821000046 51.044873541000072)",Unfall 250017 (2024) Kat:3, Licht: 0,250017,3,5,2,01,10,6,0,0,0,1,0,0,0,0
"POINT (13.779856090000067 51.044248136000078)",Unfall 250018 (2024) Kat:3, Licht: 2,250018,3,2,5,01,18,6,0,2,1,1,0,0,0,0
"POINT (13.757256787000074 51.018499178000070)",Unfall 250019 (2024) Kat:2, Licht: 2,250019,2,4,6,01,16,6,1,2,0,1,1,0,0,0
"POINT (13.833892129000048 51.028491879000057)",Unfall 250028 (2024) Kat:3, Licht: 0,250028,3,2,5,01,11,5,0,0,1,1,0,0,0,0
"POINT (13.750103846000059 51.070731136000063)",Unfall 250029 (2024) Kat:3, Licht: 2,250029,3,1,0,01,17,5,0,2,1,0,0,0,0,0
"POINT (13.803046195000036 51.047401111000056)",Unfall 250030 (2024) Kat:3, Licht: 0,250030,3,4,2,01,14,5,0,0,0,1,1,0,0,0
"POINT (13.768250064000028 51.047974707000037)",Unfall 250031 (2024) Kat:2, Licht: 0,250031,2,3,5,01,09,5,0,0,1,1,0,0,0,0
"POINT (13.772818786000073 51.117815169000039)",Unfall 250035 (2024) Kat:3, Licht: 0,250035,3,1,1,02,14,6,0,0,0,1,0,1,0,0
"POINT (13.717099450000035 51.050375447000079)",Unfall 250044 (2024) Kat:3, Licht: 0,250044,3,6,2,01,09,4,0,0,0,1,0,0,0,0
"POINT (13.833889032000059 51.028494286000068)",Unfall 250045 (2024) Kat:3, Licht: 2,250045,3,2,5,01,16,4,0,2,1,1,0,0,0,0
"POINT (13.707668856000055 51.029777040000056)",Unfall 250046 (2024) Kat:2, Licht: 2,250046,2,4,6,01,18,4,0,2,0,1,1,0,0,0
"POINT (13.773690689000034 51.048774596000044)",Unfall 250047 (2024) Kat:2, Licht: 2,250047,2,3,5,01,06,4,0,2,1,1,0,0,0,0
"POINT (13.726159790000054 51.029883133000055)",Unfall 250055 (2024) Kat:3, Licht: 1,250055,3,6,4,01,07,3,1,1,1,1,0,0,0,0
"POINT (13.755002710000042 51.076947954000048)",Unfall 250056 (2024) Kat:3, Licht: 1,250056,3,1,0,01,16,3,0,1,1,0,0,0,0,0
"POINT (13.713746601000025 51.056640494000078)",Unfall 250057 (2024) Kat:3, Licht: 2,250057,3,5,1,01,18,3,0,2,1,1,0,0,0,0
"POINT (13.678595719000043 51.042247491000069)",Unfall 250058 (2024) Kat:2, Licht: 1,250058,2,6,1,01,08,3,0,1,0,1,0,0,0,0
"POINT (13.729961212000035 51.032866056000046)",Unfall 250059 (2024) Kat:2, Licht: 0,250059,2,4,6,01,15,3,0,0,0,0,1,0,0,1
"POINT (13.720262443000024 51.037795295000080)",Unfall 250072 (2024) Kat:3, Licht: 1,250072,3,3,5,01,16,2,0,1,0,1,0,0,0,1
"POINT (13.772691038000062 51.047796180000034)",Unfall 250081 (2024) Kat:3, Licht: 0,250081,3,2,5,01,13,7,0,0,1,1,0,0,0,0
"POINT (13.683698783000068 51.051506975000052)",Unfall 250087 (2024) Kat:3, Licht: 0,250087,3,1,0,01,07,3,2,0,1,0,0,0,0,0
"POINT (13.693312672000047 51.045516789000033)",Unfall 250093 (2024) Kat:3, Licht: 1,250093,3,2,5,01,16,6,0,1,1,1,0,0,0,1
"POINT (13.771785151000074 51.040866121000079)",Unfall 250094 (2024) Kat:3, Licht: 2,250094,3,3,5,01,05,6,1,2,1,1,0,0,0,0
"POINT (13.775318141000071 51.032984637000027)",Unfall 250095 (2024) Kat:3, Licht: 0,250095,3,7,0,01,10,6,1,0,1,0,0,0,0,0
"POINT (13.776685118000046 51.060066893000055)",Unfall 250096 (2024) Kat:3, Licht: 2,250096,3,1,0,01,00,6,1,2,1,0,0,0,0,0
"POINT (13.767786391000072 51.026144337000062)",Unfall 250097 (2024) Kat:3, Licht: 0,250097,3,6,4,01,10,6,1,0,0,1,0,0,0,0
"POINT (13.749368126000036 51.035719695000068)",Unfall 250098 (2024) Kat:2, Licht: 2,250098,2,2,4,01,06,6,1,2,0,1,0,0,0,0
"POINT (13.814929652000046 51.054029371000070)",Unfall 250112 (2024) Kat:3, Licht: 2,250112,3,6,2,01,22,5,1,2,0,1,0,0,0,0
"POINT (13.729340247000039 51.045686671000055)",Unfall 250113 (2024) Kat:3, Licht: 0,250113,3,4,6,01,07,5,1,0,1,0,1,0,0,0
"POINT (13.793903028000045 51.050381969000057)",Unfall 250114 (2024) Kat:3, Licht: 0,250114,3,3,5,01,09,5,0,0,1,1,0,0,0,0
"POINT (13.729422464000038 51.045910121000077)",Unfall 250121 (2024) Kat:2, Licht: 0,250121,2,6,2,02,06,2,0,0,0,1,0,0,0,1
"POINT (13.769627344000071 51.051111349000053)",Unfall 250125 (2024) Kat:3, Licht: 2,250125,3,3,5,01,22,4,0,2,1,1,0,0,0,0
"POINT (13.728121969000028 51.081837988000075)",Unfall 250126 (2024) Kat:3, Licht: 0,250126,3,1,1,01,13,4,1,0,1,1,0,0,0,0
"POINT (13.800857742000062 51.038542536000080)",Unfall 250132 (2024) Kat:3, Licht: 0,250132,3,5,1,02,12,2,1,0,1,1,0,0,0,0
"POINT (13.824959557000057 51.010273706000078)",Unfall 250135 (2024) Kat:3, Licht: 2,250135,3,3,5,01,16,3,1,2,0,1,0,0,0,0
"POINT (13.775110715000039 51.038421647000064)",Unfall 250146 (2024) Kat:2, Licht: 0,250146,2,2,6,01,14,2,0,0,0,1,1,0,0,0
"POINT (13.796834902000057 51.041494896000074)",Unfall 250238 (2024) Kat:3, Licht: 0,250238,3,2,5,01,15,5,1,0,1,1,0,0,0,0
"POINT (13.776060656000027 51.051171433000036)",Unfall 250266 (2024) Kat:3, Licht: 1,250266,3,4,6,03,17,6,0,1,0,1,1,0,0,0
"POINT (13.783076058000063 51.043448551000040)",Unfall 250338 (2024) Kat:3, Licht: 0,250338,3,3,5,03,17,1,0,0,1,1,0,0,0,0
"POINT (13.695366218000061 51.047715605000064)",Unfall 250341 (2024) Kat:3, Licht: 2,250341,3,3,5,01,05,2,0,2,0,1,0,0,0,0
"POINT (13.800797084000067 51.041233642000066)",Unfall 250349 (2024) Kat:3, Licht: 1,250349,3,6,2,01,16,2,1,1,0,1,0,0,1,0
"POINT (13.720442732000038 51.054641386000071)",Unfall 250410 (2024) Kat:3, Licht: 1,250410,3,4,2,01,06,5,1,1,0,1,1,0,0,0
"POINT (13.741880802000026 51.032242918000065)",Unfall 250417 (2024) Kat:3, Licht: 0,250417,3,3,5,01,16,2,0,0,0,1,0,0,0,0
"POINT (13.758052785000075 51.052291969000066)",Unfall 250553 (2024) Kat:2, Licht: 0,250553,2,1,0,02,11,7,0,0,1,0,0,0,0,0
"POINT (13.777783285000055 51.053164856000080)",Unfall 250583 (2024) Kat:3, Licht: 0,250583,3,2,3,05,12,4,0,0,1,1,0,0,0,0
"POINT (13.756594954000036 51.055119191000074)",Unfall 250584 (2024) Kat:3, Licht: 1,250584,3,2,5,05,21,4,0,1,1,0,0,0,0,1
"POINT (13.765258172000074 51.051555821000079)",Unfall 250585 (2024) Kat:3, Licht: 0,250585,3,2,2,05,09,4,0,0,0,1,0,1,0,0
"POINT (13.757953458000031 51.032885166000028)",Unfall 250586 (2024) Kat:3, Licht: 0,250586,3,2,5,05,16,4,0,0,0,1,0,0,0,0
"POINT (13.737397309000073 51.051407721000032)",Unfall 250587 (2024) Kat:3, Licht: 0,250587,3,7,0,05,15,4,0,0,1,0,0,0,0,0
"POINT (13.730734323000036 51.083180059000028)",Unfall 250588 (2024) Kat:3, Licht: 0,250588,3,7,1,05,11,4,0,0,1,1,0,0,0,0
"POINT (13.785407765000059 51.035933017000048)",Unfall 250610 (2024) Kat:3, Licht: 0,250610,3,3,0,05,15,3,0,0,0,1,0,0,0,1
"POINT (13.770830393000040 51.039866078000045)",Unfall 250611 (2024) Kat:2, Licht: 0,250611,2,3,5,05,14,3,0,0,1,0,0,0,0,1
"POINT (13.776958545000070 51.045019684000067)",Unfall 250612 (2024) Kat:3, Licht: 0,250612,3,6,3,05,10,3,0,0,1,1,0,0,0,0
"POINT (13.801814819000072 51.007039895000048)",Unfall 250635 (2024) Kat:3, Licht: 0,250635,3,5,3,05,16,2,0,0,1,1,0,0,0,0
"POINT (13.699604050000062 51.078189192000082)",Unfall 250636 (2024) Kat:3, Licht: 0,250636,3,3,5,05,09,2,0,0,0,1,0,0,0,0
"POINT (13.699600921000069 51.078210194000064)",Unfall 250637 (2024) Kat:3, Licht: 0,250637,3,3,5,05,07,2,0,0,1,1,0,0,0,0
"POINT (13.760903390000067 51.067299557000069)",Unfall 250638 (2024) Kat:3, Licht: 0,250638,3,7,1,05,18,2,0,0,1,1,0,0,0,0
"POINT (13.787586245000057 51.035956645000056)",Unfall 250639 (2024) Kat:3, Licht: 0,250639,3,7,6,05,13,2,0,0,0,1,1,0,0,0
"POINT (13.773581549000028 51.048730224000053)",Unfall 250640 (2024) Kat:2, Licht: 0,250640,2,3,5,05,12,2,0,0,1,1,0,0,0,0
"POINT (13.755168234000053 51.046201499000063)",Unfall 250641 (2024) Kat:3, Licht: 0,250641,3,7,0,05,06,2,0,0,1,0,0,0,0,0
"POINT (13.731299069000045 51.077109687000075)",Unfall 250642 (2024) Kat:3, Licht: 0,250642,3,7,0,05,18,2,0,0,1,0,0,0,0,0
"POINT (13.702161501000035 51.077820659000054)",Unfall 250643 (2024) Kat:2, Licht: 0,250643,2,2,5,05,08,2,0,0,0,1,0,0,0,1
"POINT (13.758712231000061 51.056999802000064)",Unfall 250653 (2024) Kat:3, Licht: 0,250653,3,7,0,05,16,1,0,0,1,0,0,0,0,0
"POINT (13.738259879000054 51.039230666000037)",Unfall 250654 (2024) Kat:2, Licht: 0,250654,2,3,5,05,20,1,0,0,1,1,0,0,0,0
"POINT (13.806329740000024 51.037877207000065)",Unfall 250655 (2024) Kat:3, Licht: 0,250655,3,3,5,05,13,1,0,0,0,1,0,0,0,0
"POINT (13.746178011000040 51.068220096000061)",Unfall 250656 (2024) Kat:3, Licht: 0,250656,3,7,2,05,05,1,0,0,0,1,0,1,0,0
"POINT (13.810858732000042 51.013239100000078)",Unfall 250663 (2024) Kat:3, Licht: 0,250663,3,6,1,05,15,7,0,0,0,1,0,0,0,0
"POINT (13.780297142000052 51.044867524000040)",Unfall 250664 (2024) Kat:3, Licht: 2,250664,3,1,0,05,02,7,0,2,1,0,0,0,0,0
"POINT (13.842650058000061 51.007484198000043)",Unfall 250665 (2024) Kat:2, Licht: 0,250665,2,1,0,05,17,7,0,0,1,0,0,0,0,0
"POINT (13.699872163000066 51.043166999000050)",Unfall 250674 (2024) Kat:3, Licht: 0,250674,3,3,3,05,11,6,0,0,0,1,0,0,0,0
"POINT (13.822160054000051 51.029797540000061)",Unfall 250675 (2024) Kat:3, Licht: 0,250675,3,3,5,05,12,6,0,0,1,1,0,0,0,0
"POINT (13.729486302000055 51.080128233000039)",Unfall 250691 (2024) Kat:3, Licht: 0,250691,3,1,1,05,18,5,0,0,1,1,0,0,0,0
"POINT (13.828190812000059 51.011118599000042)",Unfall 250692 (2024) Kat:2, Licht: 0,250692,2,7,3,05,15,5,0,0,1,1,0,0,0,0
"POINT (13.722807585000055 51.063091768000049)",Unfall 250705 (2024) Kat:3, Licht: 0,250705,3,3,5,05,18,4,0,0,1,0,0,0,0,0
"POINT (13.739345828000069 51.037013647000038)",Unfall 250706 (2024) Kat:3, Licht: 0,250706,3,3,5,05,12,4,0,0,0,1,0,0,0,0
"POINT (13.811609027000031 51.021837443000038)",Unfall 250707 (2024) Kat:3, Licht: 0,250707,3,1,0,05,19,4,0,0,1,0,0,0,0,0
"POINT (13.780973960000040 51.045850691000055)",Unfall 250720 (2024) Kat:3, Licht: 0,250720,3,2,5,05,16,3,0,0,1,1,0,0,0,0
"POINT (13.839178136000044 51.027118550000068)",Unfall 250721 (2024) Kat:3, Licht: 2,250721,3,1,1,05,23,3,0,2,1,0,0,0,0,1
"POINT (13.714442694000070 51.027516018000028)",Unfall 250732 (2024) Kat:3, Licht: 0,250732,3,7,0,05,17,2,1,0,0,0,0,1,0,0