WKT,Name,OBJECTID,UKATEGORIE,UTYP1,UART,UMONAT,USTUNDE,UWOCHENTAG,STRZUSTAND,ULICHTVERH,ISTRAD,ISTPKW,ISTFUSS,ISTKRAD,ISTGKFZ,ISTSONSTIG
"POINT (13.796183948000078 50.990133927000045)",Unfall 251544 (2024) Kat:3, Licht: 0,251544,3,1,0,03,17,5,0,0,1,0,0,0,0,0
"POINT (13.697809271000040 51.006668188000049)",Unfall 251550 (2024) Kat:3, Licht: 0,251550,3,1,1,03,13,5,1,0,0,0,0,1,0,1
"POINT (13.837160000000040 51.024740330000043)",Unfall 251551 (2024) Kat:3, Licht: 0,251551,3,1,0,03,14,5,0,0,1,0,0,0,0,0
"POINT (13.781614585000057 51.043851808000056)",Unfall 251552 (2024) Kat:3, Licht: 0,251552,3,6,2,03,09,5,1,0,0,1,0,0,0,0
"POINT (13.799312584000063 51.048967281000046)",Unfall 251553 (2024) Kat:3, Licht: 0,251553,3,3,5,03,08,5,1,0,0,1,0,1,0,0
"POINT (13.734442398000056 51.038606544000061)",Unfall 251554 (2024) Kat:3, Licht: 0,251554,3,7,0,03,13,5,1,0,0,1,0,1,0,0
"POINT (13.710402719000058 51.077584549000051)",Unfall 251567 (2024) Kat:3, Licht: 0,251567,3,6,4,03,15,4,0,0,1,0,0,1,0,0
"POINT (13.821256462000065 51.003050909000081)",Unfall 251568 (2024) Kat:3, Licht: 0,251568,3,3,5,03,08,4,0,0,1,1,0,0,0,0
"POINT (13.696854274000032 51.017923207000081)",Unfall 251569 (2024) Kat:3, Licht: 0,251569,3,1,0,03,16,4,0,0,1,0,0,0,0,0
"POINT (13.804301211000052 51.053385040000080)",Unfall 251571 (2024) Kat:3, Licht: 0,251571,3,3,5,03,16,4,0,0,1,1,0,0,0,0
"POINT (13.709111092000057 51.051989790000050)",Unfall 251572 (2024) Kat:3, Licht: 0,251572,3,3,5,03,16,4,0,0,1,1,0,0,0,0
"POINT (13.746483780000062 51.115456447000042)",Unfall 251573 (2024) Kat:2, Licht: 0,251573,2,3,5,03,07,4,0,0,1,1,0,0,0,0
"POINT (13.720547744000044 51.059128756000064)",Unfall 251592 (2024) Kat:3, Licht: 0,251592,3,2,5,03,12,3,0,0,1,1,0,0,0,0
"POINT (13.720422876000043 51.028237313000034)",Unfall 251593 (2024) Kat:3, Licht: 0,251593,3,7,0,03,13,3,0,0,1,1,0,0,0,0
"POINT (13.760205426000027 51.027010257000029)",Unfall 251594 (2024) Kat:3, Licht: 0,251594,3,4,6,03,17,3,0,0,1,0,1,0,0,0
"POINT (13.834067897000068 51.111952837000047)",Unfall 251595 (2024) Kat:2, Licht: 0,251595,2,3,5,03,12,3,0,0,1,0,0,0,0,0
"POINT (13.769643219000045 51.051068504000057)",Unfall 251596 (2024) Kat:3, Licht: 0,251596,3,2,5,03,07,3,0,0,1,1,0,0,0,0
"POINT (13.756773615000043 51.048997391000057)",Unfall 251597 (2024) Kat:3, Licht: 2,251597,3,7,0,03,21,3,0,2,1,0,0,0,0,0
"POINT (13.783660836000024 51.115998262000062)",Unfall 251610 (2024) Kat:3, Licht: 0,251610,3,7,0,03,17,3,0,0,1,0,0,0,0,0
"POINT (13.805325877000030 51.011626701000068)",Unfall 251612 (2024) Kat:3, Licht: 2,251612,3,1,0,03,21,2,0,2,0,0,0,1,0,0
"POINT (13.815877117000070 51.030315001000076)",Unfall 251613 (2024) Kat:3, Licht: 2,251613,3,7,0,03,18,2,0,2,0,1,0,0,0,0
"POINT (13.755975777000060 51.054824183000051)",Unfall 251614 (2024) Kat:3, Licht: 0,251614,3,2,5,03,13,2,0,0,0,1,0,0,0,0
"POINT (13.804812265000066 51.039847979000058)",Unfall 251615 (2024) Kat:3, Licht: 0,251615,3,3,5,03,08,2,0,0,0,1,0,0,0,0
"POINT (13.837106087000052 51.038334463000069)",Unfall 251626 (2024) Kat:2, Licht: 2,251626,2,7,8,03,21,7,0,2,1,0,0,0,0,0
"POINT (13.738538609000045 51.074120290000053)",Unfall 251633 (2024) Kat:3, Licht: 0,251633,3,6,2,04,07,5,0,0,0,1,0,0,0,0
"POINT (13.794576191000033 51.039294266000070)",Unfall 251644 (2024) Kat:3, Licht: 0,251644,3,3,5,07,05,7,0,0,1,1,0,0,0,0
"POINT (13.714832593000040 51.056499669000061)",Unfall 251645 (2024) Kat:3, Licht: 1,251645,3,7,0,07,21,7,0,1,0,0,0,0,0,1
"POINT (13.851116411000078 51.008176229000071)",Unfall 251652 (2024) Kat:2, Licht: 2,251652,2,1,0,07,21,6,0,2,1,0,0,0,0,0
"POINT (13.808827407000024 51.050447511000073)",Unfall 251653 (2024) Kat:3, Licht: 0,251653,3,3,5,07,14,6,0,0,1,1,0,0,0,0
"POINT (13.680902803000038 51.061718211000027)",Unfall 251665 (2024) Kat:3, Licht: 0,251665,3,6,3,07,17,5,0,0,1,1,0,0,0,0
"POINT (13.839665097000022 51.025877432000073)",Unfall 251666 (2024) Kat:3, Licht: 0,251666,3,3,5,07,17,5,0,0,1,0,0,0,0,0
"POINT (13.803105152000057 51.012056021000035)",Unfall 251667 (2024) Kat:3, Licht: 0,251667,3,1,0,07,06,5,0,0,0,0,0,1,0,0
"POINT (13.816900681000050 51.015644110000039)",Unfall 251668 (2024) Kat:3, Licht: 0,251668,3,6,2,07,14,5,0,0,0,1,0,0,0,0
"POINT (13.785312304000058 51.120691597000075)",Unfall 251686 (2024) Kat:3, Licht: 0,251686,3,6,4,07,15,4,0,0,1,1,0,0,0,0
"POINT (13.776982922000059 51.060010700000078)",Unfall 251687 (2024) Kat:3, Licht: 0,251687,3,6,2,07,18,4,0,0,0,1,0,0,0,0
"POINT (13.706976696000027 51.084486447000074)",Unfall 251688 (2024) Kat:3, Licht: 0,251688,3,2,5,07,06,4,0,0,1,0,0,0,0,1
"POINT (13.730143747000056 51.076606325000057)",Unfall 251699 (2024) Kat:3, Licht: 0,251699,3,1,7,07,18,3,0,0,1,0,0,0,0,0
"POINT (13.752351037000039 51.067620643000055)",Unfall 251701 (2024) Kat:3, Licht: 0,251701,3,6,4,07,15,3,0,0,1,0,0,0,0,1
"POINT (13.811895462000052 51.020182001000080)",Unfall 251702 (2024) Kat:3, Licht: 0,251702,3,1,0,07,07,3,1,0,1,0,0,0,0,0
"POINT (13.702159469000037 51.077827513000045)",Unfall 251721 (2024) Kat:3, Licht: 0,251721,3,6,2,07,15,2,0,0,0,1,0,0,0,0
"POINT (13.743600575000073 51.035651586000029)",Unfall 251722 (2024) Kat:3, Licht: 0,251722,3,3,5,07,15,2,0,0,1,1,0,0,0,0
"POINT (13.751085299000067 51.031103495000082)",Unfall 251723 (2024) Kat:3, Licht: 2,251723,3,6,4,07,21,2,0,2,1,0,0,0,0,0
"POINT (13.738400455000033 51.042751472000077)",Unfall 251724 (2024) Kat:3, Licht: 0,251724,3,7,1,07,16,2,0,0,0,1,0,0,0,0
"POINT (13.797376829000029 51.024155140000062)",Unfall 251726 (2024) Kat:3, Licht: 0,251726,3,2,5,07,15,2,0,0,1,1,0,0,0,0
"POINT (13.767457820000061 51.072702365000055)",Unfall 251727 (2024) Kat:3, Licht: 0,251727,3,3,5,07,17,2,0,0,1,0,0,0,0,0
"POINT (13.757988657000055 51.032888719000027)",Unfall 251729 (2024) Kat:3, Licht: 0,251729,3,3,5,07,18,2,0,0,0,1,0,0,0,0
"POINT (13.808244303000038 51.006054129000063)",Unfall 251735 (2024) Kat:3, Licht: 0,251735,3,3,5,07,16,1,1,0,0,1,0,0,0,0
"POINT (13.738218539000059 51.039760365000063)",Unfall 251736 (2024) Kat:3, Licht: 0,251736,3,1,9,07,15,1,1,0,0,1,0,0,0,0
"POINT (13.777022287000023 51.049197517000039)",Unfall 251737 (2024) Kat:3, Licht: 0,251737,3,7,1,07,15,1,1,0,0,1,0,0,0,0
"POINT (13.735787721000065 51.052930336000031)",Unfall 251738 (2024) Kat:2, Licht: 0,251738,2,1,0,07,12,1,0,0,1,0,0,0,0,0
"POINT (13.741176717000030 51.060238422000054)",Unfall 251739 (2024) Kat:3, Licht: 0,251739,3,7,0,07,15,1,0,0,0,1,0,0,0,0
"POINT (13.826566880000030 50.998284080000076)",Unfall 251740 (2024) Kat:3, Licht: 0,251740,3,3,5,07,09,1,0,0,1,1,0,0,0,0
"POINT (13.715948011000023 51.063982450000026)",Unfall 251753 (2024) Kat:3, Licht: 2,251753,3,3,5,07,21,7,0,2,0,1,0,0,0,1
"POINT (13.803557991000048 51.052260059000048)",Unfall 251754 (2024) Kat:1, Licht: 0,251754,1,1,4,07,10,7,0,0,1,0,0,0,0,1
"POINT (13.712108626000031 51.079293708000080)",Unfall 251764 (2024) Kat:3, Licht: 0,251764,3,1,0,07,19,6,0,0,1,0,0,0,0,0
"POINT (13.708164139000075 51.033434611000075)",Unfall 251765 (2024) Kat:3, Licht: 0,251765,3,2,0,07,10,6,0,0,1,1,0,0,0,0
"POINT (13.843010973000048 51.065041164000036)",Unfall 251767 (2024) Kat:3, Licht: 0,251767,3,3,5,07,09,6,0,0,1,1,0,0,0,0
"POINT (13.755997464000075 51.055905452000047)",Unfall 251768 (2024) Kat:3, Licht: 0,251768,3,3,5,07,09,6,0,0,0,1,0,0,0,0
"POINT (13.721208094000076 51.047206045000053)",Unfall 251769 (2024) Kat:2, Licht: 0,251769,2,3,5,07,12,6,0,0,1,0,0,0,0,1
"POINT (13.742943294000042 51.061626503000070)",Unfall 251778 (2024) Kat:3, Licht: 0,251778,3,2,5,07,13,5,0,0,0,1,0,1,0,0
"POINT (13.753055903000075 51.059055671000067)",Unfall 251779 (2024) Kat:3, Licht: 1,251779,3,2,5,07,20,5,0,1,1,1,0,0,0,0
"POINT (13.748469159000024 51.053535273000080)",Unfall 251780 (2024) Kat:2, Licht: 2,251780,2,3,5,07,22,5,0,2,1,0,0,0,0,1
"POINT (13.769239584000047 51.044971515000043)",Unfall 251794 (2024) Kat:3, Licht: 0,251794,3,5,1,07,08,4,0,0,1,1,0,0,0,0
"POINT (13.767778448000058 51.026082756000051)",Unfall 251795 (2024) Kat:2, Licht: 0,251795,2,2,5,07,07,4,0,0,1,1,0,0,0,0
"POINT (13.716141635000042 51.056993535000061)",Unfall 251806 (2024) Kat:3, Licht: 0,251806,3,1,1,07,18,3,0,0,1,1,0,0,0,0
"POINT (13.746467913000060 51.115439168000080)",Unfall 251807 (2024) Kat:3, Licht: 0,251807,3,1,0,07,09,3,0,0,1,0,0,0,0,0
"POINT (13.783315234000042 51.035061096000049)",Unfall 251808 (2024) Kat:3, Licht: 0,251808,3,1,6,07,09,3,0,0,1,0,1,0,0,0
"POINT (13.800283110000066 51.034137048000048)",Unfall 251809 (2024) Kat:3, Licht: 0,251809,3,7,0,07,10,6,0,0,1,0,0,0,0,0
"POINT (13.839797257000043 51.025740097000039)",Unfall 251810 (2024) Kat:2, Licht: 0,251810,2,1,0,07,13,3,0,0,1,0,0,0,0,0
"POINT (13.764443416000063 51.067269163000049)",Unfall 251811 (2024) Kat:3, Licht: 0,251811,3,2,0,07,09,3,0,0,0,1,0,1,0,0
"POINT (13.712560407000069 51.051190427000051)",Unfall 251812 (2024) Kat:3, Licht: 0,251812,3,7,7,07,07,3,0,0,1,0,0,0,0,0
"POINT (13.724210067000058 51.084339675000081)",Unfall 251822 (2024) Kat:3, Licht: 2,251822,3,1,1,07,21,2,0,2,1,1,0,0,0,0
"POINT (13.789527392000025 51.044983504000072)",Unfall 251823 (2024) Kat:3, Licht: 2,251823,3,5,0,07,21,2,0,2,1,1,0,0,0,0
"POINT (13.779487407000033 51.040995644000077)",Unfall 251824 (2024) Kat:3, Licht: 0,251824,3,3,5,07,10,2,0,0,0,1,0,0,0,0
"POINT (13.759230632000026 51.034249426000031)",Unfall 251825 (2024) Kat:3, Licht: 0,251825,3,1,0,07,17,2,0,0,1,0,0,0,0,0
"POINT (13.687047387000064 51.042503787000044)",Unfall 251826 (2024) Kat:3, Licht: 0,251826,3,7,0,07,12,2,0,0,0,1,0,1,0,0
"POINT (13.780555833000051 51.042158867000069)",Unfall 251827 (2024) Kat:2, Licht: 0,251827,2,2,5,07,14,2,0,0,0,1,0,0,0,0
"POINT (13.791364169000076 51.046773593000069)",Unfall 251828 (2024) Kat:3, Licht: 0,251828,3,3,5,07,08,2,0,0,1,1,0,0,0,0
"POINT (13.739395078000030 51.055041570000071)",Unfall 251829 (2024) Kat:3, Licht: 2,251829,3,1,0,07,22,2,0,2,0,0,0,0,0,1
"POINT (13.696534650000046 51.082039074000079)",Unfall 251842 (2024) Kat:3, Licht: 1,251842,3,1,0,07,05,7,0,1,1,0,0,0,0,0
"POINT (13.690852219000021 51.053225884000028)",Unfall 251843 (2024) Kat:3, Licht: 0,251843,3,7,0,07,17,7,0,0,1,0,0,0,0,0
"POINT (13.800946289000024 51.008425319000025)",Unfall 251844 (2024) Kat:3, Licht: 0,251844,3,7,1,07,20,7,0,0,1,1,0,0,0,0
"POINT (13.710239508000029 51.050890636000076)",Unfall 251845 (2024) Kat:2, Licht: 2,251845,2,5,1,07,03,7,0,2,0,1,0,0,0,1
"POINT (13.724188422000054 51.030903712000054)",Unfall 251863 (2024) Kat:3, Licht: 0,251863,3,2,5,07,13,6,0,0,0,1,0,0,0,1
"POINT (13.770972098000072 51.046021792000033)",Unfall 251864 (2024) Kat:2, Licht: 0,251864,2,1,0,07,07,6,1,0,1,0,0,0,0,0
"POINT (13.766410102000066 51.041523596000047)",Unfall 251877 (2024) Kat:3, Licht: 0,251877,3,4,6,07,17,5,1,0,1,0,1,0,0,0
"POINT (13.707614363000062 51.029728893000026)",Unfall 251878 (2024) Kat:2, Licht: 0,251878,2,7,6,07,11,5,0,0,0,0,1,0,0,1
"POINT (13.786830817000066 51.053815559000043)",Unfall 251879 (2024) Kat:3, Licht: 2,251879,3,4,6,07,21,5,0,2,0,0,1,0,0,1
"POINT (13.730679566000049 51.038360721000060)",Unfall 251891 (2024) Kat:3, Licht: 0,251891,3,7,0,07,13,4,0,0,1,0,0,0,0,0
"POINT (13.769762995000065 51.044799973000067)",Unfall 251892 (2024) Kat:3, Licht: 0,251892,3,6,0,07,11,4,0,0,0,1,0,0,0,1
"POINT (13.715241901000070 51.036466532000077)",Unfall 251905 (2024) Kat:3, Licht: 0,251905,3,3,5,07,16,3,0,0,1,0,0,0,0,1
"POINT (13.773343670000031 51.031939585000032)",Unfall 251906 (2024) Kat:3, Licht: 0,251906,3,2,2,07,18,3,0,0,0,1,0,0,0,0
"POINT (13.773674234000055 51.048757809000051)",Unfall 251907 (2024) Kat:3, Licht: 0,251907,3,3,5,07,11,3,0,0,1,1,0,0,0,0
"POINT (13.785321202000034 51.035951747000070)",Unfall 251908 (2024) Kat:3, Licht: 0,251908,3,3,5,07,08,3,0,0,1,1,0,0,0,0
"POINT (13.758115344000032 51.044821951000074)",Unfall 251909 (2024) Kat:3, Licht: 0,251909,3,1,0,07,07,3,0,0,1,0,0,0,0,0
"POINT (13.840169845000048 51.021613974000047)",Unfall 251910 (2024) Kat:2, Licht: 0,251910,2,4,6,07,06,3,0,0,1,0,1,0,0,0
"POINT (13.687903089000031 51.042496691000053)",Unfall 251911 (2024) Kat:2, Licht: 0,251911,2,3,5,07,11,3,0,0,0,1,0,0,0,0
"POINT (13.677750029000038 51.052415942000039)",Unfall 251921 (2024) Kat:3, Licht: 0,251921,3,2,0,07,11,2,1,0,0,1,0,1,0,0
"POINT (13.817743206000046 51.053593900000067)",Unfall 251922 (2024) Kat:3, Licht: 0,251922,3,3,5,07,10,2,0,0,0,1,0,0,1,0
"POINT (13.725822676000064 51.046775218000050)",Unfall 251923 (2024) Kat:3, Licht: 0,251923,3,4,6,07,15,2,1,0,0,1,1,0,0,0
"POINT (13.759697241000026 51.049319630000070)",Unfall 251924 (2024) Kat:3, Licht: 0,251924,3,1,0,07,15,2,0,0,1,0,0,0,0,0
"POINT (13.647031369000047 51.040030015000070)",Unfall 251925 (2024) Kat:3, Licht: 2,251925,3,3,5,07,22,2,0,2,0,1,0,0,0,0
"POINT (13.720422020000058 51.054648698000051)",Unfall 251926 (2024) Kat:3, Licht: 0,251926,3,2,5,07,08,2,0,0,1,1,0,0,0,0
"POINT (13.789023013000076 51.053850219000026)",Unfall 251936 (2024) Kat:3, Licht: 0,251936,3,1,0,06,06,1,0,0,1,0,0,0,0,0
"POINT (13.703335484000036 51.085908904000064)",Unfall 251949 (2024) Kat:2, Licht: 0,251949,2,7,1,06,12,7,0,0,1,1,0,0,0,0
"POINT (13.813754044000063 51.054774982000026)",Unfall 251950 (2024) Kat:3, Licht: 0,251950,3,7,0,06,17,7,0,0,1,0,0,0,0,0
"POINT (13.752166146000036 51.061712153000030)",Unfall 251952 (2024) Kat:3, Licht: 0,251952,3,1,0,06,11,7,0,0,0,0,0,1,0,0
"POINT (13.686641074000022 51.057163793000029)",Unfall 251970 (2024) Kat:3, Licht: 0,251970,3,6,1,06,07,6,0,0,0,1,0,1,0,0
"POINT (13.707688406000045 51.018087738000077)",Unfall 251971 (2024) Kat:3, Licht: 0,251971,3,7,0,06,12,6,0,0,1,1,0,0,0,0
"POINT (13.851109686000029 51.035126974000036)",Unfall 251972 (2024) Kat:3, Licht: 2,251972,3,1,0,06,23,6,0,2,1,0,0,0,0,0
"POINT (13.747283386000049 51.071986662000029)",Unfall 251973 (2024) Kat:3, Licht: 0,251973,3,2,2,06,09,6,0,0,0,1,0,0,0,0
"POINT (13.776973960000078 51.050191726000037)",Unfall 251974 (2024) Kat:3, Licht: 0,251974,3,5,1,06,10,6,0,0,1,1,0,0,0,0
"POINT (13.746292451000045 51.053398725000079)",Unfall 251975 (2024) Kat:3, Licht: 0,251975,3,1,0,06,17,6,0,0,1,0,0,0,0,0
"POINT (13.771042246000036 51.040047698000080)",Unfall 251976 (2024) Kat:3, Licht: 0,251976,3,3,5,06,10,6,0,0,0,1,0,0,0,1
"POINT (13.838543582000057 51.005816201000073)",Unfall 251977 (2024) Kat:3, Licht: 0,251977,3,2,5,06,15,6,0,0,0,1,0,1,0,0
"POINT (13.794723462000036 51.041964173000054)",Unfall 251991 (2024) Kat:3, Licht: 0,251991,3,4,6,06,11,5,0,0,0,1,1,0,0,0
"POINT (13.761911505000057 51.053270344000055)",Unfall 252000 (2024) Kat:3, Licht: 0,252000,3,7,0,06,08,4,0,0,1,0,0,0,0,0
"POINT (13.713706337000076 51.050697852000042)",Unfall 252001 (2024) Kat:2, Licht: 0,252001,2,4,6,06,16,4,0,0,0,0,1,0,0,1
"POINT (13.751554638000073 51.058482404000074)",Unfall 252018 (2024) Kat:3, Licht: 0,252018,3,7,2,07,13,7,0,0,0,1,0,0,0,0
"POINT (13.684982363000074 51.058434989000034)",Unfall 252024 (2024) Kat:3, Licht: 0,252024,3,1,0,06,07,3,0,0,1,0,0,0,0,0
"POINT (13.838497201000052 51.005821056000059)",Unfall 252025 (2024) Kat:2, Licht: 0,252025,2,3,5,06,15,3,0,0,0,0,0,1,0,1
"POINT (13.752468078000049 51.036830037000072)",Unfall 252026 (2024) Kat:3, Licht: 0,252026,3,4,6,06,16,3,0,0,1,0,1,0,0,0
"POINT (13.725029495000058 51.091958908000038)",Unfall 252042 (2024) Kat:3, Licht: 0,252042,3,2,5,06,18,2,0,0,1,1,0,0,0,0
"POINT (13.782185165000044 51.054379804000064)",Unfall 252043 (2024) Kat:3, Licht: 0,252043,3,7,4,06,12,2,0,0,0,1,0,1,0,0
"POINT (13.748959532000072 51.033790806000070)",Unfall 252044 (2024) Kat:3, Licht: 0,252044,3,3,5,06,14,2,0,0,1,0,0,0,1,0
"POINT (13.720456440000078 51.028079485000035)",Unfall 252049 (2024) Kat:3, Licht: 0,252049,3,5,1,06,17,1,0,0,1,1,0,0,0,0
"POINT (13.724750860000029 51.062331317000030)",Unfall 252050 (2024) Kat:3, Licht: 0,252050,3,7,2,06,18,1,0,0,1,0,0,0,0,0
"POINT (13.781088180000040 51.035867666000058)",Unfall 252051 (2024) Kat:3, Licht: 0,252051,3,2,5,06,17,1,0,0,0,1,0,0,0,1
"POINT (13.741914203000022 51.053513041000031)",Unfall 252052 (2024) Kat:2, Licht: 0,252052,2,1,0,06,17,1,0,0,0,0,0,0,0,1
"POINT (13.740117618000056 51.053764891000071)",Unfall 252057 (2024) Kat:3, Licht: 0,252057,3,1,6,07,17,7,0,0,1,0,1,0,0,0
"POINT (13.797227879000047 51.140073944000051)",Unfall 252068 (2024) Kat:3, Licht: 0,252068,3,3,5,06,08,7,0,0,0,1,0,0,0,0
"POINT (13.747430233000046 51.078474186000051)",Unfall 252069 (2024) Kat:3, Licht: 1,252069,3,3,5,06,06,7,1,1,1,1,0,0,0,0
"POINT (13.752851216000067 51.058101793000048)",Unfall 252070 (2024) Kat:2, Licht: 0,252070,2,7,7,06,18,7,0,0,1,0,1,0,0,0
"POINT (13.726750493000054 51.053552605000050)",Unfall 252071 (2024) Kat:3, Licht: 0,252071,3,7,2,06,18,7,0,0,0,1,0,1,0,0
"POINT (13.820862297000076 51.028490610000063)",Unfall 252072 (2024) Kat:3, Licht: 0,252072,3,3,5,06,13,7,0,0,1,1,0,0,0,0
"POINT (13.763400883000031 51.055735017000075)",Unfall 252102 (2024) Kat:2, Licht: 0,252102,2,4,6,06,10,5,0,0,0,0,1,0,0,1
"POINT (13.739329411000028 51.036982393000073)",Unfall 252103 (2024) Kat:2, Licht: 0,252103,2,3,5,06,07,5,0,0,1,1,0,1,0,1
"POINT (13.775213378000046 51.038349168000082)",Unfall 252120 (2024) Kat:3, Licht: 0,252120,3,3,5,06,05,4,1,0,0,1,0,0,0,0
"POINT (13.777772828000025 51.058775399000069)",Unfall 252121 (2024) Kat:3, Licht: 0,252121,3,1,0,06,07,4,1,0,1,0,0,0,0,0
"POINT (13.768948451000028 51.049585563000051)",Unfall 252122 (2024) Kat:3, Licht: 0,252122,3,3,5,06,08,4,0,0,1,1,0,0,0,0
"POINT (13.794583514000067 51.041989984000054)",Unfall 252123 (2024) Kat:3, Licht: 0,252123,3,3,5,06,19,4,1,0,1,1,0,0,0,0
"POINT (13.745577882000077 51.068303428000036)",Unfall 252124 (2024) Kat:3, Licht: 0,252124,3,3,5,06,10,4,1,0,1,1,0,0,0,0
"POINT (13.798744580000061 51.012730041000054)",Unfall 252129 (2024) Kat:2, Licht: 0,252129,2,2,5,06,08,4,0,0,0,1,0,1,0,0
"POINT (13.843125936000035 51.002615248000041)",Unfall 252149 (2024) Kat:3, Licht: 0,252149,3,6,3,06,16,3,0,0,1,1,0,0,0,0
"POINT (13.688144908000027 51.038309442000070)",Unfall 252150 (2024) Kat:3, Licht: 0,252150,3,7,6,06,13,7,0,0,0,1,1,0,0,0
"POINT (13.808336583000028 51.052711697000063)",Unfall 252151 (2024) Kat:3, Licht: 0,252151,3,6,3,06,16,3,0,0,1,1,0,0,0,0
"POINT (13.743825017000063 51.040387019000036)",Unfall 252152 (2024) Kat:3, Licht: 0,252152,3,3,5,06,07,3,0,0,1,1,0,0,0,0
"POINT (13.805957383000077 51.049515457000041)",Unfall 252153 (2024) Kat:3, Licht: 0,252153,3,6,2,06,17,3,0,0,0,1,0,0,0,0
"POINT (13.791049852000071 51.037892817000056)",Unfall 252154 (2024) Kat:3, Licht: 0,252154,3,3,5,06,16,3,0,0,0,1,0,0,0,1
"POINT (13.765710217000048 51.048357895000038)",Unfall 252155 (2024) Kat:3, Licht: 0,252155,3,6,2,06,14,3,0,0,0,1,0,1,0,0
"POINT (13.699890522000032 51.043003173000045)",Unfall 252156 (2024) Kat:3, Licht: 0,252156,3,6,3,06,19,3,0,0,1,1,0,0,0,0
"POINT (13.624027940000076 51.084734412000046)",Unfall 252169 (2024) Kat:3, Licht: 0,252169,3,3,5,06,12,2,0,0,1,1,0,0,0,0
"POINT (13.712530983000022 51.028736579000054)",Unfall 252170 (2024) Kat:3, Licht: 0,252170,3,4,6,06,16,2,0,0,0,1,1,0,0,0
"POINT (13.777296247000038 51.058725807000030)",Unfall 252171 (2024) Kat:3, Licht: 0,252171,3,2,5,06,16,2,0,0,1,1,0,0,0,0
"POINT (13.647078510000028 51.088674243000071)",Unfall 252172 (2024) Kat:3, Licht: 0,252172,3,3,5,06,14,2,0,0,0,1,0,0,0,0
"POINT (13.748331572000041 51.073223705000032)",Unfall 252173 (2024) Kat:3, Licht: 0,252173,3,5,3,06,08,2,0,0,1,1,0,0,0,0
"POINT (13.846072555000035 50.999227091000080)",Unfall 252185 (2024) Kat:3, Licht: 0,252185,3,1,0,06,18,1,1,0,0,0,0,1,0,0
"POINT (13.886127005000048 51.006905083000049)",Unfall 252186 (2024) Kat:3, Licht: 0,252186,3,1,0,06,14,1,0,0,1,0,0,0,0,0
"POINT (13.752002054000059 51.062279355000044)",Unfall 252187 (2024) Kat:3, Licht: 0,252187,3,1,0,06,15,1,0,0,1,0,0,0,0,0
"POINT (13.795734174000074 51.048555964000059)",Unfall 252188 (2024) Kat:3, Licht: 0,252188,3,3,5,06,12,1,0,0,1,1,0,0,0,0
"POINT (13.712260240000035 51.028789973000073)",Unfall 252203 (2024) Kat:3, Licht: 0,252203,3,3,5,06,09,7,0,0,1,0,0,0,0,0
"POINT (13.752185265000037 51.034785831000079)",Unfall 252204 (2024) Kat:3, Licht: 2,252204,3,1,0,06,00,7,0,2,1,0,0,0,0,0
"POINT (13.757289620000051 51.049724686000047)",Unfall 252205 (2024) Kat:3, Licht: 0,252205,3,1,0,06,10,6,0,0,1,0,0,0,0,0
"POINT (13.752916315000050 51.044135512000082)",Unfall 252206 (2024) Kat:3, Licht: 0,252206,3,1,0,06,11,7,1,0,1,0,0,0,0,0
"POINT (13.790766122000036 51.013519212000062)",Unfall 252207 (2024) Kat:2, Licht: 0,252207,2,4,6,06,20,7,0,0,0,1,1,0,0,0
"POINT (13.698057910000045 51.084245214000077)",Unfall 252208 (2024) Kat:2, Licht: 0,252208,2,3,8,06,14,7,0,0,0,1,0,1,0,0
"POINT (13.725268229000051 51.053154657000050)",Unfall 252222 (2024) Kat:3, Licht: 1,252222,3,1,0,06,20,6,0,1,1,0,0,0,0,0
"POINT (13.699233145000051 51.086306243000081)",Unfall 252223 (2024) Kat:3, Licht: 2,252223,3,1,1,06,01,7,0,2,0,1,0,0,0,0
"POINT (13.854880691000062 51.058748979000029)",Unfall 252224 (2024) Kat:2, Licht: 0,252224,2,3,5,06,12,6,0,0,1,1,0,0,0,0
"POINT (13.748819512000068 51.069843703000060)",Unfall 252225 (2024) Kat:3, Licht: 0,252225,3,7,0,06,14,6,0,0,1,0,0,0,0,0
"POINT (13.840328517000046 51.004662830000029)",Unfall 252226 (2024) Kat:3, Licht: 0,252226,3,6,2,07,17,5,0,0,0,1,0,1,0,0
"POINT (13.797295301000077 51.140050053000039)",Unfall 252227 (2024) Kat:3, Licht: 0,252227,3,4,6,06,14,6,0,0,0,1,1,0,0,0
"POINT (13.756912830000033 51.055234311000049)",Unfall 252243 (2024) Kat:3, Licht: 0,252243,3,3,5,06,06,5,0,0,1,1,0,0,0,0
"POINT (13.725025500000072 51.050421167000081)",Unfall 252244 (2024) Kat:3, Licht: 0,252244,3,4,6,06,19,5,0,0,1,0,1,0,0,0
"POINT (13.801186663000067 51.028273181000031)",Unfall 252245 (2024) Kat:3, Licht: 0,252245,3,6,2,06,09,5,0,0,0,1,0,0,0,0
"POINT (13.733148140000026 51.048509397000032)",Unfall 252246 (2024) Kat:3, Licht: 0,252246,3,2,5,06,13,5,0,0,1,1,0,0,0,0
"POINT (13.740925186000027 51.057204791000061)",Unfall 252247 (2024) Kat:3, Licht: 0,252247,3,4,6,06,17,5,0,0,1,0,1,0,0,0