WKT,Name,OBJECTID,UKATEGORIE,UTYP1,UART,UMONAT,USTUNDE,UWOCHENTAG,STRZUSTAND,ULICHTVERH,ISTRAD,ISTPKW,ISTFUSS,ISTKRAD,ISTGKFZ,ISTSONSTIG
"POINT (13.702000254000041 51.052056453000034)",Unfall 252248 (2024) Kat:3, Licht: 0,252248,3,6,3,06,11,5,1,0,0,1,0,0,0,1
"POINT (13.683146349000026 51.059628714000041)",Unfall 252269 (2024) Kat:3, Licht: 0,252269,3,1,0,06,20,4,0,0,0,0,0,0,0,1
"POINT (13.708251628000028 51.044524638000041)",Unfall 252270 (2024) Kat:3, Licht: 0,252270,3,1,0,06,07,4,0,0,1,0,0,0,0,0
"POINT (13.788775573000066 51.047813168000062)",Unfall 252271 (2024) Kat:3, Licht: 0,252271,3,5,1,06,09,4,0,0,1,1,0,0,0,0
"POINT (13.754456088000040 51.045658004000074)",Unfall 252272 (2024) Kat:2, Licht: 0,252272,2,1,7,06,19,4,0,0,1,0,0,0,0,0
"POINT (13.749249699000075 51.047828524000067)",Unfall 252273 (2024) Kat:3, Licht: 0,252273,3,4,6,06,16,4,0,0,0,0,1,0,0,1
"POINT (13.782101836000038 51.047319575000074)",Unfall 252274 (2024) Kat:3, Licht: 0,252274,3,1,0,06,20,4,0,0,1,0,0,0,0,0
"POINT (13.800744711000050 51.027704387000028)",Unfall 252275 (2024) Kat:2, Licht: 0,252275,2,1,0,06,18,4,0,0,1,0,0,0,0,0
"POINT (13.772168221000072 51.039611616000059)",Unfall 252276 (2024) Kat:3, Licht: 0,252276,3,1,9,06,08,4,0,0,0,1,0,0,0,0
"POINT (13.778632426000058 51.033337661000076)",Unfall 252277 (2024) Kat:2, Licht: 0,252277,2,3,5,06,16,4,0,0,1,1,0,0,0,0
"POINT (13.692536957000073 51.047273790000077)",Unfall 252298 (2024) Kat:3, Licht: 0,252298,3,7,0,06,06,3,0,0,1,0,0,0,0,0
"POINT (13.798804390000043 51.005009953000069)",Unfall 252299 (2024) Kat:3, Licht: 0,252299,3,3,5,06,18,3,0,0,0,1,0,0,0,1
"POINT (13.809234390000029 51.047365001000060)",Unfall 252300 (2024) Kat:3, Licht: 0,252300,3,2,3,06,18,3,0,0,1,1,0,0,0,0
"POINT (13.729109196000024 51.050962189000074)",Unfall 252301 (2024) Kat:3, Licht: 0,252301,3,7,0,06,12,3,0,0,0,1,0,0,0,1
"POINT (13.716720046000034 51.065296786000033)",Unfall 252302 (2024) Kat:2, Licht: 0,252302,2,1,0,06,15,3,0,0,1,0,0,0,0,0
"POINT (13.765853474000039 51.065798201000064)",Unfall 252303 (2024) Kat:3, Licht: 0,252303,3,1,9,06,21,3,0,0,0,1,0,0,0,0
"POINT (13.715823401000023 51.025888778000080)",Unfall 252315 (2024) Kat:3, Licht: 0,252315,3,1,0,06,09,2,0,0,1,0,0,0,0,0
"POINT (13.748415469000065 51.090114093000068)",Unfall 252316 (2024) Kat:3, Licht: 0,252316,3,7,8,06,15,2,0,0,0,1,0,0,0,0
"POINT (13.738793071000032 51.054155096000045)",Unfall 252317 (2024) Kat:3, Licht: 0,252317,3,6,3,06,19,2,0,0,1,0,0,0,0,0
"POINT (13.768959562000077 51.049611053000035)",Unfall 252318 (2024) Kat:3, Licht: 0,252318,3,3,5,06,09,2,0,0,1,1,0,0,0,0
"POINT (13.798845845000073 51.004991836000045)",Unfall 252319 (2024) Kat:2, Licht: 0,252319,2,2,5,06,15,2,0,0,1,0,0,0,0,1
"POINT (13.828289669000071 51.009176572000058)",Unfall 252320 (2024) Kat:3, Licht: 0,252320,3,5,1,06,09,2,0,0,1,1,0,0,0,0
"POINT (13.705573176000030 51.043391754000027)",Unfall 252321 (2024) Kat:3, Licht: 0,252321,3,1,0,06,12,2,0,0,1,0,0,0,0,0
"POINT (13.835491156000046 50.999759628000049)",Unfall 252333 (2024) Kat:3, Licht: 0,252333,3,1,1,06,13,1,0,0,0,1,0,0,0,1
"POINT (13.740247763000070 51.036698040000033)",Unfall 252335 (2024) Kat:3, Licht: 0,252335,3,1,0,06,14,1,0,0,1,0,0,0,0,0
"POINT (13.755837068000062 51.055981457000030)",Unfall 252336 (2024) Kat:3, Licht: 0,252336,3,1,0,06,11,1,0,0,1,0,0,0,0,0
"POINT (13.751208035000047 51.030918217000078)",Unfall 252337 (2024) Kat:3, Licht: 0,252337,3,7,0,06,18,1,0,0,1,0,0,0,0,0
"POINT (13.834067480000044 51.111951311000041)",Unfall 252351 (2024) Kat:3, Licht: 0,252351,3,1,0,06,11,7,0,0,1,0,0,0,0,0
"POINT (13.656392610000069 51.055299618000049)",Unfall 252352 (2024) Kat:2, Licht: 1,252352,2,7,0,06,21,7,0,1,1,0,0,0,0,0
"POINT (13.774507919000030 51.033123812000042)",Unfall 252353 (2024) Kat:3, Licht: 0,252353,3,2,0,06,08,7,0,0,1,1,0,0,0,0
"POINT (13.809660614000052 51.049573778000081)",Unfall 252354 (2024) Kat:2, Licht: 0,252354,2,1,8,06,18,7,0,0,1,0,0,0,0,0
"POINT (13.688975054000025 51.057925693000072)",Unfall 252365 (2024) Kat:3, Licht: 0,252365,3,3,4,06,16,6,0,0,1,1,0,0,0,0
"POINT (13.734662688000071 51.050784104000059)",Unfall 252366 (2024) Kat:3, Licht: 2,252366,3,4,6,06,21,6,0,2,1,0,1,0,0,0
"POINT (13.738181057000077 51.050360387000069)",Unfall 252367 (2024) Kat:3, Licht: 1,252367,3,4,6,06,21,6,0,1,1,0,1,0,0,0
"POINT (13.705799654000032 51.090897920000032)",Unfall 252368 (2024) Kat:3, Licht: 0,252368,3,3,5,06,15,6,0,0,1,1,0,0,0,0
"POINT (13.731859906000068 51.050419386000044)",Unfall 252370 (2024) Kat:3, Licht: 0,252370,3,5,1,06,09,6,0,0,1,1,0,0,0,0
"POINT (13.734315288000062 51.051854216000038)",Unfall 252371 (2024) Kat:2, Licht: 0,252371,2,3,5,06,13,6,0,0,1,1,0,0,0,0
"POINT (13.743893872000058 51.066376296000044)",Unfall 252379 (2024) Kat:3, Licht: 0,252379,3,5,3,06,15,5,0,0,1,1,0,0,0,0
"POINT (13.824558345000071 51.047550221000051)",Unfall 252382 (2024) Kat:3, Licht: 0,252382,3,5,1,06,14,5,0,0,1,1,0,0,0,0
"POINT (13.777164677000030 51.060469685000044)",Unfall 252383 (2024) Kat:3, Licht: 0,252383,3,6,0,06,07,5,0,0,0,0,0,0,0,1
"POINT (13.754765528000064 51.046281590000035)",Unfall 252384 (2024) Kat:3, Licht: 0,252384,3,4,6,06,18,5,0,0,1,0,1,0,0,0
"POINT (13.773554859000058 51.118244483000069)",Unfall 252385 (2024) Kat:2, Licht: 0,252385,2,3,5,06,07,5,0,0,1,1,0,0,0,0
"POINT (13.774461670000051 51.033077852000076)",Unfall 252416 (2024) Kat:2, Licht: 0,252416,2,3,5,06,09,4,0,0,1,1,0,0,0,0
"POINT (13.683564089000072 51.052595102000055)",Unfall 252417 (2024) Kat:3, Licht: 0,252417,3,7,0,07,17,4,0,0,1,0,1,0,0,0
"POINT (13.745243803000051 51.026828361000071)",Unfall 252418 (2024) Kat:3, Licht: 0,252418,3,3,5,06,13,4,0,0,1,1,0,0,0,1
"POINT (13.751643289000071 51.047226896000041)",Unfall 252419 (2024) Kat:3, Licht: 0,252419,3,3,5,06,07,4,0,0,1,1,0,0,0,0
"POINT (13.750419908000026 51.071439693000059)",Unfall 252441 (2024) Kat:3, Licht: 0,252441,3,4,0,06,08,3,0,0,1,0,1,0,0,0
"POINT (13.696197778000055 51.073704119000070)",Unfall 252442 (2024) Kat:3, Licht: 2,252442,3,7,0,06,23,3,0,2,1,0,0,0,0,0
"POINT (13.729109389000030 51.050961111000049)",Unfall 252443 (2024) Kat:3, Licht: 2,252443,3,3,5,06,22,3,0,2,1,1,0,0,0,0
"POINT (13.656656586000054 51.051195984000060)",Unfall 252444 (2024) Kat:3, Licht: 1,252444,3,2,5,06,21,3,0,1,1,1,0,0,0,0
"POINT (13.775328801000057 51.045469367000067)",Unfall 252445 (2024) Kat:3, Licht: 0,252445,3,6,6,06,19,3,0,0,1,0,1,0,0,0
"POINT (13.773683181000024 51.118305748000068)",Unfall 252446 (2024) Kat:2, Licht: 0,252446,2,1,0,06,11,3,0,0,1,0,0,0,0,0
"POINT (13.809423256000059 51.028118661000065)",Unfall 252448 (2024) Kat:3, Licht: 0,252448,3,2,6,06,13,3,0,0,0,1,1,0,0,0
"POINT (13.768451420000076 51.025745393000079)",Unfall 252455 (2024) Kat:2, Licht: 0,252455,2,6,0,06,14,6,0,0,1,0,1,0,0,0
"POINT (13.707686438000053 51.046465120000050)",Unfall 252469 (2024) Kat:3, Licht: 0,252469,3,1,0,06,17,2,0,0,0,0,0,1,0,0
"POINT (13.852689786000042 51.013229834000072)",Unfall 252470 (2024) Kat:3, Licht: 0,252470,3,5,1,06,10,2,0,0,1,0,0,0,0,1
"POINT (13.825034742000071 51.014160371000060)",Unfall 252471 (2024) Kat:3, Licht: 0,252471,3,7,0,06,17,2,0,0,1,0,0,0,0,0
"POINT (13.821094287000051 51.030318156000078)",Unfall 252472 (2024) Kat:3, Licht: 0,252472,3,3,5,06,18,2,0,0,0,1,0,0,0,0
"POINT (13.737426185000061 51.051904689000025)",Unfall 252473 (2024) Kat:3, Licht: 0,252473,3,1,0,06,06,2,0,0,0,0,0,0,0,1
"POINT (13.716377328000021 51.092705230000035)",Unfall 252485 (2024) Kat:3, Licht: 0,252485,3,7,0,06,19,5,0,0,1,0,0,0,0,0
"POINT (13.745886134000045 51.066146962000062)",Unfall 252486 (2024) Kat:2, Licht: 0,252486,2,7,1,06,14,7,1,0,0,1,0,0,0,0
"POINT (13.699801852000064 51.077357915000050)",Unfall 252487 (2024) Kat:3, Licht: 0,252487,3,3,3,06,17,7,1,0,0,1,0,0,0,1
"POINT (13.735080355000036 51.033654795000075)",Unfall 252488 (2024) Kat:3, Licht: 2,252488,3,1,0,06,01,7,1,2,0,0,0,0,0,1
"POINT (13.723019206000060 51.049861245000045)",Unfall 252489 (2024) Kat:3, Licht: 0,252489,3,7,3,06,11,7,0,0,0,1,0,0,0,1
"POINT (13.682981849000043 51.036440692000042)",Unfall 252511 (2024) Kat:2, Licht: 0,252511,2,1,0,05,15,6,0,0,1,0,0,0,0,0
"POINT (13.690213283000048 51.072672688000068)",Unfall 252513 (2024) Kat:3, Licht: 0,252513,3,3,5,05,18,6,0,0,1,1,0,0,0,0
"POINT (13.808113869000067 51.053554187000032)",Unfall 252514 (2024) Kat:3, Licht: 0,252514,3,3,5,05,17,6,0,0,1,0,0,0,0,0
"POINT (13.788571464000029 51.025996492000047)",Unfall 252515 (2024) Kat:3, Licht: 0,252515,3,2,3,05,15,6,0,0,1,1,0,0,0,0
"POINT (13.808734033000064 51.050519066000049)",Unfall 252517 (2024) Kat:3, Licht: 0,252517,3,6,1,05,16,6,0,0,0,1,0,0,0,1
"POINT (13.715257515000076 51.051581718000079)",Unfall 252538 (2024) Kat:3, Licht: 0,252538,3,7,6,05,17,5,0,0,1,0,1,0,0,0
"POINT (13.683424935000062 51.042429208000044)",Unfall 252539 (2024) Kat:3, Licht: 0,252539,3,2,5,05,16,5,0,0,1,1,0,0,0,0
"POINT (13.677530244000025 51.047082543000045)",Unfall 252540 (2024) Kat:3, Licht: 0,252540,3,3,5,05,09,5,0,0,0,1,0,1,0,0
"POINT (13.720004430000074 51.079926563000072)",Unfall 252541 (2024) Kat:3, Licht: 0,252541,3,2,0,05,14,5,0,0,0,1,0,1,0,0
"POINT (13.750406253000051 51.065699118000055)",Unfall 252542 (2024) Kat:3, Licht: 0,252542,3,4,6,05,17,5,0,0,1,0,1,0,0,0
"POINT (13.750284860000022 51.068352157000049)",Unfall 252543 (2024) Kat:3, Licht: 0,252543,3,7,0,05,09,5,0,0,1,0,0,0,0,0
"POINT (13.757226260000039 51.049735794000071)",Unfall 252546 (2024) Kat:3, Licht: 0,252546,3,4,6,05,18,5,0,0,1,0,1,0,0,0
"POINT (13.742244106000044 51.089596720000031)",Unfall 252548 (2024) Kat:3, Licht: 1,252548,3,1,0,05,07,5,0,1,1,0,0,0,0,0
"POINT (13.688006796000025 51.056433496000068)",Unfall 252565 (2024) Kat:3, Licht: 0,252565,3,4,6,05,06,4,0,0,0,1,1,0,0,0
"POINT (13.702305335000062 51.045880668000052)",Unfall 252566 (2024) Kat:3, Licht: 0,252566,3,7,0,05,07,4,0,0,1,0,0,0,0,0
"POINT (13.831477243000052 51.124330053000051)",Unfall 252567 (2024) Kat:3, Licht: 0,252567,3,7,5,05,17,4,0,0,1,1,0,0,0,0
"POINT (13.746597279000071 51.053399027000069)",Unfall 252568 (2024) Kat:3, Licht: 0,252568,3,6,2,05,17,4,0,0,0,1,0,1,0,0
"POINT (13.784305547000031 51.034906604000071)",Unfall 252570 (2024) Kat:3, Licht: 0,252570,3,4,6,05,10,4,0,0,1,0,1,0,0,0
"POINT (13.717593263000026 51.071489013000075)",Unfall 252577 (2024) Kat:3, Licht: 0,252577,3,5,1,07,19,1,0,0,1,1,0,0,0,0
"POINT (13.857125542000063 51.004618395000080)",Unfall 252578 (2024) Kat:3, Licht: 0,252578,3,7,0,06,17,2,0,0,1,0,0,0,0,0
"POINT (13.715017413000055 51.079252294000071)",Unfall 252585 (2024) Kat:3, Licht: 0,252585,3,7,0,05,14,3,1,0,1,0,0,0,0,0
"POINT (13.732929025000033 51.118312473000060)",Unfall 252587 (2024) Kat:3, Licht: 0,252587,3,5,1,05,07,3,1,0,1,1,0,0,0,0
"POINT (13.704548198000055 51.085379305000060)",Unfall 252588 (2024) Kat:3, Licht: 2,252588,3,3,1,05,20,3,0,2,0,1,0,1,0,0
"POINT (13.765474607000044 51.073266900000078)",Unfall 252603 (2024) Kat:3, Licht: 0,252603,3,2,6,05,11,2,0,0,0,1,1,0,0,0
"POINT (13.760391468000023 51.109416019000037)",Unfall 252604 (2024) Kat:3, Licht: 0,252604,3,1,0,05,18,2,0,0,1,0,0,0,0,0
"POINT (13.774657553000054 51.033277976000079)",Unfall 252605 (2024) Kat:3, Licht: 0,252605,3,7,7,05,16,2,0,0,1,0,0,0,0,0
"POINT (13.738034464000066 51.050380448000055)",Unfall 252606 (2024) Kat:3, Licht: 0,252606,3,4,6,05,11,2,0,0,0,0,1,0,0,1
"POINT (13.775583668000024 51.045374534000075)",Unfall 252616 (2024) Kat:3, Licht: 0,252616,3,2,5,06,14,2,0,0,0,1,0,1,0,0
"POINT (13.683006423000052 51.059738895000066)",Unfall 252629 (2024) Kat:3, Licht: 0,252629,3,1,0,05,20,7,1,0,1,0,0,0,0,0
"POINT (13.757200760000046 51.069407780000063)",Unfall 252630 (2024) Kat:3, Licht: 2,252630,3,1,0,05,00,7,0,2,1,0,0,0,0,0
"POINT (13.709901139000067 51.082982117000029)",Unfall 252645 (2024) Kat:3, Licht: 0,252645,3,6,4,05,11,6,0,0,1,1,0,0,0,0
"POINT (13.739351171000067 51.037023496000074)",Unfall 252646 (2024) Kat:3, Licht: 0,252646,3,3,5,05,15,6,1,0,1,0,0,0,0,0
"POINT (13.748982175000037 51.033778444000063)",Unfall 252647 (2024) Kat:3, Licht: 0,252647,3,2,3,05,08,6,0,0,1,1,0,0,0,0
"POINT (13.809546663000049 51.012379126000042)",Unfall 252648 (2024) Kat:3, Licht: 0,252648,3,7,0,05,13,6,1,0,1,0,0,0,0,0
"POINT (13.684630353000045 51.083168761000081)",Unfall 252649 (2024) Kat:3, Licht: 0,252649,3,3,5,06,15,3,0,0,1,1,0,0,0,0
"POINT (13.760430631000077 51.026733715000034)",Unfall 252650 (2024) Kat:3, Licht: 0,252650,3,1,0,05,14,6,0,0,1,0,0,0,0,0
"POINT (13.772744126000077 51.047798674000035)",Unfall 252651 (2024) Kat:3, Licht: 0,252651,3,3,5,05,07,6,0,0,1,1,0,0,0,0
"POINT (13.687854598000058 51.056505837000032)",Unfall 252669 (2024) Kat:3, Licht: 0,252669,3,4,6,05,15,5,0,0,0,1,1,0,0,0
"POINT (13.712641316000031 51.031065567000041)",Unfall 252670 (2024) Kat:3, Licht: 0,252670,3,3,5,05,15,5,0,0,1,1,0,0,0,0
"POINT (13.748987006000050 51.068810678000034)",Unfall 252671 (2024) Kat:3, Licht: 0,252671,3,5,1,05,19,5,0,0,1,1,0,0,0,0
"POINT (13.762445585000023 51.032608607000043)",Unfall 252672 (2024) Kat:2, Licht: 0,252672,2,7,0,05,10,5,0,0,1,0,0,0,0,0
"POINT (13.779235019000055 51.044454051000059)",Unfall 252673 (2024) Kat:3, Licht: 0,252673,3,5,1,05,09,5,0,0,0,1,0,0,0,0
"POINT (13.840476830000057 51.000639461000048)",Unfall 252678 (2024) Kat:3, Licht: 0,252678,3,7,0,07,11,3,0,0,1,0,0,0,0,0
"POINT (13.795393902000058 51.042844356000046)",Unfall 252682 (2024) Kat:3, Licht: 0,252682,3,2,4,06,20,1,0,0,1,1,0,0,0,0
"POINT (13.831505897000056 51.037354986000082)",Unfall 252688 (2024) Kat:2, Licht: 0,252688,2,7,0,05,08,4,1,0,1,0,0,0,0,0
"POINT (13.756001315000049 51.055907161000050)",Unfall 252689 (2024) Kat:3, Licht: 0,252689,3,2,2,05,07,4,1,0,1,1,0,0,0,0
"POINT (13.787922226000035 51.060008850000031)",Unfall 252691 (2024) Kat:3, Licht: 0,252691,3,3,5,05,06,4,1,0,1,1,0,0,0,0
"POINT (13.741911607000077 51.032236631000046)",Unfall 252692 (2024) Kat:2, Licht: 0,252692,2,2,5,05,09,4,0,0,1,1,0,0,0,0
"POINT (13.722484562000034 51.056193243000052)",Unfall 252699 (2024) Kat:3, Licht: 0,252699,3,4,6,06,08,5,0,0,1,0,1,0,0,0
"POINT (13.724988921000033 51.057763829000066)",Unfall 252703 (2024) Kat:3, Licht: 0,252703,3,6,2,05,14,3,0,0,0,1,0,1,0,0
"POINT (13.702183887000047 51.034930618000033)",Unfall 252705 (2024) Kat:3, Licht: 0,252705,3,3,5,05,07,3,0,0,0,1,0,0,0,0
"POINT (13.857448534000071 51.004482004000067)",Unfall 252706 (2024) Kat:3, Licht: 0,252706,3,7,1,05,11,3,0,0,0,1,0,0,0,0
"POINT (13.820880414000044 51.028483909000045)",Unfall 252707 (2024) Kat:3, Licht: 0,252707,3,3,5,05,07,3,0,0,1,0,0,1,0,0
"POINT (13.780974741000023 51.057002312000066)",Unfall 252708 (2024) Kat:3, Licht: 0,252708,3,5,1,05,14,3,0,0,1,1,0,0,0,0
"POINT (13.783296216000053 51.029656958000032)",Unfall 252709 (2024) Kat:3, Licht: 0,252709,3,3,5,05,15,3,0,0,1,1,0,0,0,0
"POINT (13.751645370000062 51.047230764000062)",Unfall 252710 (2024) Kat:3, Licht: 0,252710,3,3,5,05,16,3,0,0,0,1,0,0,0,1
"POINT (13.797947865000026 51.035085226000035)",Unfall 252713 (2024) Kat:3, Licht: 0,252713,3,3,0,05,06,3,0,0,0,1,0,1,0,0
"POINT (13.734077757000023 51.049355936000040)",Unfall 252731 (2024) Kat:3, Licht: 0,252731,3,7,0,05,17,2,0,0,1,0,0,0,0,0
"POINT (13.746799980000048 51.038306361000082)",Unfall 252732 (2024) Kat:3, Licht: 0,252732,3,1,0,05,17,2,1,0,0,0,0,1,0,0
"POINT (13.808067061000031 51.051070178000032)",Unfall 252733 (2024) Kat:3, Licht: 0,252733,3,7,0,05,16,2,0,0,1,0,0,0,0,0
"POINT (13.750493363000032 51.032005482000045)",Unfall 252734 (2024) Kat:3, Licht: 0,252734,3,4,2,05,13,2,0,0,0,1,1,0,0,0
"POINT (13.828212196000038 50.998847773000080)",Unfall 252735 (2024) Kat:3, Licht: 0,252735,3,3,0,05,18,2,1,0,0,1,0,1,0,0
"POINT (13.706119891000071 51.076686112000061)",Unfall 252748 (2024) Kat:3, Licht: 0,252748,3,1,0,05,10,1,1,0,1,0,0,0,0,0
"POINT (13.723878678000062 51.054602159000069)",Unfall 252756 (2024) Kat:3, Licht: 0,252756,3,1,0,05,15,7,1,0,0,0,0,0,0,1
"POINT (13.678859132000071 51.059818500000063)",Unfall 252769 (2024) Kat:3, Licht: 2,252769,3,7,1,05,23,6,0,2,0,1,0,0,0,1
"POINT (13.840956162000055 51.001982348000070)",Unfall 252788 (2024) Kat:3, Licht: 0,252788,3,6,2,05,09,5,0,0,0,1,0,0,0,0
"POINT (13.729131352000024 51.036241358000041)",Unfall 252789 (2024) Kat:3, Licht: 0,252789,3,3,5,05,08,5,0,0,1,1,0,0,0,0
"POINT (13.742855384000052 51.068352042000072)",Unfall 252792 (2024) Kat:3, Licht: 0,252792,3,1,0,05,08,5,0,0,1,0,0,0,0,0
"POINT (13.741958737000061 51.060708403000035)",Unfall 252793 (2024) Kat:3, Licht: 0,252793,3,7,0,05,14,5,0,0,0,1,0,1,0,0
"POINT (13.771242777000055 51.029736323000066)",Unfall 252794 (2024) Kat:3, Licht: 0,252794,3,2,6,05,08,5,0,0,0,1,1,0,0,0
"POINT (13.772214570000074 51.118775966000044)",Unfall 252795 (2024) Kat:3, Licht: 0,252795,3,2,5,05,12,5,0,0,1,1,0,0,0,0
"POINT (13.734354261000021 51.038636408000059)",Unfall 252796 (2024) Kat:3, Licht: 0,252796,3,1,0,05,19,5,0,0,1,0,0,0,0,0
"POINT (13.798050521000050 51.024892927000053)",Unfall 252797 (2024) Kat:3, Licht: 0,252797,3,2,4,06,17,4,0,0,0,1,0,0,0,0
"POINT (13.696697405000066 51.082037271000047)",Unfall 252798 (2024) Kat:2, Licht: 2,252798,2,4,6,05,21,5,0,2,0,0,1,0,0,1
"POINT (13.777421467000067 51.060153240000034)",Unfall 252818 (2024) Kat:3, Licht: 0,252818,3,6,2,09,17,1,0,0,0,1,0,0,0,0
"POINT (13.670680721000053 51.042334083000071)",Unfall 252833 (2024) Kat:2, Licht: 0,252833,2,3,5,09,16,6,0,0,1,0,0,0,0,1
"POINT (13.816621686000076 51.010946656000044)",Unfall 252834 (2024) Kat:3, Licht: 0,252834,3,6,2,09,14,6,0,0,0,1,0,0,0,1
"POINT (13.705884236000031 51.027668535000032)",Unfall 252835 (2024) Kat:3, Licht: 0,252835,3,1,0,09,17,6,0,0,0,0,0,0,0,1
"POINT (13.777421467000067 51.060153240000034)",Unfall 252836 (2024) Kat:3, Licht: 0,252836,3,6,1,09,09,6,0,0,0,1,0,0,0,1
"POINT (13.788360514000033 51.030592825000042)",Unfall 252838 (2024) Kat:2, Licht: 0,252838,2,7,2,09,13,6,0,0,0,0,0,1,0,1
"POINT (13.743996702000061 51.087792097000033)",Unfall 252839 (2024) Kat:2, Licht: 0,252839,2,1,1,09,18,6,0,0,0,1,0,0,0,0
"POINT (13.753410703000043 51.050320245000080)",Unfall 252840 (2024) Kat:3, Licht: 0,252840,3,2,6,09,11,6,0,0,0,1,1,0,0,0
"POINT (13.756214573000022 51.076420706000079)",Unfall 252856 (2024) Kat:3, Licht: 0,252856,3,6,0,09,07,5,0,0,0,1,0,0,0,1
"POINT (13.761656600000038 51.068065500000046)",Unfall 252857 (2024) Kat:2, Licht: 0,252857,2,1,0,09,17,5,0,0,1,0,0,0,0,0
"POINT (13.748611612000047 51.125433217000079)",Unfall 252858 (2024) Kat:3, Licht: 1,252858,3,1,9,09,05,5,0,1,0,1,0,0,0,0
"POINT (13.788223474000063 51.043292173000054)",Unfall 252859 (2024) Kat:3, Licht: 0,252859,3,4,6,09,16,5,0,0,0,1,1,0,0,0
"POINT (13.771794398000054 51.046886251000046)",Unfall 252860 (2024) Kat:3, Licht: 0,252860,3,1,0,09,14,5,0,0,1,0,0,0,0,0
"POINT (13.778400960000056 51.052949766000040)",Unfall 252861 (2024) Kat:3, Licht: 0,252861,3,6,3,09,15,5,0,0,0,1,0,1,0,0
"POINT (13.757942512000056 51.032904120000069)",Unfall 252862 (2024) Kat:2, Licht: 0,252862,2,3,5,09,17,5,0,0,1,1,0,0,0,0
"POINT (13.783319337000023 51.047379393000028)",Unfall 252863 (2024) Kat:2, Licht: 2,252863,2,1,3,09,19,5,0,2,0,1,0,0,0,1
"POINT (13.692633934000071 51.085749059000079)",Unfall 252876 (2024) Kat:3, Licht: 0,252876,3,7,0,09,07,4,0,0,1,0,0,0,0,0
"POINT (13.755946183000049 51.055882690000033)",Unfall 252877 (2024) Kat:3, Licht: 0,252877,3,2,5,09,16,4,0,0,1,0,0,0,0,1
"POINT (13.777312323000046 51.058728427000062)",Unfall 252878 (2024) Kat:3, Licht: 0,252878,3,2,5,09,07,4,0,0,1,1,0,0,0,0
"POINT (13.779861316000051 51.044254834000071)",Unfall 252879 (2024) Kat:3, Licht: 0,252879,3,2,5,09,15,4,0,0,1,0,0,0,0,0
"POINT (13.746627767000064 51.038276602000053)",Unfall 252880 (2024) Kat:3, Licht: 2,252880,3,2,6,09,21,4,0,2,0,1,1,0,0,0
"POINT (13.707234920000076 51.082163865000041)",Unfall 252892 (2024) Kat:3, Licht: 0,252892,3,6,2,09,14,3,0,0,0,1,0,0,0,0
"POINT (13.743436675000055 51.048840779000045)",Unfall 252893 (2024) Kat:3, Licht: 2,252893,3,1,0,09,19,3,0,2,0,0,0,0,0,1
"POINT (13.779079509000042 51.037972593000063)",Unfall 252894 (2024) Kat:3, Licht: 0,252894,3,3,5,09,17,3,0,0,1,1,0,0,0,0
"POINT (13.730701887000066 51.050026033000051)",Unfall 252895 (2024) Kat:3, Licht: 2,252895,3,3,5,09,19,3,0,2,0,1,0,1,0,0
"POINT (13.717046756000059 51.052621191000071)",Unfall 252896 (2024) Kat:3, Licht: 0,252896,3,3,5,09,15,3,0,0,1,1,0,0,0,0
"POINT (13.780384011000024 51.030912628000067)",Unfall 252897 (2024) Kat:2, Licht: 1,252897,2,1,0,09,06,3,1,1,0,0,0,1,0,0
"POINT (13.746759342000075 51.038325532000044)",Unfall 252898 (2024) Kat:3, Licht: 2,252898,3,1,0,09,22,3,0,2,0,0,0,1,0,0
"POINT (13.770054527000070 51.057219857000064)",Unfall 252912 (2024) Kat:3, Licht: 0,252912,3,3,5,09,14,2,1,0,1,1,0,0,0,0
"POINT (13.773815554000066 51.048901998000076)",Unfall 252913 (2024) Kat:3, Licht: 0,252913,3,1,0,09,07,2,1,0,0,0,0,1,0,0
"POINT (13.716953554000042 51.055788627000027)",Unfall 252914 (2024) Kat:3, Licht: 2,252914,3,2,5,09,05,2,1,2,0,1,0,1,0,0
"POINT (13.761255327000072 51.050920929000029)",Unfall 252915 (2024) Kat:3, Licht: 0,252915,3,3,5,09,12,2,1,0,0,1,0,0,0,0
"POINT (13.777723821000052 51.052880537000078)",Unfall 252916 (2024) Kat:3, Licht: 0,252916,3,3,5,09,09,2,1,0,0,1,0,0,0,0
"POINT (13.739992904000076 51.038656596000067)",Unfall 252933 (2024) Kat:3, Licht: 0,252933,3,1,0,09,12,7,1,0,0,0,0,1,0,0
"POINT (13.748565184000029 51.071735113000045)",Unfall 252934 (2024) Kat:3, Licht: 0,252934,3,3,0,09,12,7,1,0,0,1,0,1,0,0
"POINT (13.734994297000071 51.072597382000026)",Unfall 252950 (2024) Kat:3, Licht: 0,252950,3,5,1,09,17,6,1,0,1,1,0,0,0,0
"POINT (13.741824078000036 51.065430766000077)",Unfall 252951 (2024) Kat:3, Licht: 0,252951,3,7,0,09,15,6,1,0,0,0,0,1,0,0
"POINT (13.751237242000059 51.042501694000066)",Unfall 252952 (2024) Kat:3, Licht: 0,252952,3,6,0,09,08,6,1,0,0,1,0,0,0,1