WKT,Name,OBJECTID,UKATEGORIE,UTYP1,UART,UMONAT,USTUNDE,UWOCHENTAG,STRZUSTAND,ULICHTVERH,ISTRAD,ISTPKW,ISTFUSS,ISTKRAD,ISTGKFZ,ISTSONSTIG
"POINT (13.782339573000058 51.047628751000047)",Unfall 252953 (2024) Kat:3, Licht: 2,252953,3,3,5,09,22,6,1,2,0,1,0,0,0,0
"POINT (13.757857547000071 51.019176848000029)",Unfall 252954 (2024) Kat:3, Licht: 0,252954,3,3,5,09,18,6,1,0,0,1,0,0,0,0
"POINT (13.788998432000028 51.025588373000062)",Unfall 252955 (2024) Kat:3, Licht: 0,252955,3,3,5,09,15,6,1,0,0,0,0,0,0,1
"POINT (13.701791993000029 51.045625794000046)",Unfall 252969 (2024) Kat:3, Licht: 0,252969,3,4,6,09,15,5,0,0,0,1,1,0,0,0
"POINT (13.831794866000052 51.009633178000058)",Unfall 252970 (2024) Kat:3, Licht: 0,252970,3,3,5,09,13,5,0,0,1,1,0,0,0,0
"POINT (13.738181185000030 51.050360370000078)",Unfall 252971 (2024) Kat:3, Licht: 0,252971,3,4,6,09,11,5,0,0,1,0,1,0,0,0
"POINT (13.807425150000029 51.043775974000027)",Unfall 252972 (2024) Kat:3, Licht: 0,252972,3,2,4,09,08,5,0,0,1,1,0,0,0,0
"POINT (13.771785004000037 51.040865968000048)",Unfall 252987 (2024) Kat:3, Licht: 0,252987,3,3,5,09,17,4,0,0,1,1,0,0,0,0
"POINT (13.753188360000024 51.066535497000075)",Unfall 252988 (2024) Kat:3, Licht: 0,252988,3,5,1,09,08,4,0,0,1,1,0,0,0,0
"POINT (13.792626074000054 51.058674928000073)",Unfall 252989 (2024) Kat:3, Licht: 0,252989,3,7,0,09,18,4,0,0,1,0,0,0,0,0
"POINT (13.723645734000058 51.053676778000067)",Unfall 252990 (2024) Kat:3, Licht: 0,252990,3,3,5,09,18,4,1,0,1,1,0,0,0,0
"POINT (13.802727682000068 51.024254024000072)",Unfall 252991 (2024) Kat:3, Licht: 2,252991,3,1,0,09,19,4,1,2,0,0,0,0,0,1
"POINT (13.706616503000078 51.045636171000069)",Unfall 252992 (2024) Kat:3, Licht: 0,252992,3,2,2,09,12,4,0,0,0,1,0,0,0,0
"POINT (13.700485583000045 51.095494072000065)",Unfall 252993 (2024) Kat:3, Licht: 2,252993,3,1,0,09,01,4,0,2,0,0,0,1,0,0
"POINT (13.829460475000076 51.008539744000075)",Unfall 253006 (2024) Kat:3, Licht: 0,253006,3,1,0,09,16,3,0,0,0,0,0,1,0,0
"POINT (13.837792747000037 51.024408475000030)",Unfall 253007 (2024) Kat:3, Licht: 0,253007,3,1,0,09,15,3,0,0,1,0,0,0,0,0
"POINT (13.799401978000049 51.056609850000029)",Unfall 253008 (2024) Kat:3, Licht: 2,253008,3,3,5,09,06,3,1,2,1,1,0,0,0,0
"POINT (13.761591438000039 51.044955268000081)",Unfall 253009 (2024) Kat:3, Licht: 0,253009,3,3,5,09,10,3,1,0,1,1,0,0,0,0
"POINT (13.659972605000064 51.063681929000040)",Unfall 253028 (2024) Kat:3, Licht: 0,253028,3,5,1,09,12,2,1,0,1,1,0,0,0,0
"POINT (13.787352810000073 51.011339030000045)",Unfall 253029 (2024) Kat:3, Licht: 0,253029,3,7,5,09,07,2,1,0,1,1,0,0,0,0
"POINT (13.739794844000073 51.050139554000054)",Unfall 253030 (2024) Kat:3, Licht: 0,253030,3,5,0,09,18,5,0,0,1,1,0,0,0,0
"POINT (13.752817651000043 51.064646855000035)",Unfall 253031 (2024) Kat:3, Licht: 0,253031,3,1,0,09,16,2,0,0,1,0,0,0,0,0
"POINT (13.805813741000065 51.052312669000059)",Unfall 253032 (2024) Kat:3, Licht: 0,253032,3,2,1,09,09,2,1,0,0,1,0,0,0,0
"POINT (13.777834022000036 51.053615577000073)",Unfall 253033 (2024) Kat:3, Licht: 0,253033,3,2,5,09,08,2,1,0,1,1,0,0,0,0
"POINT (13.680196540000054 51.042504545000043)",Unfall 253034 (2024) Kat:3, Licht: 0,253034,3,6,2,09,18,2,0,0,0,1,0,0,0,0
"POINT (13.698739711000030 51.074266349000027)",Unfall 253044 (2024) Kat:3, Licht: 0,253044,3,6,3,09,16,1,0,0,1,1,0,0,0,0
"POINT (13.844886470000063 51.017492788000027)",Unfall 253045 (2024) Kat:3, Licht: 0,253045,3,1,0,09,15,1,0,0,1,0,0,0,0,0
"POINT (13.780279534000044 51.019583974000057)",Unfall 253046 (2024) Kat:3, Licht: 0,253046,3,1,7,09,17,1,0,0,1,0,0,0,0,0
"POINT (13.776819974000034 51.011417728000026)",Unfall 253047 (2024) Kat:3, Licht: 2,253047,3,1,1,09,01,1,0,2,0,1,0,0,0,0
"POINT (13.755414872000074 51.046143558000040)",Unfall 253048 (2024) Kat:3, Licht: 2,253048,3,1,0,09,20,1,0,2,1,0,0,0,0,0
"POINT (13.833604779000041 51.021909232000041)",Unfall 253054 (2024) Kat:3, Licht: 2,253054,3,1,0,09,19,7,0,2,1,0,0,0,0,0
"POINT (13.774533384000051 51.033114341000044)",Unfall 253070 (2024) Kat:3, Licht: 0,253070,3,2,5,09,19,6,0,0,0,1,0,0,0,0
"POINT (13.706618277000075 51.045637355000054)",Unfall 253074 (2024) Kat:3, Licht: 0,253074,3,1,0,09,08,6,0,0,1,0,0,0,0,0
"POINT (13.750555401000042 51.060937008000053)",Unfall 253075 (2024) Kat:3, Licht: 0,253075,3,3,5,09,07,6,0,0,0,0,0,1,0,1
"POINT (13.747185821000073 51.071963888000028)",Unfall 253076 (2024) Kat:3, Licht: 0,253076,3,3,5,09,08,6,0,0,1,1,0,0,0,0
"POINT (13.808340124000040 51.050895805000039)",Unfall 253077 (2024) Kat:3, Licht: 0,253077,3,2,5,09,14,6,0,0,1,1,0,0,0,0
"POINT (13.806537778000063 51.042151730000057)",Unfall 253078 (2024) Kat:3, Licht: 0,253078,3,6,2,09,17,6,0,0,1,1,0,0,0,0
"POINT (13.771343558000069 51.060330041000043)",Unfall 253080 (2024) Kat:3, Licht: 0,253080,3,3,5,09,06,6,0,0,0,1,0,1,0,0
"POINT (13.828665022000052 50.998983443000043)",Unfall 253081 (2024) Kat:3, Licht: 0,253081,3,1,0,09,16,5,0,0,1,0,0,0,0,0
"POINT (13.770260772000029 51.028915091000044)",Unfall 253082 (2024) Kat:2, Licht: 0,253082,2,3,5,09,07,6,0,0,0,1,0,1,0,0
"POINT (13.715241901000070 51.036466532000077)",Unfall 253090 (2024) Kat:3, Licht: 0,253090,3,3,5,09,15,7,0,0,0,1,0,0,0,1
"POINT (13.799014903000057 51.025839336000047)",Unfall 253093 (2024) Kat:3, Licht: 0,253093,3,4,6,09,11,5,0,0,1,0,1,0,0,0
"POINT (13.769322351000028 51.124200475000066)",Unfall 253098 (2024) Kat:3, Licht: 0,253098,3,7,7,09,13,5,0,0,1,0,0,0,0,0
"POINT (13.777578699000060 51.134536287000060)",Unfall 253099 (2024) Kat:3, Licht: 1,253099,3,7,7,09,07,5,0,1,0,0,0,1,0,0
"POINT (13.776394486000072 51.046928379000065)",Unfall 253100 (2024) Kat:2, Licht: 0,253100,2,3,5,09,17,5,0,0,1,1,0,0,0,0
"POINT (13.850502774000063 51.028255819000037)",Unfall 253101 (2024) Kat:2, Licht: 0,253101,2,1,0,09,07,5,0,0,1,0,0,0,0,0
"POINT (13.735849209000037 51.047212742000056)",Unfall 253120 (2024) Kat:3, Licht: 0,253120,3,2,3,09,16,4,0,0,1,1,0,0,0,0
"POINT (13.798629922000032 51.012455664000072)",Unfall 253121 (2024) Kat:3, Licht: 0,253121,3,2,0,09,12,4,0,0,0,1,0,0,0,1
"POINT (13.785512682000046 51.038882467000064)",Unfall 253128 (2024) Kat:3, Licht: 0,253128,3,5,1,09,16,2,1,0,1,1,0,0,0,0
"POINT (13.667222383000023 51.049203455000054)",Unfall 253138 (2024) Kat:3, Licht: 0,253138,3,6,3,09,12,3,0,0,0,1,0,0,0,0
"POINT (13.710881420000021 51.048693275000062)",Unfall 253139 (2024) Kat:3, Licht: 0,253139,3,6,4,09,21,3,0,0,0,1,0,0,0,1
"POINT (13.702245477000076 51.093428773000028)",Unfall 253140 (2024) Kat:3, Licht: 0,253140,3,1,0,09,15,3,0,0,1,0,0,0,0,0
"POINT (13.668448823000062 51.046875390000082)",Unfall 253141 (2024) Kat:3, Licht: 0,253141,3,3,5,09,17,3,0,0,0,1,0,0,0,0
"POINT (13.708163633000026 51.033434010000065)",Unfall 253142 (2024) Kat:3, Licht: 0,253142,3,2,5,09,08,3,0,0,1,1,0,0,0,0
"POINT (13.767790133000062 51.041334256000027)",Unfall 253143 (2024) Kat:3, Licht: 0,253143,3,7,2,09,16,3,0,0,0,0,0,1,0,1
"POINT (13.773582506000025 51.048730036000052)",Unfall 253144 (2024) Kat:3, Licht: 0,253144,3,3,5,09,18,3,0,0,1,1,0,0,0,0
"POINT (13.668443257000035 51.046874214000070)",Unfall 253145 (2024) Kat:3, Licht: 0,253145,3,3,5,09,13,3,0,0,0,1,0,0,0,0
"POINT (13.739321842000038 51.036998315000062)",Unfall 253146 (2024) Kat:3, Licht: 0,253146,3,3,5,09,06,3,0,0,0,1,0,0,0,1
"POINT (13.752488421000066 51.116180376000045)",Unfall 253147 (2024) Kat:3, Licht: 0,253147,3,3,5,09,08,3,0,0,1,1,0,0,0,0
"POINT (13.769923079000023 51.059005208000031)",Unfall 253171 (2024) Kat:3, Licht: 0,253171,3,3,5,09,15,2,0,0,0,1,0,0,0,0
"POINT (13.780858789000035 51.036047233000033)",Unfall 253172 (2024) Kat:3, Licht: 0,253172,3,6,3,09,07,2,0,0,0,1,0,1,0,0
"POINT (13.779913439000040 51.041241774000071)",Unfall 253173 (2024) Kat:3, Licht: 0,253173,3,7,1,09,14,2,0,0,0,1,0,0,1,0
"POINT (13.749156540000058 51.033558249000066)",Unfall 253187 (2024) Kat:3, Licht: 0,253187,3,2,5,09,16,1,0,0,1,1,0,0,0,0
"POINT (13.849424082000041 51.028233131000036)",Unfall 253188 (2024) Kat:3, Licht: 0,253188,3,1,0,09,12,1,0,0,1,0,0,0,0,0
"POINT (13.697247606000076 51.087617646000069)",Unfall 253203 (2024) Kat:3, Licht: 0,253203,3,6,1,08,09,7,0,0,0,1,0,0,0,0
"POINT (13.822073213000067 51.029886013000066)",Unfall 253204 (2024) Kat:3, Licht: 0,253204,3,5,1,08,13,7,0,0,1,1,0,0,0,0
"POINT (13.826671766000061 51.025646277000078)",Unfall 253224 (2024) Kat:3, Licht: 0,253224,3,2,5,08,09,6,0,0,1,1,0,0,0,0
"POINT (13.812333197000044 51.063796123000031)",Unfall 253225 (2024) Kat:3, Licht: 0,253225,3,1,8,08,17,6,0,0,1,0,0,0,0,0
"POINT (13.788914822000038 51.014258518000076)",Unfall 253226 (2024) Kat:3, Licht: 0,253226,3,2,2,08,15,6,0,0,0,1,0,0,0,1
"POINT (13.797679847000040 51.042298142000050)",Unfall 253227 (2024) Kat:2, Licht: 0,253227,2,1,0,08,09,6,0,0,1,0,0,0,0,0
"POINT (13.793010615000071 51.032805065000048)",Unfall 253245 (2024) Kat:3, Licht: 0,253245,3,1,0,09,18,7,0,0,1,0,0,0,0,0
"POINT (13.744565167000076 51.053428781000036)",Unfall 253257 (2024) Kat:3, Licht: 0,253257,3,1,0,08,19,5,0,0,1,0,0,0,0,0
"POINT (13.746890111000027 51.061792844000081)",Unfall 253258 (2024) Kat:3, Licht: 0,253258,3,4,6,08,14,5,0,0,0,1,1,0,0,0
"POINT (13.718826573000058 51.059683440000072)",Unfall 253275 (2024) Kat:2, Licht: 0,253275,2,7,0,08,17,4,0,0,1,0,0,0,0,0
"POINT (13.737577749000025 51.053998613000033)",Unfall 253276 (2024) Kat:2, Licht: 0,253276,2,1,0,08,19,4,0,0,1,0,0,0,0,0
"POINT (13.800554787000067 51.027466494000066)",Unfall 253277 (2024) Kat:3, Licht: 1,253277,3,1,0,08,20,4,0,1,1,0,0,0,0,0
"POINT (13.755331244000047 51.046166284000037)",Unfall 253278 (2024) Kat:3, Licht: 0,253278,3,3,0,08,19,4,0,0,1,0,0,0,0,1
"POINT (13.691807182000048 51.050508517000026)",Unfall 253306 (2024) Kat:3, Licht: 0,253306,3,1,0,08,17,2,0,0,1,0,0,0,0,0
"POINT (13.719742836000023 51.081147189000035)",Unfall 253307 (2024) Kat:2, Licht: 0,253307,2,1,0,08,14,2,0,0,1,0,0,0,0,0
"POINT (13.753981868000039 51.057683964000034)",Unfall 253308 (2024) Kat:3, Licht: 0,253308,3,6,3,08,16,2,0,0,1,0,0,0,0,0
"POINT (13.788703719000068 51.043333897000082)",Unfall 253309 (2024) Kat:3, Licht: 2,253309,3,2,5,08,21,2,0,2,1,0,0,0,0,1
"POINT (13.748573608000072 51.039820184000064)",Unfall 253310 (2024) Kat:3, Licht: 0,253310,3,1,0,08,16,2,0,0,1,0,0,0,0,0
"POINT (13.783562822000022 51.050268070000072)",Unfall 253311 (2024) Kat:3, Licht: 2,253311,3,6,3,08,21,5,0,2,1,0,0,0,0,0
"POINT (13.642547005000040 51.044857894000074)",Unfall 253313 (2024) Kat:3, Licht: 0,253313,3,7,1,08,13,2,0,0,1,0,0,0,0,1
"POINT (13.795855507000056 50.996018552000066)",Unfall 253326 (2024) Kat:3, Licht: 0,253326,3,6,2,08,13,1,0,0,0,1,0,1,0,0
"POINT (13.773896397000044 51.033471238000061)",Unfall 253327 (2024) Kat:3, Licht: 0,253327,3,7,6,08,14,1,0,0,1,0,1,0,0,0
"POINT (13.807076426000037 51.034529111000040)",Unfall 253328 (2024) Kat:3, Licht: 0,253328,3,7,1,08,10,1,0,0,0,1,0,0,0,1
"POINT (13.766088178000075 51.041074157000025)",Unfall 253329 (2024) Kat:3, Licht: 0,253329,3,4,6,08,13,1,1,0,1,0,1,0,0,0
"POINT (13.760441325000045 51.068404773000054)",Unfall 253332 (2024) Kat:3, Licht: 2,253332,3,4,6,09,20,3,0,2,1,0,1,0,0,0
"POINT (13.838493557000049 51.005823165000038)",Unfall 253348 (2024) Kat:3, Licht: 2,253348,3,3,5,08,03,7,0,2,0,1,0,1,0,0
"POINT (13.728433640000048 51.056619708000028)",Unfall 253349 (2024) Kat:3, Licht: 0,253349,3,3,5,08,07,7,0,0,1,1,0,0,0,0
"POINT (13.805898669000044 51.026310108000075)",Unfall 253350 (2024) Kat:3, Licht: 0,253350,3,1,0,08,12,7,0,0,1,0,0,0,0,0
"POINT (13.777830389000030 51.052891360000046)",Unfall 253351 (2024) Kat:3, Licht: 0,253351,3,2,2,08,07,7,0,0,0,1,0,1,0,0
"POINT (13.776579271000060 51.066692015000058)",Unfall 253352 (2024) Kat:2, Licht: 0,253352,2,1,0,08,11,7,0,0,1,0,0,0,0,0
"POINT (13.685420140000076 51.058070392000047)",Unfall 253358 (2024) Kat:3, Licht: 0,253358,3,3,5,08,07,6,0,0,1,1,0,0,0,0
"POINT (13.683607291000044 51.058788712000080)",Unfall 253364 (2024) Kat:3, Licht: 0,253364,3,1,8,08,12,6,0,0,1,0,0,0,0,0
"POINT (13.719339265000031 51.081094794000080)",Unfall 253365 (2024) Kat:3, Licht: 0,253365,3,6,6,08,14,6,0,0,1,0,1,0,0,0
"POINT (13.756005374000040 51.055908963000036)",Unfall 253366 (2024) Kat:3, Licht: 0,253366,3,2,5,08,16,6,0,0,1,1,0,0,0,0
"POINT (13.789125615000046 51.075327047000030)",Unfall 253368 (2024) Kat:3, Licht: 0,253368,3,1,4,08,17,6,0,0,1,0,0,0,0,1
"POINT (13.786455298000021 51.060172719000036)",Unfall 253369 (2024) Kat:3, Licht: 0,253369,3,2,5,08,15,6,0,0,1,1,0,0,0,0
"POINT (13.777498110000067 51.056042355000045)",Unfall 253370 (2024) Kat:3, Licht: 0,253370,3,2,3,08,08,6,0,0,1,1,0,0,0,0
"POINT (13.849171245000036 50.994574450000073)",Unfall 253371 (2024) Kat:2, Licht: 2,253371,2,1,9,08,23,6,0,2,0,1,0,0,0,0
"POINT (13.728394964000074 51.060986168000056)",Unfall 253373 (2024) Kat:3, Licht: 2,253373,3,1,0,08,00,6,0,2,1,0,0,0,0,0
"POINT (13.784109405000038 50.994818506000058)",Unfall 253374 (2024) Kat:3, Licht: 0,253374,3,1,0,08,18,6,0,0,1,0,0,0,0,0
"POINT (13.842787595000061 51.001816416000054)",Unfall 253387 (2024) Kat:3, Licht: 2,253387,3,7,8,08,23,5,0,2,0,1,0,0,0,0
"POINT (13.785319483000023 51.035953692000078)",Unfall 253388 (2024) Kat:3, Licht: 0,253388,3,3,5,08,07,5,0,0,1,1,0,0,0,0
"POINT (13.708886133000021 51.047223762000044)",Unfall 253389 (2024) Kat:2, Licht: 0,253389,2,2,5,08,18,5,0,0,1,1,0,0,0,0
"POINT (13.658462842000063 51.051334095000072)",Unfall 253390 (2024) Kat:3, Licht: 0,253390,3,3,4,08,07,5,0,0,0,1,0,1,0,0
"POINT (13.754911019000076 51.056830843000057)",Unfall 253407 (2024) Kat:3, Licht: 0,253407,3,7,0,08,09,4,0,0,1,0,0,0,0,0
"POINT (13.648495290000028 51.056466073000081)",Unfall 253408 (2024) Kat:3, Licht: 0,253408,3,1,0,08,06,4,1,0,1,0,0,0,0,0
"POINT (13.702597182000034 51.045251455000027)",Unfall 253431 (2024) Kat:3, Licht: 1,253431,3,5,1,08,20,3,0,1,1,1,0,0,0,0
"POINT (13.803228758000046 51.021731635000037)",Unfall 253432 (2024) Kat:3, Licht: 0,253432,3,1,0,08,09,3,1,0,0,0,0,1,0,0
"POINT (13.752048230000071 51.062119741000060)",Unfall 253433 (2024) Kat:3, Licht: 0,253433,3,1,0,08,08,3,0,0,1,0,0,0,0,0
"POINT (13.801373187000024 51.023722971000041)",Unfall 253434 (2024) Kat:3, Licht: 0,253434,3,1,0,08,17,3,0,0,1,0,0,0,0,0
"POINT (13.733525702000065 51.051689381000074)",Unfall 253435 (2024) Kat:3, Licht: 1,253435,3,1,0,08,18,3,0,1,1,0,0,0,0,0
"POINT (13.788648910000063 51.039252204000036)",Unfall 253436 (2024) Kat:3, Licht: 0,253436,3,3,5,09,13,5,0,0,1,1,0,0,0,0
"POINT (13.789050077000070 51.059913914000049)",Unfall 253437 (2024) Kat:3, Licht: 0,253437,3,6,1,08,12,3,0,0,0,1,0,0,0,0
"POINT (13.715461447000052 51.060644451000030)",Unfall 253446 (2024) Kat:3, Licht: 0,253446,3,2,5,08,13,2,0,0,1,1,0,0,0,0
"POINT (13.773449983000035 51.107120909000059)",Unfall 253447 (2024) Kat:3, Licht: 1,253447,3,7,0,08,05,2,0,1,1,0,0,0,0,0
"POINT (13.705283070000064 51.051001773000053)",Unfall 253448 (2024) Kat:3, Licht: 0,253448,3,3,5,08,14,2,0,0,0,1,0,0,0,1
"POINT (13.787357987000064 51.120024411000031)",Unfall 253450 (2024) Kat:3, Licht: 0,253450,3,2,5,08,18,2,0,0,1,0,0,0,0,1
"POINT (13.738246464000042 51.039217428000029)",Unfall 253451 (2024) Kat:3, Licht: 0,253451,3,6,2,08,08,2,0,0,0,1,0,1,0,0
"POINT (13.790660644000070 51.046126325000046)",Unfall 253452 (2024) Kat:3, Licht: 0,253452,3,5,0,08,16,2,0,0,1,1,0,0,0,0
"POINT (13.715683381000076 51.087958735000029)",Unfall 253461 (2024) Kat:3, Licht: 2,253461,3,6,3,08,21,1,0,2,0,1,0,0,0,1
"POINT (13.710368475000053 51.048927412000069)",Unfall 253462 (2024) Kat:3, Licht: 0,253462,3,5,4,08,12,1,0,0,0,1,0,0,0,1
"POINT (13.777195958000050 51.060098594000067)",Unfall 253463 (2024) Kat:3, Licht: 2,253463,3,1,0,08,05,1,0,2,1,0,0,0,0,0
"POINT (13.783535918000041 51.017831518000037)",Unfall 253465 (2024) Kat:3, Licht: 0,253465,3,4,6,08,10,1,0,0,0,1,1,0,0,0
"POINT (13.798850096000024 51.004989978000026)",Unfall 253470 (2024) Kat:3, Licht: 0,253470,3,2,3,08,15,7,0,0,0,1,0,0,0,1
"POINT (13.776011964000077 51.069050910000044)",Unfall 253471 (2024) Kat:3, Licht: 0,253471,3,6,3,08,10,7,0,0,1,1,0,0,0,0
"POINT (13.775768515000038 51.050874282000052)",Unfall 253472 (2024) Kat:3, Licht: 0,253472,3,3,5,08,15,7,0,0,0,1,0,0,1,0
"POINT (13.734678949000056 51.063106978000064)",Unfall 253474 (2024) Kat:3, Licht: 2,253474,3,6,4,08,20,7,0,2,1,1,0,0,0,0
"POINT (13.673442055000066 51.091628526000079)",Unfall 253491 (2024) Kat:3, Licht: 0,253491,3,3,5,08,06,6,0,0,0,0,0,1,0,1
"POINT (13.732769847000043 51.039158244000078)",Unfall 253492 (2024) Kat:3, Licht: 0,253492,3,1,0,08,07,6,0,0,0,0,0,0,0,1
"POINT (13.824017852000054 50.997322629000053)",Unfall 253493 (2024) Kat:2, Licht: 0,253493,2,7,1,08,10,6,0,0,0,0,0,0,0,1
"POINT (13.777197025000078 51.060085934000028)",Unfall 253494 (2024) Kat:3, Licht: 0,253494,3,2,0,08,09,6,0,0,1,1,0,0,0,0
"POINT (13.789956881000023 51.045478712000033)",Unfall 253495 (2024) Kat:3, Licht: 0,253495,3,4,6,08,15,3,0,0,0,1,1,0,0,0
"POINT (13.751331874000073 51.042434054000068)",Unfall 253496 (2024) Kat:3, Licht: 0,253496,3,7,0,08,11,6,0,0,1,0,0,0,0,0
"POINT (13.731795845000022 51.056909133000033)",Unfall 253497 (2024) Kat:2, Licht: 0,253497,2,7,0,08,10,6,0,0,1,0,0,0,0,0
"POINT (13.777751697000042 51.052994707000039)",Unfall 253511 (2024) Kat:3, Licht: 0,253511,3,1,0,08,07,2,1,0,1,0,0,0,0,0
"POINT (13.749803704000044 51.057876051000051)",Unfall 253525 (2024) Kat:3, Licht: 2,253525,3,1,0,08,23,5,0,2,1,0,0,0,0,0
"POINT (13.774668977000033 51.033239311000045)",Unfall 253526 (2024) Kat:3, Licht: 2,253526,3,7,0,08,22,5,0,2,1,0,0,0,0,0
"POINT (13.769310048000023 51.058459173000074)",Unfall 253527 (2024) Kat:3, Licht: 0,253527,3,3,5,08,12,6,0,0,1,1,0,0,0,0
"POINT (13.801286706000042 51.028402943000060)",Unfall 253528 (2024) Kat:3, Licht: 0,253528,3,7,0,08,15,5,0,0,0,1,0,1,0,0
"POINT (13.695652995000046 51.044214316000080)",Unfall 253529 (2024) Kat:3, Licht: 0,253529,3,7,6,08,10,5,0,0,1,0,1,0,0,0
"POINT (13.781383096000070 51.053897224000082)",Unfall 253542 (2024) Kat:3, Licht: 0,253542,3,3,5,08,10,6,0,0,1,1,0,0,0,0
"POINT (13.722343971000043 51.081474126000046)",Unfall 253545 (2024) Kat:3, Licht: 0,253545,3,5,3,08,13,6,0,0,0,1,0,1,0,0
"POINT (13.827671573000032 51.011397658000078)",Unfall 253548 (2024) Kat:3, Licht: 0,253548,3,2,5,08,16,4,0,0,1,1,0,0,0,0
"POINT (13.780997930000069 51.118112478000057)",Unfall 253549 (2024) Kat:3, Licht: 0,253549,3,7,7,08,08,4,0,0,1,0,0,0,0,0
"POINT (13.766819701000031 51.051357660000065)",Unfall 253551 (2024) Kat:3, Licht: 0,253551,3,7,1,08,06,4,0,0,0,1,0,1,0,0
"POINT (13.775629642000069 51.069782723000060)",Unfall 253552 (2024) Kat:2, Licht: 0,253552,2,3,5,08,10,4,0,0,0,1,0,0,0,0
"POINT (13.738267476000033 51.039238163000050)",Unfall 253553 (2024) Kat:3, Licht: 0,253553,3,3,5,08,06,4,0,0,1,1,0,0,0,0
"POINT (13.790327868000077 51.013274773000035)",Unfall 253564 (2024) Kat:3, Licht: 0,253564,3,7,5,08,08,3,0,0,0,1,0,0,0,0
"POINT (13.755428591000054 51.055670593000059)",Unfall 253565 (2024) Kat:3, Licht: 0,253565,3,6,3,08,10,3,0,0,0,1,0,1,0,0
"POINT (13.801881346000073 51.042483112000070)",Unfall 253567 (2024) Kat:2, Licht: 0,253567,2,3,5,08,10,3,0,0,1,1,0,0,0,0
"POINT (13.805941885000038 51.040485077000028)",Unfall 253568 (2024) Kat:3, Licht: 0,253568,3,6,2,08,16,3,0,0,1,1,0,0,0,0
"POINT (13.761244029000068 51.050886500000047)",Unfall 253569 (2024) Kat:2, Licht: 0,253569,2,3,5,08,17,3,0,0,0,1,0,1,0,0
"POINT (13.766463337000062 51.052968829000065)",Unfall 253570 (2024) Kat:3, Licht: 0,253570,3,4,6,08,15,3,0,0,0,0,1,0,0,1
"POINT (13.774229272000071 51.043459377000033)",Unfall 253571 (2024) Kat:2, Licht: 0,253571,2,3,5,08,06,3,0,0,1,0,0,0,0,1
"POINT (13.701394124000046 51.040881993000028)",Unfall 253572 (2024) Kat:3, Licht: 0,253572,3,3,5,08,08,3,0,0,1,1,0,0,0,0
"POINT (13.821645223000075 51.031860065000046)",Unfall 253573 (2024) Kat:3, Licht: 0,253573,3,2,5,08,16,3,0,0,1,1,0,0,0,0
"POINT (13.733337968000058 51.051022558000057)",Unfall 253585 (2024) Kat:3, Licht: 0,253585,3,3,5,09,16,4,0,0,1,0,0,0,0,0
"POINT (13.683205657000030 51.047759073000066)",Unfall 253596 (2024) Kat:3, Licht: 0,253596,3,5,1,08,07,2,0,0,1,1,0,0,0,0
"POINT (13.777141574000041 51.035781413000052)",Unfall 253597 (2024) Kat:3, Licht: 0,253597,3,6,5,08,06,2,0,0,0,0,0,0,1,1
"POINT (13.791664424000032 51.038589151000053)",Unfall 253598 (2024) Kat:3, Licht: 0,253598,3,4,0,08,12,2,0,0,0,0,1,0,0,1
"POINT (13.773240241000053 51.029337221000048)",Unfall 253599 (2024) Kat:3, Licht: 0,253599,3,6,2,08,07,2,0,0,0,1,0,1,0,0
"POINT (13.803696363000029 51.031090721000055)",Unfall 253600 (2024) Kat:3, Licht: 0,253600,3,6,6,08,15,2,0,0,1,0,1,0,0,0
"POINT (13.837434364000046 51.024929012000030)",Unfall 253604 (2024) Kat:3, Licht: 0,253604,3,1,0,09,12,5,0,0,1,0,0,0,0,0
"POINT (13.755778892000023 51.056036167000059)",Unfall 253622 (2024) Kat:3, Licht: 0,253622,3,6,2,09,16,2,0,0,0,1,0,0,0,0
"POINT (13.693990705000033 51.085796316000028)",Unfall 253640 (2024) Kat:3, Licht: 1,253640,3,7,6,08,20,7,0,1,0,1,1,0,0,0
"POINT (13.740895924000029 51.049846628000068)",Unfall 253641 (2024) Kat:3, Licht: 0,253641,3,5,1,08,14,7,0,0,1,1,0,0,0,0
"POINT (13.753157800000054 51.050372086000039)",Unfall 253642 (2024) Kat:3, Licht: 2,253642,3,1,0,08,03,7,0,2,0,0,0,1,0,0
"POINT (13.814967543000023 51.020469355000046)",Unfall 253646 (2024) Kat:2, Licht: 0,253646,2,6,2,08,15,5,0,0,0,1,0,1,0,0
"POINT (13.777745750000065 51.052882764000060)",Unfall 253654 (2024) Kat:3, Licht: 0,253654,3,1,0,08,13,4,0,0,1,0,0,0,0,0
"POINT (13.720182714000032 51.054837103000068)",Unfall 253662 (2024) Kat:3, Licht: 0,253662,3,1,0,08,17,6,0,0,1,0,0,0,0,0
"POINT (13.829340121000030 51.064122125000040)",Unfall 253663 (2024) Kat:3, Licht: 0,253663,3,7,4,08,15,6,0,0,1,0,0,0,0,0
"POINT (13.821812077000061 51.062790989000064)",Unfall 253664 (2024) Kat:3, Licht: 0,253664,3,7,0,08,17,6,0,0,1,0,0,0,0,0