WKT,Name,OBJECTID,UKATEGORIE,UTYP1,UART,UMONAT,USTUNDE,UWOCHENTAG,STRZUSTAND,ULICHTVERH,ISTRAD,ISTPKW,ISTFUSS,ISTKRAD,ISTGKFZ,ISTSONSTIG
"POINT (13.751723418000040 51.066982765000034)",Unfall 253665 (2024) Kat:3, Licht: 2,253665,3,6,6,08,20,6,0,2,0,0,1,0,0,1
"POINT (13.773790127000041 51.046073958000079)",Unfall 253666 (2024) Kat:3, Licht: 0,253666,3,2,5,08,14,6,0,0,1,1,0,0,0,0
"POINT (13.794085977000066 51.036668049000070)",Unfall 253668 (2024) Kat:3, Licht: 0,253668,3,6,3,08,14,6,0,0,1,1,0,0,0,0
"POINT (13.745648929000026 51.063317035000068)",Unfall 253669 (2024) Kat:3, Licht: 0,253669,3,6,2,08,11,6,0,0,0,1,0,1,0,0
"POINT (13.737414605000026 51.033161313000051)",Unfall 253685 (2024) Kat:3, Licht: 0,253685,3,2,5,08,08,6,0,0,1,1,0,0,0,0
"POINT (13.708494632000054 51.030506159000026)",Unfall 253691 (2024) Kat:3, Licht: 2,253691,3,3,5,08,21,5,0,2,1,1,0,0,0,0
"POINT (13.784820005000029 51.041470962000062)",Unfall 253692 (2024) Kat:2, Licht: 0,253692,2,2,5,08,16,5,0,0,1,1,0,0,0,0
"POINT (13.802969856000061 51.040485446000048)",Unfall 253694 (2024) Kat:3, Licht: 0,253694,3,3,5,08,09,5,0,0,1,1,0,0,0,0
"POINT (13.698534049000045 51.082164201000069)",Unfall 253696 (2024) Kat:3, Licht: 0,253696,3,2,6,08,17,5,0,0,0,1,1,0,0,0
"POINT (13.790291853000042 51.026958498000056)",Unfall 253702 (2024) Kat:3, Licht: 0,253702,3,5,0,08,07,3,0,0,1,1,0,0,0,0
"POINT (13.678707616000054 51.052434317000063)",Unfall 253718 (2024) Kat:3, Licht: 1,253718,3,6,0,08,20,4,0,1,1,1,0,0,0,0
"POINT (13.752926315000025 51.071682698000075)",Unfall 253719 (2024) Kat:3, Licht: 0,253719,3,1,0,08,18,4,1,0,0,0,0,1,0,0
"POINT (13.735316138000030 51.088091794000036)",Unfall 253720 (2024) Kat:3, Licht: 0,253720,3,7,0,08,18,4,1,0,1,0,1,0,0,0
"POINT (13.773583142000064 51.048729910000077)",Unfall 253721 (2024) Kat:3, Licht: 0,253721,3,3,5,08,11,4,0,0,1,1,0,0,0,0
"POINT (13.818699980000076 51.014360960000033)",Unfall 253722 (2024) Kat:3, Licht: 0,253722,3,1,0,08,18,4,1,0,0,0,0,1,0,0
"POINT (13.793809531000022 51.025568538000073)",Unfall 253723 (2024) Kat:3, Licht: 0,253723,3,3,5,08,06,4,0,0,1,1,0,0,0,0
"POINT (13.699049997000031 51.071361363000051)",Unfall 253742 (2024) Kat:3, Licht: 0,253742,3,3,5,08,18,3,0,0,0,1,0,1,0,0
"POINT (13.768820101000074 51.024210602000039)",Unfall 253753 (2024) Kat:3, Licht: 0,253753,3,1,0,09,15,6,0,0,1,0,0,0,0,0
"POINT (13.821865315000025 50.997788138000033)",Unfall 253764 (2024) Kat:3, Licht: 0,253764,3,1,0,08,09,3,0,0,1,0,0,0,0,0
"POINT (13.771824257000048 51.040867033000040)",Unfall 253766 (2024) Kat:3, Licht: 0,253766,3,2,5,08,19,3,0,0,1,0,0,0,0,0
"POINT (13.751717535000068 51.066977055000052)",Unfall 253767 (2024) Kat:3, Licht: 0,253767,3,2,5,08,13,3,0,0,1,1,0,0,0,0
"POINT (13.779699526000059 51.040935264000041)",Unfall 253768 (2024) Kat:3, Licht: 0,253768,3,3,5,08,16,3,0,0,0,1,0,0,0,0
"POINT (13.774301257000047 51.032918438000081)",Unfall 253771 (2024) Kat:3, Licht: 0,253771,3,6,2,08,06,2,0,0,0,1,0,0,0,1
"POINT (13.700653263000049 51.082289580000065)",Unfall 253792 (2024) Kat:2, Licht: 0,253792,2,2,3,08,19,2,0,0,0,1,0,1,0,0
"POINT (13.708555414000045 51.078945177000037)",Unfall 253793 (2024) Kat:3, Licht: 0,253793,3,3,5,08,10,2,0,0,1,1,0,0,0,0
"POINT (13.787170174000039 51.015597086000071)",Unfall 253794 (2024) Kat:3, Licht: 0,253794,3,6,2,08,15,2,0,0,0,1,0,0,0,0
"POINT (13.805905264000046 51.039720425000041)",Unfall 253795 (2024) Kat:3, Licht: 0,253795,3,6,2,08,09,2,0,0,0,1,0,0,0,0
"POINT (13.751720195000075 51.066979636000042)",Unfall 253796 (2024) Kat:3, Licht: 0,253796,3,1,0,08,07,2,0,0,1,1,0,0,0,0
"POINT (13.795538531000034 51.015781046000029)",Unfall 253798 (2024) Kat:2, Licht: 0,253798,2,3,5,08,13,2,0,0,0,1,0,1,0,0
"POINT (13.708230068000034 51.044519121000064)",Unfall 253811 (2024) Kat:3, Licht: 0,253811,3,1,0,08,18,1,1,0,1,0,0,0,0,0
"POINT (13.733882218000076 51.049896618000048)",Unfall 253820 (2024) Kat:3, Licht: 2,253820,3,4,0,08,20,7,0,2,0,0,1,0,0,1
"POINT (13.802861144000076 51.012096250000070)",Unfall 253821 (2024) Kat:3, Licht: 0,253821,3,1,0,08,16,7,0,0,0,0,0,1,0,0
"POINT (13.835748442000067 50.999863677000064)",Unfall 253822 (2024) Kat:3, Licht: 2,253822,3,5,1,08,21,7,0,2,0,1,0,1,0,0
"POINT (13.781656589000022 51.052801108000040)",Unfall 253823 (2024) Kat:3, Licht: 0,253823,3,5,3,08,08,7,0,0,1,1,0,0,0,0
"POINT (13.729438542000025 51.012748651000038)",Unfall 253824 (2024) Kat:2, Licht: 0,253824,2,5,1,08,19,7,0,0,1,1,0,0,0,0
"POINT (13.745339129000058 51.062578623000036)",Unfall 253835 (2024) Kat:3, Licht: 0,253835,3,1,0,08,19,7,0,0,1,0,0,0,0,0
"POINT (13.724903023000024 51.080078348000029)",Unfall 253840 (2024) Kat:3, Licht: 0,253840,3,1,0,08,12,6,1,0,0,0,0,1,0,0
"POINT (13.686245494000048 51.084073971000066)",Unfall 253842 (2024) Kat:3, Licht: 0,253842,3,6,2,08,17,6,0,0,1,1,0,0,0,1
"POINT (13.765527130000066 51.053111135000051)",Unfall 253843 (2024) Kat:3, Licht: 0,253843,3,3,5,08,17,6,1,0,1,1,0,0,0,0
"POINT (13.748428366000041 51.032442671000069)",Unfall 253855 (2024) Kat:3, Licht: 0,253855,3,7,4,08,13,5,0,0,0,1,0,1,0,0
"POINT (13.757857325000032 51.019176562000041)",Unfall 253859 (2024) Kat:3, Licht: 1,253859,3,3,0,08,20,5,1,1,0,1,0,1,0,0
"POINT (13.830770562000055 51.026318011000058)",Unfall 253860 (2024) Kat:3, Licht: 0,253860,3,2,5,08,18,5,1,0,1,1,0,0,0,0
"POINT (13.748971187000052 51.062797296000042)",Unfall 253862 (2024) Kat:2, Licht: 0,253862,2,4,6,08,12,5,0,0,1,0,1,0,0,0
"POINT (13.707256115000064 51.080055092000066)",Unfall 253863 (2024) Kat:3, Licht: 0,253863,3,3,5,08,15,5,0,0,1,1,0,0,0,0
"POINT (13.770794102000025 51.039780002000043)",Unfall 253879 (2024) Kat:3, Licht: 0,253879,3,3,5,07,08,4,0,0,0,1,0,0,0,0
"POINT (13.831891220000045 51.027308816000073)",Unfall 253881 (2024) Kat:2, Licht: 0,253881,2,7,8,07,15,4,0,0,0,1,1,0,1,0
"POINT (13.672769848000030 51.047444408000047)",Unfall 253906 (2024) Kat:3, Licht: 0,253906,3,3,5,07,20,3,0,0,1,1,0,0,0,0
"POINT (13.695805827000072 51.046597022000071)",Unfall 253907 (2024) Kat:3, Licht: 0,253907,3,5,1,07,14,3,0,0,0,1,0,1,0,0
"POINT (13.834448158000043 51.021189779000053)",Unfall 253908 (2024) Kat:3, Licht: 2,253908,3,3,5,07,21,3,0,2,1,1,0,0,0,0
"POINT (13.728771426000037 51.037705968000068)",Unfall 253910 (2024) Kat:3, Licht: 0,253910,3,2,2,07,15,3,0,0,0,1,0,0,0,0
"POINT (13.751014898000051 51.022706244000062)",Unfall 253911 (2024) Kat:3, Licht: 0,253911,3,6,2,07,15,3,0,0,0,1,0,0,0,0
"POINT (13.739159700000073 51.047016964000079)",Unfall 253912 (2024) Kat:2, Licht: 0,253912,2,3,6,07,08,3,0,0,0,0,1,0,1,0
"POINT (13.807502036000074 51.026551278000056)",Unfall 253913 (2024) Kat:3, Licht: 0,253913,3,5,0,07,06,3,0,0,0,1,0,1,0,0
"POINT (13.737033814000029 51.050324639000053)",Unfall 253915 (2024) Kat:3, Licht: 0,253915,3,3,0,07,08,3,0,0,1,0,0,0,0,1
"POINT (13.689343157000053 51.058971034000081)",Unfall 253916 (2024) Kat:2, Licht: 0,253916,2,5,1,07,18,3,0,0,1,0,0,1,0,0
"POINT (13.773835300000030 51.032443477000072)",Unfall 253940 (2024) Kat:2, Licht: 0,253940,2,3,5,07,12,2,0,0,1,1,0,0,0,0
"POINT (13.756004002000054 51.055908353000063)",Unfall 253942 (2024) Kat:3, Licht: 0,253942,3,2,4,07,09,2,0,0,1,1,0,0,0,0
"POINT (13.709858201000031 51.047946948000060)",Unfall 253943 (2024) Kat:3, Licht: 0,253943,3,2,2,07,13,2,0,0,0,1,0,0,0,1
"POINT (13.814935306000052 51.043503758000043)",Unfall 253945 (2024) Kat:2, Licht: 0,253945,2,1,0,08,16,4,0,0,1,0,0,0,0,0
"POINT (13.724549620000062 51.053391874000056)",Unfall 253954 (2024) Kat:2, Licht: 2,253954,2,1,8,07,22,1,0,2,1,0,0,0,0,0
"POINT (13.837444246000075 51.024901649000071)",Unfall 253964 (2024) Kat:3, Licht: 0,253964,3,1,0,07,09,7,1,0,1,0,0,0,0,0
"POINT (13.776609965000034 51.051730147000058)",Unfall 253965 (2024) Kat:3, Licht: 2,253965,3,2,5,07,21,7,1,2,1,1,0,0,0,0
"POINT (13.657884777000049 51.039672431000042)",Unfall 253981 (2024) Kat:3, Licht: 0,253981,3,7,0,07,17,6,0,0,1,0,0,0,0,0
"POINT (13.751644116000023 51.047228433000043)",Unfall 253982 (2024) Kat:3, Licht: 0,253982,3,3,5,07,15,6,0,0,1,1,0,0,0,0
"POINT (13.789112505000048 51.030315240000050)",Unfall 253983 (2024) Kat:3, Licht: 0,253983,3,7,0,07,15,6,0,0,1,0,0,0,0,0
"POINT (13.711585743000057 51.077540110000029)",Unfall 253984 (2024) Kat:2, Licht: 0,253984,2,5,1,07,19,6,0,0,1,1,0,0,0,0
"POINT (13.802966914000024 51.040486438000073)",Unfall 253985 (2024) Kat:2, Licht: 2,253985,2,3,5,07,22,6,0,2,0,1,0,1,0,0
"POINT (13.707958076000068 51.044449597000039)",Unfall 254007 (2024) Kat:2, Licht: 0,254007,2,1,0,07,18,5,0,0,1,0,0,0,0,0
"POINT (13.681941765000033 51.041735744000050)",Unfall 254008 (2024) Kat:3, Licht: 0,254008,3,7,1,07,07,5,0,0,1,1,0,0,0,0
"POINT (13.776190163000024 51.055988888000059)",Unfall 254009 (2024) Kat:3, Licht: 0,254009,3,5,3,07,11,5,0,0,1,1,0,0,0,0
"POINT (13.643755688000056 51.092942460000074)",Unfall 254041 (2024) Kat:3, Licht: 0,254041,3,3,5,07,14,3,0,0,1,1,0,0,0,0
"POINT (13.682634699000062 51.058849645000066)",Unfall 254043 (2024) Kat:3, Licht: 2,254043,3,1,1,07,22,3,0,2,1,1,0,0,0,0
"POINT (13.807717987000046 51.051407386000051)",Unfall 254044 (2024) Kat:3, Licht: 0,254044,3,6,3,07,16,3,0,0,1,1,0,0,0,0
"POINT (13.761567152000055 51.052002123000079)",Unfall 254045 (2024) Kat:2, Licht: 0,254045,2,3,5,09,17,5,0,0,1,1,0,0,0,0
"POINT (13.757121072000075 51.049754995000058)",Unfall 254046 (2024) Kat:3, Licht: 0,254046,3,1,0,07,07,3,0,0,1,0,0,0,0,0
"POINT (13.729301753000072 51.045865208000066)",Unfall 254047 (2024) Kat:2, Licht: 2,254047,2,2,3,07,00,3,0,2,0,1,0,1,0,0
"POINT (13.802688070000045 51.012121906000061)",Unfall 254048 (2024) Kat:3, Licht: 0,254048,3,1,2,07,16,3,0,0,1,0,0,0,0,1
"POINT (13.787713714000063 51.035923546000049)",Unfall 254052 (2024) Kat:1, Licht: 0,254052,1,3,5,07,07,3,0,0,1,0,0,0,1,0
"POINT (13.713249254000061 51.077527329000077)",Unfall 254067 (2024) Kat:2, Licht: 0,254067,2,3,4,07,18,2,0,0,1,0,0,1,0,0
"POINT (13.718412305000072 51.053391317000035)",Unfall 254068 (2024) Kat:3, Licht: 0,254068,3,3,5,07,10,2,0,0,1,1,0,0,0,0
"POINT (13.733729658000073 51.040381053000033)",Unfall 254069 (2024) Kat:3, Licht: 0,254069,3,6,2,08,19,3,0,0,1,0,0,0,0,1
"POINT (13.719295508000073 51.038279606000060)",Unfall 254070 (2024) Kat:3, Licht: 0,254070,3,3,5,07,18,2,0,0,0,1,0,0,0,1
"POINT (13.742557959000067 51.061499810000043)",Unfall 254071 (2024) Kat:3, Licht: 0,254071,3,1,0,07,17,2,0,0,1,0,0,0,0,0
"POINT (13.839770961000056 51.096064302000059)",Unfall 254081 (2024) Kat:2, Licht: 0,254081,2,7,0,07,14,1,0,0,1,0,0,0,0,0
"POINT (13.647078510000028 51.088674243000071)",Unfall 254088 (2024) Kat:3, Licht: 0,254088,3,3,5,11,13,6,1,0,1,1,0,0,0,0
"POINT (13.769751808000024 51.030269781000072)",Unfall 254089 (2024) Kat:3, Licht: 0,254089,3,6,2,11,15,6,0,0,0,1,0,0,0,0
"POINT (13.748722034000025 51.048258460000056)",Unfall 254090 (2024) Kat:3, Licht: 0,254090,3,3,5,11,12,6,0,0,1,1,0,0,0,0
"POINT (13.713115701000049 51.057062570000028)",Unfall 254098 (2024) Kat:3, Licht: 2,254098,3,4,6,11,16,5,1,2,0,1,1,0,0,0
"POINT (13.833505972000069 51.021553413000049)",Unfall 254099 (2024) Kat:2, Licht: 2,254099,2,4,6,11,18,5,1,2,0,1,1,0,0,0
"POINT (13.773637339000061 51.128120197000044)",Unfall 254100 (2024) Kat:3, Licht: 2,254100,3,1,0,11,21,5,1,2,1,0,0,0,0,0
"POINT (13.763210311000023 51.056412716000068)",Unfall 254101 (2024) Kat:3, Licht: 2,254101,3,4,6,11,16,5,1,2,0,1,1,0,0,0
"POINT (13.802962411000067 51.040487959000075)",Unfall 254102 (2024) Kat:3, Licht: 2,254102,3,2,5,11,17,5,1,2,1,1,0,0,0,0
"POINT (13.739159491000066 51.050226490000057)",Unfall 254103 (2024) Kat:3, Licht: 0,254103,3,4,0,11,10,5,1,0,0,0,1,0,0,1
"POINT (13.776067666000074 51.039204784000049)",Unfall 254104 (2024) Kat:2, Licht: 0,254104,2,3,5,11,15,5,1,0,0,1,0,0,0,0
"POINT (13.717542022000032 51.087551474000065)",Unfall 254117 (2024) Kat:3, Licht: 0,254117,3,6,2,11,09,4,0,0,0,1,0,0,0,0
"POINT (13.701432639000075 51.040885861000049)",Unfall 254118 (2024) Kat:2, Licht: 2,254118,2,1,6,11,17,4,0,2,0,1,1,0,0,0
"POINT (13.775629642000069 51.069782723000060)",Unfall 254119 (2024) Kat:3, Licht: 2,254119,3,2,5,11,06,4,0,2,0,1,0,0,0,0
"POINT (13.791247586000054 51.006695334000028)",Unfall 254120 (2024) Kat:2, Licht: 0,254120,2,4,6,11,15,4,0,0,0,1,1,0,0,0
"POINT (13.744659904000059 51.037206926000067)",Unfall 254122 (2024) Kat:3, Licht: 0,254122,3,7,5,11,07,4,0,0,0,0,0,0,1,1
"POINT (13.774460427000065 51.060651570000061)",Unfall 254123 (2024) Kat:3, Licht: 2,254123,3,2,5,11,06,4,0,2,1,1,0,0,0,0
"POINT (13.848673721000068 51.004268257000035)",Unfall 254136 (2024) Kat:3, Licht: 0,254136,3,3,5,11,11,3,1,0,1,1,0,0,0,0
"POINT (13.748660308000069 51.071025649000035)",Unfall 254137 (2024) Kat:3, Licht: 1,254137,3,3,5,11,17,3,0,1,1,1,0,0,0,0
"POINT (13.774199620000047 51.043499660000066)",Unfall 254138 (2024) Kat:3, Licht: 2,254138,3,3,5,11,07,3,1,2,1,1,0,0,0,0
"POINT (13.728907612000057 51.043235848000052)",Unfall 254139 (2024) Kat:3, Licht: 2,254139,3,1,0,11,19,3,0,2,1,0,0,0,0,0
"POINT (13.768851965000067 51.027455281000073)",Unfall 254144 (2024) Kat:3, Licht: 2,254144,3,1,8,11,19,2,0,2,1,0,0,0,0,0
"POINT (13.708952923000027 51.034371895000049)",Unfall 254145 (2024) Kat:3, Licht: 2,254145,3,5,1,11,20,2,0,2,0,1,0,0,0,1
"POINT (13.694861542000069 51.037803028000042)",Unfall 254146 (2024) Kat:3, Licht: 0,254146,3,5,1,11,07,2,0,0,1,1,0,0,0,0
"POINT (13.761604931000022 51.110805133000042)",Unfall 254153 (2024) Kat:3, Licht: 2,254153,3,4,6,11,18,7,2,2,0,1,1,0,0,0
"POINT (13.795995022000056 51.042790224000044)",Unfall 254154 (2024) Kat:3, Licht: 0,254154,3,6,2,11,12,7,0,0,0,1,0,0,0,0
"POINT (13.748187586000029 51.043870148000053)",Unfall 254155 (2024) Kat:3, Licht: 0,254155,3,4,6,11,14,7,0,0,1,0,1,0,0,0
"POINT (13.716898080000021 51.052776493000067)",Unfall 254169 (2024) Kat:3, Licht: 2,254169,3,1,0,11,04,6,2,2,0,0,0,1,0,0
"POINT (13.822251164000022 50.997767704000069)",Unfall 254170 (2024) Kat:3, Licht: 0,254170,3,3,5,11,09,6,1,0,1,0,0,0,0,1
"POINT (13.793331686000045 51.058046421000029)",Unfall 254171 (2024) Kat:3, Licht: 0,254171,3,1,0,11,07,6,2,0,1,0,0,0,0,0
"POINT (13.761614338000072 51.044919202000074)",Unfall 254172 (2024) Kat:3, Licht: 0,254172,3,1,0,11,07,6,2,0,1,0,0,0,0,0
"POINT (13.726219891000028 51.081635764000055)",Unfall 254173 (2024) Kat:3, Licht: 2,254173,3,2,1,11,19,6,0,2,1,0,0,0,0,1
"POINT (13.746163242000023 51.051933267000038)",Unfall 254174 (2024) Kat:3, Licht: 2,254174,3,1,0,11,06,6,2,2,1,0,0,0,0,0
"POINT (13.645345738000060 51.039853759000039)",Unfall 254189 (2024) Kat:3, Licht: 0,254189,3,1,4,11,09,5,2,0,0,1,0,0,0,0
"POINT (13.760587554000040 51.029911644000038)",Unfall 254190 (2024) Kat:3, Licht: 0,254190,3,1,0,11,09,5,2,0,1,0,0,0,0,0
"POINT (13.799668262000068 51.015060284000072)",Unfall 254191 (2024) Kat:3, Licht: 0,254191,3,1,0,11,08,5,2,0,1,0,0,0,0,0
"POINT (13.822478922000073 51.011085634000040)",Unfall 254192 (2024) Kat:2, Licht: 0,254192,2,1,0,11,07,5,2,0,1,0,0,0,0,0
"POINT (13.775751849000073 51.050857330000042)",Unfall 254194 (2024) Kat:3, Licht: 2,254194,3,1,0,11,23,5,2,2,0,0,0,1,0,0
"POINT (13.753677375000052 51.070473846000027)",Unfall 254195 (2024) Kat:3, Licht: 0,254195,3,1,0,11,12,5,1,0,1,0,0,0,0,0
"POINT (13.747369755000022 51.070385029000079)",Unfall 254196 (2024) Kat:3, Licht: 0,254196,3,3,5,11,08,5,0,0,1,1,0,0,0,0
"POINT (13.756064973000036 51.069706950000068)",Unfall 254203 (2024) Kat:3, Licht: 2,254203,3,1,0,11,00,4,1,2,1,0,0,0,0,0
"POINT (13.742861233000042 51.065789999000060)",Unfall 254204 (2024) Kat:3, Licht: 0,254204,3,5,0,11,10,4,1,0,1,1,0,0,0,0
"POINT (13.781275804000074 51.054337376000035)",Unfall 254205 (2024) Kat:3, Licht: 1,254205,3,7,0,11,16,4,1,1,0,0,0,0,0,1
"POINT (13.796080820000043 51.024666201000059)",Unfall 254206 (2024) Kat:3, Licht: 0,254206,3,5,1,11,10,4,0,0,1,1,0,0,0,0
"POINT (13.747450561000051 51.078460687000074)",Unfall 254216 (2024) Kat:3, Licht: 0,254216,3,3,5,11,07,3,0,0,1,1,0,0,0,0
"POINT (13.750687981000056 51.047510922000072)",Unfall 254217 (2024) Kat:2, Licht: 2,254217,2,2,5,11,21,3,1,2,1,1,0,0,0,0
"POINT (13.801245555000037 51.028350083000078)",Unfall 254218 (2024) Kat:3, Licht: 0,254218,3,2,5,11,15,3,0,0,0,1,0,0,0,0
"POINT (13.746885602000077 51.072010047000049)",Unfall 254227 (2024) Kat:3, Licht: 0,254227,3,7,6,11,09,2,0,0,1,0,1,0,0,0
"POINT (13.739115693000031 51.050046381000072)",Unfall 254228 (2024) Kat:3, Licht: 0,254228,3,4,6,11,14,2,0,0,1,0,1,0,0,0
"POINT (13.797643733000029 51.042310526000051)",Unfall 254229 (2024) Kat:3, Licht: 2,254229,3,3,5,11,18,2,0,2,1,1,0,0,0,0
"POINT (13.767291933000024 51.056593213000042)",Unfall 254230 (2024) Kat:3, Licht: 2,254230,3,4,6,11,20,2,0,2,1,0,1,0,0,0
"POINT (13.761805770000024 51.045582740000043)",Unfall 254231 (2024) Kat:3, Licht: 1,254231,3,5,1,11,07,2,1,1,0,1,0,1,0,0
"POINT (13.719214399000066 51.026634787000035)",Unfall 254241 (2024) Kat:3, Licht: 0,254241,3,3,5,11,15,7,0,0,1,1,0,0,0,0
"POINT (13.669387268000037 51.042444105000072)",Unfall 254249 (2024) Kat:3, Licht: 2,254249,3,4,6,11,17,6,0,2,0,1,1,0,0,0
"POINT (13.755191955000043 51.055542648000028)",Unfall 254250 (2024) Kat:3, Licht: 0,254250,3,3,5,11,12,6,0,0,1,1,0,0,0,0
"POINT (13.806576039000049 51.037324916000046)",Unfall 254251 (2024) Kat:3, Licht: 0,254251,3,7,5,11,07,6,0,0,1,1,0,0,0,0
"POINT (13.710121074000028 51.079108500000075)",Unfall 254271 (2024) Kat:3, Licht: 0,254271,3,7,0,11,10,5,0,0,0,1,0,0,0,1
"POINT (13.726965377000056 51.014317449000032)",Unfall 254272 (2024) Kat:3, Licht: 0,254272,3,1,0,11,07,5,1,0,1,0,0,0,0,0
"POINT (13.709219230000031 51.033102380000059)",Unfall 254273 (2024) Kat:3, Licht: 1,254273,3,3,5,11,18,5,1,1,1,1,0,0,0,0
"POINT (13.734618702000034 51.109845650000068)",Unfall 254274 (2024) Kat:2, Licht: 2,254274,2,6,6,11,05,5,1,2,0,1,1,0,0,0
"POINT (13.747309315000052 51.072017168000059)",Unfall 254275 (2024) Kat:3, Licht: 2,254275,3,3,5,11,17,5,1,2,1,1,0,0,0,0
"POINT (13.738525976000062 51.053918882000062)",Unfall 254276 (2024) Kat:3, Licht: 0,254276,3,1,0,11,12,5,1,0,1,0,0,0,0,0
"POINT (13.755983390000040 51.054816976000041)",Unfall 254277 (2024) Kat:3, Licht: 2,254277,3,3,5,11,16,5,1,2,0,1,0,0,0,0
"POINT (13.718730221000044 51.056515622000063)",Unfall 254297 (2024) Kat:3, Licht: 2,254297,3,5,1,11,18,4,1,2,1,1,0,0,0,0
"POINT (13.806468703000064 51.011434528000052)",Unfall 254298 (2024) Kat:3, Licht: 2,254298,3,1,0,11,17,4,1,2,0,0,0,1,0,0
"POINT (13.796842189000074 51.041450925000049)",Unfall 254299 (2024) Kat:3, Licht: 2,254299,3,3,5,11,17,4,1,2,1,1,0,0,0,0
"POINT (13.774460463000025 51.033076653000080)",Unfall 254300 (2024) Kat:2, Licht: 2,254300,2,2,6,11,18,4,1,2,0,1,1,0,0,0
"POINT (13.691916714000058 51.049067935000039)",Unfall 254307 (2024) Kat:3, Licht: 0,254307,3,2,6,11,14,3,1,0,0,1,1,0,0,0
"POINT (13.761399751000056 51.051919946000055)",Unfall 254308 (2024) Kat:3, Licht: 0,254308,3,3,0,11,06,3,0,0,0,1,0,1,0,0
"POINT (13.815539190000038 51.036007448000078)",Unfall 254309 (2024) Kat:3, Licht: 0,254309,3,5,3,11,11,3,0,0,0,1,0,0,0,1
"POINT (13.735093921000043 51.019781070000079)",Unfall 254324 (2024) Kat:3, Licht: 1,254324,3,3,5,11,16,2,0,1,0,1,0,0,0,0
"POINT (13.739392737000060 51.086380732000066)",Unfall 254325 (2024) Kat:3, Licht: 2,254325,3,3,5,11,17,2,1,2,1,1,0,0,0,0
"POINT (13.760662858000046 51.049163053000029)",Unfall 254326 (2024) Kat:3, Licht: 2,254326,3,2,5,11,19,2,1,2,1,1,0,0,0,0
"POINT (13.775753033000058 51.028456115000040)",Unfall 254327 (2024) Kat:3, Licht: 0,254327,3,3,5,11,15,2,1,0,0,1,0,1,0,0
"POINT (13.733549292000077 51.051691626000036)",Unfall 254328 (2024) Kat:3, Licht: 2,254328,3,1,0,11,17,2,1,2,1,0,0,0,0,0
"POINT (13.785644087000037 51.041469746000075)",Unfall 254329 (2024) Kat:3, Licht: 2,254329,3,3,5,11,19,2,1,2,1,1,0,0,0,0
"POINT (13.793608805000076 51.028616969000041)",Unfall 254330 (2024) Kat:2, Licht: 0,254330,2,3,5,11,14,2,0,0,0,1,0,0,0,0
"POINT (13.772878798000022 51.057788266000045)",Unfall 254331 (2024) Kat:2, Licht: 2,254331,2,5,1,11,17,2,1,2,0,1,0,1,0,0
"POINT (13.699285578000058 51.080346318000068)",Unfall 254342 (2024) Kat:3, Licht: 2,254342,3,6,4,11,00,1,0,2,0,0,0,0,0,1
"POINT (13.741463401000033 51.071448046000057)",Unfall 254343 (2024) Kat:3, Licht: 1,254343,3,1,0,11,17,1,1,1,1,0,0,0,0,0
"POINT (13.709439651000025 51.081584914000075)",Unfall 254345 (2024) Kat:3, Licht: 2,254345,3,2,6,11,21,7,0,2,0,1,1,0,0,0
"POINT (13.794962251000072 51.002572911000073)",Unfall 254346 (2024) Kat:3, Licht: 0,254346,3,1,0,11,14,7,0,0,1,0,0,0,0,0
"POINT (13.826553551000075 50.998344306000035)",Unfall 254347 (2024) Kat:3, Licht: 0,254347,3,3,5,11,15,7,0,0,0,1,0,0,0,0
"POINT (13.777648688000056 51.044849537000061)",Unfall 254355 (2024) Kat:2, Licht: 0,254355,2,4,0,11,09,6,0,0,0,0,1,0,0,1
"POINT (13.757828892000077 51.051451070000041)",Unfall 254356 (2024) Kat:3, Licht: 1,254356,3,2,5,11,06,6,0,1,1,1,0,0,0,0
"POINT (13.782558519000077 51.041703356000028)",Unfall 254357 (2024) Kat:3, Licht: 0,254357,3,3,5,11,08,6,0,0,0,1,0,0,0,0
"POINT (13.757171776000064 51.049773881000078)",Unfall 254363 (2024) Kat:3, Licht: 0,254363,3,2,5,11,10,1,1,0,1,1,0,0,0,0
"POINT (13.812332078000054 51.011127002000080)",Unfall 254370 (2024) Kat:3, Licht: 0,254370,3,6,2,11,10,5,0,0,0,1,0,0,0,0
"POINT (13.738593946000037 51.050303883000026)",Unfall 254371 (2024) Kat:3, Licht: 2,254371,3,4,6,11,17,4,0,2,1,0,1,0,0,0
"POINT (13.755132130000050 51.064394566000033)",Unfall 254372 (2024) Kat:3, Licht: 0,254372,3,1,0,11,11,5,0,0,1,0,0,0,0,0
"POINT (13.757181062000029 51.049800970000035)",Unfall 254373 (2024) Kat:3, Licht: 2,254373,3,2,6,11,16,5,0,2,0,1,1,0,0,0
"POINT (13.729471748000037 51.045692266000060)",Unfall 254374 (2024) Kat:3, Licht: 0,254374,3,2,5,11,11,5,0,0,1,0,0,0,0,1
"POINT (13.755932105000056 51.055876947000058)",Unfall 254375 (2024) Kat:3, Licht: 0,254375,3,2,5,11,08,5,0,0,1,1,0,0,0,0