WKT,Name,OBJECTID,UKATEGORIE,UTYP1,UART,UMONAT,USTUNDE,UWOCHENTAG,STRZUSTAND,ULICHTVERH,ISTRAD,ISTPKW,ISTFUSS,ISTKRAD,ISTGKFZ,ISTSONSTIG
"POINT (13.765852319000032 51.073142350000069)",Unfall 254387 (2024) Kat:3, Licht: 0,254387,3,7,0,11,14,4,0,0,1,0,0,0,0,0
"POINT (13.746626642000024 51.038276005000057)",Unfall 254388 (2024) Kat:3, Licht: 0,254388,3,1,0,11,13,4,0,0,0,0,1,0,0,1
"POINT (13.777982318000056 51.131581160000053)",Unfall 254389 (2024) Kat:3, Licht: 2,254389,3,7,0,11,06,4,0,2,0,1,0,0,0,1
"POINT (13.772666113000071 51.050877485000058)",Unfall 254391 (2024) Kat:3, Licht: 0,254391,3,3,5,11,12,4,0,0,0,1,0,0,0,0
"POINT (13.710144837000030 51.098835367000049)",Unfall 254409 (2024) Kat:3, Licht: 0,254409,3,7,6,11,14,3,0,0,0,1,1,0,0,0
"POINT (13.702166924000039 51.077802368000050)",Unfall 254410 (2024) Kat:2, Licht: 0,254410,2,3,5,11,12,3,0,0,0,1,0,0,0,1
"POINT (13.706145215000049 51.046412941000028)",Unfall 254411 (2024) Kat:3, Licht: 2,254411,3,2,5,11,18,3,0,2,1,0,0,1,0,0
"POINT (13.759954465000021 51.027296797000076)",Unfall 254413 (2024) Kat:2, Licht: 0,254413,2,2,6,11,10,3,0,0,0,0,1,0,0,1
"POINT (13.726684552000052 51.033155638000039)",Unfall 254414 (2024) Kat:3, Licht: 0,254414,3,7,8,11,13,3,0,0,0,1,0,0,0,0
"POINT (13.752323530000069 51.061481104000052)",Unfall 254415 (2024) Kat:3, Licht: 0,254415,3,2,5,11,08,3,0,0,0,0,0,0,0,1
"POINT (13.785589690000052 51.053688373000057)",Unfall 254416 (2024) Kat:3, Licht: 0,254416,3,1,0,11,12,3,0,0,1,0,0,0,0,0
"POINT (13.761008524000033 51.026026173000048)",Unfall 254417 (2024) Kat:2, Licht: 2,254417,2,4,6,11,17,3,0,2,0,0,1,0,0,1
"POINT (13.692001877000052 51.072905673000037)",Unfall 254429 (2024) Kat:3, Licht: 1,254429,3,4,6,11,06,2,0,1,0,1,1,0,0,0
"POINT (13.705588450000050 51.021032644000059)",Unfall 254430 (2024) Kat:3, Licht: 0,254430,3,4,6,11,08,2,0,0,0,1,1,0,0,0
"POINT (13.716840777000073 51.032837339000082)",Unfall 254431 (2024) Kat:3, Licht: 0,254431,3,3,5,11,08,2,0,0,0,1,0,0,0,0
"POINT (13.786191091000035 51.035980253000048)",Unfall 254432 (2024) Kat:2, Licht: 2,254432,2,5,0,11,17,2,0,2,0,1,0,0,0,1
"POINT (13.673710810000046 51.060263358000043)",Unfall 254439 (2024) Kat:3, Licht: 0,254439,3,3,5,11,16,1,0,0,1,0,0,0,0,1
"POINT (13.756003852000049 51.055908287000079)",Unfall 254440 (2024) Kat:2, Licht: 2,254440,2,2,5,11,22,1,0,2,1,1,0,0,0,0
"POINT (13.746934280000062 51.071784138000055)",Unfall 254441 (2024) Kat:3, Licht: 1,254441,3,3,5,11,16,1,0,1,1,1,0,0,0,0
"POINT (13.586695676000033 51.054070706000061)",Unfall 254442 (2024) Kat:3, Licht: 0,254442,3,2,2,11,14,1,0,0,0,1,0,1,0,0
"POINT (13.677242756000055 51.052217112000051)",Unfall 254450 (2024) Kat:3, Licht: 0,254450,3,6,4,11,10,7,0,0,1,1,0,0,0,0
"POINT (13.757718257000022 51.062717204000080)",Unfall 254451 (2024) Kat:2, Licht: 0,254451,2,3,5,11,11,7,0,0,0,1,0,1,0,0
"POINT (13.735103479000031 51.052355128000045)",Unfall 254466 (2024) Kat:3, Licht: 0,254466,3,3,5,11,06,6,0,0,1,1,0,0,0,0
"POINT (13.760540857000024 51.046557168000049)",Unfall 254468 (2024) Kat:3, Licht: 1,254468,3,1,0,11,08,4,1,1,1,0,0,0,0,0
"POINT (13.684957331000021 51.023273140000072)",Unfall 254475 (2024) Kat:3, Licht: 1,254475,3,5,0,10,17,5,1,1,1,0,0,0,0,0
"POINT (13.791777596000031 51.125562415000047)",Unfall 254480 (2024) Kat:3, Licht: 2,254480,3,3,5,11,17,3,0,2,0,1,0,1,0,0
"POINT (13.816508216000045 51.008599095000079)",Unfall 254488 (2024) Kat:3, Licht: 0,254488,3,7,0,10,07,4,1,0,1,0,0,0,0,0
"POINT (13.748583142000030 51.071704597000064)",Unfall 254489 (2024) Kat:3, Licht: 0,254489,3,3,5,10,14,4,0,0,1,1,0,0,0,0
"POINT (13.792529537000064 51.037291364000055)",Unfall 254491 (2024) Kat:3, Licht: 0,254491,3,3,5,10,10,4,1,0,0,1,0,1,0,0
"POINT (13.707669348000024 51.046371789000034)",Unfall 254493 (2024) Kat:2, Licht: 2,254493,2,2,5,10,17,4,0,2,1,1,0,0,0,0
"POINT (13.773690566000028 51.048774471000058)",Unfall 254494 (2024) Kat:3, Licht: 0,254494,3,3,5,10,10,4,1,0,1,1,0,0,0,0
"POINT (13.842673165000065 51.018495336000058)",Unfall 254505 (2024) Kat:3, Licht: 0,254505,3,3,5,10,15,3,0,0,1,1,0,0,0,0
"POINT (13.789690209000071 51.030106080000053)",Unfall 254506 (2024) Kat:3, Licht: 0,254506,3,3,0,10,08,3,1,0,1,0,0,0,0,1
"POINT (13.747883517000048 51.067959673000075)",Unfall 254507 (2024) Kat:3, Licht: 2,254507,3,7,0,10,20,3,1,2,1,0,0,0,0,0
"POINT (13.797678631000053 51.042317644000036)",Unfall 254508 (2024) Kat:3, Licht: 0,254508,3,1,0,10,13,3,0,0,1,0,0,0,0,0
"POINT (13.757480694000037 51.054707077000046)",Unfall 254509 (2024) Kat:3, Licht: 0,254509,3,4,6,10,07,3,1,0,1,0,1,0,0,0
"POINT (13.753343947000076 51.050364635000051)",Unfall 254510 (2024) Kat:3, Licht: 0,254510,3,2,4,10,09,3,0,0,1,1,0,0,0,0
"POINT (13.781642515000044 51.043703276000031)",Unfall 254512 (2024) Kat:3, Licht: 0,254512,3,6,0,10,16,3,0,0,0,0,0,0,0,1
"POINT (13.737164223000036 51.074500916000034)",Unfall 254529 (2024) Kat:3, Licht: 1,254529,3,1,0,10,06,2,1,1,1,0,0,0,0,0
"POINT (13.693252393000023 51.045665796000037)",Unfall 254530 (2024) Kat:3, Licht: 0,254530,3,1,8,10,07,2,1,0,1,0,0,0,0,0
"POINT (13.813926774000038 51.029133351000041)",Unfall 254531 (2024) Kat:3, Licht: 2,254531,3,3,5,10,17,2,0,2,1,1,0,0,0,0
"POINT (13.817886671000053 50.998557867000045)",Unfall 254532 (2024) Kat:3, Licht: 0,254532,3,3,5,10,12,2,0,0,0,1,0,1,0,0
"POINT (13.740456683000048 51.036630297000045)",Unfall 254533 (2024) Kat:3, Licht: 0,254533,3,1,0,10,07,2,1,0,1,0,0,0,0,0
"POINT (13.814150521000045 51.055138408000062)",Unfall 254535 (2024) Kat:3, Licht: 0,254535,3,1,0,10,07,2,1,0,1,0,0,0,0,0
"POINT (13.745594014000062 51.068461414000069)",Unfall 254536 (2024) Kat:3, Licht: 0,254536,3,6,3,10,15,2,0,0,1,1,0,0,0,0
"POINT (13.707315591000054 51.077672972000073)",Unfall 254537 (2024) Kat:2, Licht: 1,254537,2,2,5,10,16,2,0,1,1,0,0,0,0,0
"POINT (13.747500457000058 51.057326754000030)",Unfall 254549 (2024) Kat:3, Licht: 2,254549,3,6,2,10,18,1,0,2,0,1,0,0,0,0
"POINT (13.811771403000023 51.020455107000032)",Unfall 254552 (2024) Kat:2, Licht: 2,254552,2,4,6,11,17,6,0,2,0,0,1,0,0,1
"POINT (13.720227147000060 51.081224365000026)",Unfall 254571 (2024) Kat:2, Licht: 2,254571,2,3,5,11,20,7,0,2,0,1,0,0,0,0
"POINT (13.801732702000038 51.046162283000058)",Unfall 254573 (2024) Kat:3, Licht: 0,254573,3,3,5,10,10,7,0,0,0,1,0,0,0,1
"POINT (13.806750025000042 51.043873158000054)",Unfall 254574 (2024) Kat:2, Licht: 0,254574,2,1,0,10,14,7,1,0,1,0,0,0,0,0
"POINT (13.759324198000058 51.027970825000068)",Unfall 254588 (2024) Kat:3, Licht: 0,254588,3,2,5,10,12,6,0,0,1,1,0,0,0,0
"POINT (13.776298687000065 51.034948510000049)",Unfall 254589 (2024) Kat:3, Licht: 0,254589,3,6,2,10,15,6,0,0,0,1,0,0,0,0
"POINT (13.785321065000062 51.035951902000079)",Unfall 254590 (2024) Kat:3, Licht: 0,254590,3,3,5,10,15,6,0,0,1,1,0,0,0,0
"POINT (13.779054820000056 51.017672275000052)",Unfall 254591 (2024) Kat:3, Licht: 0,254591,3,4,6,10,15,6,0,0,0,1,1,0,0,0
"POINT (13.755946183000049 51.055882690000033)",Unfall 254592 (2024) Kat:3, Licht: 0,254592,3,2,5,10,14,6,0,0,1,1,0,0,0,0
"POINT (13.771005906000028 51.029668029000050)",Unfall 254593 (2024) Kat:3, Licht: 0,254593,3,6,2,10,12,6,0,0,0,1,0,0,0,0
"POINT (13.739326236000068 51.036975989000041)",Unfall 254594 (2024) Kat:3, Licht: 0,254594,3,3,5,10,12,6,0,0,1,1,0,0,0,0
"POINT (13.758717893000039 51.049521438000056)",Unfall 254595 (2024) Kat:3, Licht: 0,254595,3,3,5,10,14,6,0,0,1,1,0,0,0,0
"POINT (13.775856439000052 51.034511517000055)",Unfall 254596 (2024) Kat:3, Licht: 0,254596,3,2,3,10,08,6,0,0,1,1,0,0,0,0
"POINT (13.757938490000072 51.032870730000070)",Unfall 254597 (2024) Kat:3, Licht: 0,254597,3,3,5,10,11,6,0,0,0,1,0,0,0,0
"POINT (13.748867738000058 51.048153266000043)",Unfall 254598 (2024) Kat:2, Licht: 0,254598,2,4,6,10,13,6,0,0,0,0,1,0,0,1
"POINT (13.759951889000035 51.027299630000073)",Unfall 254623 (2024) Kat:2, Licht: 0,254623,2,2,6,10,12,5,0,0,0,1,1,0,0,0
"POINT (13.745497614000044 51.068286497000031)",Unfall 254624 (2024) Kat:3, Licht: 0,254624,3,2,5,10,13,5,0,0,1,0,0,0,0,1
"POINT (13.759961923000049 51.075157471000068)",Unfall 254625 (2024) Kat:3, Licht: 0,254625,3,1,0,10,09,5,0,0,1,0,0,0,0,0
"POINT (13.801247406000073 51.028352501000029)",Unfall 254626 (2024) Kat:3, Licht: 2,254626,3,2,4,10,17,5,0,2,0,1,0,0,0,0
"POINT (13.741079159000037 51.057413747000055)",Unfall 254631 (2024) Kat:3, Licht: 0,254631,3,1,0,11,07,6,0,0,1,0,0,0,0,0
"POINT (13.775004398000021 51.033583069000031)",Unfall 254641 (2024) Kat:3, Licht: 0,254641,3,1,8,10,14,4,0,0,0,1,0,0,0,0
"POINT (13.743450806000055 51.040244262000044)",Unfall 254642 (2024) Kat:3, Licht: 0,254642,3,3,5,10,15,4,0,0,1,1,0,0,0,0
"POINT (13.739035757000067 51.050291883000057)",Unfall 254643 (2024) Kat:3, Licht: 0,254643,3,2,5,10,14,4,0,0,1,1,0,0,0,0
"POINT (13.656929571000035 51.058309785000063)",Unfall 254649 (2024) Kat:3, Licht: 0,254649,3,3,5,11,10,6,0,0,0,1,0,0,0,0
"POINT (13.633863000000076 51.085093829000073)",Unfall 254652 (2024) Kat:3, Licht: 0,254652,3,7,1,10,10,3,0,0,0,1,0,0,0,0
"POINT (13.802718485000071 51.012117397000054)",Unfall 254653 (2024) Kat:3, Licht: 0,254653,3,1,0,10,16,3,0,0,0,0,0,1,0,0
"POINT (13.748576723000042 51.071698279000032)",Unfall 254654 (2024) Kat:3, Licht: 2,254654,3,2,5,10,18,3,0,2,1,1,0,0,0,0
"POINT (13.768238466000071 51.072357363000037)",Unfall 254655 (2024) Kat:3, Licht: 0,254655,3,3,0,10,15,3,0,0,1,0,0,0,0,0
"POINT (13.781275718000074 51.054338119000079)",Unfall 254656 (2024) Kat:2, Licht: 0,254656,2,7,0,10,08,3,0,0,1,0,0,0,0,1
"POINT (13.803244364000022 51.021740908000027)",Unfall 254672 (2024) Kat:3, Licht: 1,254672,3,3,5,10,18,2,0,1,1,1,0,0,0,0
"POINT (13.665643630000034 51.020706778000033)",Unfall 254673 (2024) Kat:3, Licht: 0,254673,3,7,0,10,16,2,1,0,0,1,0,1,0,0
"POINT (13.775629642000069 51.069782723000060)",Unfall 254674 (2024) Kat:3, Licht: 0,254674,3,3,5,10,08,2,0,0,0,1,0,0,0,0
"POINT (13.749868312000046 51.079998189000037)",Unfall 254679 (2024) Kat:3, Licht: 2,254679,3,2,3,10,20,3,0,2,0,1,0,1,0,0
"POINT (13.706592575000059 51.078740717000073)",Unfall 254686 (2024) Kat:3, Licht: 2,254686,3,1,0,10,02,1,0,2,0,1,0,0,0,1
"POINT (13.756135024000059 51.107803520000061)",Unfall 254687 (2024) Kat:3, Licht: 0,254687,3,1,0,10,10,1,0,0,1,0,0,0,0,0
"POINT (13.755532347000042 51.068875623000054)",Unfall 254695 (2024) Kat:3, Licht: 1,254695,3,3,5,10,18,7,0,1,1,1,0,0,0,0
"POINT (13.693231884000056 51.081768371000067)",Unfall 254708 (2024) Kat:3, Licht: 2,254708,3,3,5,10,21,6,0,2,0,1,0,0,0,0
"POINT (13.723295896000025 51.040498155000080)",Unfall 254709 (2024) Kat:3, Licht: 2,254709,3,3,5,10,19,6,0,2,0,1,0,1,0,0
"POINT (13.752115956000068 51.061885641000060)",Unfall 254710 (2024) Kat:2, Licht: 0,254710,2,1,0,10,16,6,0,0,1,0,0,0,0,0
"POINT (13.837226261000069 51.025474307000081)",Unfall 254724 (2024) Kat:3, Licht: 0,254724,3,1,0,10,15,5,0,0,1,0,0,0,0,0
"POINT (13.792488036000066 51.047810765000065)",Unfall 254725 (2024) Kat:3, Licht: 0,254725,3,3,5,10,13,5,0,0,0,1,0,0,0,1
"POINT (13.789786879000076 51.045249837000028)",Unfall 254726 (2024) Kat:3, Licht: 0,254726,3,3,5,10,09,5,0,0,0,0,0,1,0,1
"POINT (13.706490190000068 51.045551867000029)",Unfall 254727 (2024) Kat:3, Licht: 1,254727,3,2,4,10,17,5,0,1,0,1,0,0,0,1
"POINT (13.788614204000055 51.043278412000063)",Unfall 254738 (2024) Kat:3, Licht: 1,254738,3,2,2,11,20,5,1,1,0,1,0,0,0,0
"POINT (13.798185268000054 51.045400303000065)",Unfall 254740 (2024) Kat:3, Licht: 0,254740,3,3,5,10,11,4,0,0,1,1,0,0,0,0
"POINT (13.728260287000069 51.056846756000027)",Unfall 254742 (2024) Kat:3, Licht: 0,254742,3,6,3,10,10,4,0,0,1,1,0,0,0,0
"POINT (13.765666827000075 51.114012236000065)",Unfall 254743 (2024) Kat:2, Licht: 0,254743,2,7,0,10,14,4,0,0,1,0,0,0,0,0
"POINT (13.733357578000039 51.050877503000038)",Unfall 254747 (2024) Kat:3, Licht: 0,254747,3,3,0,11,10,3,0,0,1,0,0,0,0,1
"POINT (13.722127053000065 51.030233744000043)",Unfall 254758 (2024) Kat:3, Licht: 0,254758,3,2,3,10,16,3,0,0,0,1,0,0,0,1
"POINT (13.743161014000066 51.072490599000048)",Unfall 254759 (2024) Kat:3, Licht: 0,254759,3,7,1,10,10,3,0,0,0,1,0,0,0,0
"POINT (13.781466334000072 51.030382811000038)",Unfall 254760 (2024) Kat:3, Licht: 0,254760,3,6,3,10,16,3,0,0,1,0,0,0,0,1
"POINT (13.805899742000065 51.039427319000026)",Unfall 254761 (2024) Kat:3, Licht: 0,254761,3,2,3,10,09,3,0,0,0,0,0,0,1,1
"POINT (13.728364511000052 51.056641169000045)",Unfall 254782 (2024) Kat:3, Licht: 0,254782,3,1,0,10,14,2,0,0,1,0,0,0,0,0
"POINT (13.745585158000040 51.036935088000064)",Unfall 254783 (2024) Kat:3, Licht: 0,254783,3,7,9,10,14,2,0,0,0,1,0,0,0,0
"POINT (13.685408659000075 51.047259654000072)",Unfall 254784 (2024) Kat:3, Licht: 0,254784,3,3,5,10,11,2,0,0,1,1,0,0,0,0
"POINT (13.754686669000023 51.046041421000041)",Unfall 254785 (2024) Kat:3, Licht: 0,254785,3,2,5,10,14,2,0,0,0,1,0,0,0,0
"POINT (13.749217836000071 51.033562132000043)",Unfall 254798 (2024) Kat:3, Licht: 0,254798,3,3,5,10,12,1,0,0,0,1,0,1,0,0
"POINT (13.750421578000044 51.071439395000027)",Unfall 254799 (2024) Kat:3, Licht: 2,254799,3,1,0,10,04,1,0,2,1,0,0,0,0,0
"POINT (13.770939544000043 51.039984437000044)",Unfall 254800 (2024) Kat:3, Licht: 0,254800,3,3,5,10,13,1,0,0,0,1,0,0,0,1
"POINT (13.722492602000045 51.091806617000032)",Unfall 254807 (2024) Kat:2, Licht: 0,254807,2,4,6,10,12,7,0,0,1,0,1,0,0,0
"POINT (13.693147456000077 51.084647821000033)",Unfall 254810 (2024) Kat:3, Licht: 0,254810,3,1,0,10,15,6,1,0,0,0,0,1,0,0
"POINT (13.746533399000043 51.038422248000074)",Unfall 254811 (2024) Kat:3, Licht: 0,254811,3,3,5,10,07,6,0,0,0,1,0,0,0,0
"POINT (13.738590228000021 51.047037197000066)",Unfall 254812 (2024) Kat:3, Licht: 0,254812,3,2,5,10,13,6,0,0,1,1,0,0,0,0
"POINT (13.793245050000053 51.058059856000057)",Unfall 254820 (2024) Kat:3, Licht: 0,254820,3,1,0,11,07,6,2,0,1,0,0,0,0,0
"POINT (13.701380923000045 51.010147372000063)",Unfall 254822 (2024) Kat:3, Licht: 0,254822,3,3,5,10,11,5,0,0,0,1,0,0,0,0
"POINT (13.752601352000056 51.060447938000038)",Unfall 254823 (2024) Kat:3, Licht: 2,254823,3,3,5,10,18,5,0,2,1,1,0,0,0,0
"POINT (13.728212565000035 51.018958248000047)",Unfall 254824 (2024) Kat:3, Licht: 2,254824,3,7,0,10,20,5,1,2,0,1,0,0,0,0
"POINT (13.686642264000056 51.056057437000050)",Unfall 254825 (2024) Kat:2, Licht: 0,254825,2,3,5,10,10,5,1,0,1,1,0,0,0,0
"POINT (13.735516645000075 51.034534518000044)",Unfall 254836 (2024) Kat:3, Licht: 0,254836,3,5,0,10,09,4,1,0,1,1,0,0,0,0
"POINT (13.830908787000055 51.031340863000025)",Unfall 254837 (2024) Kat:3, Licht: 2,254837,3,7,0,10,23,4,0,2,1,0,0,0,0,0
"POINT (13.758037395000031 51.075802130000056)",Unfall 254838 (2024) Kat:3, Licht: 0,254838,3,6,2,10,07,4,1,0,0,1,0,0,0,0
"POINT (13.809947651000073 51.051642981000043)",Unfall 254839 (2024) Kat:2, Licht: 0,254839,2,6,6,10,15,4,0,0,1,0,1,0,0,0
"POINT (13.753245676000063 51.050316159000033)",Unfall 254840 (2024) Kat:2, Licht: 0,254840,2,3,5,10,14,4,0,0,1,1,0,0,0,0
"POINT (13.712758023000049 51.046333816000072)",Unfall 254841 (2024) Kat:3, Licht: 2,254841,3,1,0,10,21,4,0,2,1,0,0,0,0,0
"POINT (13.701992914000073 51.036538007000047)",Unfall 254846 (2024) Kat:3, Licht: 2,254846,3,3,5,11,20,7,0,2,1,1,0,0,0,0
"POINT (13.830895959000031 51.031349153000065)",Unfall 254862 (2024) Kat:2, Licht: 2,254862,2,1,0,10,19,3,0,2,1,0,0,0,0,0
"POINT (13.774682633000054 51.055927242000053)",Unfall 254863 (2024) Kat:3, Licht: 0,254863,3,2,6,10,14,3,0,0,0,1,1,0,0,0
"POINT (13.814337267000042 51.018029122000030)",Unfall 254864 (2024) Kat:3, Licht: 0,254864,3,2,3,10,11,3,0,0,0,1,0,0,0,1
"POINT (13.775061957000048 51.038089317000072)",Unfall 254866 (2024) Kat:2, Licht: 0,254866,2,3,5,10,10,3,0,0,1,1,0,0,0,0
"POINT (13.713540808000062 51.082472187000064)",Unfall 254867 (2024) Kat:3, Licht: 2,254867,3,1,9,10,18,3,0,2,1,0,0,0,0,0
"POINT (13.666496680000023 51.053877648000082)",Unfall 254874 (2024) Kat:3, Licht: 0,254874,3,1,0,10,13,2,0,0,0,0,0,1,0,0
"POINT (13.700313952000045 51.044952256000045)",Unfall 254875 (2024) Kat:3, Licht: 0,254875,3,2,3,10,08,2,0,0,1,1,0,0,0,0
"POINT (13.724252301000035 51.030731181000078)",Unfall 254877 (2024) Kat:3, Licht: 0,254877,3,3,0,10,08,2,1,0,1,1,0,0,0,0
"POINT (13.730043035000051 51.042542323000077)",Unfall 254879 (2024) Kat:3, Licht: 0,254879,3,1,0,10,16,2,1,0,1,0,0,0,0,0
"POINT (13.732404900000063 51.050937338000040)",Unfall 254880 (2024) Kat:3, Licht: 0,254880,3,2,5,10,17,2,1,0,0,1,0,0,0,1
"POINT (13.748681228000066 51.051043913000058)",Unfall 254894 (2024) Kat:3, Licht: 2,254894,3,6,2,10,22,7,1,2,0,1,0,0,0,0
"POINT (13.732402206000074 51.050922936000063)",Unfall 254895 (2024) Kat:3, Licht: 0,254895,3,3,0,10,16,7,0,0,1,0,0,0,0,0
"POINT (13.739232109000056 51.047350927000082)",Unfall 254896 (2024) Kat:3, Licht: 0,254896,3,2,5,10,14,7,0,0,1,1,0,0,0,0
"POINT (13.735942564000027 51.053056506000075)",Unfall 254897 (2024) Kat:3, Licht: 2,254897,3,1,0,10,21,7,1,2,1,0,0,0,0,0
"POINT (13.697420990000069 51.078037713000072)",Unfall 254898 (2024) Kat:2, Licht: 0,254898,2,3,5,10,10,7,1,0,0,1,0,0,0,1
"POINT (13.697928877000038 51.084663525000053)",Unfall 254905 (2024) Kat:3, Licht: 2,254905,3,4,6,10,19,6,1,2,0,1,1,0,0,0
"POINT (13.885411890000057 51.062336771000048)",Unfall 254906 (2024) Kat:2, Licht: 0,254906,2,4,6,10,12,6,1,0,0,1,1,0,0,0
"POINT (13.725256500000057 51.050169491000077)",Unfall 254907 (2024) Kat:2, Licht: 0,254907,2,2,6,10,14,6,1,0,0,1,1,0,0,0
"POINT (13.766953451000063 51.041670802000056)",Unfall 254908 (2024) Kat:3, Licht: 0,254908,3,6,2,10,16,6,1,0,0,1,0,0,0,0
"POINT (13.774591958000030 51.033092556000042)",Unfall 254909 (2024) Kat:3, Licht: 2,254909,3,2,6,10,19,6,1,2,0,1,1,0,0,0
"POINT (13.713705577000042 51.050697331000038)",Unfall 254910 (2024) Kat:2, Licht: 2,254910,2,4,6,10,19,6,1,2,0,0,1,0,0,1
"POINT (13.729304851000052 51.043090829000050)",Unfall 254933 (2024) Kat:3, Licht: 0,254933,3,3,5,10,11,4,1,0,0,1,0,0,0,0
"POINT (13.806781711000042 51.011407391000034)",Unfall 254934 (2024) Kat:3, Licht: 0,254934,3,6,4,10,18,4,1,0,1,0,0,0,0,0
"POINT (13.856178220000061 51.005243069000073)",Unfall 254935 (2024) Kat:2, Licht: 0,254935,2,1,0,10,10,4,1,0,1,0,0,0,0,0
"POINT (13.746907424000028 51.115207397000063)",Unfall 254936 (2024) Kat:2, Licht: 2,254936,2,2,5,10,19,4,1,2,0,1,0,0,0,1
"POINT (13.741535132000024 51.045122109000033)",Unfall 254937 (2024) Kat:3, Licht: 0,254937,3,3,5,10,10,4,1,0,0,1,0,0,0,1
"POINT (13.734022655000047 51.049516042000050)",Unfall 254938 (2024) Kat:3, Licht: 1,254938,3,3,5,10,17,4,1,1,0,1,0,0,0,1
"POINT (13.796576457000072 51.042672985000081)",Unfall 254939 (2024) Kat:3, Licht: 0,254939,3,4,6,10,11,4,0,0,0,1,1,0,0,0
"POINT (13.759968032000074 51.052047488000028)",Unfall 254941 (2024) Kat:2, Licht: 0,254941,2,7,0,11,15,1,0,0,1,0,0,0,0,0
"POINT (13.703308578000076 51.042544301000078)",Unfall 254969 (2024) Kat:3, Licht: 0,254969,3,1,1,10,13,3,1,0,0,1,0,0,0,1
"POINT (13.752330578000056 51.061483651000060)",Unfall 254970 (2024) Kat:3, Licht: 0,254970,3,2,5,10,16,3,0,0,0,1,0,0,0,1
"POINT (13.738198060000059 51.063987212000029)",Unfall 254971 (2024) Kat:3, Licht: 0,254971,3,3,5,10,08,3,1,0,1,1,0,0,0,0
"POINT (13.710096620000058 51.050975028000039)",Unfall 254987 (2024) Kat:3, Licht: 0,254987,3,3,5,09,10,2,0,0,0,1,0,0,0,1
"POINT (13.712214060000065 51.052220066000075)",Unfall 254988 (2024) Kat:3, Licht: 0,254988,3,5,1,09,16,2,0,0,1,1,0,0,0,0
"POINT (13.798725225000055 51.012684458000081)",Unfall 254989 (2024) Kat:3, Licht: 0,254989,3,2,5,09,09,2,0,0,1,1,0,0,0,0
"POINT (13.745245926000052 51.062835281000048)",Unfall 254991 (2024) Kat:3, Licht: 0,254991,3,3,5,09,16,2,0,0,1,1,0,0,0,0
"POINT (13.647529918000032 51.078981730000066)",Unfall 255015 (2024) Kat:3, Licht: 0,255015,3,6,4,09,09,7,0,0,0,1,0,0,0,0
"POINT (13.775904659000048 51.051012761000038)",Unfall 255017 (2024) Kat:3, Licht: 0,255017,3,7,2,09,12,7,0,0,0,1,0,0,0,0
"POINT (13.679302886000073 51.061284602000057)",Unfall 255033 (2024) Kat:2, Licht: 0,255033,2,1,0,09,11,6,0,0,1,0,0,0,0,0
"POINT (13.743894937000050 51.035505013000034)",Unfall 255034 (2024) Kat:3, Licht: 0,255034,3,4,6,09,08,6,0,0,0,1,1,0,0,0
"POINT (13.824947525000027 51.010248078000075)",Unfall 255035 (2024) Kat:3, Licht: 2,255035,3,3,5,09,21,6,0,2,0,1,0,0,0,0
"POINT (13.788826884000059 51.033583417000045)",Unfall 255036 (2024) Kat:3, Licht: 0,255036,3,3,5,09,14,6,0,0,1,0,0,0,0,0
"POINT (13.794134928000062 51.003185753000082)",Unfall 255037 (2024) Kat:3, Licht: 0,255037,3,7,0,09,08,6,0,0,0,1,1,0,0,0
"POINT (13.757937438000056 51.032869715000061)",Unfall 255038 (2024) Kat:3, Licht: 0,255038,3,3,5,09,16,6,0,0,0,1,0,0,0,0
"POINT (13.732169568000074 51.039351148000037)",Unfall 255050 (2024) Kat:3, Licht: 0,255050,3,5,1,09,15,2,0,0,1,1,0,0,0,0
"POINT (13.665897911000059 51.045282002000079)",Unfall 255053 (2024) Kat:3, Licht: 2,255053,3,4,6,09,00,5,0,2,1,0,1,0,0,0
"POINT (13.722162683000022 51.077379855000061)",Unfall 255054 (2024) Kat:2, Licht: 0,255054,2,1,0,09,13,5,1,0,1,0,0,0,0,0
"POINT (13.788934888000028 51.014248249000048)",Unfall 255055 (2024) Kat:3, Licht: 0,255055,3,7,6,09,12,5,0,0,0,1,1,0,0,0
"POINT (13.784797592000075 51.014951285000052)",Unfall 255056 (2024) Kat:3, Licht: 0,255056,3,7,6,09,09,5,1,0,0,1,1,0,0,0
"POINT (13.754082741000047 51.046200538000051)",Unfall 255057 (2024) Kat:3, Licht: 0,255057,3,7,2,09,08,5,1,0,0,1,0,0,0,0
"POINT (13.692222242000071 51.048128902000030)",Unfall 255078 (2024) Kat:3, Licht: 2,255078,3,3,5,09,21,4,0,2,1,1,0,0,0,0
"POINT (13.764459986000077 51.067261929000040)",Unfall 255079 (2024) Kat:3, Licht: 0,255079,3,3,0,09,09,4,0,0,1,1,0,0,0,0
"POINT (13.753425545000027 51.070549493000044)",Unfall 255080 (2024) Kat:3, Licht: 1,255080,3,7,0,09,18,4,0,1,1,0,0,0,0,0
"POINT (13.781860737000045 51.137940886000081)",Unfall 255081 (2024) Kat:3, Licht: 0,255081,3,7,0,09,12,4,0,0,0,1,0,0,0,1
"POINT (13.813991559000044 51.036432026000057)",Unfall 255082 (2024) Kat:3, Licht: 0,255082,3,1,0,09,14,4,0,0,1,0,0,0,0,0