WKT,Name,OBJECTID,UKATEGORIE,UTYP1,UART,UMONAT,USTUNDE,UWOCHENTAG,STRZUSTAND,ULICHTVERH,ISTRAD,ISTPKW,ISTFUSS,ISTKRAD,ISTGKFZ,ISTSONSTIG
"POINT (13.770356784000057 51.071736094000073)",Unfall 255087 (2024) Kat:3, Licht: 0,255087,3,2,5,10,07,4,1,0,1,1,0,0,0,0
"POINT (13.734246273000053 51.044536112000060)",Unfall 255097 (2024) Kat:3, Licht: 0,255097,3,7,6,09,09,3,1,0,0,1,1,0,0,0
"POINT (13.793831104000049 51.006901565000078)",Unfall 255098 (2024) Kat:3, Licht: 0,255098,3,3,5,09,18,3,1,0,0,1,0,0,0,1
"POINT (13.751962962000050 51.059225610000055)",Unfall 255100 (2024) Kat:3, Licht: 2,255100,3,1,0,09,20,3,0,2,1,0,0,0,0,0
"POINT (13.775206608000076 51.038341986000034)",Unfall 255101 (2024) Kat:3, Licht: 0,255101,3,3,5,09,16,3,0,0,0,1,0,0,0,0
"POINT (13.772537275000047 51.047595242000057)",Unfall 255102 (2024) Kat:3, Licht: 0,255102,3,4,6,09,15,3,1,0,1,0,1,0,0,0
"POINT (13.738400424000076 51.044566133000046)",Unfall 255103 (2024) Kat:3, Licht: 2,255103,3,4,6,09,19,3,0,2,0,0,1,0,0,1
"POINT (13.812627623000026 51.010959877000062)",Unfall 255105 (2024) Kat:3, Licht: 0,255105,3,6,2,09,09,3,1,0,0,1,0,0,0,0
"POINT (13.726096307000034 51.053508860000079)",Unfall 255106 (2024) Kat:3, Licht: 0,255106,3,5,0,09,15,3,1,0,1,1,0,0,0,0
"POINT (13.749123721000046 51.052534137000066)",Unfall 255107 (2024) Kat:3, Licht: 1,255107,3,1,0,09,18,3,1,1,1,0,0,0,0,0
"POINT (13.699005581000051 51.040737497000066)",Unfall 255136 (2024) Kat:2, Licht: 0,255136,2,1,0,09,07,2,0,0,1,0,0,0,0,0
"POINT (13.759441168000023 51.027956267000036)",Unfall 255137 (2024) Kat:3, Licht: 0,255137,3,2,5,09,16,2,0,0,1,1,0,0,0,0
"POINT (13.807905130000051 51.044558042000062)",Unfall 255138 (2024) Kat:3, Licht: 0,255138,3,2,3,09,13,2,0,0,1,0,0,0,0,1
"POINT (13.783547984000052 51.048714054000072)",Unfall 255139 (2024) Kat:2, Licht: 0,255139,2,3,5,09,12,2,0,0,1,1,0,0,0,0
"POINT (13.808163927000066 51.006053386000076)",Unfall 255144 (2024) Kat:3, Licht: 0,255144,3,2,5,10,08,3,1,0,1,1,0,0,0,0
"POINT (13.729152417000023 51.030060630000037)",Unfall 255825 (2024) Kat:3, Licht: 0,255825,3,1,0,12,10,3,2,0,1,0,0,0,0,0
"POINT (13.741585561000022 51.116994353000052)",Unfall 255836 (2024) Kat:3, Licht: 0,255836,3,2,3,12,10,7,0,0,1,1,0,0,0,0
"POINT (13.766732598000033 51.011863258000062)",Unfall 255850 (2024) Kat:3, Licht: 2,255850,3,1,9,12,23,5,0,2,0,1,0,0,0,0
"POINT (13.876046142000064 50.991783074000068)",Unfall 255851 (2024) Kat:2, Licht: 0,255851,2,4,6,12,13,5,0,0,1,0,1,0,0,0
"POINT (13.751703593000059 51.066963519000069)",Unfall 255855 (2024) Kat:3, Licht: 2,255855,3,3,5,12,06,4,0,2,1,0,0,0,0,1
"POINT (13.749176416000068 51.033588561000045)",Unfall 255872 (2024) Kat:3, Licht: 0,255872,3,3,5,12,10,2,0,0,0,1,0,0,0,1
"POINT (13.826169107000055 50.995583096000075)",Unfall 255874 (2024) Kat:2, Licht: 0,255874,2,4,6,12,13,2,0,0,0,1,1,0,0,0
"POINT (13.720116449000045 51.080580668000039)",Unfall 255875 (2024) Kat:3, Licht: 2,255875,3,6,2,12,20,2,1,2,0,1,0,0,0,0
"POINT (13.777695851000033 51.044837947000076)",Unfall 255881 (2024) Kat:3, Licht: 2,255881,3,3,5,12,04,1,0,2,0,0,0,0,0,1
"POINT (13.731060173000060 51.053649191000034)",Unfall 255887 (2024) Kat:3, Licht: 2,255887,3,7,0,12,18,7,0,2,1,0,0,0,0,0
"POINT (13.738936708000040 51.054366768000079)",Unfall 255902 (2024) Kat:3, Licht: 0,255902,3,1,0,12,14,6,0,0,1,0,0,0,0,0
"POINT (13.837973441000031 51.024192232000075)",Unfall 255915 (2024) Kat:3, Licht: 2,255915,3,3,5,12,18,5,1,2,1,1,0,0,0,0
"POINT (13.754021345000069 51.035314068000048)",Unfall 255916 (2024) Kat:3, Licht: 2,255916,3,5,1,12,16,5,1,2,0,1,0,0,0,0
"POINT (13.748977084000046 51.052866327000061)",Unfall 255917 (2024) Kat:3, Licht: 0,255917,3,7,0,12,12,5,0,0,1,0,0,0,0,0
"POINT (13.733296993000067 51.044143427000051)",Unfall 255918 (2024) Kat:3, Licht: 1,255918,3,6,0,12,07,5,0,1,1,0,0,0,1,0
"POINT (13.767198545000042 51.031104095000046)",Unfall 255919 (2024) Kat:3, Licht: 1,255919,3,1,1,12,07,5,0,1,0,1,0,0,0,1
"POINT (13.738937087000068 51.054367327000080)",Unfall 255920 (2024) Kat:3, Licht: 2,255920,3,1,0,12,19,5,1,2,1,0,0,0,0,0
"POINT (13.810234958000024 51.035983142000077)",Unfall 255921 (2024) Kat:3, Licht: 2,255921,3,1,1,12,19,5,1,2,0,1,0,0,0,1
"POINT (13.749119447000055 51.052550396000072)",Unfall 255936 (2024) Kat:3, Licht: 2,255936,3,3,5,12,17,4,0,2,1,1,0,0,0,0
"POINT (13.771301363000077 51.060324944000058)",Unfall 255938 (2024) Kat:3, Licht: 0,255938,3,2,5,12,12,4,0,0,1,1,0,0,0,0
"POINT (13.751645374000077 51.047230772000034)",Unfall 255948 (2024) Kat:3, Licht: 2,255948,3,3,5,12,19,3,1,2,1,1,0,0,0,0
"POINT (13.748716996000041 51.048247512000046)",Unfall 255949 (2024) Kat:3, Licht: 0,255949,3,3,5,12,07,3,0,0,1,1,0,0,0,0
"POINT (13.768102346000035 51.089810017000048)",Unfall 255950 (2024) Kat:2, Licht: 1,255950,2,3,5,12,07,3,0,1,1,0,0,0,0,1
"POINT (13.777196498000023 51.060092178000048)",Unfall 255951 (2024) Kat:2, Licht: 0,255951,2,3,5,12,15,3,0,0,1,1,0,0,0,0
"POINT (13.670504550000032 51.047278583000036)",Unfall 255964 (2024) Kat:3, Licht: 0,255964,3,1,1,12,09,2,1,0,0,1,0,1,0,0
"POINT (13.734473926000021 51.051929876000031)",Unfall 255965 (2024) Kat:3, Licht: 2,255965,3,3,5,12,18,2,1,2,1,1,0,0,0,0
"POINT (13.713027963000059 51.057092087000058)",Unfall 255972 (2024) Kat:2, Licht: 2,255972,2,1,0,12,20,1,1,2,0,0,0,0,0,1
"POINT (13.725849085000050 51.052983777000065)",Unfall 255973 (2024) Kat:3, Licht: 2,255973,3,4,6,12,16,1,1,2,0,0,1,0,0,1
"POINT (13.696113094000054 51.045936744000073)",Unfall 255980 (2024) Kat:3, Licht: 2,255980,3,3,5,12,22,7,1,2,0,1,0,0,0,0
"POINT (13.841561299000034 51.003096022000079)",Unfall 255981 (2024) Kat:3, Licht: 0,255981,3,4,6,12,15,7,1,0,0,1,1,0,0,0
"POINT (13.715884311000025 51.018685910000045)",Unfall 255993 (2024) Kat:3, Licht: 0,255993,3,4,6,12,13,6,0,0,0,1,1,0,0,0
"POINT (13.752146015000051 51.061781738000036)",Unfall 255994 (2024) Kat:3, Licht: 2,255994,3,7,3,12,17,6,0,2,0,1,0,0,0,1
"POINT (13.749246429000038 51.057643540000072)",Unfall 255999 (2024) Kat:3, Licht: 2,255999,3,1,0,12,18,5,0,2,1,0,0,0,0,0
"POINT (13.783535092000022 51.017831988000069)",Unfall 256000 (2024) Kat:2, Licht: 0,256000,2,4,6,12,15,5,0,0,0,1,1,0,0,0
"POINT (13.745736484000076 51.115817704000051)",Unfall 256019 (2024) Kat:2, Licht: 0,256019,2,4,6,12,14,4,1,0,0,1,1,0,0,0
"POINT (13.806613307000077 51.039082035000035)",Unfall 256030 (2024) Kat:3, Licht: 0,256030,3,2,3,12,11,3,1,0,0,1,0,0,0,1
"POINT (13.823078201000044 51.032521198000040)",Unfall 256032 (2024) Kat:3, Licht: 2,256032,3,7,1,12,17,3,0,2,0,1,0,0,0,0
"POINT (13.762701957000047 51.018228086000079)",Unfall 256051 (2024) Kat:3, Licht: 0,256051,3,1,0,12,15,2,1,0,1,0,0,0,0,0
"POINT (13.798893490000069 51.052959398000041)",Unfall 256052 (2024) Kat:3, Licht: 0,256052,3,2,6,12,08,2,0,0,0,1,1,0,0,0
"POINT (13.756609259000072 51.045753176000062)",Unfall 256054 (2024) Kat:3, Licht: 0,256054,3,4,6,12,13,2,1,0,0,1,1,0,0,0
"POINT (13.748069719000057 51.057442676000051)",Unfall 256062 (2024) Kat:3, Licht: 2,256062,3,1,0,12,21,1,0,2,1,0,0,0,0,0
"POINT (13.800931430000048 51.027162995000026)",Unfall 256063 (2024) Kat:2, Licht: 0,256063,2,3,6,12,15,1,1,0,0,1,1,0,0,0
"POINT (13.681398788000024 51.041265745000032)",Unfall 256078 (2024) Kat:3, Licht: 2,256078,3,4,6,12,16,7,1,2,0,1,1,0,0,0
"POINT (13.716760023000063 51.068387797000071)",Unfall 256079 (2024) Kat:3, Licht: 2,256079,3,2,6,12,18,7,1,2,0,1,1,0,0,0
"POINT (13.751719743000024 51.066979198000070)",Unfall 256080 (2024) Kat:2, Licht: 2,256080,2,2,6,12,20,7,1,2,0,1,1,0,0,0
"POINT (13.749334792000070 51.064617633000069)",Unfall 256094 (2024) Kat:3, Licht: 2,256094,3,4,6,12,23,6,1,2,0,1,1,0,0,0
"POINT (13.803316285000051 51.053890510000031)",Unfall 256095 (2024) Kat:3, Licht: 2,256095,3,3,5,12,18,6,1,2,1,1,0,0,0,0
"POINT (13.777649586000052 51.055855997000037)",Unfall 256096 (2024) Kat:3, Licht: 2,256096,3,5,1,12,07,6,1,2,1,1,0,0,0,0
"POINT (13.806834981000065 51.037381336000067)",Unfall 256097 (2024) Kat:2, Licht: 1,256097,2,1,0,12,07,6,1,1,1,0,0,0,0,0
"POINT (13.748576440000022 51.071697999000037)",Unfall 256119 (2024) Kat:3, Licht: 0,256119,3,2,5,12,08,5,0,0,1,1,0,0,0,0
"POINT (13.800625942000067 51.041288672000064)",Unfall 256120 (2024) Kat:2, Licht: 1,256120,2,3,5,12,07,5,1,1,1,1,0,0,0,0
"POINT (13.811503699000070 51.022032145000026)",Unfall 256121 (2024) Kat:3, Licht: 0,256121,3,7,0,12,10,5,0,0,1,0,0,0,0,0
"POINT (13.692070261000026 51.049058119000051)",Unfall 256140 (2024) Kat:3, Licht: 2,256140,3,3,5,12,16,4,1,2,0,1,0,0,0,1
"POINT (13.825223341000026 51.023488670000063)",Unfall 256141 (2024) Kat:3, Licht: 2,256141,3,5,1,12,17,4,1,2,1,1,0,0,0,0
"POINT (13.744988210000031 51.072530981000057)",Unfall 256142 (2024) Kat:3, Licht: 0,256142,3,1,0,12,08,4,1,0,1,0,0,0,0,0
"POINT (13.723040316000038 51.049865612000076)",Unfall 256143 (2024) Kat:3, Licht: 2,256143,3,2,5,12,17,4,1,2,1,1,0,0,0,0
"POINT (13.733417147000068 51.046399474000054)",Unfall 256144 (2024) Kat:3, Licht: 2,256144,3,2,5,12,16,4,1,2,0,1,1,0,0,0
"POINT (13.675156489000074 51.052569946000062)",Unfall 256154 (2024) Kat:3, Licht: 2,256154,3,1,9,12,02,7,1,2,0,1,0,0,0,0
"POINT (13.721243876000074 51.058901630000037)",Unfall 256158 (2024) Kat:3, Licht: 2,256158,3,1,0,12,21,3,1,2,1,0,0,0,0,0
"POINT (13.687553095000055 51.042511480000030)",Unfall 256159 (2024) Kat:3, Licht: 2,256159,3,1,0,12,19,3,1,2,1,0,0,0,0,0
"POINT (13.773332731000039 51.031928916000027)",Unfall 256160 (2024) Kat:3, Licht: 0,256160,3,3,5,12,09,3,1,0,1,1,0,0,0,0
"POINT (13.795359477000034 51.045104677000040)",Unfall 256161 (2024) Kat:3, Licht: 0,256161,3,3,5,12,09,3,1,0,1,1,0,0,0,0
"POINT (13.724913291000064 51.057706014000075)",Unfall 256162 (2024) Kat:3, Licht: 2,256162,3,2,5,12,21,3,1,2,1,1,0,0,0,0
"POINT (13.743068573000073 51.023483439000074)",Unfall 256163 (2024) Kat:2, Licht: 0,256163,2,4,6,12,14,3,0,0,0,1,1,0,0,0
"POINT (13.712689988000022 51.057205787000044)",Unfall 256180 (2024) Kat:3, Licht: 2,256180,3,2,6,12,17,2,0,2,0,1,1,0,0,0
"POINT (13.728814846000034 51.019673222000051)",Unfall 256181 (2024) Kat:3, Licht: 0,256181,3,3,5,12,13,2,0,0,1,1,0,0,0,0
"POINT (13.841863133000061 51.002347696000072)",Unfall 256182 (2024) Kat:3, Licht: 0,256182,3,3,5,12,13,2,0,0,1,1,0,0,0,0
"POINT (13.707605535000027 51.033549043000050)",Unfall 256183 (2024) Kat:2, Licht: 0,256183,2,1,0,12,09,2,2,0,1,0,0,0,0,0
"POINT (13.806526816000030 51.011425134000035)",Unfall 256184 (2024) Kat:3, Licht: 0,256184,3,1,0,12,08,2,2,0,1,0,0,0,0,0
"POINT (13.739668678000044 51.073797738000053)",Unfall 256186 (2024) Kat:3, Licht: 0,256186,3,7,0,12,09,2,2,0,1,0,0,0,0,0
"POINT (13.833895224000059 51.057589045000043)",Unfall 256187 (2024) Kat:3, Licht: 2,256187,3,2,0,12,17,2,1,2,1,1,0,0,0,0
"POINT (13.753473133000057 51.034373911000046)",Unfall 256188 (2024) Kat:2, Licht: 1,256188,2,2,5,12,07,2,0,1,0,1,0,1,0,0
"POINT (13.762711192000040 51.051773661000027)",Unfall 256189 (2024) Kat:3, Licht: 0,256189,3,1,0,12,09,2,2,0,1,0,0,0,0,0
"POINT (13.792382094000061 51.053816865000044)",Unfall 256190 (2024) Kat:3, Licht: 0,256190,3,1,0,12,08,2,2,0,1,0,0,0,0,0
"POINT (13.779365372000029 51.050762482000039)",Unfall 256191 (2024) Kat:2, Licht: 0,256191,2,1,0,12,08,2,2,0,1,0,0,0,0,0
"POINT (13.714140326000063 51.035486197000068)",Unfall 256192 (2024) Kat:3, Licht: 2,256192,3,3,5,12,18,2,0,2,0,1,0,0,0,0
"POINT (13.814988487000051 51.020474727000078)",Unfall 256202 (2024) Kat:3, Licht: 2,256202,3,6,2,12,07,6,1,2,0,1,0,0,0,0
"POINT (13.727343363000045 51.012370565000026)",Unfall 256217 (2024) Kat:3, Licht: 0,256217,3,1,0,12,14,1,2,0,1,0,0,0,0,0
"POINT (13.843676353000035 51.001591006000069)",Unfall 256218 (2024) Kat:3, Licht: 2,256218,3,1,8,12,06,1,2,2,0,1,0,0,0,0
"POINT (13.668521804000022 51.046890820000044)",Unfall 256226 (2024) Kat:3, Licht: 0,256226,3,4,6,12,11,5,1,0,0,0,1,0,0,1
"POINT (13.751887461000024 51.023515957000029)",Unfall 256234 (2024) Kat:3, Licht: 0,256234,3,7,1,11,15,7,0,0,0,1,0,0,0,0
"POINT (13.709161592000044 51.023964832000047)",Unfall 256235 (2024) Kat:3, Licht: 2,256235,3,7,0,11,17,7,0,2,0,1,0,0,0,0
"POINT (13.817860193000058 50.998527825000053)",Unfall 256236 (2024) Kat:3, Licht: 0,256236,3,6,2,11,14,7,0,0,1,1,0,0,0,0
"POINT (13.737018771000066 51.058134169000027)",Unfall 267971 (2024) Kat:2, Licht: 2,267971,2,6,6,01,18,1,0,2,1,0,1,0,0,0
"POINT (13.773741018000067 51.065670970000042)",Unfall 267972 (2024) Kat:3, Licht: 0,267972,3,7,7,01,14,1,0,0,1,0,0,0,0,0
"POINT (13.807853107000028 51.053768553000054)",Unfall 267974 (2024) Kat:2, Licht: 0,267974,2,4,6,02,15,5,0,0,1,0,1,0,0,0
"POINT (13.832536736000066 51.034659577000070)",Unfall 267976 (2024) Kat:2, Licht: 0,267976,2,6,6,02,12,2,0,0,1,0,1,0,0,0
"POINT (13.775665581000055 51.066774542000076)",Unfall 267979 (2024) Kat:2, Licht: 0,267979,2,1,0,02,14,2,1,0,1,0,0,0,0,0
"POINT (13.753092343000048 51.055020386000081)",Unfall 267984 (2024) Kat:3, Licht: 1,267984,3,1,0,03,17,5,1,1,1,0,0,0,0,0
"POINT (13.815758161000076 51.044457009000041)",Unfall 267988 (2024) Kat:3, Licht: 0,267988,3,6,6,03,09,2,0,0,1,0,1,0,0,0
"POINT (13.748638336000056 51.056280760000050)",Unfall 267993 (2024) Kat:2, Licht: 0,267993,2,4,6,03,18,1,0,0,1,0,1,0,0,0
"POINT (13.735091220000072 51.056238567000037)",Unfall 267995 (2024) Kat:2, Licht: 0,267995,2,7,6,04,19,2,0,0,1,0,1,0,0,0
"POINT (13.675998269000047 51.045284705000029)",Unfall 267996 (2024) Kat:3, Licht: 0,267996,3,6,6,04,15,4,0,0,1,0,1,0,0,0
"POINT (13.727811510000038 51.068257814000049)",Unfall 267998 (2024) Kat:2, Licht: 0,267998,2,7,0,04,15,7,0,0,1,0,1,0,0,0
"POINT (13.815531836000048 51.044863806000080)",Unfall 267999 (2024) Kat:2, Licht: 0,267999,2,6,4,04,15,7,0,0,1,0,0,0,0,0
"POINT (13.837411810000049 51.030760510000050)",Unfall 268001 (2024) Kat:3, Licht: 0,268001,3,6,4,04,09,1,0,0,1,0,0,0,0,0
"POINT (13.779250466000065 51.065676931000041)",Unfall 268006 (2024) Kat:3, Licht: 0,268006,3,6,4,04,17,3,0,0,1,0,0,0,0,0
"POINT (13.675603315000046 51.066916316000061)",Unfall 268007 (2024) Kat:3, Licht: 0,268007,3,6,2,04,19,3,0,0,1,0,0,0,0,0
"POINT (13.705648617000065 51.040866577000031)",Unfall 268011 (2024) Kat:3, Licht: 0,268011,3,3,0,04,09,5,0,0,1,1,0,0,0,0
"POINT (13.729107421000037 51.067915504000041)",Unfall 268014 (2024) Kat:3, Licht: 0,268014,3,1,4,04,12,1,0,0,1,1,0,0,0,0
"POINT (13.740214929000047 51.057270876000075)",Unfall 268021 (2024) Kat:2, Licht: 2,268021,2,3,5,04,20,1,0,2,1,0,0,0,0,0
"POINT (13.887527622000050 51.037072264000074)",Unfall 268025 (2024) Kat:3, Licht: 2,268025,3,6,6,04,22,3,0,2,1,0,1,0,0,0
"POINT (13.818422000000055 51.040961389000074)",Unfall 268027 (2024) Kat:3, Licht: 0,268027,3,1,0,05,15,4,0,0,1,0,0,0,0,0
"POINT (13.761169486000028 51.058998193000036)",Unfall 268028 (2024) Kat:3, Licht: 0,268028,3,4,6,05,13,4,0,0,1,0,1,0,0,0
"POINT (13.814438760000030 51.046568309000065)",Unfall 268033 (2024) Kat:3, Licht: 0,268033,3,7,6,05,17,5,0,0,1,0,1,0,0,0
"POINT (13.783697381000025 51.062926153000035)",Unfall 268034 (2024) Kat:3, Licht: 0,268034,3,6,4,05,12,5,0,0,1,0,0,0,0,0
"POINT (13.817225271000041 51.103353236000032)",Unfall 268039 (2024) Kat:2, Licht: 0,268039,2,7,0,05,18,1,0,0,1,0,0,0,0,0
"POINT (13.718629729000043 51.050691928000049)",Unfall 268040 (2024) Kat:3, Licht: 0,268040,3,1,0,05,17,1,0,0,1,0,0,0,0,0
"POINT (13.736418222000054 51.058695188000058)",Unfall 268049 (2024) Kat:3, Licht: 0,268049,3,7,0,05,13,5,0,0,1,0,0,0,0,0
"POINT (13.809052948000044 51.052630397000030)",Unfall 268051 (2024) Kat:3, Licht: 0,268051,3,7,6,05,14,7,0,0,1,0,1,0,0,0
"POINT (13.718861954000033 51.064646384000071)",Unfall 268052 (2024) Kat:2, Licht: 2,268052,2,1,0,05,03,2,0,2,1,0,0,0,0,0
"POINT (13.728542212000036 51.060847177000028)",Unfall 268059 (2024) Kat:3, Licht: 2,268059,3,7,7,05,23,7,0,2,1,0,0,0,0,0
"POINT (13.730318946000068 51.060131292000051)",Unfall 268062 (2024) Kat:3, Licht: 0,268062,3,6,8,05,13,1,0,0,1,0,0,0,0,0
"POINT (13.754347436000046 51.058809776000032)",Unfall 268065 (2024) Kat:3, Licht: 0,268065,3,2,3,05,17,4,0,0,1,0,0,0,0,0
"POINT (13.796768636000024 51.061333201000082)",Unfall 268066 (2024) Kat:3, Licht: 0,268066,3,7,7,05,16,6,0,0,1,0,0,0,0,0
"POINT (13.817105394000066 51.103253645000052)",Unfall 268067 (2024) Kat:2, Licht: 0,268067,2,1,0,06,11,1,1,0,1,0,0,0,0,0
"POINT (13.790448289000039 51.062149169000065)",Unfall 268069 (2024) Kat:3, Licht: 0,268069,3,1,4,06,17,3,0,0,1,0,0,0,0,0
"POINT (13.757299030000070 51.088035503000071)",Unfall 268071 (2024) Kat:3, Licht: 0,268071,3,4,6,06,15,5,0,0,1,0,1,0,0,0
"POINT (13.792771006000066 51.063845273000027)",Unfall 268073 (2024) Kat:3, Licht: 1,268073,3,1,8,06,04,6,1,1,1,0,0,0,0,0
"POINT (13.760019813000042 51.061202941000033)",Unfall 268074 (2024) Kat:3, Licht: 0,268074,3,6,4,06,10,6,0,0,1,0,0,0,0,0
"POINT (13.842610981000064 50.998265451000066)",Unfall 268077 (2024) Kat:3, Licht: 0,268077,3,3,5,06,17,1,0,0,1,0,0,0,0,0
"POINT (13.754345713000077 51.058809463000046)",Unfall 268081 (2024) Kat:3, Licht: 0,268081,3,1,8,06,14,2,0,0,1,0,0,0,0,0
"POINT (13.804177197000058 51.058215264000069)",Unfall 268082 (2024) Kat:3, Licht: 0,268082,3,4,6,06,19,4,0,0,1,0,1,0,0,0
"POINT (13.824533118000033 51.026953255000080)",Unfall 268083 (2024) Kat:3, Licht: 2,268083,3,1,0,06,00,7,0,2,1,0,0,0,0,0
"POINT (13.788582538000071 51.062332225000034)",Unfall 268085 (2024) Kat:2, Licht: 0,268085,2,1,0,06,21,1,0,0,1,0,0,0,0,0
"POINT (13.779275373000075 51.065675109000040)",Unfall 268086 (2024) Kat:3, Licht: 0,268086,3,3,5,06,17,2,0,0,1,0,0,0,0,0
"POINT (13.818680574000041 51.040675947000068)",Unfall 268087 (2024) Kat:3, Licht: 0,268087,3,7,0,06,15,3,0,0,1,0,0,0,0,0
"POINT (13.755686977000039 51.072314598000048)",Unfall 268089 (2024) Kat:3, Licht: 0,268089,3,7,0,06,17,5,0,0,1,0,0,0,0,0
"POINT (13.757795078000072 51.076169857000082)",Unfall 268093 (2024) Kat:2, Licht: 0,268093,2,1,0,06,07,2,0,0,1,0,0,0,0,0
"POINT (13.817767704000062 51.041635641000028)",Unfall 268096 (2024) Kat:3, Licht: 0,268096,3,1,0,06,15,6,0,0,1,0,0,0,0,0
"POINT (13.789714637000031 51.064377817000036)",Unfall 268097 (2024) Kat:3, Licht: 0,268097,3,7,3,06,12,1,0,0,1,0,0,0,0,0
"POINT (13.778447804000052 51.062898276000055)",Unfall 268098 (2024) Kat:3, Licht: 2,268098,3,6,6,06,00,1,0,2,1,0,1,0,0,0
"POINT (13.835491333000050 51.016282632000070)",Unfall 268099 (2024) Kat:3, Licht: 0,268099,3,7,7,06,10,1,0,0,1,0,0,0,0,0
"POINT (13.834649535000040 51.033529035000072)",Unfall 268103 (2024) Kat:3, Licht: 0,268103,3,7,0,07,13,1,0,0,1,0,0,0,0,0
"POINT (13.744889898000054 51.055789274000063)",Unfall 268112 (2024) Kat:3, Licht: 0,268112,3,5,1,07,13,6,0,0,1,0,0,0,0,0
"POINT (13.650440970000034 51.091480736000051)",Unfall 268114 (2024) Kat:2, Licht: 0,268114,2,1,8,07,12,1,0,0,1,0,0,0,0,0
"POINT (13.774709678000022 51.065660257000047)",Unfall 268116 (2024) Kat:3, Licht: 0,268116,3,6,6,07,17,2,0,0,1,0,1,0,0,0
"POINT (13.793240626000056 51.061685060000059)",Unfall 268122 (2024) Kat:3, Licht: 0,268122,3,6,3,07,18,6,0,0,1,0,0,0,0,0
"POINT (13.851726923000058 51.116913210000064)",Unfall 268123 (2024) Kat:3, Licht: 0,268123,3,1,0,07,15,6,1,0,1,0,0,0,0,0
"POINT (13.864447473000041 51.007650495000064)",Unfall 268127 (2024) Kat:2, Licht: 0,268127,2,6,3,07,10,4,0,0,1,0,0,0,0,0
"POINT (13.732906605000039 51.091038314000059)",Unfall 268128 (2024) Kat:3, Licht: 2,268128,3,7,0,07,20,4,0,2,1,0,0,0,0,0
"POINT (13.750393009000049 51.054346284000076)",Unfall 268130 (2024) Kat:3, Licht: 0,268130,3,6,3,08,08,2,0,0,1,0,0,0,0,0
"POINT (13.670955516000049 51.044797584000037)",Unfall 268131 (2024) Kat:2, Licht: 0,268131,2,6,6,08,13,3,0,0,1,0,1,0,0,0
"POINT (13.744804142000078 51.046526545000063)",Unfall 268134 (2024) Kat:2, Licht: 0,268134,2,1,0,08,17,7,0,0,1,0,0,0,0,0
"POINT (13.766944472000034 51.034495950000064)",Unfall 268141 (2024) Kat:2, Licht: 2,268141,2,7,0,08,22,5,0,2,1,0,0,0,0,0
"POINT (13.749435409000057 51.039481295000030)",Unfall 268142 (2024) Kat:3, Licht: 0,268142,3,1,0,08,15,5,0,0,1,0,0,0,0,0
"POINT (13.866392964000056 51.006453498000042)",Unfall 268147 (2024) Kat:3, Licht: 2,268147,3,1,0,08,21,5,0,2,1,0,0,0,0,0
"POINT (13.801758529000040 51.059751753000057)",Unfall 268153 (2024) Kat:3, Licht: 0,268153,3,6,6,08,09,4,0,0,1,0,1,0,0,0
"POINT (13.806088434000060 51.020489892000057)",Unfall 268159 (2024) Kat:3, Licht: 0,268159,3,6,4,09,07,3,0,0,1,0,0,0,0,0
"POINT (13.816926766000051 51.125781826000036)",Unfall 268160 (2024) Kat:3, Licht: 0,268160,3,1,0,09,07,3,0,0,1,0,0,0,0,0
"POINT (13.806257410000057 51.056014127000026)",Unfall 268162 (2024) Kat:2, Licht: 0,268162,2,6,3,09,18,5,0,0,1,0,0,0,0,0
"POINT (13.677764626000055 51.045463473000041)",Unfall 268171 (2024) Kat:3, Licht: 0,268171,3,7,0,09,06,4,0,0,1,0,0,0,0,0
"POINT (13.843584066000062 51.094387501000028)",Unfall 268174 (2024) Kat:2, Licht: 0,268174,2,1,8,09,16,7,0,0,1,0,0,0,0,0
"POINT (13.798241228000052 51.074878102000071)",Unfall 268176 (2024) Kat:3, Licht: 0,268176,3,7,0,09,16,1,0,0,1,0,0,0,0,0
"POINT (13.822979829000076 51.065822994000030)",Unfall 268179 (2024) Kat:3, Licht: 2,268179,3,1,0,09,19,4,1,2,1,0,0,0,0,0
"POINT (13.720513574000051 51.022597964000056)",Unfall 268182 (2024) Kat:2, Licht: 0,268182,2,6,4,10,17,6,1,0,1,0,0,0,0,0
"POINT (13.851604202000033 51.025011232000054)",Unfall 268184 (2024) Kat:2, Licht: 0,268184,2,6,3,10,15,4,0,0,1,0,0,0,0,0
"POINT (13.731802376000076 51.059520444000043)",Unfall 268186 (2024) Kat:3, Licht: 0,268186,3,6,3,10,18,5,0,0,1,0,0,0,0,0
"POINT (13.839676184000041 51.066432318000068)",Unfall 268201 (2024) Kat:3, Licht: 0,268201,3,1,0,11,13,1,1,0,1,0,0,0,0,0
"POINT (13.819389975000036 51.040070060000062)",Unfall 268206 (2024) Kat:3, Licht: 2,268206,3,1,0,11,16,3,0,2,1,0,0,0,0,0
"POINT (13.723357612000029 51.062591420000047)",Unfall 268208 (2024) Kat:2, Licht: 2,268208,2,7,6,11,22,6,1,2,1,0,1,0,0,0